session_id,user_id,role,session_start,session_end,event_count,login_attempts,failed_logins,unique_ips,unique_locations,unique_devices,unique_resources,download_events,upload_events,total_data_mb,max_single_transfer_mb,privileged_actions,is_attack,duration_minutes,start_hour,day_of_week,is_weekend,is_night,failed_login_rate,data_per_event_mb,attack_type,start_hour_deviation,duration_minutes_deviation,event_count_deviation,failed_login_rate_deviation,unique_locations_deviation,unique_devices_deviation,unique_resources_deviation,total_data_mb_deviation,privileged_actions_deviation,behavioral_deviation,personal_history_size,personal_weight,baseline_source,immediate_risk,short_term_risk,medium_term_risk,long_term_risk,persistence_risk,trend_risk,multi_horizon_risk
session_244c74dbcf45,user_069,hr,2026-06-11 07:06:48,2026-06-11 09:19:48,11,4,0,11,1,1,3,4,0,71.582,23.736,0,0,133.0,7.1,3,0,0,0.0,6.507454545454545,normal,0.0,0.0,0.0,0.0,0.0,0.0,0.0,0.0,0.0,0.0,0,0.0,cold_start,0.0,0.0,0.0,0.0,0.0,0.0,0.0
session_30512c7e4ca7,user_064,finance,2026-06-11 07:38:00,2026-06-11 11:08:00,15,5,0,15,1,1,3,2,2,47.504,14.455,0,0,210.0,7.633333333333333,3,0,0,0.0,3.166933333333333,normal,0.0,0.0,0.0,0.0,0.0,0.0,0.0,0.0,0.0,0.0,0,0.0,cold_start,0.0,0.0,0.0,0.0,0.0,0.0,0.0
session_3132bc14da0c,user_073,hr,2026-06-11 07:39:27,2026-06-11 11:57:27,16,5,0,16,1,1,3,1,0,5.208,5.208,0,0,258.0,7.65,3,0,0,0.0,0.3255,normal,0.0,0.0,0.0,0.0,0.0,0.0,0.0,0.0,0.0,0.0,0,0.0,cold_start,0.0,0.0,0.0,0.0,0.0,0.0,0.0
session_8ef82eb514b6,user_011,analyst,2026-06-11 07:47:15,2026-06-11 11:05:15,11,4,0,11,1,1,4,4,0,37.914,15.933,0,0,198.0,7.783333333333333,3,0,0,0.0,3.446727272727273,normal,0.0,0.0,0.0,0.0,0.0,0.0,0.0,0.0,0.0,0.0,0,0.0,cold_start,0.0,0.0,0.0,0.0,0.0,0.0,0.0
session_bdd27597a60d,user_050,developer,2026-06-11 07:50:14,2026-06-11 13:55:14,24,6,0,24,1,1,5,0,0,0.0,0.0,0,0,365.0,7.833333333333333,3,0,0,0.0,0.0,normal,0.0,0.0,0.0,0.0,0.0,0.0,0.0,0.0,0.0,0.0,0,0.0,cold_start,0.0,0.0,0.0,0.0,0.0,0.0,0.0
session_247694b5ac54,user_007,developer,2026-06-11 07:52:52,2026-06-11 11:25:52,16,4,0,16,1,1,4,0,0,0.0,0.0,0,0,213.0,7.866666666666667,3,0,0,0.0,0.0,normal,0.0,0.0,0.0,0.0,0.0,0.0,0.0,0.0,0.0,0.0,0,0.0,cold_start,0.0,0.0,0.0,0.0,0.0,0.0,0.0
session_10e03809268d,user_032,hr,2026-06-11 07:59:24,2026-06-11 12:52:24,19,7,0,19,1,1,3,5,0,19.408,6.767,0,0,293.0,7.983333333333333,3,0,0,0.0,1.0214736842105263,normal,0.0,0.0,0.0,0.0,0.0,0.0,0.0,0.0,0.0,0.0,0,0.0,cold_start,0.0,0.0,0.0,0.0,0.0,0.0,0.0
session_ef3abc26d7d6,user_068,developer,2026-06-11 08:09:57,2026-06-11 10:14:57,10,3,0,10,1,1,5,0,0,0.0,0.0,0,0,125.0,8.15,3,0,0,0.0,0.0,normal,0.0,0.0,0.0,0.0,0.0,0.0,0.0,0.0,0.0,0.0,0,0.0,cold_start,0.0,0.0,0.0,0.0,0.0,0.0,0.0
session_7246daff7da6,user_022,developer,2026-06-11 08:09:58,2026-06-11 12:07:58,16,3,0,16,1,1,5,0,0,0.0,0.0,0,0,238.0,8.15,3,0,0,0.0,0.0,normal,0.0,0.0,0.0,0.0,0.0,0.0,0.0,0.0,0.0,0.0,0,0.0,cold_start,0.0,0.0,0.0,0.0,0.0,0.0,0.0
session_f3dd678dfadb,user_042,developer,2026-06-11 08:11:39,2026-06-11 12:55:39,19,7,0,19,1,1,5,0,0,0.0,0.0,0,0,284.0,8.183333333333334,3,0,0,0.0,0.0,normal,0.0,0.0,0.0,0.0,0.0,0.0,0.0,0.0,0.0,0.0,0,0.0,cold_start,0.0,0.0,0.0,0.0,0.0,0.0,0.0
session_cde44dd84ffe,user_040,finance,2026-06-11 08:16:15,2026-06-11 10:16:15,9,4,0,9,1,1,3,3,2,82.062,25.321,0,0,120.0,8.266666666666667,3,0,0,0.0,9.118,normal,0.0,0.0,0.0,0.0,0.0,0.0,0.0,0.0,0.0,0.0,0,0.0,cold_start,0.0,0.0,0.0,0.0,0.0,0.0,0.0
session_267b1c60df6a,user_051,analyst,2026-06-11 08:17:49,2026-06-11 14:29:49,22,5,0,22,1,1,4,6,0,39.801,10.314,0,0,372.0,8.283333333333333,3,0,0,0.0,1.809136363636364,normal,0.0,0.0,0.0,0.0,0.0,0.0,0.0,0.0,0.0,0.0,0,0.0,cold_start,0.0,0.0,0.0,0.0,0.0,0.0,0.0
session_0b3badbe6689,user_029,admin,2026-06-11 08:20:25,2026-06-11 10:12:25,10,3,0,10,1,1,5,0,0,0.0,0.0,2,0,112.0,8.333333333333334,3,0,0,0.0,0.0,normal,0.0,0.0,0.0,0.0,0.0,0.0,0.0,0.0,0.0,0.0,0,0.0,cold_start,0.0,0.0,0.0,0.0,0.0,0.0,0.0
session_2496af372b69,user_018,developer,2026-06-11 08:21:15,2026-06-11 14:11:15,22,6,0,22,1,1,5,0,0,0.0,0.0,0,0,350.0,8.35,3,0,0,0.0,0.0,normal,4.0469,1.6422,1.349,0.0,0.0,0.0,0.0,0.0,0.0,0.782,0,0.0,cold_start,32.36,32.36,32.36,32.36,0.0,0.0,27.51
session_1257271fa88f,user_058,hr,2026-06-11 08:23:59,2026-06-11 13:03:59,17,5,0,17,1,1,3,5,0,71.92,19.147,0,0,280.0,8.383333333333333,3,0,0,0.0,4.2305882352941175,normal,0.0,0.0,0.0,0.0,0.0,0.0,0.0,0.0,0.0,0.0,0,0.0,cold_start,0.0,0.0,0.0,0.0,0.0,0.0,0.0
session_132ddab5edb1,user_006,analyst,2026-06-11 08:26:53,2026-06-11 12:07:53,13,3,0,13,1,1,4,4,0,54.171,18.089,0,0,221.0,8.433333333333334,3,0,0,0.0,4.167,normal,0.0,0.0,0.0,0.0,0.0,0.0,0.0,0.0,0.0,0.0,0,0.0,cold_start,0.0,0.0,0.0,0.0,0.0,0.0,0.0
session_80a918ef5efe,user_013,hr,2026-06-11 08:33:11,2026-06-11 13:50:11,21,6,0,21,1,1,3,5,0,24.938,9.548,0,0,317.0,8.55,3,0,0,0.0,1.1875238095238094,normal,0.0,0.0,0.0,0.0,0.0,0.0,0.0,0.0,0.0,0.0,0,0.0,cold_start,0.0,0.0,0.0,0.0,0.0,0.0,0.0
session_12b070358332,user_074,finance,2026-06-11 08:33:16,2026-06-11 11:01:16,12,2,0,12,1,1,3,2,4,23.346,5.781,0,0,148.0,8.55,3,0,0,0.0,1.9455,normal,0.0,0.0,0.0,0.0,0.0,0.0,0.0,0.0,0.0,0.0,0,0.0,cold_start,0.0,0.0,0.0,0.0,0.0,0.0,0.0
session_843f62d29dc0,user_065,hr,2026-06-11 08:35:32,2026-06-11 12:17:32,13,4,0,13,1,1,3,5,0,60.178,21.973,0,0,222.0,8.583333333333334,3,0,0,0.0,4.629076923076923,normal,1.0117,1.7782,1.349,0.0,0.0,0.0,0.0,1.2047,0.0,0.5937,0,0.0,cold_start,25.68,25.68,25.68,25.68,0.0,0.0,21.83
session_28edab2411f8,user_021,finance,2026-06-11 08:41:18,2026-06-11 16:12:18,24,3,0,24,1,1,3,7,2,52.388,7.833,0,0,451.0,8.683333333333334,3,0,0,0.0,2.1828333333333334,normal,0.0,0.0,0.0,0.0,0.0,0.0,0.0,0.0,0.0,0.0,0,0.0,cold_start,0.0,0.0,0.0,0.0,0.0,0.0,0.0
session_38890894d585,user_062,hr,2026-06-11 08:41:45,2026-06-11 13:25:45,18,5,0,18,1,1,3,7,0,78.024,16.152,0,0,284.0,8.683333333333334,3,0,0,0.0,4.334666666666667,normal,0.8798,0.285,0.3372,0.0,0.0,0.0,0.0,0.917,0.0,0.2688,0,0.0,cold_start,12.58,12.58,12.58,12.58,0.0,0.0,10.69
session_99ca39078b23,user_049,analyst,2026-06-11 08:49:46,2026-06-11 13:34:46,17,4,0,17,1,1,4,4,0,23.591,8.939,0,0,285.0,8.816666666666666,3,0,0,0.0,1.3877058823529411,normal,0.0,0.0,0.0,0.0,0.0,0.0,0.0,0.0,0.0,0.0,0,0.0,cold_start,0.0,0.0,0.0,0.0,0.0,0.0,0.0
session_8f2a4e9b3e2d,user_035,admin,2026-06-11 08:51:53,2026-06-11 11:08:53,9,1,0,9,1,1,3,0,0,0.0,0.0,1,0,137.0,8.85,3,0,0,0.0,0.0,normal,0.0,0.0,0.0,0.0,0.0,0.0,0.0,0.0,0.0,0.0,0,0.0,cold_start,0.0,0.0,0.0,0.0,0.0,0.0,0.0
session_f4f635eee557,user_034,finance,2026-06-11 08:54:16,2026-06-11 14:43:16,24,7,0,24,1,1,3,4,4,59.452,12.945,0,0,349.0,8.9,3,0,0,0.0,2.4771666666666667,normal,0.0,0.0,0.0,0.0,0.0,0.0,0.0,0.0,0.0,0.0,0,0.0,cold_start,0.0,0.0,0.0,0.0,0.0,0.0,0.0
session_e0f5f705a70b,user_038,developer,2026-06-11 08:55:06,2026-06-11 13:43:06,18,5,0,18,1,1,5,0,0,0.0,0.0,0,0,288.0,8.916666666666666,3,0,0,0.0,0.0,normal,4.4324,0.2659,0.1124,0.0,0.0,0.0,0.0,0.0,0.0,0.5345,0,0.0,cold_start,23.45,23.45,23.45,23.45,0.0,0.0,19.93
session_1bbbafcea7b6,user_028,developer,2026-06-11 08:56:17,2026-06-11 14:09:17,22,7,0,22,1,1,5,0,0,0.0,0.0,0,0,313.0,8.933333333333334,3,0,0,0.0,0.0,normal,2.6418,0.2964,1.349,0.0,0.0,0.0,0.0,0.0,0.0,0.4764,0,0.0,cold_start,21.2,21.2,21.2,21.2,0.0,0.0,18.02
session_b7d1a4ea7b59,user_014,hr,2026-06-11 08:57:38,2026-06-11 11:21:38,10,2,0,10,1,1,3,3,0,25.317,9.203,0,0,144.0,8.95,3,0,0,0.0,2.5317,normal,1.274,4.1696,2.3607,0.0,0.0,0.0,0.0,1.3176,0.0,1.0135,0,0.0,cold_start,39.75,39.75,39.75,39.75,20.0,0.0,35.79
session_3134450ea138,user_044,developer,2026-06-11 09:01:12,2026-06-11 15:09:12,21,4,0,21,1,1,5,0,0,0.0,0.0,0,0,368.0,9.016666666666667,3,0,0,0.0,0.0,normal,2.3723,0.9876,0.5621,0.0,0.0,0.0,0.0,0.0,0.0,0.4358,0,0.0,cold_start,19.58,19.58,19.58,19.58,0.0,0.0,16.64
session_c7420e49c0d3,user_024,hr,2026-06-11 09:04:11,2026-06-11 14:52:11,20,8,0,20,1,1,3,1,0,16.371,16.371,0,0,348.0,9.066666666666666,3,0,0,0.0,0.8185499999999999,normal,1.1563,1.501,0.7869,0.0,0.0,0.0,0.0,0.682,0.0,0.4585,0,0.0,cold_start,20.49,20.49,20.49,20.49,0.0,0.0,17.41
session_5ef8d1b605ba,user_001,finance,2026-06-11 09:04:15,2026-06-11 12:22:15,11,1,0,11,1,1,3,4,3,88.963,18.82,0,0,198.0,9.066666666666666,3,0,0,0.0,8.087545454545454,normal,1.23,0.0899,0.4497,0.0,0.0,0.0,0.0,3.4923,0.0,0.5847,0,0.0,cold_start,25.35,25.35,25.35,25.35,0.0,0.0,21.55
session_feed07f256b1,user_072,hr,2026-06-11 09:06:11,2026-06-11 10:55:11,11,3,0,11,1,1,3,3,0,33.436,15.437,0,0,109.0,9.1,3,0,0,0.0,3.0396363636363635,normal,0.9274,3.1172,1.349,0.0,0.0,0.0,0.0,0.2723,0.0,0.6295,0,0.0,cold_start,27.0,27.0,27.0,27.0,0.0,0.0,22.95
session_0e58226f911c,user_012,analyst,2026-06-11 09:06:47,2026-06-11 15:06:47,23,3,0,23,1,1,4,10,0,47.171,8.182,0,0,360.0,9.1,3,0,0,0.0,2.050913043478261,normal,0.0,0.0,0.0,0.0,0.0,0.0,0.0,0.0,0.0,0.0,0,0.0,cold_start,0.0,0.0,0.0,0.0,0.0,0.0,0.0
session_4679c2484694,user_016,developer,2026-06-11 09:09:31,2026-06-11 13:35:31,16,3,0,16,1,1,5,0,0,0.0,0.0,0,0,266.0,9.15,3,0,0,0.0,0.0,normal,2.059,0.2393,0.6745,0.0,0.0,0.0,0.0,0.0,0.0,0.3303,0,0.0,cold_start,15.22,15.22,15.22,15.22,0.0,0.0,12.94
session_dcb9285ca5b2,user_027,developer,2026-06-11 09:10:05,2026-06-11 13:03:05,12,2,0,12,1,1,5,0,0,0.0,0.0,0,0,233.0,9.166666666666666,3,0,0,0.0,0.0,normal,1.4569,0.6384,1.7537,0.0,0.0,0.0,0.0,0.0,0.0,0.4277,0,0.0,cold_start,19.25,19.25,19.25,19.25,0.0,0.0,16.37
session_92a9d93c3478,user_039,developer,2026-06-11 09:11:07,2026-06-11 13:11:07,14,2,0,14,1,1,5,0,0,0.0,0.0,0,0,240.0,9.183333333333334,3,0,0,0.0,0.0,normal,1.0879,0.5819,0.8993,0.0,0.0,0.0,0.0,0.0,0.0,0.2855,0,0.0,cold_start,13.3,13.3,13.3,13.3,0.0,0.0,11.31
session_a9cec07f9a9c,user_023,developer,2026-06-11 09:12:22,2026-06-11 14:36:22,18,6,0,18,1,1,5,0,0,0.0,0.0,0,0,324.0,9.2,3,0,0,0.0,0.0,normal,0.7908,0.8263,0.1927,0.0,0.0,0.0,0.0,0.0,0.0,0.2011,0,0.0,cold_start,9.57,9.57,9.57,9.57,0.0,0.0,8.13
session_b29edd7038ad,user_077,admin,2026-06-11 09:13:53,2026-06-11 12:12:53,16,4,0,16,1,1,5,0,0,0.0,0.0,2,0,179.0,9.216666666666669,3,0,0,0.0,0.0,normal,0.0,0.0,0.0,0.0,0.0,0.0,0.0,0.0,0.0,0.0,0,0.0,cold_start,0.0,0.0,0.0,0.0,0.0,0.0,0.0
session_793406e9a95c,user_066,developer,2026-06-11 09:21:17,2026-06-11 14:39:17,18,2,0,18,1,1,5,0,0,0.0,0.0,0,0,318.0,9.35,3,0,0,0.0,0.0,normal,1.0316,0.4985,0.0,0.0,0.0,0.0,0.0,0.0,0.0,0.17,0,0.0,cold_start,8.15,8.15,8.15,8.15,0.0,0.0,6.93
session_5973bc98dec9,user_031,developer,2026-06-11 09:25:49,2026-06-11 15:51:49,23,4,0,23,1,1,5,0,0,0.0,0.0,0,0,386.0,9.416666666666666,3,0,0,0.0,0.0,normal,0.9475,1.4351,1.349,0.0,0.0,0.0,0.0,0.0,0.0,0.4146,0,0.0,cold_start,18.72,18.72,18.72,18.72,0.0,0.0,15.91
session_e17d617107f1,user_020,finance,2026-06-11 09:26:03,2026-06-11 14:57:03,20,3,0,20,1,1,3,4,2,113.714,27.015,0,0,331.0,9.433333333333334,3,0,0,0.0,5.6857,normal,1.7395,1.2237,1.2526,0.0,0.0,0.0,0.0,2.256,0.0,0.7191,0,0.0,cold_start,30.2,30.2,30.2,30.2,0.0,0.0,25.67
session_a5868e8b41f1,user_010,finance,2026-06-11 09:27:42,2026-06-11 14:51:42,18,2,0,18,1,1,3,3,2,33.103,14.555,0,0,324.0,9.45,3,0,0,0.0,1.839055555555556,normal,1.349,0.8544,0.4047,0.0,0.0,0.0,0.0,0.786,0.0,0.3771,0,0.0,cold_start,17.18,17.18,17.18,17.18,0.0,0.0,14.61
session_db896d451168,user_045,admin,2026-06-11 09:34:20,2026-06-11 16:07:20,22,1,0,22,1,1,5,0,0,0.0,0.0,4,0,393.0,9.566666666666666,3,0,0,0.0,0.0,normal,0.0,0.0,0.0,0.0,0.0,0.0,0.0,0.0,0.0,0.0,0,0.0,cold_start,0.0,0.0,0.0,0.0,0.0,0.0,0.0
session_c6c8a607b0dc,user_067,analyst,2026-06-11 09:38:10,2026-06-11 14:50:10,18,5,0,18,1,1,4,4,0,43.098,15.145,0,0,312.0,9.633333333333333,3,0,0,0.0,2.394333333333333,normal,2.1114,0.2428,0.1349,0.0,0.0,0.0,0.0,0.3017,0.0,0.3101,0,0.0,cold_start,14.36,14.36,14.36,14.36,0.0,0.0,12.21
session_2af60016f787,user_003,developer,2026-06-11 09:38:15,2026-06-11 14:27:15,22,7,0,22,1,1,5,0,0,0.0,0.0,0,0,289.0,9.633333333333333,3,0,0,0.0,0.0,normal,1.1331,0.0135,0.8993,0.0,0.0,0.0,0.0,0.0,0.0,0.2273,0,0.0,cold_start,10.74,10.74,10.74,10.74,0.0,0.0,9.13
session_548baa9e9759,user_015,finance,2026-06-11 09:39:15,2026-06-11 12:48:15,11,1,0,11,1,1,3,2,2,16.634,5.327,0,0,189.0,9.65,3,0,0,0.0,1.5121818181818183,normal,1.4473,0.6968,0.7419,0.0,0.0,0.0,0.0,1.0825,0.0,0.4409,0,0.0,cold_start,19.78,19.78,19.78,19.78,0.0,0.0,16.82
session_e13f1aab700e,user_019,developer,2026-06-11 09:39:29,2026-06-11 14:47:29,21,6,0,21,1,1,5,0,0,0.0,0.0,0,0,308.0,9.65,3,0,0,0.0,0.0,normal,1.115,0.2657,0.5781,0.0,0.0,0.0,0.0,0.0,0.0,0.2176,0,0.0,cold_start,10.31,10.31,10.31,10.31,0.0,0.0,8.76
session_91eb7de95cad,user_080,hr,2026-06-11 09:42:46,2026-06-11 13:31:46,13,5,0,13,1,1,3,1,0,11.602,11.602,0,0,229.0,9.7,3,0,0,0.0,0.8924615384615385,normal,1.7308,0.568,0.6745,0.0,0.0,0.0,0.0,0.645,0.0,0.402,0,0.0,cold_start,18.21,18.21,18.21,18.21,0.0,0.0,15.48
session_1607021f3a31,user_030,hr,2026-06-11 09:43:58,2026-06-11 14:55:58,19,4,0,19,1,1,3,6,0,65.917,13.544,0,0,312.0,9.716666666666669,3,0,0,0.0,3.469315789473684,normal,1.5816,1.0117,0.6745,0.0,0.0,0.0,0.0,1.9967,0.0,0.5849,0,0.0,cold_start,25.36,25.36,25.36,25.36,0.0,0.0,21.55
session_5a8cae8d1734,user_036,developer,2026-06-11 09:47:24,2026-06-11 12:35:24,10,2,0,10,1,1,5,0,0,0.0,0.0,0,0,168.0,9.783333333333331,3,0,0,0.0,0.0,normal,1.2928,1.6656,1.7986,0.0,0.0,0.0,0.0,0.0,0.0,0.5286,0,0.0,cold_start,23.23,23.23,23.23,23.23,0.0,0.0,19.74
session_3e9f02bf4adb,user_070,admin,2026-06-11 09:48:08,2026-06-11 13:23:08,13,3,0,13,1,1,5,0,0,0.0,0.0,2,0,215.0,9.8,3,0,0,0.0,0.0,normal,0.0,0.0,0.0,0.0,0.0,0.0,0.0,0.0,0.0,0.0,0,0.0,cold_start,0.0,0.0,0.0,0.0,0.0,0.0,0.0
session_3146fd27b8b5,user_043,hr,2026-06-11 09:49:24,2026-06-11 14:54:24,22,5,0,22,1,1,3,7,0,50.429,10.175,0,0,305.0,9.816666666666666,3,0,0,0.0,2.292227272727273,normal,1.7737,0.5396,1.0599,0.0,0.0,0.0,0.0,0.6771,0.0,0.45,0,0.0,cold_start,20.15,20.15,20.15,20.15,0.0,0.0,17.13
session_84ada3cb28ab,user_037,developer,2026-06-11 09:51:29,2026-06-11 13:45:29,15,3,0,15,1,1,5,0,0,0.0,0.0,0,0,234.0,9.85,3,0,0,0.0,0.0,normal,1.1708,0.7426,0.5781,0.0,0.0,0.0,0.0,0.0,0.0,0.2768,0,0.0,cold_start,12.92,12.92,12.92,12.92,0.0,0.0,10.99
session_4d1818e06e53,user_048,developer,2026-06-11 09:52:47,2026-06-11 11:49:47,10,3,0,10,1,1,5,0,0,0.0,0.0,0,0,117.0,9.866666666666667,3,0,0,0.0,0.0,normal,1.0001,2.3068,1.7986,0.0,0.0,0.0,0.0,0.0,0.0,0.5673,0,0.0,cold_start,24.7,24.7,24.7,24.7,0.0,0.0,20.99
session_31764449a543,user_017,admin,2026-06-11 09:53:18,2026-06-11 13:08:18,14,2,0,14,1,1,5,0,0,0.0,0.0,2,0,195.0,9.883333333333333,3,0,0,0.0,0.0,normal,1.2263,0.2569,0.2248,0.0,0.0,0.0,0.0,0.0,0.0,0.1898,0,0.0,cold_start,9.05,9.05,9.05,9.05,0.0,0.0,7.7
session_1c4baf4ec268,user_033,developer,2026-06-11 09:59:56,2026-06-11 13:07:56,13,1,0,13,1,1,4,0,0,0.0,0.0,0,0,188.0,9.983333333333333,3,0,0,0.0,0.0,normal,1.1513,1.322,0.9636,0.0,0.0,0.0,1.0,0.0,0.0,0.493,0,0.0,cold_start,21.85,21.85,21.85,21.85,0.0,0.0,18.57
session_c68bc0d6fb7f,user_063,finance,2026-06-11 10:00:01,2026-06-11 14:07:01,18,4,0,18,1,1,3,3,5,41.546,7.956,0,0,247.0,10.0,3,0,0,0.0,2.3081111111111112,normal,1.3911,0.2773,0.5059,0.0,0.0,0.0,0.0,0.2518,0.0,0.2696,0,0.0,cold_start,12.61,12.61,12.61,12.61,0.0,0.0,10.72
session_2f0683a29eed,user_079,developer,2026-06-11 10:00:03,2026-06-11 14:01:03,16,2,0,16,1,1,5,0,0,0.0,0.0,0,0,241.0,10.0,3,0,0,0.0,0.0,normal,1.1629,0.5801,0.3372,0.0,0.0,0.0,0.0,0.0,0.0,0.2311,0,0.0,cold_start,10.91,10.91,10.91,10.91,0.0,0.0,9.28
session_ec5f72c5bf2d,user_054,developer,2026-06-11 10:03:09,2026-06-11 12:26:09,10,5,0,10,1,1,5,0,0,0.0,0.0,0,0,143.0,10.05,3,0,0,0.0,0.0,normal,1.0896,2.0949,1.1804,0.0,0.0,0.0,0.0,0.0,0.0,0.485,0,0.0,cold_start,21.53,21.53,21.53,21.53,0.0,0.0,18.3
session_d8f1b97af1bc,user_059,analyst,2026-06-11 10:06:24,2026-06-11 14:57:24,21,6,0,21,1,1,4,7,0,60.434,16.589,0,0,291.0,10.1,3,0,0,0.0,2.877809523809524,normal,2.4364,0.0749,0.5246,0.0,0.0,0.0,0.0,2.7665,0.0,0.6447,0,0.0,cold_start,27.56,27.56,27.56,27.56,0.0,0.0,23.42
session_fd82ef3b71a3,user_057,developer,2026-06-11 10:08:33,2026-06-11 14:08:33,18,4,0,18,1,1,5,0,0,0.0,0.0,0,0,240.0,10.133333333333333,3,0,0,0.0,0.0,normal,1.0679,0.3372,0.3372,0.0,0.0,0.0,0.0,0.0,0.0,0.1936,0,0.0,cold_start,9.23,9.23,9.23,9.23,0.0,0.0,7.84
session_92724d6dd930,user_004,developer,2026-06-11 10:13:20,2026-06-11 16:07:20,24,7,0,24,1,1,5,0,0,0.0,0.0,0,0,354.0,10.216666666666669,3,0,0,0.0,0.0,normal,1.1062,1.1892,1.1804,0.0,0.0,0.0,0.0,0.0,0.0,0.3862,0,0.0,cold_start,17.56,17.56,17.56,17.56,0.0,0.0,14.93
session_8818caab6a4d,user_026,analyst,2026-06-11 10:22:16,2026-06-11 16:45:16,22,8,0,22,1,1,4,7,0,56.823,11.141,0,0,383.0,10.366666666666667,3,0,0,0.0,2.5828636363636366,normal,1.9602,0.8993,0.6745,0.0,0.0,0.0,0.0,1.7858,0.0,0.5911,0,0.0,cold_start,25.59,25.59,25.59,25.59,0.0,0.0,21.75
session_38f6a46939e3,user_076,analyst,2026-06-11 10:25:08,2026-06-11 14:38:08,21,6,0,21,1,1,4,4,0,13.552,4.381,0,0,253.0,10.416666666666666,3,0,0,0.0,0.6453333333333333,normal,1.4572,0.5072,0.4047,0.0,0.0,0.0,0.0,2.6207,0.0,0.5544,0,0.0,cold_start,24.21,24.21,24.21,24.21,0.0,0.0,20.58
session_70c27b4c8ccf,user_041,finance,2026-06-11 10:27:43,2026-06-11 13:58:43,13,4,0,13,1,1,3,1,2,94.638,49.548,0,0,211.0,10.45,3,0,0,0.0,7.279846153846154,normal,2.1584,0.1341,0.4721,0.0,0.0,0.0,0.0,1.3878,0.0,0.4614,0,0.0,cold_start,20.6,20.6,20.6,20.6,0.0,0.0,17.51
session_5f2b61c1b9f6,user_047,developer,2026-06-11 10:28:47,2026-06-11 15:01:47,15,6,0,15,1,1,5,0,0,0.0,0.0,0,0,273.0,10.466666666666669,3,0,0,0.0,0.0,normal,1.3144,0.0908,0.5059,0.0,0.0,0.0,0.0,0.0,0.0,0.2123,0,0.0,cold_start,10.07,10.07,10.07,10.07,0.0,0.0,8.56
session_fec7a9c09e85,user_025,hr,2026-06-11 10:31:23,2026-06-11 15:14:23,22,6,0,22,1,1,3,3,0,5.746,3.178,0,0,283.0,10.516666666666667,3,0,0,0.0,0.2611818181818182,normal,2.9678,0.0547,0.8431,0.0,0.0,0.0,0.0,0.8554,0.0,0.5246,0,0.0,cold_start,23.07,23.07,23.07,23.07,0.0,0.0,19.61
session_64f030a8649d,user_056,hr,2026-06-11 10:32:56,2026-06-11 12:43:56,10,4,0,10,1,1,3,4,0,167.8,64.224,0,0,131.0,10.533333333333331,3,0,0,0.0,16.78,normal,1.8282,3.0761,1.2647,0.0,0.0,0.0,0.0,4.179,0.0,1.1498,0,0.0,cold_start,43.72,43.72,43.72,43.72,20.0,0.0,39.17
session_ed15da7ef500,user_055,analyst,2026-06-11 10:35:13,2026-06-11 14:37:13,19,2,0,19,1,1,4,5,0,76.086,26.819,0,0,242.0,10.583333333333334,3,0,0,0.0,4.004526315789474,normal,1.2251,0.479,0.6745,0.0,0.0,0.0,0.0,2.0094,0.0,0.4876,0,0.0,cold_start,21.64,21.64,21.64,21.64,0.0,0.0,18.39
session_ad4783c841dd,user_078,developer,2026-06-11 10:36:26,2026-06-11 16:14:26,24,2,0,24,1,1,5,0,0,0.0,0.0,0,0,338.0,10.6,3,0,0,0.0,0.0,normal,1.5321,1.0044,1.1804,0.0,0.0,0.0,0.0,0.0,0.0,0.413,0,0.0,cold_start,18.66,18.66,18.66,18.66,0.0,0.0,15.86
session_5e96a3a7f65c,user_053,hr,2026-06-11 10:43:26,2026-06-11 13:18:26,10,2,0,10,1,1,3,5,0,21.039,5.665,0,0,155.0,10.716666666666669,3,0,0,0.0,2.1039000000000003,normal,1.5888,2.2787,1.1804,0.0,0.0,0.0,0.0,0.3127,0.0,0.5956,0,0.0,cold_start,25.76,25.76,25.76,25.76,0.0,0.0,21.89
session_d23e6f9f1114,user_075,developer,2026-06-11 10:44:33,2026-06-11 15:29:33,21,2,0,21,1,1,5,0,0,0.0,0.0,0,0,285.0,10.733333333333333,3,0,0,0.0,0.0,normal,1.8059,0.1799,0.5059,0.0,0.0,0.0,0.0,0.0,0.0,0.2769,0,0.0,cold_start,12.93,12.93,12.93,12.93,0.0,0.0,10.99
session_9d58e620fcdb,user_005,hr,2026-06-11 10:46:56,2026-06-11 14:22:56,13,3,0,13,1,1,3,2,0,6.590999999999999,4.845,0,0,216.0,10.766666666666667,3,0,0,0.0,0.5069999999999999,normal,1.6943,0.7944,0.5902,0.0,0.0,0.0,0.0,0.6879,0.0,0.4185,0,0.0,cold_start,18.88,18.88,18.88,18.88,0.0,0.0,16.05
session_9ba374a5ae9c,user_060,developer,2026-06-11 11:25:50,2026-06-11 15:18:50,17,2,0,17,1,1,5,0,0,0.0,0.0,0,0,233.0,11.416666666666666,3,0,0,0.0,0.0,normal,2.5319,0.682,0.1927,0.0,0.0,0.0,0.0,0.0,0.0,0.3785,0,0.0,cold_start,17.24,17.24,17.24,17.24,0.0,0.0,14.66
session_3efbe9efacb8,user_002,finance,2026-06-11 11:33:14,2026-06-11 14:03:14,9,5,0,9,1,1,3,0,1,9.221,9.221,0,0,150.0,11.55,3,0,0,0.0,1.0245555555555557,normal,3.2419,0.6531,1.0117,0.0,0.0,0.0,0.0,1.0025,0.0,0.6566,0,0.0,cold_start,27.99,27.99,27.99,27.99,0.0,0.0,23.79
session_7d38b832f588,user_071,analyst,2026-06-11 11:39:46,2026-06-11 14:10:46,9,3,0,9,1,1,4,2,0,40.233,25.034,0,0,151.0,11.65,3,0,0,0.0,4.470333333333333,normal,1.5932,1.6355,3.7097,0.0,0.0,0.0,0.0,0.319,0.0,0.8064,0,0.0,cold_start,33.18,33.18,33.18,33.18,0.0,0.0,28.2
session_b64038a2cd16,user_058,hr,2026-06-12 06:49:02,2026-06-12 11:12:02,19,7,0,19,1,1,3,4,0,49.857,18.231,0,0,263.0,6.816666666666666,4,0,0,0.0,2.624052631578947,normal,2.2209,0.0718,0.5059,0.0,0.0,0.0,0.0,0.8457,0.0,0.4049,1,0.0667,hybrid,18.33,12.22,12.22,12.22,0.0,0.0,12.83
session_9ec1832ac36b,user_022,developer,2026-06-12 07:35:58,2026-06-12 11:37:58,14,6,0,14,1,1,5,0,0,0.0,0.0,0,0,242.0,7.583333333333333,4,0,0,0.0,0.0,normal,2.1822,0.5227,0.8993,0.0,0.0,0.0,0.0,0.0,0.0,0.4005,1,0.0667,hybrid,18.15,12.1,12.1,12.1,0.0,0.0,12.7
session_7bfbfd52c3b4,user_052,finance,2026-06-12 07:37:32,2026-06-12 11:08:32,13,3,0,13,1,1,3,3,2,40.423,12.317,0,0,211.0,7.616666666666667,4,0,0,0.0,3.1094615384615385,normal,1.7395,0.0055,0.1686,0.0,0.0,0.0,0.0,0.2188,0.0,0.2369,0,0.0,cold_start,11.17,11.17,11.17,11.17,0.0,0.0,9.49
session_e31cde6ea246,user_023,developer,2026-06-12 07:55:43,2026-06-12 12:27:43,16,4,0,16,1,1,5,0,0,0.0,0.0,0,0,272.0,7.916666666666667,4,0,0,0.0,0.0,normal,1.6262,0.0411,0.2891,0.0,0.0,0.0,0.0,0.0,0.0,0.2174,1,0.0667,hybrid,10.3,10.06,10.06,10.06,0.0,0.0,8.65
session_bfc41a671c1b,user_050,developer,2026-06-12 07:58:33,2026-06-12 12:15:33,18,5,0,18,1,1,5,0,0,0.0,0.0,0,0,257.0,7.966666666666667,4,0,0,0.0,0.0,normal,1.4355,0.2594,0.1686,0.0,0.0,0.0,0.0,0.0,0.0,0.2071,1,0.0667,hybrid,9.84,6.56,6.56,6.56,0.0,0.0,6.89
session_f81f6b0690fa,user_038,developer,2026-06-12 08:01:13,2026-06-12 12:26:13,17,2,0,17,1,1,5,0,0,0.0,0.0,0,0,265.0,8.016666666666667,4,0,0,0.0,0.0,normal,1.1316,0.0719,0.0964,0.0,0.0,0.0,0.0,0.0,0.0,0.1444,1,0.0667,hybrid,6.97,12.46,12.46,12.46,0.0,0.0,8.39
session_ff89f02e21b0,user_073,hr,2026-06-12 08:04:45,2026-06-12 10:31:45,10,5,0,10,1,1,3,3,0,19.796,7.941,0,0,147.0,8.066666666666666,4,0,0,0.0,1.9796,normal,0.8376,1.7203,1.2526,0.0,0.0,0.0,0.0,0.2948,0.0,0.4561,1,0.0667,hybrid,20.39,13.59,13.59,13.59,0.0,0.0,14.27
session_96eb4a67ba29,user_074,finance,2026-06-12 08:09:00,2026-06-12 14:30:00,24,6,0,24,1,1,3,3,4,27.179,5.731,0,0,381.0,8.15,4,0,0,0.0,1.1324583333333331,normal,1.0599,1.8797,1.8548,0.0,0.0,0.0,0.0,0.5675,0.0,0.5958,1,0.0667,hybrid,25.76,17.17,17.17,17.17,0.0,0.0,18.03
session_4c36c6a4fca2,user_066,developer,2026-06-12 08:09:42,2026-06-12 11:58:42,13,2,0,13,1,1,5,0,0,0.0,0.0,0,0,229.0,8.15,4,0,0,0.0,0.0,normal,0.8332,0.7562,0.8993,0.0,0.0,0.0,0.0,0.0,0.0,0.2765,1,0.0667,hybrid,12.91,11.32,11.32,11.32,0.0,0.0,10.26
session_0363a228a833,user_009,developer,2026-06-12 08:10:51,2026-06-12 12:37:51,17,3,0,17,1,1,4,0,0,0.0,0.0,0,0,267.0,8.166666666666666,4,0,0,0.0,0.0,normal,0.8134,0.0293,0.0,0.0,0.0,0.0,1.0,0.0,0.0,0.2047,0,0.0,cold_start,9.73,9.73,9.73,9.73,0.0,0.0,8.27
session_a0a66565705f,user_006,analyst,2026-06-12 08:19:55,2026-06-12 14:02:55,20,6,0,20,1,1,4,4,0,32.699,13.692,0,0,343.0,8.316666666666666,4,0,0,0.0,1.63495,normal,1.0874,0.6113,0.2248,0.0,0.0,0.0,0.0,0.6334,0.0,0.2841,1,0.0667,hybrid,13.24,8.83,8.83,8.83,0.0,0.0,9.27
session_ace33571522f,user_049,analyst,2026-06-12 08:19:56,2026-06-12 14:28:56,20,4,0,20,1,1,4,6,0,27.654000000000003,8.377,0,0,369.0,8.316666666666666,4,0,0,0.0,1.3827000000000005,normal,0.6909,0.8956,0.1349,0.0,0.0,0.0,0.0,0.8803,0.0,0.2891,1,0.0667,hybrid,13.46,8.97,8.97,8.97,0.0,0.0,9.42
session_721fc6c89434,user_069,hr,2026-06-12 08:21:23,2026-06-12 13:09:23,17,4,0,17,1,1,3,6,0,79.789,19.112,0,0,288.0,8.35,4,0,0,0.0,4.693470588235294,normal,0.467,0.4305,0.1686,0.0,0.0,0.0,0.0,1.8773,0.0,0.327,1,0.0667,hybrid,15.08,10.06,10.06,10.06,0.0,0.0,10.56
session_ea49c7a856da,user_032,hr,2026-06-12 08:22:21,2026-06-12 14:25:21,24,10,0,24,1,1,3,6,0,24.524,5.68,0,0,363.0,8.366666666666667,4,0,0,0.0,1.0218333333333334,normal,0.3536,1.5536,1.4453,0.0,0.0,0.0,0.0,0.1493,0.0,0.3891,1,0.0667,hybrid,17.68,11.79,11.79,11.79,0.0,0.0,12.38
session_d758a9a915ca,user_034,finance,2026-06-12 08:22:34,2026-06-12 12:07:34,15,4,0,15,1,1,3,4,3,58.627,12.06,0,0,225.0,8.366666666666667,4,0,0,0.0,3.908466666666667,normal,0.6014,0.1523,0.1686,0.0,0.0,0.0,0.0,0.4938,0.0,0.1573,1,0.0667,hybrid,7.56,5.04,5.04,5.04,0.0,0.0,5.29
session_03542da55889,user_045,admin,2026-06-12 08:23:25,2026-06-12 14:27:25,24,7,0,24,1,1,5,0,0,0.0,0.0,3,0,364.0,8.383333333333333,4,0,0,0.0,0.0,normal,1.5114,3.0612,2.3607,0.0,0.0,0.0,0.0,0.0,1.0,0.8815,1,0.0667,hybrid,35.64,23.76,23.76,23.76,20.0,0.0,26.95
session_3fa8bd02afd5,user_051,analyst,2026-06-12 08:25:52,2026-06-12 11:28:52,12,4,0,12,1,1,4,2,0,10.821000000000002,5.44,0,0,183.0,8.416666666666666,4,0,0,0.0,0.9017500000000002,normal,0.5644,1.0557,2.698,0.0,0.0,0.0,0.0,1.5771,0.0,0.655,1,0.0667,hybrid,27.93,18.62,18.62,18.62,0.0,0.0,19.55
session_918386e1c0ec,user_024,hr,2026-06-12 08:27:16,2026-06-12 13:35:16,23,4,0,23,1,1,3,4,0,113.973,44.407,0,0,308.0,8.45,4,0,0,0.0,4.955347826086957,normal,0.2248,0.6458,1.0117,0.0,0.0,0.0,0.0,3.0554,0.0,0.5486,1,0.0667,hybrid,23.99,22.82,22.82,22.82,0.0,0.0,19.87
session_4169ece024c1,user_011,analyst,2026-06-12 08:28:39,2026-06-12 12:18:39,15,4,0,15,1,1,4,5,0,49.764,13.389,0,0,230.0,8.466666666666667,4,0,0,0.0,3.3176,normal,0.4913,0.5629,1.2141,0.0,0.0,0.0,0.0,0.4959,0.0,0.3071,1,0.0667,hybrid,14.23,9.49,9.49,9.49,0.0,0.0,9.96
session_aafd0a3475d2,user_007,developer,2026-06-12 08:30:53,2026-06-12 10:44:53,10,2,0,10,1,1,5,0,0,0.0,0.0,0,0,134.0,8.5,4,0,0,0.0,0.0,normal,0.5318,2.698,1.5738,0.0,0.0,0.0,0.0,0.0,0.0,0.5337,1,0.0667,hybrid,23.42,15.61,15.61,15.61,0.0,0.0,16.39
session_1076655f814b,user_016,developer,2026-06-12 08:31:06,2026-06-12 11:50:06,10,4,0,10,1,1,5,0,0,0.0,0.0,0,0,199.0,8.516666666666667,4,0,0,0.0,0.0,normal,0.5224,1.3001,1.349,0.0,0.0,0.0,0.0,0.0,0.0,0.3524,1,0.0667,hybrid,16.15,15.84,15.84,15.84,0.0,0.0,13.59
session_7b2811e15a31,user_037,developer,2026-06-12 08:35:25,2026-06-12 15:19:25,25,5,0,25,1,1,5,0,0,0.0,0.0,0,0,404.0,8.583333333333334,4,0,0,0.0,0.0,normal,0.4721,2.6043,1.349,0.0,0.0,0.0,0.0,0.0,0.0,0.4917,1,0.0667,hybrid,21.8,18.84,18.84,18.84,0.0,0.0,17.2
session_3484c95aaf25,user_072,hr,2026-06-12 08:36:38,2026-06-12 11:05:38,14,4,0,14,1,1,3,7,0,98.07,19.157,0,0,149.0,8.6,4,0,0,0.0,7.005000000000001,normal,0.037,1.8778,0.5059,0.0,0.0,0.0,0.0,2.1138,0.0,0.5038,1,0.0667,hybrid,22.27,23.85,23.85,23.85,0.0,0.0,19.64
session_24354991459f,user_029,admin,2026-06-12 08:40:54,2026-06-12 11:09:54,9,1,0,9,1,1,4,0,0,0.0,0.0,0,0,149.0,8.666666666666666,4,0,0,0.0,0.0,normal,0.6359,0.5349,0.8431,0.0,0.0,0.0,1.0,0.0,2.0,0.5571,1,0.0667,hybrid,24.31,16.21,16.21,16.21,0.0,0.0,17.02
session_a65b4339171b,user_040,finance,2026-06-12 08:41:46,2026-06-12 13:08:46,16,4,0,16,1,1,3,2,2,76.435,37.692,0,0,267.0,8.683333333333334,4,0,0,0.0,4.7771875,normal,0.2307,0.6192,0.1686,0.0,0.0,0.0,0.0,0.9601,0.0,0.2198,1,0.0667,hybrid,10.41,6.94,6.94,6.94,0.0,0.0,7.29
session_7cc42203784a,user_044,developer,2026-06-12 08:42:10,2026-06-12 13:21:10,21,5,0,21,1,1,5,0,0,0.0,0.0,0,0,279.0,8.7,4,0,0,0.0,0.0,normal,0.371,0.2305,0.6745,0.0,0.0,0.0,0.0,0.0,0.0,0.1418,1,0.0667,hybrid,6.84,11.09,11.09,11.09,0.0,0.0,7.73
session_91c4ede55ea7,user_064,finance,2026-06-12 08:44:22,2026-06-12 12:27:22,14,4,0,14,1,1,3,0,8,123.732,21.834,0,0,223.0,8.733333333333333,4,0,0,0.0,8.838,normal,0.0613,0.0576,0.1927,0.0,0.0,0.0,0.0,2.0208,0.0,0.2592,1,0.0667,hybrid,12.16,8.1,8.1,8.1,0.0,0.0,8.51
session_3ddcf8c87eda,user_014,hr,2026-06-12 08:50:48,2026-06-12 15:21:48,21,10,0,21,1,1,3,2,0,21.821,12.599,0,0,391.0,8.833333333333334,4,0,0,0.0,1.039095238095238,normal,0.2951,1.8369,0.6745,0.0,0.0,0.0,0.0,0.293,0.0,0.3444,1,0.0667,hybrid,15.82,23.8,23.8,23.8,20.0,0.0,19.04
session_b14e03de10e9,user_080,hr,2026-06-12 08:51:51,2026-06-12 11:35:51,12,4,0,12,1,1,3,4,0,39.529,11.785,0,0,164.0,8.85,4,0,0,0.0,3.294083333333333,normal,0.272,1.5265,0.8431,0.0,0.0,0.0,0.0,0.3124,0.0,0.3282,1,0.0667,hybrid,15.13,16.16,16.16,16.16,0.0,0.0,13.33
session_4d3b4deb15aa,user_078,developer,2026-06-12 08:54:56,2026-06-12 10:54:56,10,3,0,10,1,1,4,0,0,0.0,0.0,0,0,120.0,8.9,4,0,0,0.0,0.0,normal,0.2023,2.6615,1.1804,0.0,0.0,0.0,1.0,0.0,0.0,0.5605,1,0.0667,hybrid,24.44,22.51,22.51,22.51,0.0,0.0,19.91
session_e3561880c7ee,user_075,developer,2026-06-12 08:55:04,2026-06-12 12:21:04,13,3,0,13,1,1,4,0,0,0.0,0.0,0,0,206.0,8.916666666666666,4,0,0,0.0,0.0,normal,0.1336,1.016,0.6745,0.0,0.0,0.0,1.0,0.0,0.0,0.3138,1,0.0667,hybrid,14.52,13.99,13.99,13.99,0.0,0.0,12.1
session_2beb52406457,user_077,admin,2026-06-12 08:57:37,2026-06-12 14:08:37,22,3,0,22,1,1,5,0,0,0.0,0.0,6,0,311.0,8.95,4,0,0,0.0,0.0,normal,0.095,1.9008,1.4333,0.0,0.0,0.0,0.0,0.0,5.3959,0.9806,1,0.0667,hybrid,38.76,25.84,25.84,25.84,20.0,0.0,29.13
session_692c134faa39,user_021,finance,2026-06-12 09:00:32,2026-06-12 13:10:32,14,2,0,14,1,1,3,0,6,34.838,10.659,0,0,250.0,9.0,4,0,0,0.0,2.4884285714285714,normal,0.3083,0.4139,0.2248,0.0,0.0,0.0,0.0,0.4696,0.0,0.1574,1,0.0667,hybrid,7.57,5.05,5.05,5.05,0.0,0.0,5.3
session_7909e04fb88f,user_065,hr,2026-06-12 09:01:04,2026-06-12 14:36:04,24,8,0,24,1,1,3,7,0,72.824,20.203,0,0,335.0,9.016666666666667,4,0,0,0.0,3.034333333333333,normal,0.5396,0.9911,1.1804,0.0,0.0,0.0,0.0,1.2168,0.0,0.4364,1,0.0667,hybrid,19.6,21.63,21.63,21.63,0.0,0.0,17.57
session_89dd01c50214,user_036,developer,2026-06-12 09:01:33,2026-06-12 11:54:33,10,3,0,10,1,1,4,0,0,0.0,0.0,0,0,173.0,9.016666666666667,4,0,0,0.0,0.0,normal,0.0,1.4431,1.1804,0.0,0.0,0.0,1.0,0.0,0.0,0.4026,1,0.0667,hybrid,18.23,19.9,19.9,19.9,0.0,0.0,16.25
session_fe2ce6e68729,user_020,finance,2026-06-12 09:10:47,2026-06-12 12:10:47,12,5,0,12,1,1,3,2,3,73.377,18.975,0,0,180.0,9.166666666666666,4,0,0,0.0,6.11475,normal,0.4047,0.761,0.4818,0.0,0.0,0.0,0.0,0.6417,0.0,0.2544,1,0.0667,hybrid,11.94,18.03,18.03,18.03,0.0,0.0,12.89
session_e73cf126ce1c,user_059,analyst,2026-06-12 09:10:53,2026-06-12 14:18:53,19,6,0,19,1,1,4,3,0,17.677,6.664,0,0,308.0,9.166666666666666,4,0,0,0.0,0.9303684210526316,normal,0.4426,0.2424,0.0,0.0,0.0,0.0,0.0,1.2095,0.0,0.2105,1,0.0667,hybrid,9.99,15.85,15.85,15.85,0.0,0.0,11.13
session_eac031d92dbc,user_008,developer,2026-06-12 09:11:44,2026-06-12 11:51:44,9,1,0,9,1,1,4,0,0,0.0,0.0,0,0,160.0,9.183333333333334,4,0,0,0.0,0.0,normal,0.1349,1.4342,1.2647,0.0,0.0,0.0,1.0,0.0,0.0,0.426,0,0.0,cold_start,19.18,19.18,19.18,19.18,0.0,0.0,16.31
session_b9c2f888c72f,user_033,developer,2026-06-12 09:15:42,2026-06-12 11:34:42,9,2,0,9,1,1,4,0,0,0.0,0.0,0,0,139.0,9.25,4,0,0,0.0,0.0,normal,0.1889,1.5606,1.1804,0.0,0.0,0.0,1.0,0.0,0.0,0.4367,1,0.0667,hybrid,19.62,20.36,20.36,20.36,0.0,0.0,17.01
session_601a2e2a67c4,user_043,hr,2026-06-12 09:16:30,2026-06-12 12:14:30,11,3,0,11,1,1,2,3,0,32.379,18.121,0,0,178.0,9.266666666666667,4,0,0,0.0,2.9435454545454545,normal,0.8572,1.2012,1.0117,0.0,0.0,0.0,1.0,0.114,0.0,0.4649,1,0.0667,hybrid,20.74,20.54,20.54,20.54,0.0,0.0,17.54
session_a5a514d6be94,user_001,finance,2026-06-12 09:16:50,2026-06-12 11:21:50,9,2,0,9,1,1,3,3,1,43.044,13.572,0,0,125.0,9.266666666666667,4,0,0,0.0,4.782666666666667,normal,0.4637,1.5372,1.1242,0.0,0.0,0.0,0.0,0.2621,0.0,0.3764,1,0.0667,hybrid,17.16,19.89,19.89,19.89,0.0,0.0,15.81
session_dd66b69b2216,user_068,developer,2026-06-12 09:17:34,2026-06-12 13:06:34,18,2,0,18,1,1,4,0,0,0.0,0.0,0,0,229.0,9.283333333333331,4,0,0,0.0,0.0,normal,0.1799,0.2942,0.2998,0.0,0.0,0.0,1.0,0.0,0.0,0.1971,1,0.0667,hybrid,9.38,6.26,6.26,6.26,0.0,0.0,6.57
session_99320ca59eb6,user_012,analyst,2026-06-12 09:17:46,2026-06-12 11:03:46,9,2,0,9,1,1,4,1,0,1.614,1.614,0,0,106.0,9.283333333333331,4,0,0,0.0,0.1793333333333333,normal,0.333,1.9641,2.698,0.0,0.0,0.0,0.0,1.9537,0.0,0.7721,1,0.0667,hybrid,32.03,21.35,21.35,21.35,0.0,0.0,22.42
session_997a0a11cdaa,user_042,developer,2026-06-12 09:18:33,2026-06-12 15:21:33,22,6,0,22,1,1,5,0,0,0.0,0.0,0,0,363.0,9.3,4,0,0,0.0,0.0,normal,0.1445,1.7742,1.0117,0.0,0.0,0.0,0.0,0.0,0.0,0.3256,1,0.0667,hybrid,15.02,10.02,10.02,10.02,0.0,0.0,10.52
session_7cdaa3b38771,user_015,finance,2026-06-12 09:20:26,2026-06-12 11:48:26,10,4,0,10,1,1,3,1,1,6.767,3.848,0,0,148.0,9.333333333333334,4,0,0,0.0,0.6767,normal,0.5259,1.0699,0.8993,0.0,0.0,0.0,0.0,1.2608,0.0,0.4173,1,0.0667,hybrid,18.83,19.15,19.15,19.15,0.0,0.0,16.15
session_691fddcc2692,user_063,finance,2026-06-12 09:25:12,2026-06-12 12:19:12,11,2,0,11,1,1,3,3,1,23.076,7.216,0,0,174.0,9.416666666666666,4,0,0,0.0,2.097818181818182,normal,0.6245,0.4456,0.6745,0.0,0.0,0.0,0.0,0.682,0.0,0.2696,1,0.0667,hybrid,12.61,12.61,12.61,12.61,0.0,0.0,10.72
session_bc6dbe4998be,user_056,hr,2026-06-12 09:26:01,2026-06-12 13:55:01,17,3,0,17,1,1,3,7,0,171.482,29.39,0,0,269.0,9.433333333333334,4,0,0,0.0,10.087176470588236,normal,0.8672,0.0749,0.0,0.0,0.0,0.0,0.0,4.2645,0.0,0.5785,1,0.0667,hybrid,25.12,31.32,31.32,31.32,20.0,0.0,26.14
session_9d2daac4c0f3,user_047,developer,2026-06-12 09:34:38,2026-06-12 13:01:38,14,5,0,14,1,1,3,0,0,0.0,0.0,0,0,207.0,9.566666666666666,4,0,0,0.0,0.0,normal,0.408,0.6099,0.3747,0.0,0.0,0.0,2.0,0.0,0.0,0.377,1,0.0667,hybrid,17.18,14.81,14.81,14.81,0.0,0.0,13.54
session_29c37de9184c,user_048,developer,2026-06-12 09:35:08,2026-06-12 11:54:08,10,3,0,10,1,1,4,0,0,0.0,0.0,0,0,139.0,9.583333333333334,4,0,0,0.0,0.0,normal,0.4216,1.5103,1.0117,0.0,0.0,0.0,1.0,0.0,0.0,0.4382,1,0.0667,hybrid,19.68,21.35,21.35,21.35,0.0,0.0,17.48
session_05bdd7a832e5,user_030,hr,2026-06-12 09:37:23,2026-06-12 14:11:23,16,2,0,16,1,1,3,2,0,18.96,10.219,0,0,274.0,9.616666666666667,4,0,0,0.0,1.185,normal,1.0815,0.1069,0.1686,0.0,0.0,0.0,0.0,0.4866,0.0,0.2048,1,0.0667,hybrid,9.73,14.94,14.94,14.94,0.0,0.0,10.62
session_de0bf7283df6,user_018,developer,2026-06-12 09:39:24,2026-06-12 16:54:24,24,7,0,24,1,1,5,0,0,0.0,0.0,0,0,435.0,9.65,4,0,0,0.0,0.0,normal,0.4806,2.7769,1.1991,0.0,0.0,0.0,0.0,0.0,0.0,0.4952,1,0.0667,hybrid,21.93,25.41,25.41,25.41,0.0,0.0,20.21
session_7492e63df532,user_076,analyst,2026-06-12 09:39:50,2026-06-12 11:49:50,10,5,0,10,1,1,4,1,0,4.777,4.777,0,0,130.0,9.65,4,0,0,0.0,0.4777,normal,0.4736,1.6335,2.0235,0.0,0.0,0.0,0.0,1.6439,0.0,0.6416,1,0.0667,hybrid,27.44,26.37,26.37,26.37,0.0,0.0,22.84
session_a1ddcd1e9c75,user_027,developer,2026-06-12 09:41:42,2026-06-12 12:57:42,14,4,0,14,1,1,5,0,0,0.0,0.0,0,0,196.0,9.683333333333334,4,0,0,0.0,0.0,normal,0.5059,0.6601,0.2698,0.0,0.0,0.0,0.0,0.0,0.0,0.1595,1,0.0667,hybrid,7.67,11.53,11.53,11.53,0.0,0.0,8.25
session_ad9cbf81c801,user_004,developer,2026-06-12 09:41:56,2026-06-12 13:01:56,14,3,0,14,1,1,5,0,0,0.0,0.0,0,0,200.0,9.683333333333334,4,0,0,0.0,0.0,normal,0.5325,0.5956,0.2998,0.0,0.0,0.0,0.0,0.0,0.0,0.1587,1,0.0667,hybrid,7.63,10.94,10.94,10.94,0.0,0.0,7.97
session_d54994703f6b,user_025,hr,2026-06-12 09:42:06,2026-06-12 12:18:06,9,2,0,9,1,1,3,2,0,3.024,2.198,0,0,156.0,9.7,4,0,0,0.0,0.336,normal,1.1466,1.5879,1.349,0.0,0.0,0.0,0.0,0.9395,0.0,0.5581,1,0.0667,hybrid,24.35,23.92,23.92,23.92,0.0,0.0,20.51
session_1321daba8e12,user_054,developer,2026-06-12 09:44:24,2026-06-12 12:54:24,12,4,0,12,1,1,5,0,0,0.0,0.0,0,0,190.0,9.733333333333333,4,0,0,0.0,0.0,normal,0.6183,0.7319,0.6745,0.0,0.0,0.0,0.0,0.0,0.0,0.225,1,0.0667,hybrid,10.64,14.27,14.27,14.27,0.0,0.0,10.68
session_a9c3d6f61d19,user_070,admin,2026-06-12 09:48:51,2026-06-12 14:47:51,19,6,0,19,1,1,5,0,0,0.0,0.0,4,0,299.0,9.8,4,0,0,0.0,0.0,normal,1.0117,1.2094,0.6745,0.0,0.0,0.0,0.0,0.0,1.349,0.4716,1,0.0667,hybrid,21.01,14.0,14.0,14.0,0.0,0.0,14.7
session_8c432644b7eb,user_003,developer,2026-06-12 09:49:18,2026-06-12 12:18:18,12,5,0,12,1,1,5,0,0,0.0,0.0,0,0,149.0,9.816666666666666,4,0,0,0.0,0.0,normal,0.7026,1.2857,0.6745,0.0,0.0,0.0,0.0,0.0,0.0,0.2959,1,0.0667,hybrid,13.75,12.75,12.75,12.75,0.0,0.0,11.24
session_912b01a0ce2e,user_031,developer,2026-06-12 09:49:24,2026-06-12 12:07:24,11,1,0,11,1,1,5,0,0,0.0,0.0,0,0,138.0,9.816666666666666,4,0,0,0.0,0.0,normal,0.6745,1.404,0.8431,0.0,0.0,0.0,0.0,0.0,0.0,0.3246,1,0.0667,hybrid,14.98,16.23,16.23,16.23,0.0,0.0,13.29
session_22bf6e7c7a34,user_005,hr,2026-06-12 09:52:48,2026-06-12 13:11:48,14,6,0,14,1,1,3,2,0,5.628,3.984,0,0,199.0,9.866666666666667,4,0,0,0.0,0.402,normal,1.2037,0.8949,0.3747,0.0,0.0,0.0,0.0,0.7727,0.0,0.3607,1,0.0667,hybrid,16.5,17.29,17.29,17.29,0.0,0.0,14.38
session_b5cb6dc22c5a,user_062,hr,2026-06-12 09:54:02,2026-06-12 15:31:02,25,9,0,25,1,1,3,2,0,26.919,18.423,0,0,337.0,9.9,4,0,0,0.0,1.07676,normal,1.0679,0.9243,1.5176,0.0,0.0,0.0,0.0,0.1428,0.0,0.4058,1,0.0667,hybrid,18.36,16.44,16.44,16.44,0.0,0.0,14.74
session_aeb42a0e1e99,user_010,finance,2026-06-12 09:54:47,2026-06-12 13:59:47,15,3,0,15,1,1,3,3,3,34.871,7.721,0,0,245.0,9.9,4,0,0,0.0,2.324733333333333,normal,1.4316,0.4828,0.4047,0.0,0.0,0.0,0.0,0.318,0.0,0.293,1,0.0667,hybrid,13.63,14.81,14.81,14.81,0.0,0.0,12.12
session_3091e2fd7ae2,user_041,finance,2026-06-12 09:55:26,2026-06-12 13:30:26,15,2,0,15,1,1,3,2,4,138.706,27.994,0,0,215.0,9.916666666666666,4,0,0,0.0,9.247066666666663,normal,1.4956,0.0692,0.2248,0.0,0.0,0.0,0.0,3.2756,0.0,0.5628,1,0.0667,hybrid,24.53,23.22,23.22,23.22,0.0,0.0,20.26
session_89743cbb150c,user_057,developer,2026-06-12 09:58:25,2026-06-12 16:37:25,25,8,0,25,1,1,5,0,0,0.0,0.0,0,0,399.0,9.966666666666669,4,0,0,0.0,0.0,normal,0.8455,2.1665,1.5176,0.0,0.0,0.0,0.0,0.0,0.0,0.5033,1,0.0667,hybrid,22.25,17.91,17.91,17.91,0.0,0.0,16.96
session_dadeb314c58a,user_039,developer,2026-06-12 10:01:55,2026-06-12 12:48:55,14,2,0,14,1,1,5,0,0,0.0,0.0,0,0,167.0,10.016666666666667,4,0,0,0.0,0.0,normal,0.9125,0.9848,0.3372,0.0,0.0,0.0,0.0,0.0,0.0,0.2483,1,0.0667,hybrid,11.68,12.22,12.22,12.22,0.0,0.0,10.17
session_464b772f97e7,user_055,analyst,2026-06-12 10:06:52,2026-06-12 15:18:52,17,4,0,17,1,1,4,1,0,17.414,17.414,0,0,312.0,10.1,4,0,0,0.0,1.024352941176471,normal,0.8504,0.4,0.2891,0.0,0.0,0.0,0.0,0.9459,0.0,0.2762,1,0.0667,hybrid,12.9,15.81,15.81,15.81,0.0,0.0,12.28
session_77cdac51e9cf,user_035,admin,2026-06-12 10:08:25,2026-06-12 13:30:25,12,4,0,12,1,1,5,0,0,0.0,0.0,0,0,202.0,10.133333333333333,4,0,0,0.0,0.0,normal,1.197,0.0251,0.3679,0.0,0.0,0.0,0.0,0.0,1.349,0.3266,1,0.0667,hybrid,15.07,10.04,10.04,10.04,0.0,0.0,10.55
session_d3a48780b0d2,user_019,developer,2026-06-12 10:11:14,2026-06-12 16:15:14,21,10,0,21,1,1,5,0,0,0.0,0.0,0,0,364.0,10.183333333333334,4,0,0,0.0,0.0,normal,1.0753,1.6399,0.8431,0.0,0.0,0.0,0.0,0.0,0.0,0.3954,1,0.0667,hybrid,17.94,15.4,15.4,15.4,0.0,0.0,14.1
session_896cd83e27c1,user_061,analyst,2026-06-12 10:18:21,2026-06-12 17:45:21,24,6,0,24,1,1,4,4,0,21.099,7.894,0,0,447.0,10.3,4,0,0,0.0,0.879125,normal,0.8993,1.7073,1.349,0.0,0.0,0.0,0.0,0.6976,0.0,0.517,0,0.0,cold_start,22.78,22.78,22.78,22.78,0.0,0.0,19.36
session_f4fec4353787,user_067,analyst,2026-06-12 10:20:11,2026-06-12 12:12:11,9,5,0,9,1,1,3,2,0,22.933,12.171,0,0,112.0,10.333333333333334,4,0,0,0.0,2.548111111111111,normal,0.8544,1.7081,1.8308,0.0,0.0,0.0,1.0,0.5202,0.0,0.6571,1,0.0667,hybrid,28.0,23.46,23.46,23.46,0.0,0.0,21.76
session_f46e62ae3e98,user_026,analyst,2026-06-12 10:21:50,2026-06-12 13:45:50,11,4,0,11,1,1,4,4,0,31.118,11.919,0,0,204.0,10.35,4,0,0,0.0,2.828909090909092,normal,0.8301,0.7285,1.1804,0.0,0.0,0.0,0.0,0.071,0.0,0.3122,1,0.0667,hybrid,14.45,18.17,18.17,18.17,0.0,0.0,13.96
session_2f9e66265487,user_053,hr,2026-06-12 10:31:10,2026-06-12 16:15:10,23,10,0,23,1,1,3,3,0,19.72,12.361,0,0,344.0,10.516666666666667,4,0,0,0.0,0.8573913043478261,normal,1.633,0.8917,0.9743,0.0,0.0,0.0,0.0,0.3055,0.0,0.4227,1,0.0667,hybrid,19.05,21.29,21.29,21.29,0.0,0.0,17.2
session_454e349399ed,user_002,finance,2026-06-12 10:35:16,2026-06-12 13:23:16,11,3,0,11,1,1,3,3,3,46.685,10.609,0,0,168.0,10.583333333333334,4,0,0,0.0,4.244090909090909,normal,2.0467,0.7987,0.6745,0.0,0.0,0.0,0.0,0.0431,0.0,0.3959,1,0.0667,hybrid,17.96,21.3,21.3,21.3,0.0,0.0,16.77
session_c7f1c78ffe22,user_028,developer,2026-06-12 10:57:36,2026-06-12 17:01:36,23,6,0,23,1,1,5,0,0,0.0,0.0,0,0,364.0,10.95,4,0,0,0.0,0.0,normal,1.9271,1.6084,1.1804,0.0,0.0,0.0,0.0,0.0,0.0,0.524,1,0.0667,hybrid,23.05,22.43,22.43,22.43,0.0,0.0,19.31
session_6121ccf15720,user_079,developer,2026-06-12 11:02:14,2026-06-12 15:54:14,24,6,0,24,1,1,5,0,0,0.0,0.0,0,0,292.0,11.033333333333331,4,0,0,0.0,0.0,normal,2.0138,0.5789,1.1991,0.0,0.0,0.0,0.0,0.0,0.0,0.4213,1,0.0667,hybrid,18.99,16.3,16.3,16.3,0.0,0.0,14.93
session_246b017ddc48,user_046,hr,2026-06-12 11:09:09,2026-06-12 14:05:09,12,1,0,12,1,1,3,3,0,24.48,13.716,0,0,176.0,11.15,4,0,0,0.0,2.04,normal,2.1584,0.9504,0.8431,0.0,0.0,0.0,0.0,0.0777,0.0,0.4477,0,0.0,cold_start,20.06,20.06,20.06,20.06,0.0,0.0,17.05
session_a1ba17681ff2,user_060,developer,2026-06-12 11:30:01,2026-06-12 14:34:01,12,4,0,12,1,1,5,0,0,0.0,0.0,0,0,184.0,11.5,4,0,0,0.0,0.0,normal,2.4731,0.7254,0.5396,0.0,0.0,0.0,0.0,0.0,0.0,0.4153,1,0.0667,hybrid,18.75,18.25,18.25,18.25,0.0,0.0,15.71
session_4a42a086ad46,user_022,developer,2026-06-13 07:24:03,2026-06-13 13:31:03,24,5,0,24,1,1,5,0,0,0.0,0.0,0,0,367.0,7.4,5,1,0,0.0,0.0,normal,2.0501,1.5656,1.1991,0.0,0.0,0.0,0.0,0.0,0.0,0.535,2,0.1333,hybrid,23.47,17.79,17.79,17.79,0.0,100.0,22.39
session_7dd91ffe9862,user_040,finance,2026-06-13 07:41:54,2026-06-13 12:59:54,21,3,0,21,1,1,3,7,4,178.739,25.278,0,0,318.0,7.683333333333334,5,1,0,0.0,8.511380952380952,normal,2.07,1.8505,1.5738,0.0,0.0,0.0,0.0,3.8163,0.0,1.0345,2,0.1333,hybrid,40.38,23.66,23.66,23.66,20.0,100.0,33.8
session_9bc9f53044ce,user_050,developer,2026-06-13 07:48:49,2026-06-13 10:53:49,12,2,0,12,1,1,4,0,0,0.0,0.0,0,0,185.0,7.8,5,1,0,0.0,0.0,normal,1.5176,0.6627,0.5396,0.0,0.0,0.0,1.0,0.0,0.0,0.4133,2,0.1333,hybrid,18.67,12.61,12.61,12.61,0.0,93.35,17.81
session_3bace2eaebfc,user_023,developer,2026-06-13 08:26:19,2026-06-13 14:52:19,22,3,0,22,1,1,5,0,0,0.0,0.0,0,0,386.0,8.433333333333334,5,1,0,0.0,0.0,normal,0.8472,1.7525,0.8993,0.0,0.0,0.0,0.0,0.0,0.0,0.3888,2,0.1333,hybrid,17.67,13.86,13.86,13.86,0.0,40.49,15.33
session_3e1d1b40ff2e,user_013,hr,2026-06-13 08:29:44,2026-06-13 11:57:44,16,6,0,16,1,1,3,2,0,9.928999999999998,5.193,0,0,208.0,8.483333333333333,5,1,0,0.0,0.6205624999999999,normal,0.5649,0.5753,0.0749,0.0,0.0,0.0,0.0,0.5473,0.0,0.1958,1,0.0667,hybrid,9.33,6.22,6.22,6.22,0.0,0.0,6.53
session_bdc2e1abfabe,user_006,analyst,2026-06-13 08:41:28,2026-06-13 12:17:28,14,4,0,14,1,1,4,5,0,66.839,22.129,0,0,216.0,8.683333333333334,5,1,0,0.0,4.774214285714286,normal,0.5808,0.4931,0.5246,0.0,0.0,0.0,0.0,1.6403,0.0,0.3599,2,0.1333,hybrid,16.47,12.65,12.65,12.65,0.0,82.34,16.4
session_2c8a2086224d,user_034,finance,2026-06-13 08:42:57,2026-06-13 11:22:57,10,3,0,10,1,1,3,4,0,25.542,7.663,0,0,160.0,8.7,5,1,0,0.0,2.5542,normal,0.511,0.8511,0.8993,0.0,0.0,0.0,0.0,0.6087,0.0,0.3189,2,0.1333,hybrid,14.74,9.89,9.89,9.89,0.0,73.69,14.03
session_2b48617d0e99,user_012,analyst,2026-06-13 08:45:23,2026-06-13 14:14:23,20,8,0,20,1,1,4,1,0,4.658,4.658,0,0,329.0,8.75,5,1,0,0.0,0.2329,normal,0.4151,0.8688,0.5059,0.0,0.0,0.0,0.0,1.259,0.0,0.3388,2,0.1333,hybrid,15.58,18.47,18.47,18.47,0.0,77.91,18.44
session_107704de4f3e,user_016,developer,2026-06-13 08:54:07,2026-06-13 14:06:07,19,8,0,19,1,1,5,0,0,0.0,0.0,0,0,312.0,8.9,5,1,0,0.0,0.0,normal,0.3694,0.8402,0.4047,0.0,0.0,0.0,0.0,0.0,0.0,0.1794,2,0.1333,hybrid,8.58,12.21,12.21,12.21,0.0,0.0,8.93
session_2128d4d4ec0c,user_052,finance,2026-06-13 09:06:04,2026-06-13 14:02:04,21,3,0,21,1,1,3,6,2,44.2,10.931,0,0,296.0,9.1,5,1,0,0.0,2.104761904761905,normal,0.0435,1.3333,1.5738,0.0,0.0,0.0,0.0,0.0718,0.0,0.3358,1,0.0667,hybrid,15.46,14.03,14.03,14.03,0.0,0.0,12.49
session_c20d900f1606,user_070,admin,2026-06-13 09:14:36,2026-06-13 14:17:36,21,5,0,21,1,1,5,0,0,0.0,0.0,6,0,303.0,9.233333333333333,5,1,0,0.0,0.0,normal,0.0193,1.0481,0.9443,0.0,0.0,0.0,0.0,0.0,2.698,0.5233,2,0.1333,hybrid,23.02,18.51,18.51,18.51,0.0,100.0,22.54
session_956f1bcbe54a,user_072,hr,2026-06-13 09:18:18,2026-06-13 16:00:18,21,7,0,21,1,1,3,1,0,22.897,22.897,0,0,402.0,9.3,5,1,0,0.0,1.0903333333333332,normal,0.2867,1.4649,0.8431,0.0,0.0,0.0,0.0,0.0872,0.0,0.298,2,0.1333,hybrid,13.84,18.84,18.84,18.84,0.0,0.0,14.02
session_fc5c55a9f11e,user_015,finance,2026-06-13 09:28:52,2026-06-13 10:57:52,9,3,0,9,1,1,3,2,3,20.909,5.727,0,0,89.0,9.466666666666669,5,1,0,0.0,2.3232222222222223,normal,0.554,1.7069,1.1242,0.0,0.0,0.0,0.0,0.788,0.0,0.4637,2,0.1333,hybrid,20.69,19.92,19.92,19.92,0.0,4.57,17.47
session_829a84b4ac5d,user_065,hr,2026-06-13 09:33:00,2026-06-13 11:21:00,9,2,0,9,1,1,3,4,0,50.396,26.736,0,0,108.0,9.55,5,1,0,0.0,5.599555555555556,normal,0.5208,1.5672,1.1242,0.0,0.0,0.0,0.0,1.0104,0.0,0.4692,2,0.1333,hybrid,20.91,21.27,21.27,21.27,0.0,0.0,17.94
session_cc6e9b9900fa,user_017,admin,2026-06-13 09:36:54,2026-06-13 12:22:54,12,4,0,12,1,1,5,0,0,0.0,0.0,3,0,166.0,9.6,5,1,0,0.0,0.0,normal,0.4464,0.3539,0.3679,0.0,0.0,0.0,0.0,0.0,0.4497,0.1798,1,0.0667,hybrid,8.6,8.75,8.75,8.75,0.0,0.0,7.38
session_a91f0d27de5f,user_002,finance,2026-06-13 09:47:40,2026-06-13 14:55:40,19,3,0,19,1,1,3,3,5,79.961,22.477,0,0,308.0,9.783333333333331,5,1,0,0.0,4.208473684210526,normal,1.1062,1.2829,1.1242,0.0,0.0,0.0,0.0,1.1566,0.0,0.5189,2,0.1333,hybrid,22.85,22.08,22.08,22.08,0.0,0.0,19.08
session_bf5d2abf448e,user_044,developer,2026-06-13 09:49:20,2026-06-13 15:46:20,22,7,0,22,1,1,5,0,0,0.0,0.0,0,0,357.0,9.816666666666666,5,1,0,0.0,0.0,normal,0.5363,1.2565,0.8993,0.0,0.0,0.0,0.0,0.0,0.0,0.2991,2,0.1333,hybrid,13.89,12.49,12.49,12.49,0.0,0.0,11.18
session_a426c93808e0,user_025,hr,2026-06-13 09:51:12,2026-06-13 13:09:12,13,4,0,13,1,1,3,3,0,6.619,2.627,0,0,198.0,9.85,5,1,0,0.0,0.5091538461538462,normal,0.8342,0.6089,0.4047,0.0,0.0,0.0,0.0,0.6735,0.0,0.2801,2,0.1333,hybrid,13.07,18.5,18.5,18.5,0.0,0.0,13.55
session_f4abfad1d04a,user_039,developer,2026-06-13 09:51:55,2026-06-13 16:43:55,24,5,0,24,1,1,5,0,0,0.0,0.0,0,0,412.0,9.85,5,1,0,0.0,0.0,normal,0.5593,1.7373,1.0792,0.0,0.0,0.0,0.0,0.0,0.0,0.3751,2,0.1333,hybrid,17.1,14.66,14.66,14.66,0.0,19.01,14.39
session_64b83995fcfd,user_026,analyst,2026-06-13 09:52:16,2026-06-13 13:55:16,17,6,0,17,1,1,4,3,0,24.952,10.978,0,0,243.0,9.866666666666667,5,1,0,0.0,1.4677647058823529,normal,0.4946,0.2579,0.0843,0.0,0.0,0.0,0.0,0.3154,0.0,0.128,2,0.1333,hybrid,6.2,12.18,12.18,12.18,0.0,0.0,7.96
session_93465f34667e,user_009,developer,2026-06-13 09:56:05,2026-06-13 15:09:05,23,3,0,23,1,1,5,0,0,0.0,0.0,0,0,313.0,9.933333333333334,5,1,0,0.0,0.0,normal,0.6834,0.6692,0.9743,0.0,0.0,0.0,0.0,0.0,0.0,0.2585,1,0.0667,hybrid,12.12,11.33,11.33,11.33,0.0,0.0,9.95
session_91e672cf3a4d,user_010,finance,2026-06-13 09:57:52,2026-06-13 14:38:52,18,2,0,18,1,1,3,5,3,60.624,11.179,0,0,281.0,9.95,5,1,0,0.0,3.3680000000000003,normal,1.1397,0.8573,0.7708,0.0,0.0,0.0,0.0,0.4606,0.0,0.3587,2,0.1333,hybrid,16.42,15.62,15.62,15.62,0.0,0.0,13.59
session_5b76fb69814b,user_053,hr,2026-06-13 10:02:29,2026-06-13 16:08:29,24,8,0,24,1,1,3,8,0,38.775,6.547,0,0,366.0,10.033333333333331,5,1,0,0.0,1.615625,normal,1.0117,1.0388,1.1991,0.0,0.0,0.0,0.0,0.497,0.0,0.4163,2,0.1333,hybrid,18.79,20.04,20.04,20.04,0.0,0.0,16.53
session_e31368c71545,user_019,developer,2026-06-13 10:12:11,2026-06-13 15:25:11,19,3,0,19,1,1,5,0,0,0.0,0.0,0,0,313.0,10.2,5,1,0,0.0,0.0,normal,0.9585,0.5638,0.2698,0.0,0.0,0.0,0.0,0.0,0.0,0.1991,2,0.1333,hybrid,9.48,12.44,12.44,12.44,0.0,0.0,9.39
session_5c6f47175e47,user_078,developer,2026-06-13 10:17:06,2026-06-13 14:32:06,12,3,0,12,1,1,5,0,0,0.0,0.0,0,0,255.0,10.283333333333331,5,1,0,0.0,0.0,normal,1.0206,0.0632,0.6745,0.0,0.0,0.0,0.0,0.0,0.0,0.1954,2,0.1333,hybrid,9.31,15.91,15.91,15.91,0.0,0.0,10.88
session_d829ee518ad2,user_003,developer,2026-06-13 10:32:04,2026-06-13 17:00:04,23,3,0,23,1,1,5,0,0,0.0,0.0,0,0,388.0,10.533333333333331,5,1,0,0.0,0.0,normal,1.2602,1.4485,0.8094,0.0,0.0,0.0,0.0,0.0,0.0,0.3909,2,0.1333,hybrid,17.75,15.25,15.25,15.25,0.0,35.07,15.72
session_d2e83992baa7,user_079,developer,2026-06-13 10:32:10,2026-06-13 16:45:10,20,5,0,20,1,1,5,0,0,0.0,0.0,0,0,373.0,10.533333333333331,5,1,0,0.0,0.0,normal,1.2751,1.1804,0.4047,0.0,0.0,0.0,0.0,0.0,0.0,0.3178,2,0.1333,hybrid,14.69,15.49,15.49,15.49,0.0,18.91,13.79
session_9f61fe5273bc,user_041,finance,2026-06-13 10:44:06,2026-06-13 12:52:06,10,3,0,10,1,1,3,2,2,125.606,52.522,0,0,128.0,10.733333333333333,5,1,0,0.0,12.5606,normal,2.1863,1.0669,0.6745,0.0,0.0,0.0,0.0,2.2808,0.0,0.6898,2,0.1333,hybrid,29.17,26.2,26.2,26.2,0.0,42.85,25.6
session_c8ed51a76e41,user_005,hr,2026-06-13 11:03:23,2026-06-13 13:01:23,10,3,0,10,1,1,3,0,0,0.0,0.0,0,0,118.0,11.05,5,1,0,0.0,0.0,normal,2.0235,1.3583,0.8094,0.0,0.0,0.0,0.0,0.9133,0.0,0.5672,2,0.1333,hybrid,24.69,20.99,20.99,20.99,0.0,29.07,20.78
session_4c9a814d6105,user_032,hr,2026-06-14 08:02:06,2026-06-14 11:27:06,18,7,0,18,1,1,3,4,0,17.238,7.688,0,0,205.0,8.033333333333333,6,1,0,0.0,0.9576666666666668,normal,1.1491,0.4958,0.2698,0.0,0.0,0.0,0.0,0.2873,0.0,0.2447,2,0.1333,hybrid,11.52,11.65,11.65,11.65,0.0,57.58,12.73
session_30b7417ddaf9,user_074,finance,2026-06-14 08:16:10,2026-06-14 10:35:10,9,3,0,9,1,1,3,0,1,2.354,2.354,0,0,139.0,8.266666666666667,6,1,0,0.0,0.2615555555555555,normal,1.165,0.8532,0.8431,0.0,0.0,0.0,0.0,1.2635,0.0,0.4583,2,0.1333,hybrid,20.48,18.83,18.83,18.83,0.0,100.0,21.66
session_d25e9996e6d3,user_031,developer,2026-06-14 08:45:39,2026-06-14 14:36:39,22,4,0,22,1,1,5,0,0,0.0,0.0,0,0,351.0,8.75,6,1,0,0.0,0.0,normal,0.7708,0.8407,0.6745,0.0,0.0,0.0,0.0,0.0,0.0,0.254,2,0.1333,hybrid,11.93,14.08,14.08,14.08,0.0,0.0,11.11
session_f8c8030c2f4f,user_045,admin,2026-06-14 08:47:36,2026-06-14 15:25:36,25,7,0,25,1,1,5,0,0,0.0,0.0,4,0,398.0,8.783333333333333,6,1,0,0.0,0.0,normal,0.5356,2.0338,1.4839,0.0,0.0,0.0,0.0,0.0,1.349,0.6003,2,0.1333,hybrid,25.93,24.84,24.84,24.84,20.0,100.0,28.55
session_a2ab51d91851,user_059,analyst,2026-06-14 08:53:02,2026-06-14 13:24:02,15,3,0,15,1,1,4,5,0,52.5,15.168,0,0,271.0,8.883333333333333,6,1,0,0.0,3.5,normal,0.3174,0.2058,0.3372,0.0,0.0,0.0,0.0,1.0524,0.0,0.2125,2,0.1333,hybrid,10.08,12.96,12.96,12.96,0.0,0.0,9.87
session_f77ac45be28c,user_010,finance,2026-06-14 08:57:34,2026-06-14 12:25:34,13,3,0,13,1,1,3,1,4,37.33,9.759,0,0,208.0,8.95,6,1,0,0.0,2.8715384615384614,normal,0.237,0.0332,0.1686,0.0,0.0,0.0,0.0,0.2673,0.0,0.0785,3,0.2,hybrid,3.85,9.67,10.91,10.91,0.0,0.0,6.2
session_4b59f545e04d,user_035,admin,2026-06-14 09:04:40,2026-06-14 12:26:40,13,2,0,13,1,1,5,0,0,0.0,0.0,2,0,202.0,9.066666666666666,6,1,0,0.0,0.0,normal,0.2136,0.0541,0.2453,0.0,0.0,0.0,0.0,0.0,0.2248,0.082,2,0.1333,hybrid,4.02,7.03,7.03,7.03,0.0,20.09,5.78
session_d3993b13279b,user_022,developer,2026-06-14 09:14:50,2026-06-14 12:43:50,13,3,0,13,1,1,5,0,0,0.0,0.0,0,0,209.0,9.233333333333333,6,1,0,0.0,0.0,normal,0.1619,0.5367,0.5396,0.0,0.0,0.0,0.0,0.0,0.0,0.1376,3,0.2,hybrid,6.65,14.17,13.33,13.33,0.0,25.27,10.09
session_6ca784121a19,user_080,hr,2026-06-14 09:18:06,2026-06-14 12:17:06,14,3,0,14,1,1,3,3,0,52.43,31.942,0,0,179.0,9.3,6,1,0,0.0,3.745,normal,0.1882,0.692,0.2698,0.0,0.0,0.0,0.0,1.0122,0.0,0.2402,2,0.1333,hybrid,11.32,13.74,13.74,13.74,0.0,0.0,10.71
session_e9af57b25af5,user_065,hr,2026-06-14 09:24:05,2026-06-14 16:02:05,25,7,0,25,1,1,3,3,0,32.271,13.496,0,0,398.0,9.4,6,1,0,0.0,1.29084,normal,0.2165,1.5325,1.349,0.0,0.0,0.0,0.0,0.2601,0.0,0.3731,3,0.2,hybrid,17.02,18.75,19.57,19.57,0.0,0.0,15.45
session_f5e788649437,user_056,hr,2026-06-14 09:25:14,2026-06-14 12:35:14,14,5,0,14,1,1,3,2,0,75.50200000000001,45.635,0,0,190.0,9.416666666666666,6,1,0,0.0,5.393000000000001,normal,0.1518,0.5806,0.2698,0.0,0.0,0.0,0.0,1.8103,0.0,0.3125,2,0.1333,hybrid,14.47,22.89,22.89,22.89,20.0,0.0,18.09
session_48b8ff99ce01,user_071,analyst,2026-06-14 09:27:12,2026-06-14 15:13:12,21,4,0,21,1,1,4,8,0,149.50799999999998,30.066,0,0,346.0,9.45,6,1,0,0.0,7.11942857142857,normal,0.1803,0.9288,0.6745,0.0,0.0,0.0,0.0,5.3312,0.0,0.7905,1,0.0667,hybrid,32.65,32.83,32.83,32.83,0.0,0.0,27.83
session_da8149bc413a,user_044,developer,2026-06-14 09:28:31,2026-06-14 12:05:31,10,2,0,10,1,1,5,0,0,0.0,0.0,0,0,157.0,9.466666666666669,6,1,0,0.0,0.0,normal,0.1242,1.0557,0.9443,0.0,0.0,0.0,0.0,0.0,0.0,0.236,3,0.2,hybrid,11.13,11.34,11.95,11.95,0.0,0.0,9.71
session_44b0e2a98b2c,user_036,developer,2026-06-14 09:30:05,2026-06-14 13:00:05,12,2,0,12,1,1,5,0,0,0.0,0.0,0,0,210.0,9.5,6,1,0,0.0,0.0,normal,0.1294,0.5059,0.6745,0.0,0.0,0.0,0.0,0.0,0.0,0.1455,2,0.1333,hybrid,7.02,13.46,13.46,13.46,0.0,0.0,8.86
session_cbc3f97733b5,user_072,hr,2026-06-14 09:50:57,2026-06-14 15:37:57,22,8,0,22,1,1,3,5,0,80.017,22.952,0,0,347.0,9.833333333333334,6,1,0,0.0,3.637136363636364,normal,0.5707,1.0266,0.8993,0.0,0.0,0.0,0.0,1.8631,0.0,0.4844,3,0.2,hybrid,21.51,19.08,19.91,19.91,0.0,0.0,17.4
session_cce44c651fcb,user_076,analyst,2026-06-14 10:18:40,2026-06-14 12:57:40,12,6,0,12,1,1,4,1,0,8.842,8.842,0,0,159.0,10.3,6,1,0,0.0,0.7368333333333333,normal,0.8397,1.1275,0.8431,0.0,0.0,0.0,0.0,1.0528,0.0,0.4292,2,0.1333,hybrid,19.31,22.84,22.84,22.84,0.0,0.0,18.0
session_552e58aeecad,user_041,finance,2026-06-14 10:36:56,2026-06-14 13:33:56,11,4,0,11,1,1,3,1,2,91.689,57.538,0,0,177.0,10.6,6,1,0,0.0,8.335363636363637,normal,1.7986,0.392,0.4818,0.0,0.0,0.0,0.0,1.4031,0.0,0.4528,3,0.2,hybrid,20.26,23.94,23.82,23.82,0.0,3.62,19.03
session_4da029797ca3,user_030,hr,2026-06-14 10:37:32,2026-06-14 16:02:32,23,4,0,23,1,1,3,7,0,102.794,27.441,0,0,325.0,10.616666666666667,6,1,0,0.0,4.469304347826087,normal,1.4401,0.572,0.9443,0.0,0.0,0.0,0.0,2.5176,0.0,0.6082,2,0.1333,hybrid,26.22,20.58,20.58,20.58,0.0,4.31,19.97
session_9d0e88de0627,user_055,analyst,2026-06-14 10:49:19,2026-06-14 17:17:19,25,7,0,25,1,1,4,3,0,74.497,27.963,0,0,388.0,10.816666666666666,6,1,0,0.0,2.97988,normal,1.0669,1.2975,1.349,0.0,0.0,0.0,0.0,1.7347,0.0,0.6053,2,0.1333,hybrid,26.11,20.96,20.96,20.96,0.0,22.37,21.0
session_27e6dff2b3b3,user_070,admin,2026-06-14 11:01:49,2026-06-14 17:22:49,22,3,0,22,1,1,5,0,0,0.0,0.0,2,0,381.0,11.016666666666667,6,1,0,0.0,0.0,normal,2.8017,1.8574,1.0792,0.0,0.0,0.0,0.0,0.0,0.0,0.6376,3,0.2,hybrid,27.3,24.82,22.03,22.03,0.0,83.9,25.59
session_1bece9af53cb,user_053,hr,2026-06-14 11:53:03,2026-06-14 17:39:03,21,10,0,21,1,1,3,6,0,33.417,6.881,0,0,346.0,11.883333333333333,6,1,0,0.0,1.5912857142857144,normal,2.6467,0.7638,0.6745,0.0,0.0,0.0,0.0,0.1238,0.0,0.4676,3,0.2,hybrid,20.85,19.86,20.36,20.36,0.0,0.0,17.4
session_a5720ed65242,user_069,hr,2026-06-15 06:28:35,2026-06-15 08:56:35,10,3,0,10,1,1,3,2,0,37.786,30.735,0,0,148.0,6.466666666666667,0,0,0,0.0,3.7786,normal,2.7301,1.0482,1.1804,0.0,0.0,0.0,0.0,0.1845,0.0,0.5715,2,0.1333,hybrid,24.85,17.45,17.45,17.45,0.0,100.0,22.8
session_ce0465afa1ba,user_043,hr,2026-06-15 06:33:59,2026-06-15 08:29:59,9,3,0,9,1,1,3,1,0,15.17,15.17,0,0,116.0,6.55,0,0,0,0.0,1.6855555555555557,normal,2.6186,1.2337,1.1242,0.0,0.0,0.0,0.0,0.6057,0.0,0.6202,2,0.1333,hybrid,26.66,23.6,23.6,23.6,0.0,32.56,22.91
session_6f30e3df699a,user_050,developer,2026-06-15 07:07:04,2026-06-15 12:12:04,19,4,0,19,1,1,5,0,0,0.0,0.0,0,0,305.0,7.116666666666666,0,0,0,0.0,0.0,normal,2.7376,0.4832,0.2698,0.0,0.0,0.0,0.0,0.0,0.0,0.3878,3,0.2,hybrid,17.63,16.68,14.62,14.62,0.0,61.71,17.13
session_1f50a27c0248,user_044,developer,2026-06-15 07:39:51,2026-06-15 13:35:51,25,5,0,25,1,1,5,0,0,0.0,0.0,0,0,356.0,7.65,0,0,0,0.0,0.0,normal,1.9218,1.0012,1.0792,0.0,0.0,0.0,0.0,0.0,0.0,0.4447,4,0.2667,hybrid,19.94,15.99,14.61,14.61,0.0,5.0,15.08
session_c1ac0d90bfda,user_045,admin,2026-06-15 08:06:38,2026-06-15 11:47:38,15,4,0,15,1,1,5,0,0,0.0,0.0,3,0,221.0,8.1,0,0,0,0.0,0.0,normal,1.5176,0.1041,0.0,0.0,0.0,0.0,0.0,0.0,0.6745,0.2551,3,0.2,hybrid,11.98,20.57,19.7,19.7,20.0,26.22,17.14
session_2d4a73183d77,user_001,finance,2026-06-15 08:10:37,2026-06-15 15:34:37,25,5,0,25,1,1,3,3,5,105.425,18.87,0,0,444.0,8.166666666666666,0,0,0,0.0,4.217,normal,1.0938,2.8064,2.698,0.0,0.0,0.0,0.0,1.6782,0.0,0.9196,2,0.1333,hybrid,36.86,28.37,28.37,28.37,20.0,57.55,32.39
session_30a3fbfe24b7,user_032,hr,2026-06-15 08:16:19,2026-06-15 12:09:19,15,7,0,15,1,1,3,3,0,9.708,4.4,0,0,233.0,8.266666666666667,0,0,0,0.0,0.6472,normal,0.9725,0.2134,0.1349,0.0,0.0,0.0,0.0,0.8381,0.0,0.2399,3,0.2,hybrid,11.3,12.44,11.51,11.51,0.0,27.75,11.27
session_978af5dfe621,user_064,finance,2026-06-15 08:16:34,2026-06-15 14:32:34,25,4,0,25,1,1,3,3,6,162.272,26.157,0,0,376.0,8.266666666666667,0,0,0,0.0,6.49088,normal,0.9479,1.9024,2.2162,0.0,0.0,0.0,0.0,3.0948,0.0,0.9068,2,0.1333,hybrid,36.45,22.28,22.28,22.28,20.0,100.0,31.61
session_f1a6d7d01211,user_073,hr,2026-06-15 08:23:16,2026-06-15 14:38:16,24,6,0,24,1,1,3,8,0,51.148,11.77,0,0,375.0,8.383333333333333,0,0,0,0.0,2.1311666666666667,normal,0.847,1.1569,1.0792,0.0,0.0,0.0,0.0,0.7242,0.0,0.423,2,0.1333,hybrid,19.06,16.33,16.33,16.33,0.0,95.32,19.74
session_dc72a9476c20,user_077,admin,2026-06-15 08:28:54,2026-06-15 12:59:54,17,2,0,17,1,1,5,0,0,0.0,0.0,2,0,271.0,8.466666666666667,0,0,0,0.0,0.0,normal,0.9198,0.4842,0.2698,0.0,0.0,0.0,0.0,0.0,0.0,0.186,2,0.1333,hybrid,8.88,17.36,17.36,17.36,20.0,44.4,15.58
session_9881b9499561,user_070,admin,2026-06-15 08:32:02,2026-06-15 13:31:02,17,2,0,17,1,1,5,0,0,0.0,0.0,3,0,299.0,8.533333333333333,0,0,0,0.0,0.0,normal,0.7241,0.7285,0.2248,0.0,0.0,0.0,0.0,0.0,0.6745,0.2613,4,0.2667,hybrid,12.25,19.06,18.77,18.77,0.0,30.79,14.94
session_989e3fafb5f8,user_042,developer,2026-06-15 08:34:34,2026-06-15 13:59:34,21,8,0,21,1,1,5,0,0,0.0,0.0,0,0,325.0,8.566666666666666,0,0,0,0.0,0.0,normal,0.8342,0.5865,0.5396,0.0,0.0,0.0,0.0,0.0,0.0,0.2178,2,0.1333,hybrid,10.32,10.17,10.17,10.17,0.0,51.59,11.28
session_91f804200951,user_049,analyst,2026-06-15 08:34:41,2026-06-15 11:11:41,12,3,0,12,1,1,4,2,0,9.927,6.4,0,0,157.0,8.566666666666666,0,0,0,0.0,0.8272499999999999,normal,0.7009,1.0679,0.8431,0.0,0.0,0.0,0.0,0.9001,0.0,0.3902,2,0.1333,hybrid,17.72,13.35,13.35,13.35,0.0,88.62,17.53
session_5efe573ce66f,user_006,analyst,2026-06-15 08:35:00,2026-06-15 14:36:00,24,8,0,24,1,1,4,7,0,91.731,19.415,0,0,361.0,8.583333333333334,0,0,0,0.0,3.822125,normal,0.5764,0.9147,1.1804,0.0,0.0,0.0,0.0,2.2285,0.0,0.5444,3,0.2,hybrid,23.83,19.61,17.12,17.12,0.0,74.72,21.47
session_da1c7b7e2323,user_057,developer,2026-06-15 08:35:01,2026-06-15 11:52:01,14,4,0,14,1,1,5,0,0,0.0,0.0,0,0,197.0,8.583333333333334,0,0,0,0.0,0.0,normal,0.7696,0.6795,0.4047,0.0,0.0,0.0,0.0,0.0,0.0,0.206,2,0.1333,hybrid,9.79,13.85,13.85,13.85,0.0,2.79,10.29
session_7a1d63ef349a,user_035,admin,2026-06-15 08:37:56,2026-06-15 11:10:56,10,2,0,10,1,1,5,0,0,0.0,0.0,3,0,153.0,8.616666666666667,0,0,0,0.0,0.0,normal,0.5691,0.588,1.0117,0.0,0.0,0.0,0.0,0.0,0.6745,0.3159,3,0.2,hybrid,14.61,11.16,10.06,10.06,0.0,32.78,12.23
session_2948aeb6cd23,user_067,analyst,2026-06-15 08:41:08,2026-06-15 13:16:08,22,5,0,22,1,1,4,9,0,118.43,27.54,0,0,275.0,8.683333333333334,0,0,0,0.0,5.383181818181819,normal,0.4955,0.037,0.8431,0.0,0.0,0.0,0.0,3.02,0.0,0.4884,2,0.1333,hybrid,21.67,22.56,22.56,22.56,0.0,36.53,20.65
session_3fb2f93f96c3,user_034,finance,2026-06-15 08:41:36,2026-06-15 11:04:36,11,2,0,11,1,1,3,3,3,53.44,13.752,0,0,143.0,8.683333333333334,0,0,0,0.0,4.858181818181818,normal,0.4113,0.7519,0.5059,0.0,0.0,0.0,0.0,0.1547,0.0,0.2026,3,0.2,hybrid,9.63,10.99,9.79,9.79,0.0,36.08,10.3
session_937aa05f4ff2,user_019,developer,2026-06-15 08:41:46,2026-06-15 12:47:46,20,5,0,20,1,1,5,0,0,0.0,0.0,0,0,246.0,8.683333333333334,0,0,0,0.0,0.0,normal,0.6087,0.1885,0.4047,0.0,0.0,0.0,0.0,0.0,0.0,0.1335,3,0.2,hybrid,6.46,9.38,10.05,10.05,0.0,0.0,6.97
session_d43423d3a135,user_080,hr,2026-06-15 08:43:39,2026-06-15 12:38:39,13,7,0,13,1,1,3,1,0,15.699,15.699,0,0,235.0,8.716666666666667,0,0,0,0.0,1.2076153846153843,normal,0.5176,0.1964,0.4047,0.0,0.0,0.0,0.0,0.5921,0.0,0.1901,3,0.2,hybrid,9.07,10.83,11.87,11.87,0.0,0.0,8.76
session_062f461625fb,user_020,finance,2026-06-15 08:47:49,2026-06-15 14:59:49,25,5,0,25,1,1,3,4,3,125.147,33.262,0,0,372.0,8.783333333333333,0,0,0,0.0,5.00588,normal,0.3195,1.7515,2.2162,0.0,0.0,0.0,0.0,1.9108,0.0,0.6887,2,0.1333,hybrid,29.13,23.58,23.58,23.58,0.0,0.0,22.26
session_8d2723a45e80,user_022,developer,2026-06-15 08:49:37,2026-06-15 12:14:37,15,5,0,15,1,1,5,0,0,0.0,0.0,0,0,205.0,8.816666666666666,0,0,0,0.0,0.0,normal,0.4689,0.5902,0.2698,0.0,0.0,0.0,0.0,0.0,0.0,0.1477,4,0.2667,hybrid,7.12,9.69,11.26,11.26,0.0,2.74,7.74
session_a5ac18e98934,user_040,finance,2026-06-15 08:50:02,2026-06-15 15:09:02,22,4,0,22,1,1,3,6,3,148.128,25.579,0,0,379.0,8.833333333333334,0,0,0,0.0,6.733090909090908,normal,0.2698,1.7986,1.349,0.0,0.0,0.0,0.0,2.342,0.0,0.6399,3,0.2,hybrid,27.38,28.89,25.15,25.15,20.0,100.0,30.02
session_eaa2e9c03394,user_007,developer,2026-06-15 08:50:24,2026-06-15 14:12:24,20,8,0,20,1,1,5,0,0,0.0,0.0,0,0,322.0,8.833333333333334,0,0,0,0.0,0.0,normal,0.4442,0.7187,0.4047,0.0,0.0,0.0,0.0,0.0,0.0,0.1742,2,0.1333,hybrid,8.34,11.98,11.98,11.98,0.0,41.71,10.81
session_8a1c78802a85,user_063,finance,2026-06-15 08:50:53,2026-06-15 13:26:53,17,4,0,17,1,1,3,5,2,44.587,10.354,0,0,276.0,8.833333333333334,0,0,0,0.0,2.6227647058823527,normal,0.2453,0.6537,0.5059,0.0,0.0,0.0,0.0,0.1987,0.0,0.1782,2,0.1333,hybrid,8.52,10.57,10.57,10.57,0.0,0.0,8.17
session_ca9a437d1fef,user_013,hr,2026-06-15 08:55:44,2026-06-15 14:37:44,25,9,0,25,1,1,3,4,0,14.14,5.694,0,0,342.0,8.916666666666666,0,0,0,0.0,0.5656,normal,0.26,0.8646,1.2141,0.0,0.0,0.0,0.0,0.5193,0.0,0.3176,2,0.1333,hybrid,14.68,10.45,10.45,10.45,0.0,73.42,14.25
session_ed18854967fa,user_039,developer,2026-06-15 08:56:34,2026-06-15 14:47:34,21,6,0,21,1,1,5,0,0,0.0,0.0,0,0,351.0,8.933333333333334,0,0,0,0.0,0.0,normal,0.3331,0.956,0.5995,0.0,0.0,0.0,0.0,0.0,0.0,0.2098,3,0.2,hybrid,9.96,12.63,12.78,12.78,0.0,0.0,9.7
session_bd2d4491d0b3,user_018,developer,2026-06-15 09:01:10,2026-06-15 12:18:10,12,4,0,12,1,1,5,0,0,0.0,0.0,0,0,197.0,9.016666666666667,0,0,0,0.0,0.0,normal,0.2361,0.6949,0.8431,0.0,0.0,0.0,0.0,0.0,0.0,0.1971,2,0.1333,hybrid,9.38,17.4,17.4,17.4,0.0,0.0,11.58
session_393edaff1ee2,user_014,hr,2026-06-15 09:03:05,2026-06-15 14:30:05,22,6,0,22,1,1,3,3,0,22.659,13.558,0,0,327.0,9.05,0,0,0,0.0,1.0299545454545451,normal,0.0471,0.5891,0.8094,0.0,0.0,0.0,0.0,0.1669,0.0,0.1792,2,0.1333,hybrid,8.57,16.18,16.18,16.18,20.0,0.0,12.71
session_43f8a17374cc,user_028,developer,2026-06-15 09:06:24,2026-06-15 15:54:24,24,6,0,24,1,1,5,0,0,0.0,0.0,0,0,408.0,9.1,0,0,0,0.0,0.0,normal,0.1489,1.5492,1.0492,0.0,0.0,0.0,0.0,0.0,0.0,0.3053,2,0.1333,hybrid,14.16,18.3,18.3,18.3,0.0,0.0,13.9
session_c8191115436e,user_075,developer,2026-06-15 09:06:29,2026-06-15 14:35:29,25,6,0,25,1,1,5,0,0,0.0,0.0,0,0,329.0,9.1,0,0,0,0.0,0.0,normal,0.142,0.6348,1.0792,0.0,0.0,0.0,0.0,0.0,0.0,0.2062,2,0.1333,hybrid,9.8,11.89,11.89,11.89,0.0,0.0,9.27
session_cc7ce7e99a73,user_051,analyst,2026-06-15 09:07:54,2026-06-15 15:30:54,24,10,0,24,1,1,4,1,0,10.939,10.939,0,0,383.0,9.116666666666667,0,0,0,0.0,0.4557916666666666,normal,0.0913,1.0377,0.9743,0.0,0.0,0.0,0.0,0.8943,0.0,0.3331,2,0.1333,hybrid,15.34,16.98,16.98,16.98,0.0,76.71,17.61
session_88664157f7b6,user_038,developer,2026-06-15 09:09:34,2026-06-15 12:39:34,14,2,0,14,1,1,5,0,0,0.0,0.0,0,0,210.0,9.15,0,0,0,0.0,0.0,normal,0.071,0.5546,0.5246,0.0,0.0,0.0,0.0,0.0,0.0,0.1278,2,0.1333,hybrid,6.19,9.33,9.33,9.33,0.0,0.0,6.67
session_383e95889125,user_009,developer,2026-06-15 09:10:37,2026-06-15 16:02:37,21,3,0,21,1,1,5,0,0,0.0,0.0,0,0,412.0,9.166666666666666,0,0,0,0.0,0.0,normal,0.0365,1.5023,0.5396,0.0,0.0,0.0,0.0,0.0,0.0,0.2309,2,0.1333,hybrid,10.9,11.11,11.11,11.11,0.0,5.87,9.66
session_fec96e2f2132,user_008,developer,2026-06-15 09:18:28,2026-06-15 16:10:28,24,7,0,24,1,1,5,0,0,0.0,0.0,0,0,412.0,9.3,0,0,0,0.0,0.0,normal,0.1169,1.4639,0.9743,0.0,0.0,0.0,0.0,0.0,0.0,0.2839,1,0.0667,hybrid,13.23,15.22,15.22,15.22,0.0,0.0,12.14
session_3d840057d799,user_024,hr,2026-06-15 09:21:08,2026-06-15 14:19:08,18,3,0,18,1,1,3,5,0,150.704,52.088,0,0,298.0,9.35,0,0,0,0.0,8.372444444444445,normal,0.2569,0.3202,0.2248,0.0,0.0,0.0,0.0,5.1555,0.0,0.6619,2,0.1333,hybrid,28.18,25.5,25.5,25.5,0.0,38.43,24.67
session_bb69c7867a45,user_041,finance,2026-06-15 09:23:06,2026-06-15 12:44:06,13,4,0,13,1,1,3,1,3,98.283,33.474,0,0,201.0,9.383333333333333,0,0,0,0.0,7.5602307692307695,normal,0.554,0.1431,0.1686,0.0,0.0,0.0,0.0,1.1227,0.0,0.2209,4,0.2667,hybrid,10.46,16.84,19.37,19.37,0.0,0.0,12.39
session_653a8118aae4,user_068,developer,2026-06-15 09:26:18,2026-06-15 14:49:18,23,6,0,23,1,1,5,0,0,0.0,0.0,0,0,323.0,9.433333333333334,0,0,0,0.0,0.0,normal,0.2552,0.5572,0.8431,0.0,0.0,0.0,0.0,0.0,0.0,0.1839,2,0.1333,hybrid,8.78,7.52,7.52,7.52,0.0,43.92,9.09
session_a75087ef17a4,user_030,hr,2026-06-15 09:26:24,2026-06-15 14:51:24,22,6,0,22,1,1,3,5,0,93.41,28.93,0,0,325.0,9.433333333333334,0,0,0,0.0,4.245909090909091,normal,0.3137,0.5651,0.6745,0.0,0.0,0.0,0.0,2.6058,0.0,0.4621,3,0.2,hybrid,20.63,20.68,20.6,20.6,0.0,2.3,17.65
session_981ec5544e40,user_065,hr,2026-06-15 09:27:41,2026-06-15 14:49:41,25,10,0,25,1,1,3,4,0,31.507,10.076,0,0,322.0,9.45,0,0,0,0.0,1.2602799999999998,normal,0.2732,0.5139,1.0792,0.0,0.0,0.0,0.0,0.0642,0.0,0.2145,4,0.2667,hybrid,10.17,14.24,16.44,16.44,0.0,0.0,11.03
session_eeea12181d5d,user_017,admin,2026-06-15 09:29:31,2026-06-15 12:44:31,12,1,0,12,1,1,3,0,0,0.0,0.0,5,0,195.0,9.483333333333333,0,0,0,0.0,0.0,normal,0.5825,0.2068,0.5246,0.0,0.0,0.0,2.0,0.0,3.3725,0.7429,2,0.1333,hybrid,31.03,19.89,19.89,19.89,0.0,100.0,26.36
session_937a99eb690c,user_012,analyst,2026-06-15 09:31:24,2026-06-15 12:06:24,11,4,0,11,1,1,3,3,0,11.283,4.566,0,0,155.0,9.516666666666667,0,0,0,0.0,1.0257272727272726,normal,0.3219,1.14,1.1804,0.0,0.0,0.0,1.0,0.7295,0.0,0.4858,3,0.2,hybrid,21.57,21.31,19.71,19.71,0.0,48.25,20.23
session_cb5f447a58c7,user_023,developer,2026-06-15 09:33:44,2026-06-15 14:53:44,21,1,0,21,1,1,5,0,0,0.0,0.0,0,0,320.0,9.55,0,0,0,0.0,0.0,normal,0.3646,0.5268,0.5059,0.0,0.0,0.0,0.0,0.0,0.0,0.1553,3,0.2,hybrid,7.47,11.34,11.31,11.31,0.0,1.07,8.14
session_adb06b93f74e,user_004,developer,2026-06-15 09:34:48,2026-06-15 15:29:48,24,3,0,24,1,1,5,0,0,0.0,0.0,0,0,355.0,9.566666666666666,0,0,0,0.0,0.0,normal,0.3854,0.8729,1.0117,0.0,0.0,0.0,0.0,0.0,0.0,0.2522,2,0.1333,hybrid,11.85,11.39,11.39,11.39,0.0,0.0,9.87
session_dbe4b9574ec8,user_027,developer,2026-06-15 09:36:59,2026-06-15 12:46:59,11,2,0,11,1,1,5,0,0,0.0,0.0,0,0,190.0,9.6,0,0,0,0.0,0.0,normal,0.4203,0.766,1.1804,0.0,0.0,0.0,0.0,0.0,0.0,0.263,2,0.1333,hybrid,12.32,11.93,11.93,11.93,0.0,0.0,10.3
session_8b724546188b,user_015,finance,2026-06-15 09:37:47,2026-06-15 15:02:47,21,5,0,21,1,1,3,2,6,32.093,6.782,0,0,325.0,9.616666666666667,0,0,0,0.0,1.5282380952380954,normal,0.8584,1.1804,1.1804,0.0,0.0,0.0,0.0,0.4969,0.0,0.4129,3,0.2,hybrid,18.65,19.36,19.41,19.41,0.0,0.0,16.19
session_bb2a5d35d0e8,user_026,analyst,2026-06-15 09:38:19,2026-06-15 12:31:19,13,7,0,13,1,1,4,1,0,8.938,8.938,0,0,173.0,9.633333333333333,0,0,0,0.0,0.6875384615384615,normal,0.3554,0.9115,0.6745,0.0,0.0,0.0,0.0,0.7518,0.0,0.2992,3,0.2,hybrid,13.89,11.42,12.87,12.87,0.0,0.0,11.06
session_d823a962852a,user_061,analyst,2026-06-15 09:39:21,2026-06-15 11:51:21,10,4,0,10,1,1,4,1,0,5.144,5.144,0,0,132.0,9.65,0,0,0,0.0,0.5144,normal,0.3028,1.2501,0.9443,0.0,0.0,0.0,0.0,0.8682,0.0,0.3739,1,0.0667,hybrid,17.05,18.96,18.96,18.96,0.0,0.0,15.35
session_cd1ff81d7cf0,user_059,analyst,2026-06-15 09:39:33,2026-06-15 12:40:33,12,7,0,12,1,1,4,0,0,0.0,0.0,0,0,181.0,9.65,0,0,0,0.0,0.0,normal,0.252,0.6622,0.6745,0.0,0.0,0.0,0.0,1.0425,0.0,0.2924,3,0.2,hybrid,13.6,11.83,13.22,13.22,0.0,0.0,11.11
session_e7295730a16a,user_031,developer,2026-06-15 09:40:52,2026-06-15 12:15:52,11,5,0,11,1,1,4,0,0,0.0,0.0,0,0,155.0,9.666666666666666,0,0,0,0.0,0.0,normal,0.4959,1.0792,1.1804,0.0,0.0,0.0,1.0,0.0,0.0,0.4173,3,0.2,hybrid,18.83,15.89,15.98,15.98,0.0,0.0,14.71
session_8e9a8b9abe34,user_046,hr,2026-06-15 09:42:25,2026-06-15 15:57:25,25,12,0,25,1,1,3,5,0,38.283,11.835,0,0,375.0,9.7,0,0,0,0.0,1.53132,normal,0.4615,1.007,1.0792,0.0,0.0,0.0,0.0,0.2415,0.0,0.3099,1,0.0667,hybrid,14.35,16.26,16.26,16.26,0.0,0.0,13.06
session_18ceae43f584,user_021,finance,2026-06-15 09:43:14,2026-06-15 15:38:14,22,6,0,22,1,1,3,1,4,26.655,6.726,0,0,355.0,9.716666666666669,0,0,0,0.0,1.2115909090909092,normal,0.8486,1.4307,1.349,0.0,0.0,0.0,0.0,0.6295,0.0,0.4731,2,0.1333,hybrid,21.07,13.06,13.06,13.06,0.0,100.0,19.3
session_0103d53977ac,user_058,hr,2026-06-15 09:47:14,2026-06-15 13:21:14,14,5,0,14,1,1,3,5,0,63.294,15.685,0,0,214.0,9.783333333333331,0,0,0,0.0,4.521,normal,0.5544,0.5349,0.4047,0.0,0.0,0.0,0.0,1.1435,0.0,0.2931,2,0.1333,hybrid,13.63,12.93,12.93,12.93,0.0,68.16,14.68
session_faccf20b5820,user_033,developer,2026-06-15 09:51:40,2026-06-15 14:22:40,16,3,0,16,1,1,5,0,0,0.0,0.0,0,0,271.0,9.85,0,0,0,0.0,0.0,normal,0.7047,0.0437,0.3372,0.0,0.0,0.0,0.0,0.0,0.0,0.1206,2,0.1333,hybrid,5.85,13.11,13.11,13.11,0.0,0.0,8.24
session_9cd351d634f6,user_052,finance,2026-06-15 09:56:08,2026-06-15 14:23:08,18,4,0,18,1,1,3,1,6,51.595,13.492,0,0,267.0,9.933333333333334,0,0,0,0.0,2.866388888888889,normal,1.075,0.4625,0.6745,0.0,0.0,0.0,0.0,0.0419,0.0,0.2504,2,0.1333,hybrid,11.77,12.9,12.9,12.9,0.0,2.99,10.66
session_1bdc3823e2c3,user_055,analyst,2026-06-15 10:04:30,2026-06-15 14:10:30,16,4,0,16,1,1,4,8,0,146.859,37.091,0,0,246.0,10.066666666666666,0,0,0,0.0,9.1786875,normal,0.5425,0.059,0.1349,0.0,0.0,0.0,0.0,4.2959,0.0,0.5591,3,0.2,hybrid,24.39,23.05,22.33,22.33,0.0,21.45,21.02
session_43d608c74dbe,user_072,hr,2026-06-15 10:06:10,2026-06-15 14:22:10,19,6,0,19,1,1,3,6,0,94.462,20.02,0,0,256.0,10.1,0,0,0,0.0,4.971684210526316,normal,0.8993,0.1235,0.2698,0.0,0.0,0.0,0.0,2.3101,0.0,0.4003,4,0.2667,hybrid,18.14,18.55,19.32,19.32,0.0,0.0,15.79
session_0644e9a59bf4,user_047,developer,2026-06-15 10:09:15,2026-06-15 16:10:15,24,7,0,24,1,1,5,0,0,0.0,0.0,0,0,361.0,10.15,0,0,0,0.0,0.0,normal,1.0316,0.9057,1.0117,0.0,0.0,0.0,0.0,0.0,0.0,0.3277,2,0.1333,hybrid,15.11,14.96,14.96,14.96,0.0,25.22,14.04
session_7dc528267db4,user_054,developer,2026-06-15 10:12:19,2026-06-15 12:28:19,9,4,0,9,1,1,4,0,0,0.0,0.0,0,0,136.0,10.2,0,0,0,0.0,0.0,normal,1.0973,1.2635,1.5176,0.0,0.0,0.0,1.0,0.0,0.0,0.542,2,0.1333,hybrid,23.74,19.0,19.0,19.0,0.0,11.04,18.6
session_3a9e83a41172,user_036,developer,2026-06-15 10:13:11,2026-06-15 14:54:11,21,8,0,21,1,1,5,0,0,0.0,0.0,0,0,281.0,10.216666666666669,0,0,0,0.0,0.0,normal,1.1242,0.1349,0.5059,0.0,0.0,0.0,0.0,0.0,0.0,0.1961,3,0.2,hybrid,9.34,10.05,11.81,11.81,0.0,0.0,8.7
session_4fe546442759,user_056,hr,2026-06-15 10:15:29,2026-06-15 13:56:29,14,1,0,14,1,1,3,3,0,73.049,35.988,0,0,221.0,10.25,0,0,0,0.0,5.217785714285715,normal,1.0533,0.4336,0.4047,0.0,0.0,0.0,0.0,1.4844,0.0,0.3751,3,0.2,hybrid,17.1,17.56,20.58,20.58,20.0,0.0,17.5
session_f66dcd93eb52,user_062,hr,2026-06-15 10:16:42,2026-06-15 15:09:42,17,3,0,17,1,1,3,5,0,97.1,26.623,0,0,293.0,10.266666666666667,0,0,0,0.0,5.711764705882352,normal,1.0573,0.281,0.0,0.0,0.0,0.0,0.0,2.3258,0.0,0.4071,2,0.1333,hybrid,18.42,17.43,17.43,17.43,0.0,29.19,16.67
session_351bd9001afc,user_048,developer,2026-06-15 10:17:28,2026-06-15 13:14:28,12,3,0,12,1,1,5,0,0,0.0,0.0,0,0,177.0,10.283333333333331,0,0,0,0.0,0.0,normal,1.2059,0.874,1.0117,0.0,0.0,0.0,0.0,0.0,0.0,0.3435,2,0.1333,hybrid,15.78,18.57,18.57,18.57,0.0,0.0,14.67
session_c0aa39903567,user_025,hr,2026-06-15 10:17:52,2026-06-15 14:26:52,15,10,0,15,1,1,3,3,0,5.354,2.165,0,0,249.0,10.283333333333331,0,0,0,0.0,0.3569333333333333,normal,0.9576,0.1674,0.2998,0.0,0.0,0.0,0.0,0.9704,0.0,0.2661,3,0.2,hybrid,12.46,14.64,16.08,16.08,0.0,0.0,11.93
session_406ced9791c4,user_071,analyst,2026-06-15 10:19:43,2026-06-15 15:34:43,18,5,0,18,1,1,4,3,0,90.324,42.449,0,0,315.0,10.316666666666666,0,0,0,0.0,5.018,normal,0.7026,0.5664,0.1349,0.0,0.0,0.0,0.0,2.0635,0.0,0.3853,2,0.1333,hybrid,17.52,25.17,25.17,25.17,0.0,0.0,18.34
session_fe30b964970a,user_010,finance,2026-06-15 10:21:59,2026-06-15 15:47:59,21,5,0,21,1,1,3,3,2,44.823,13.478,0,0,326.0,10.35,0,0,0,0.0,2.134428571428572,normal,1.5329,0.9517,1.0117,0.0,0.0,0.0,0.0,0.1753,0.0,0.408,4,0.2667,hybrid,18.45,13.25,13.42,13.42,0.0,0.0,13.39
session_3dc6fbd3a7bf,user_066,developer,2026-06-15 10:32:33,2026-06-15 17:06:33,24,3,0,24,1,1,5,0,0,0.0,0.0,0,0,394.0,10.533333333333331,0,0,0,0.0,0.0,normal,1.5125,1.2237,1.0117,0.0,0.0,0.0,0.0,0.0,0.0,0.4164,2,0.1333,hybrid,18.8,15.06,15.06,15.06,0.0,53.23,16.96
session_9516fc8a667f,user_005,hr,2026-06-15 10:35:29,2026-06-15 14:08:29,13,4,0,13,1,1,3,5,0,12.945,3.534,0,0,213.0,10.583333333333334,0,0,0,0.0,0.9957692307692309,normal,1.2174,0.5188,0.6745,0.0,0.0,0.0,0.0,0.6537,0.0,0.3405,3,0.2,hybrid,15.65,18.81,18.86,18.86,0.0,0.0,14.74
session_f275dc528985,user_076,analyst,2026-06-15 10:40:29,2026-06-15 13:33:29,11,4,0,11,1,1,4,1,0,3.191,3.191,0,0,173.0,10.666666666666666,0,0,0,0.0,0.290090909090909,normal,0.9902,0.71,0.8094,0.0,0.0,0.0,0.0,0.8889,0.0,0.3776,3,0.2,hybrid,17.2,19.61,20.58,20.58,0.0,0.0,15.95
session_a5fb696f83de,user_053,hr,2026-06-15 10:50:50,2026-06-15 16:55:50,22,9,0,22,1,1,3,6,0,27.122,5.908,0,0,365.0,10.833333333333334,0,0,0,0.0,1.2328181818181818,normal,1.3887,1.0761,0.8431,0.0,0.0,0.0,0.0,0.1778,0.0,0.3873,4,0.2667,hybrid,17.61,18.88,19.44,19.44,0.0,0.0,15.68
session_bc51059486b2,user_003,developer,2026-06-15 10:53:09,2026-06-15 13:47:09,13,2,0,13,1,1,5,0,0,0.0,0.0,0,0,174.0,10.883333333333333,0,0,0,0.0,0.0,normal,1.8825,0.89,0.7494,0.0,0.0,0.0,0.0,0.0,0.0,0.3913,3,0.2,hybrid,17.77,17.09,16.26,16.26,0.0,25.09,15.85
session_c829b72220b2,user_079,developer,2026-06-15 11:16:45,2026-06-15 17:20:45,22,4,0,22,1,1,4,0,0,0.0,0.0,0,0,364.0,11.266666666666667,0,0,0,0.0,0.0,normal,2.2162,0.9215,0.5396,0.0,0.0,0.0,1.0,0.0,0.0,0.5197,3,0.2,hybrid,22.88,19.5,18.45,18.45,0.0,31.62,19.25
session_86f4a8943ba9,user_060,developer,2026-06-15 11:55:35,2026-06-15 16:32:35,19,6,0,19,1,1,5,0,0,0.0,0.0,0,0,277.0,11.916666666666666,0,0,0,0.0,0.0,normal,2.9717,0.0744,0.1499,0.0,0.0,0.0,0.0,0.0,0.0,0.3551,2,0.1333,hybrid,16.27,17.26,17.26,17.26,0.0,0.0,14.27
session_3db75871c512,user_080,hr,2026-06-16 00:07:19,2026-06-16 00:17:19,6,1,0,6,1,1,6,0,0,0.0,0.0,1,1,10.0,0.1166666666666666,1,0,1,0.0,0.0,lateral_movement,8.737,2.6253,1.8548,0.0,0.0,0.0,3.0,1.1263,1.0,2.0382,4,0.2667,hybrid,63.91,36.86,29.22,29.22,20.0,85.34,46.51
session_d8078b4cec6e,user_007,developer,2026-06-16 07:42:51,2026-06-16 13:48:51,25,5,0,25,1,1,5,0,0,0.0,0.0,0,0,366.0,7.7,1,0,0,0.0,0.0,normal,1.9849,0.8659,1.1804,0.0,0.0,0.0,0.0,0.0,0.0,0.4479,3,0.2,hybrid,20.06,16.72,15.21,15.21,0.0,45.11,17.43
session_12e1ce48a594,user_040,finance,2026-06-16 07:52:11,2026-06-16 11:56:11,19,5,0,19,1,1,3,3,3,90.691,17.515,0,0,244.0,7.866666666666667,1,0,0,0.0,4.77321052631579,normal,1.5534,0.1848,0.6745,0.0,0.0,0.0,0.0,1.1053,0.0,0.3909,4,0.2667,hybrid,17.75,24.73,22.68,22.68,20.0,52.48,22.34
session_93249b9198c5,user_018,developer,2026-06-16 08:06:39,2026-06-16 12:18:39,13,1,0,13,1,1,4,0,0,0.0,0.0,0,0,252.0,8.1,1,0,0,0.0,0.0,normal,1.463,0.1754,0.7494,0.0,0.0,0.0,1.0,0.0,0.0,0.3764,3,0.2,hybrid,17.16,15.36,17.3,17.3,0.0,0.0,14.26
session_7b20449ae276,user_045,admin,2026-06-16 08:07:08,2026-06-16 11:18:08,15,1,0,15,1,1,5,0,0,0.0,0.0,2,0,191.0,8.116666666666667,1,0,0,0.0,0.0,normal,1.2014,0.2453,0.0,0.0,0.0,0.0,0.0,0.0,0.6745,0.2357,4,0.2667,hybrid,11.12,13.87,16.84,16.84,20.0,0.0,13.43
session_fb44cc24a003,user_021,finance,2026-06-16 08:13:53,2026-06-16 15:43:53,25,5,0,25,1,1,3,3,13,85.372,11.751,0,0,450.0,8.216666666666667,1,0,0,0.0,3.41488,normal,1.0833,2.1375,1.6862,0.0,0.0,0.0,0.0,0.8745,0.0,0.6424,3,0.2,hybrid,27.47,22.02,18.82,18.82,0.0,95.92,24.89
session_2d2989e60be1,user_006,analyst,2026-06-16 08:16:21,2026-06-16 12:18:21,14,3,0,14,1,1,4,7,0,97.237,25.703,0,0,242.0,8.266666666666667,1,0,0,0.0,6.9455,normal,1.1637,0.0661,0.4047,0.0,0.0,0.0,0.0,2.2419,0.0,0.4307,4,0.2667,hybrid,19.37,20.38,17.87,17.87,0.0,49.34,18.76
session_1669f28d4ae7,user_025,hr,2026-06-16 08:18:30,2026-06-16 11:43:30,13,6,0,13,1,1,3,4,0,5.542,2.451,0,0,205.0,8.3,1,0,0,0.0,0.4263076923076923,normal,1.0353,0.6019,0.6745,0.0,0.0,0.0,0.0,0.9329,0.0,0.3605,4,0.2667,hybrid,16.49,14.58,16.22,16.22,0.0,0.0,13.57
session_d5034b8e8313,user_015,finance,2026-06-16 08:18:37,2026-06-16 13:28:37,19,7,0,19,1,1,3,3,4,23.681,5.188,0,0,310.0,8.3,1,0,0,0.0,1.2463684210526316,normal,0.8806,0.6882,0.6745,0.0,0.0,0.0,0.0,0.7018,0.0,0.3272,4,0.2667,hybrid,15.09,17.21,17.97,17.97,0.0,0.0,13.97
session_e477771cf485,user_022,developer,2026-06-16 08:19:42,2026-06-16 13:41:42,20,7,0,20,1,1,5,0,0,0.0,0.0,0,0,322.0,8.316666666666666,1,0,0,0.0,0.0,normal,0.8097,0.9611,1.304,0.0,0.0,0.0,0.0,0.0,0.0,0.3416,5,0.3333,hybrid,15.7,11.33,12.53,12.53,0.0,8.17,12.09
session_1a564c6a121a,user_057,developer,2026-06-16 08:22:09,2026-06-16 13:01:09,21,5,0,21,1,1,5,0,0,0.0,0.0,0,0,279.0,8.366666666666667,1,0,0,0.0,0.0,normal,1.0206,0.0679,0.4497,0.0,0.0,0.0,0.0,0.0,0.0,0.1709,3,0.2,hybrid,8.19,11.07,11.59,11.59,0.0,0.0,8.39
session_9a88e9035e53,user_050,developer,2026-06-16 08:25:59,2026-06-16 10:44:59,11,3,0,11,1,1,4,0,0,0.0,0.0,0,0,139.0,8.416666666666666,1,0,0,0.0,0.0,normal,0.9407,1.1961,1.1804,0.0,0.0,0.0,1.0,0.0,0.0,0.4797,4,0.2667,hybrid,21.33,19.65,16.86,16.86,0.0,50.44,19.2
session_f390b8a1e459,user_069,hr,2026-06-16 08:26:38,2026-06-16 13:38:38,23,9,0,23,1,1,3,5,0,70.495,19.753,0,0,312.0,8.433333333333334,1,0,0,0.0,3.0650000000000004,normal,0.8469,0.5303,1.0117,0.0,0.0,0.0,0.0,1.3169,0.0,0.4118,3,0.2,hybrid,18.61,20.1,17.91,17.91,0.0,65.6,19.22
session_7d0935d92c12,user_038,developer,2026-06-16 08:29:36,2026-06-16 15:28:36,23,8,0,23,1,1,5,0,0,0.0,0.0,0,0,419.0,8.483333333333333,1,0,0,0.0,0.0,normal,0.8474,1.3354,0.7494,0.0,0.0,0.0,0.0,0.0,0.0,0.3258,3,0.2,hybrid,15.03,10.74,11.61,11.61,0.0,0.0,11.06
session_7b3a24e03f1b,user_041,finance,2026-06-16 08:32:49,2026-06-16 11:49:49,16,7,0,16,1,1,3,3,1,73.676,26.62,0,0,197.0,8.533333333333333,1,0,0,0.0,4.60475,normal,1.8899,0.3498,0.4497,0.0,0.0,0.0,0.0,1.1947,0.0,0.4316,5,0.3333,hybrid,19.41,16.57,19.38,19.38,0.0,0.0,15.92
session_84d3bde83b08,user_037,developer,2026-06-16 08:33:03,2026-06-16 10:36:03,10,3,0,10,1,1,3,0,0,0.0,0.0,0,0,123.0,8.55,1,0,0,0.0,0.0,normal,0.7588,1.34,1.0792,0.0,0.0,0.0,2.0,0.0,0.0,0.5753,2,0.1333,hybrid,25.0,21.92,21.92,21.92,0.0,60.39,22.88
session_1139afa913c7,user_029,admin,2026-06-16 08:36:10,2026-06-16 14:12:10,21,6,0,21,1,1,5,0,0,0.0,0.0,4,0,336.0,8.6,1,0,0,0.0,0.0,normal,0.5008,1.4098,1.1563,0.0,0.0,0.0,0.0,0.0,2.0235,0.5656,2,0.1333,hybrid,24.63,20.42,20.42,20.42,0.0,100.0,24.04
session_5d27d5a1b3b6,user_011,analyst,2026-06-16 08:37:22,2026-06-16 15:13:22,22,4,0,22,1,1,4,7,0,87.43299999999999,25.123,0,0,396.0,8.616666666666667,1,0,0,0.0,3.974227272727272,normal,0.7588,1.3859,0.6745,0.0,0.0,0.0,0.0,1.7764,0.0,0.5106,2,0.1333,hybrid,22.53,16.01,16.01,16.01,0.0,100.0,21.22
session_ed1123deeeae,user_031,developer,2026-06-16 08:41:45,2026-06-16 14:36:45,20,7,0,20,1,1,5,0,0,0.0,0.0,0,0,355.0,8.683333333333334,1,0,0,0.0,0.0,normal,0.6005,0.7509,0.2698,0.0,0.0,0.0,0.0,0.0,0.0,0.1801,4,0.2667,hybrid,8.61,12.57,13.52,13.52,0.0,0.0,9.34
session_ea998cea1053,user_001,finance,2026-06-16 08:43:02,2026-06-16 12:36:02,15,6,0,15,1,1,3,1,1,25.593,15.128,0,0,233.0,8.716666666666667,1,0,0,0.0,1.7062,normal,0.3329,0.0137,0.0,0.0,0.0,0.0,0.0,0.6544,0.0,0.1112,3,0.2,hybrid,5.41,17.85,19.19,19.19,20.0,0.0,12.53
session_5cd132052549,user_039,developer,2026-06-16 08:50:28,2026-06-16 13:46:28,18,5,0,18,1,1,5,0,0,0.0,0.0,0,0,296.0,8.833333333333334,1,0,0,0.0,0.0,normal,0.4442,0.213,0.0,0.0,0.0,0.0,0.0,0.0,0.0,0.073,4,0.2667,hybrid,3.58,7.96,9.71,9.71,0.0,0.0,5.45
session_beb433e4cc66,user_016,developer,2026-06-16 08:52:33,2026-06-16 12:37:33,17,5,0,17,1,1,5,0,0,0.0,0.0,0,0,225.0,8.866666666666667,1,0,0,0.0,0.0,normal,0.3997,0.4216,0.1499,0.0,0.0,0.0,0.0,0.0,0.0,0.1079,3,0.2,hybrid,5.25,8.18,9.43,9.43,0.0,0.0,6.09
session_4a676b01d2a3,user_044,developer,2026-06-16 08:53:39,2026-06-16 12:50:39,16,1,0,16,1,1,5,0,0,0.0,0.0,0,0,237.0,8.883333333333333,1,0,0,0.0,0.0,normal,0.3139,2.4394,1.349,0.0,0.0,0.0,0.0,0.0,0.0,0.4558,5,0.3333,hybrid,20.38,18.69,16.26,16.26,0.0,11.58,16.53
session_2cf00d4e72c2,user_032,hr,2026-06-16 08:57:31,2026-06-16 14:43:31,21,5,0,21,1,1,3,5,0,22.978,5.791,0,0,346.0,8.95,1,0,0,0.0,1.0941904761904762,normal,0.3597,0.8747,0.6745,0.0,0.0,0.0,0.0,0.3109,0.0,0.2466,4,0.2667,hybrid,11.6,11.49,11.54,11.54,0.0,16.82,10.66
session_982fcbe56589,user_068,developer,2026-06-16 08:58:21,2026-06-16 15:15:21,24,7,0,24,1,1,5,0,0,0.0,0.0,0,0,377.0,8.966666666666667,1,0,0,0.0,0.0,normal,0.2891,0.9552,1.0117,0.0,0.0,0.0,0.0,0.0,0.0,0.2507,3,0.2,hybrid,11.78,10.38,9.22,9.22,0.0,34.74,10.83
session_06c341543a79,user_013,hr,2026-06-16 08:59:44,2026-06-16 13:39:44,17,3,0,17,1,1,3,2,0,5.848,3.137,0,0,280.0,8.983333333333333,1,0,0,0.0,0.344,normal,0.3143,0.1399,0.0,0.0,0.0,0.0,0.0,0.8883,0.0,0.1492,3,0.2,hybrid,7.19,10.04,9.15,9.15,0.0,26.92,8.52
session_17551886ec51,user_053,hr,2026-06-16 09:01:20,2026-06-16 14:26:20,20,4,0,20,1,1,3,6,0,23.406,6.417,0,0,325.0,9.016666666666667,1,0,0,0.0,1.1703,normal,2.0888,0.63,0.7869,0.0,0.0,0.0,0.0,0.3157,0.0,0.4246,5,0.3333,hybrid,19.13,18.91,19.35,19.35,0.0,0.0,16.27
session_ec6e1b8568b5,user_023,developer,2026-06-16 09:02:07,2026-06-16 12:27:07,15,5,0,15,1,1,5,0,0,0.0,0.0,0,0,205.0,9.033333333333331,1,0,0,0.0,0.0,normal,0.213,0.6025,0.5059,0.0,0.0,0.0,0.0,0.0,0.0,0.1468,4,0.2667,hybrid,7.08,8.97,9.9,9.9,0.0,0.0,7.1
session_eb265de14224,user_042,developer,2026-06-16 09:04:39,2026-06-16 12:16:39,13,5,0,13,1,1,5,0,0,0.0,0.0,0,0,192.0,9.066666666666666,1,0,0,0.0,0.0,normal,0.1597,0.7198,0.8431,0.0,0.0,0.0,0.0,0.0,0.0,0.1914,3,0.2,hybrid,9.13,10.51,9.75,9.75,0.0,22.68,9.32
session_1cbde8b4660e,user_077,admin,2026-06-16 09:06:16,2026-06-16 12:52:16,14,6,0,14,1,1,5,0,0,0.0,0.0,1,0,226.0,9.1,1,0,0,0.0,0.0,normal,0.1897,0.1124,0.1686,0.0,0.0,0.0,0.0,0.0,1.349,0.2022,3,0.2,hybrid,9.62,14.23,14.26,14.26,20.0,0.0,12.26
session_5cdf4e18955a,user_024,hr,2026-06-16 09:08:08,2026-06-16 12:25:08,13,2,0,13,1,1,3,2,0,49.882000000000005,33.298,0,0,197.0,9.133333333333333,1,0,0,0.0,3.837076923076924,normal,0.1587,0.7614,0.6745,0.0,0.0,0.0,0.0,0.6666,0.0,0.2512,3,0.2,hybrid,11.8,19.29,20.02,20.02,0.0,0.0,13.59
session_6f119397938f,user_049,analyst,2026-06-16 09:09:17,2026-06-16 15:38:17,23,8,0,23,1,1,4,3,0,13.483999999999998,4.6,0,0,389.0,9.15,1,0,0,0.0,0.5862608695652173,normal,0.2753,1.23,0.8094,0.0,0.0,0.0,0.0,0.5618,0.0,0.3196,3,0.2,hybrid,14.77,15.53,13.92,13.92,0.0,48.57,14.92
session_d7e5b2758aa6,user_009,developer,2026-06-16 09:10:14,2026-06-16 13:54:14,18,5,0,18,1,1,5,0,0,0.0,0.0,0,0,284.0,9.166666666666666,1,0,0,0.0,0.0,normal,0.0355,0.1185,0.0,0.0,0.0,0.0,0.0,0.0,0.0,0.0171,3,0.2,hybrid,0.85,6.08,7.01,7.01,0.0,0.0,3.31
session_eb1bba8b3d03,user_043,hr,2026-06-16 09:11:38,2026-06-16 12:53:38,14,9,0,14,1,1,3,2,0,26.19,17.393,0,0,222.0,9.183333333333334,1,0,0,0.0,1.8707142857142856,normal,0.1124,0.4803,0.5059,0.0,0.0,0.0,0.0,0.1826,0.0,0.1424,3,0.2,hybrid,6.87,15.78,16.91,16.91,0.0,0.0,10.13
session_e60f0f8f03cd,user_073,hr,2026-06-16 09:11:39,2026-06-16 14:13:39,17,1,0,17,1,1,3,2,0,14.41,7.51,0,0,302.0,9.183333333333334,1,0,0,0.0,0.8476470588235294,normal,0.1038,0.3794,0.0,0.0,0.0,0.0,0.0,0.4891,0.0,0.108,3,0.2,hybrid,5.26,12.38,11.9,11.9,0.0,14.44,8.28
session_2a7b1ad78006,user_063,finance,2026-06-16 09:11:53,2026-06-16 16:30:53,24,5,0,24,1,1,3,6,5,82.214,12.869,0,0,439.0,9.183333333333334,1,0,0,0.0,3.425583333333333,normal,0.1952,1.9034,1.5176,0.0,0.0,0.0,0.0,0.7927,0.0,0.4899,3,0.2,hybrid,21.73,15.8,15.03,15.03,0.0,23.26,16.77
session_a3439fe44af3,user_008,developer,2026-06-16 09:13:15,2026-06-16 16:45:15,25,6,0,25,1,1,5,0,0,0.0,0.0,0,0,452.0,9.216666666666669,1,0,0,0.0,0.0,normal,0.027,1.6342,1.1804,0.0,0.0,0.0,0.0,0.0,0.0,0.3157,2,0.1333,hybrid,14.6,14.91,14.91,14.91,0.0,0.0,12.55
session_79dcb439c24b,user_020,finance,2026-06-16 09:13:37,2026-06-16 13:24:37,15,2,0,15,1,1,3,4,1,85.138,20.26,0,0,251.0,9.216666666666669,1,0,0,0.0,5.675866666666667,normal,0.2061,0.1187,0.0,0.0,0.0,0.0,0.0,0.8217,0.0,0.1274,3,0.2,hybrid,6.17,14.79,16.62,16.62,0.0,0.0,9.58
session_10e42c53a47e,user_027,developer,2026-06-16 09:16:20,2026-06-16 15:53:20,24,3,0,24,1,1,5,0,0,0.0,0.0,0,0,397.0,9.266666666666667,1,0,0,0.0,0.0,normal,0.0729,1.1242,1.0117,0.0,0.0,0.0,0.0,0.0,0.0,0.2454,3,0.2,hybrid,11.55,11.16,11.77,11.77,0.0,0.0,9.79
session_60d330a8e31f,user_066,developer,2026-06-16 09:16:44,2026-06-16 12:33:44,15,4,0,15,1,1,5,0,0,0.0,0.0,0,0,197.0,9.266666666666667,1,0,0,0.0,0.0,normal,0.063,0.6701,0.4497,0.0,0.0,0.0,0.0,0.0,0.0,0.1314,3,0.2,hybrid,6.36,11.6,11.58,11.58,0.0,0.52,7.78
session_435092da829f,user_035,admin,2026-06-16 09:17:32,2026-06-16 14:59:32,19,4,0,19,1,1,5,0,0,0.0,0.0,3,0,342.0,9.283333333333331,1,0,0,0.0,0.0,normal,0.3649,1.2483,0.7708,0.0,0.0,0.0,0.0,0.0,0.6745,0.3398,4,0.2667,hybrid,15.63,13.35,11.92,11.92,0.0,30.79,13.44
session_17b8439a2503,user_057,developer,2026-06-16 09:19:03,2026-06-16 10:49:03,7,0,0,7,1,1,1,3,0,111.123,28.857,0,0,90.0,9.316666666666666,1,0,0,0.0,15.874714285714289,normal,0.1065,1.6368,1.8548,0.0,0.0,0.0,4.0,111.123,0.0,1.9553,4,0.2667,hybrid,62.38,35.55,28.52,28.52,20.0,92.24,45.8
session_384759c650c4,user_058,hr,2026-06-16 09:19:26,2026-06-16 12:03:26,11,6,0,11,1,1,3,2,0,21.35,10.955,0,0,164.0,9.316666666666666,1,0,0,0.0,1.9409090909090911,normal,0.0532,1.1066,1.0117,0.0,0.0,0.0,0.0,0.1899,0.0,0.2624,3,0.2,hybrid,12.3,13.75,12.67,12.67,0.0,32.19,12.45
session_0f8e74275dbc,user_067,analyst,2026-06-16 09:21:58,2026-06-16 11:34:58,10,5,0,10,1,1,3,4,0,40.792,18.081,0,0,133.0,9.35,1,0,0,0.0,4.0792,normal,0.0809,1.0117,0.9443,0.0,0.0,0.0,1.0,0.3052,0.0,0.3713,3,0.2,hybrid,16.94,20.36,20.31,20.31,0.0,1.42,16.0
session_c9ef32dcede6,user_002,finance,2026-06-16 09:22:24,2026-06-16 12:05:24,14,1,0,14,1,1,3,4,3,63.877,13.534,0,0,163.0,9.366666666666667,1,0,0,0.0,4.5626428571428574,normal,0.3679,0.7805,0.1686,0.0,0.0,0.0,0.0,0.281,0.0,0.1776,3,0.2,hybrid,8.5,14.86,16.64,16.64,0.0,0.0,10.53
session_0cbc048ed275,user_030,hr,2026-06-16 09:23:46,2026-06-16 15:02:46,20,7,0,20,1,1,3,9,0,119.708,18.261,0,0,339.0,9.383333333333333,1,0,0,0.0,5.9854,normal,0.1109,0.7693,0.5059,0.0,0.0,0.0,0.0,3.3153,0.0,0.5224,4,0.2667,hybrid,22.99,22.74,21.4,21.4,0.0,6.15,19.4
session_7c1a890558c4,user_061,analyst,2026-06-16 09:24:55,2026-06-16 14:40:55,18,6,0,18,1,1,4,2,0,7.761,4.429,0,0,316.0,9.4,1,0,0,0.0,0.4311666666666667,normal,0.0,0.575,0.1349,0.0,0.0,0.0,0.0,0.7563,0.0,0.1629,2,0.1333,hybrid,7.82,13.39,13.39,13.39,0.0,0.0,9.15
session_36c3fa8edddf,user_012,analyst,2026-06-16 09:25:01,2026-06-16 16:00:01,23,7,0,23,1,1,4,6,0,33.46,8.487,0,0,395.0,9.416666666666666,1,0,0,0.0,1.454782608695652,normal,0.0157,1.1972,0.8094,0.0,0.0,0.0,0.0,0.0739,0.0,0.2329,4,0.2667,hybrid,10.99,15.28,16.8,16.8,0.0,11.53,12.23
session_efe81adb06c4,user_005,hr,2026-06-16 09:25:15,2026-06-16 15:11:15,22,5,0,22,1,1,3,7,0,20.802,6.455,0,0,346.0,9.416666666666666,1,0,0,0.0,0.9455454545454546,normal,0.1312,0.7869,0.8431,0.0,0.0,0.0,0.0,0.2079,0.0,0.2188,4,0.2667,hybrid,10.36,14.51,16.02,16.02,0.0,0.0,11.05
session_8bc4edfd011c,user_071,analyst,2026-06-16 09:26:53,2026-06-16 13:10:53,13,1,0,13,1,1,4,6,0,131.261,38.031,0,0,224.0,9.433333333333334,1,0,0,0.0,10.097,normal,0.0233,0.3107,0.5396,0.0,0.0,0.0,0.0,3.1119,0.0,0.4428,3,0.2,hybrid,19.86,21.21,23.05,23.05,0.0,0.0,17.95
session_e3cc1fd66735,user_047,developer,2026-06-16 09:27:49,2026-06-16 14:30:49,21,5,0,21,1,1,5,0,0,0.0,0.0,0,0,303.0,9.45,1,0,0,0.0,0.0,normal,0.2495,0.2833,0.4497,0.0,0.0,0.0,0.0,0.0,0.0,0.1092,3,0.2,hybrid,5.31,10.56,11.1,11.1,0.0,0.0,7.01
session_b26616855e2b,user_080,hr,2026-06-16 09:28:26,2026-06-16 15:13:26,24,7,0,24,1,1,3,6,0,94.132,24.699,0,0,345.0,9.466666666666669,1,0,0,0.0,3.922166666666667,normal,0.19,0.7455,1.1804,0.0,0.0,0.0,0.0,2.4005,0.0,0.5018,4,0.2667,hybrid,22.19,33.91,27.21,27.21,20.0,46.85,26.8
session_3e8f3bb05cb3,user_036,developer,2026-06-16 09:31:51,2026-06-16 14:50:51,22,7,0,22,1,1,5,0,0,0.0,0.0,0,0,319.0,9.516666666666667,1,0,0,0.0,0.0,normal,0.3276,0.4227,0.6745,0.0,0.0,0.0,0.0,0.0,0.0,0.1583,4,0.2667,hybrid,7.61,8.09,10.41,10.41,0.0,0.0,7.26
session_9657e0ef4e5b,user_056,hr,2026-06-16 09:38:52,2026-06-16 13:19:52,13,4,0,13,1,1,3,3,0,93.047,35.509,0,0,221.0,9.633333333333333,1,0,0,0.0,7.157461538461538,normal,0.3854,0.5257,0.6745,0.0,0.0,0.0,0.0,2.1687,0.0,0.4171,4,0.2667,hybrid,18.82,17.52,19.99,19.99,20.0,0.0,18.03
session_02d7f7d4f855,user_065,hr,2026-06-16 09:40:33,2026-06-16 12:06:33,9,2,0,9,1,1,3,3,0,40.616,22.405,0,0,146.0,9.666666666666666,1,0,0,0.0,4.512888888888889,normal,0.6799,1.3693,4.2718,0.0,0.0,0.0,0.0,0.3685,0.0,0.7433,5,0.3333,hybrid,31.04,21.75,20.61,20.61,0.0,0.0,21.92
session_e73e61c57ef2,user_060,developer,2026-06-16 09:45:20,2026-06-16 13:59:20,21,5,0,21,1,1,5,0,0,0.0,0.0,0,0,254.0,9.75,1,0,0,0.0,0.0,normal,0.5963,0.1653,0.5059,0.0,0.0,0.0,0.0,0.0,0.0,0.1408,3,0.2,hybrid,6.8,11.95,13.07,13.07,0.0,0.0,8.38
session_39a890add237,user_055,analyst,2026-06-16 09:45:33,2026-06-16 15:33:33,20,5,0,20,1,1,4,4,0,46.358,18.817,0,0,348.0,9.75,1,0,0,0.0,2.3179000000000003,normal,0.3066,0.801,0.4047,0.0,0.0,0.0,0.0,0.4211,0.0,0.2148,4,0.2667,hybrid,10.18,17.57,18.28,18.28,0.0,0.0,12.16
session_483d772cca01,user_010,finance,2026-06-16 09:46:26,2026-06-16 12:03:26,9,2,0,9,1,1,3,1,2,21.938,7.71,0,0,137.0,9.766666666666667,1,0,0,0.0,2.4375555555555555,normal,0.6339,1.3957,1.349,0.0,0.0,0.0,0.0,1.328,0.0,0.523,5,0.3333,hybrid,23.01,18.3,16.16,16.16,0.0,8.87,17.35
session_950be31ec255,user_078,developer,2026-06-16 09:48:39,2026-06-16 13:38:39,14,2,0,14,1,1,5,0,0,0.0,0.0,0,0,230.0,9.8,1,0,0,0.0,0.0,normal,0.6547,0.3777,0.6745,0.0,0.0,0.0,0.0,0.0,0.0,0.1897,3,0.2,hybrid,9.05,11.7,13.17,13.17,0.0,0.0,9.25
session_35598c76ff9f,user_075,developer,2026-06-16 09:56:50,2026-06-16 15:01:50,22,5,0,22,1,1,5,0,0,0.0,0.0,0,0,305.0,9.933333333333334,1,0,0,0.0,0.0,normal,0.8034,0.3033,0.6745,0.0,0.0,0.0,0.0,0.0,0.0,0.1979,3,0.2,hybrid,9.42,10.4,10.91,10.91,0.0,0.0,8.57
session_d6e18ff2faa1,user_004,developer,2026-06-16 09:59:30,2026-06-16 14:14:30,17,3,0,17,1,1,5,0,0,0.0,0.0,0,0,255.0,9.983333333333333,1,0,0,0.0,0.0,normal,0.8287,0.1529,0.1686,0.0,0.0,0.0,0.0,0.0,0.0,0.1278,3,0.2,hybrid,6.19,8.32,9.31,9.31,0.0,0.0,6.47
session_a713c2f15c2c,user_028,developer,2026-06-16 10:01:34,2026-06-16 13:46:34,16,2,0,16,1,1,4,0,0,0.0,0.0,0,0,225.0,10.016666666666667,1,0,0,0.0,0.0,normal,0.8672,0.4267,0.3372,0.0,0.0,0.0,1.0,0.0,0.0,0.2923,3,0.2,hybrid,13.6,15.36,16.42,16.42,0.0,0.0,12.62
session_b2c6fb90516e,user_048,developer,2026-06-16 10:02:02,2026-06-16 15:37:02,21,3,0,21,1,1,5,0,0,0.0,0.0,0,0,335.0,10.033333333333331,1,0,0,0.0,0.0,normal,0.8865,0.5995,0.5059,0.0,0.0,0.0,0.0,0.0,0.0,0.2213,3,0.2,hybrid,10.47,13.78,15.33,15.33,0.0,0.0,10.78
session_34b6fd521358,user_026,analyst,2026-06-16 10:06:47,2026-06-16 14:51:47,15,2,0,15,1,1,4,1,0,20.446,20.446,0,0,285.0,10.1,1,0,0,0.0,1.3630666666666669,normal,0.6428,0.188,0.2698,0.0,0.0,0.0,0.0,0.3838,0.0,0.1649,4,0.2667,hybrid,7.91,9.62,11.21,11.21,0.0,0.0,7.89
session_2bd1a86a6585,user_051,analyst,2026-06-16 10:10:36,2026-06-16 12:45:36,12,3,0,12,1,1,4,2,0,12.088,8.774,0,0,155.0,10.166666666666666,1,0,0,0.0,1.0073333333333332,normal,0.7238,1.0161,0.6745,0.0,0.0,0.0,0.0,0.6389,0.0,0.3393,3,0.2,hybrid,15.6,17.57,16.43,16.43,0.0,34.22,15.57
session_6dab8617c932,user_054,developer,2026-06-16 10:13:09,2026-06-16 13:36:09,15,3,0,15,1,1,5,0,0,0.0,0.0,0,0,203.0,10.216666666666669,1,0,0,0.0,0.0,normal,1.1046,0.6417,0.5059,0.0,0.0,0.0,0.0,0.0,0.0,0.2502,3,0.2,hybrid,11.76,15.57,16.11,16.11,0.0,0.0,11.84
session_27b23813dfa9,user_074,finance,2026-06-16 10:15:41,2026-06-16 15:04:41,20,5,0,20,1,1,3,5,6,33.628,6.7,0,0,289.0,10.25,1,0,0,0.0,1.6814,normal,1.4103,0.5174,0.8431,0.0,0.0,0.0,0.0,0.4589,0.0,0.3589,3,0.2,hybrid,16.43,19.33,17.87,17.87,0.0,44.0,17.1
session_6f7f26e464cf,user_017,admin,2026-06-16 10:16:55,2026-06-16 16:57:55,23,3,0,23,1,1,5,0,0,0.0,0.0,2,0,401.0,10.266666666666667,1,0,0,0.0,0.0,normal,1.6188,1.6862,1.349,0.0,0.0,0.0,0.0,0.0,0.6745,0.5921,3,0.2,hybrid,25.62,24.59,22.18,22.18,0.0,72.15,24.32
session_b01bf417ad9e,user_033,developer,2026-06-16 10:20:14,2026-06-16 14:26:14,15,2,0,15,1,1,5,0,0,0.0,0.0,0,0,246.0,10.333333333333334,1,0,0,0.0,0.0,normal,1.2141,0.2375,0.5059,0.0,0.0,0.0,0.0,0.0,0.0,0.2175,3,0.2,hybrid,10.3,10.37,11.99,11.99,0.0,0.0,9.19
session_4d7fecb96351,user_003,developer,2026-06-16 10:32:44,2026-06-16 14:52:44,17,3,0,17,1,1,5,0,0,0.0,0.0,0,0,260.0,10.533333333333331,1,0,0,0.0,0.0,normal,1.4357,0.088,0.1686,0.0,0.0,0.0,0.0,0.0,0.0,0.188,4,0.2667,hybrid,8.97,13.37,13.83,13.83,0.0,0.48,9.74
session_8ff879d5b941,user_070,admin,2026-06-16 10:35:51,2026-06-16 14:14:51,16,3,0,16,1,1,5,0,0,0.0,0.0,3,0,219.0,10.583333333333334,1,0,0,0.0,0.0,normal,1.6598,4.5236,0.4015,0.0,0.0,0.0,0.0,0.0,0.4497,0.7816,5,0.3333,hybrid,32.35,24.81,22.65,22.65,0.0,39.93,25.56
session_86ddd65ebcde,user_076,analyst,2026-06-16 10:36:06,2026-06-16 16:35:06,22,4,0,22,1,1,4,7,0,39.153,8.992,0,0,359.0,10.6,1,0,0,0.0,1.779681818181818,normal,1.103,0.793,0.6745,0.0,0.0,0.0,0.0,0.2324,0.0,0.3114,4,0.2667,hybrid,14.42,16.16,18.53,18.53,0.0,0.0,13.63
session_7016cd49273b,user_062,hr,2026-06-16 10:41:23,2026-06-16 16:34:23,22,9,0,22,1,1,3,6,0,84.551,24.95,0,0,353.0,10.683333333333334,1,0,0,0.0,3.843227272727273,normal,1.676,0.8332,0.8431,0.0,0.0,0.0,0.0,1.8908,0.0,0.5826,3,0.2,hybrid,25.27,21.84,20.56,20.56,0.0,38.13,21.52
session_e87d4f579fb7,user_019,developer,2026-06-16 11:06:25,2026-06-16 17:30:25,22,5,0,22,1,1,5,0,0,0.0,0.0,0,0,384.0,11.1,1,0,0,0.0,0.0,normal,2.0235,1.1605,0.6745,0.0,0.0,0.0,0.0,0.0,0.0,0.4287,4,0.2667,hybrid,19.29,13.38,13.13,13.13,0.0,6.49,14.0
session_9cfea293a645,user_043,hr,2026-06-16 11:19:21,2026-06-16 12:09:21,6,2,0,6,1,1,3,0,0,67.283,16.707,0,0,50.0,11.316666666666666,1,0,0,0.0,11.213833333333334,normal,2.4323,2.2298,1.8548,0.0,0.0,0.0,0.0,1.2498,0.0,0.863,4,0.2667,hybrid,35.05,24.26,22.95,22.95,20.0,15.92,27.4
session_37746f8e6d2d,user_079,developer,2026-06-16 11:40:03,2026-06-16 14:39:03,13,2,0,13,1,1,4,0,0,0.0,0.0,0,0,179.0,11.666666666666666,1,0,0,0.0,0.0,normal,2.624,0.8798,0.8431,0.0,0.0,0.0,1.0,0.0,0.0,0.5941,4,0.2667,hybrid,25.7,22.92,20.87,20.87,0.0,33.47,21.75
session_980377f9a484,user_037,developer,2026-06-17 01:05:01,2026-06-17 01:05:01,1,1,1,1,1,1,1,0,0,0.0,0.0,0,1,0.0,1.0833333333333333,2,0,1,1.0,0.0,credential_stuffing,8.9871,2.6484,2.8666,1.0,0.0,0.0,4.0,0.0,0.0,2.1669,3,0.2,hybrid,66.16,45.05,39.61,39.61,20.0,100.0,52.38
session_32d62a5f1884,user_022,developer,2026-06-17 01:05:21,2026-06-17 01:05:21,1,1,1,1,1,1,1,0,0,0.0,0.0,0,1,0.0,1.0833333333333333,2,0,1,1.0,0.0,credential_stuffing,8.5205,3.5512,3.676,1.0,0.0,0.0,4.0,0.0,0.0,2.3053,6,0.4,hybrid,68.42,40.63,26.5,26.5,20.0,65.72,47.41
session_1d3c7f85d8d1,user_015,finance,2026-06-17 01:05:41,2026-06-17 01:05:41,1,1,1,1,1,1,1,0,0,0.0,0.0,0,1,0.0,1.0833333333333333,2,0,1,1.0,0.0,credential_stuffing,18.7708,1.9354,2.698,1.0,0.0,0.0,2.0,1.9588,0.0,2.1769,5,0.3333,hybrid,66.33,41.3,31.79,31.79,20.0,62.71,47.87
session_901447bcdced,user_020,finance,2026-06-17 01:06:01,2026-06-17 01:06:01,1,1,1,1,1,1,1,0,0,0.0,0.0,0,1,0.0,1.1,2,0,1,1.0,0.0,credential_stuffing,9.2887,2.2657,2.3607,1.0,0.0,0.0,2.0,1.2888,0.0,2.0227,4,0.2667,hybrid,63.63,38.73,32.29,32.29,20.0,61.08,46.32
session_ef6b5916e17f,user_005,hr,2026-06-17 01:06:21,2026-06-17 01:06:21,1,1,1,1,1,1,1,0,0,0.0,0.0,0,1,0.0,1.1,2,0,1,1.0,0.0,credential_stuffing,11.3138,5.1486,4.4966,1.0,0.0,0.0,2.0,0.9841,0.0,2.6255,5,0.3333,hybrid,73.09,42.61,32.33,32.33,20.0,69.6,51.32
session_afa9527c64f3,user_021,finance,2026-06-17 01:06:41,2026-06-17 01:06:41,1,1,1,1,1,1,1,0,0,0.0,0.0,0,1,0.0,1.1,2,0,1,1.0,0.0,credential_stuffing,9.2887,2.2657,2.3607,1.0,0.0,0.0,2.0,1.2888,0.0,2.0227,4,0.2667,hybrid,63.63,44.48,33.76,33.76,20.0,100.0,49.79
session_fb7e343bfbd3,user_068,developer,2026-06-17 01:07:01,2026-06-17 01:07:01,1,1,1,1,1,1,1,0,0,0.0,0.0,0,1,0.0,1.1166666666666667,2,0,1,1.0,0.0,credential_stuffing,8.9507,2.6484,2.8666,1.0,0.0,0.0,4.0,0.0,0.0,2.1629,4,0.2667,hybrid,66.09,38.43,28.18,28.18,20.0,100.0,48.17
session_344cc8ce005e,user_041,finance,2026-06-17 01:07:21,2026-06-17 01:07:21,1,1,1,1,1,1,1,0,0,0.0,0.0,0,1,0.0,1.1166666666666667,2,0,1,1.0,0.0,credential_stuffing,10.6227,5.1944,3.0352,1.0,0.0,0.0,2.0,2.6621,0.0,2.6546,6,0.4,hybrid,73.48,44.95,32.9,32.9,20.0,46.32,50.93
session_156ccd6698a2,user_031,developer,2026-06-17 01:07:41,2026-06-17 01:07:41,1,1,1,1,1,1,1,0,0,0.0,0.0,0,1,0.0,1.1166666666666667,2,0,1,1.0,0.0,credential_stuffing,10.6323,4.0203,3.335,1.0,0.0,0.0,4.0,0.0,0.0,2.4839,5,0.3333,hybrid,71.12,41.57,29.98,29.98,20.0,71.37,49.82
session_828bfd960138,user_028,developer,2026-06-17 01:08:01,2026-06-17 01:08:01,1,1,1,1,1,1,1,0,0,0.0,0.0,0,1,0.0,1.1333333333333333,2,0,1,1.0,0.0,credential_stuffing,8.9324,2.6484,2.8666,1.0,0.0,0.0,4.0,0.0,0.0,2.1608,4,0.2667,hybrid,66.05,39.92,32.96,32.96,20.0,80.26,48.66
session_497eb138691a,user_057,developer,2026-06-17 01:17:37,2026-06-17 01:17:37,1,1,0,1,1,1,1,0,0,0.0,0.0,0,1,0.0,1.2833333333333332,2,0,1,0.0,0.0,credential_stuffing,8.3085,3.0204,2.8666,0.0,0.0,0.0,3.5,0.0,0.0,1.9662,5,0.3333,hybrid,62.59,53.45,38.25,38.25,40.0,100.0,54.29
session_6be9fcae807d,user_060,developer,2026-06-17 01:17:57,2026-06-17 01:17:57,1,1,1,1,1,1,1,0,0,0.0,0.0,0,1,0.0,1.2833333333333332,2,0,1,1.0,0.0,credential_stuffing,8.7684,2.6484,2.8666,1.0,0.0,0.0,4.0,0.0,0.0,2.1426,4,0.2667,hybrid,65.74,37.85,30.63,30.63,20.0,85.06,47.78
session_580f02056fa4,user_079,developer,2026-06-17 01:18:17,2026-06-17 01:18:17,1,1,1,1,1,1,1,0,0,0.0,0.0,0,1,0.0,1.3,2,0,1,1.0,0.0,credential_stuffing,10.2101,2.6774,2.979,1.0,0.0,0.0,4.0,0.0,0.0,2.2952,5,0.3333,hybrid,68.26,46.51,34.41,34.41,20.0,90.02,51.71
session_4cf2e05585e4,user_035,admin,2026-06-17 01:18:37,2026-06-17 01:18:37,1,1,1,1,1,1,1,0,0,0.0,0.0,0,1,0.0,1.3,2,0,1,1.0,0.0,credential_stuffing,15.074,2.3071,2.9228,1.0,0.0,0.0,4.0,0.0,1.7986,2.4476,5,0.3333,hybrid,70.59,42.94,28.68,28.68,20.0,100.0,50.99
session_29d94dfac27b,user_063,finance,2026-06-17 01:18:57,2026-06-17 01:18:57,1,1,1,1,1,1,1,0,0,0.0,0.0,0,1,0.0,1.3,2,0,1,1.0,0.0,credential_stuffing,9.0574,2.2657,2.3607,1.0,0.0,0.0,2.0,1.2888,0.0,1.997,4,0.2667,hybrid,63.16,40.24,31.07,31.07,20.0,100.0,48.08
session_9e06b430c63d,user_016,developer,2026-06-17 01:19:17,2026-06-17 01:19:17,1,1,0,1,1,1,1,0,0,0.0,0.0,0,1,0.0,1.3166666666666669,2,0,1,0.0,0.0,credential_stuffing,8.7319,2.6484,2.8666,0.0,0.0,0.0,4.0,0.0,0.0,2.0274,4,0.2667,hybrid,63.71,35.04,27.52,27.52,20.0,86.09,45.68
session_5d574d0d1332,user_040,finance,2026-06-17 01:19:37,2026-06-17 01:19:37,1,1,0,1,1,1,1,0,0,0.0,0.0,0,1,0.0,1.3166666666666669,2,0,1,0.0,0.0,credential_stuffing,9.7756,2.6875,2.9228,0.0,0.0,0.0,2.0,2.2895,0.0,2.1862,5,0.3333,hybrid,66.48,43.72,35.2,35.2,40.0,97.55,53.01
session_2085288b84ad,user_023,developer,2026-06-17 01:19:57,2026-06-17 01:19:57,1,1,1,1,1,1,1,0,0,0.0,0.0,0,1,0.0,1.3166666666666669,2,0,1,1.0,0.0,credential_stuffing,9.1792,3.2644,3.1851,1.0,0.0,0.0,4.0,0.0,0.0,2.2921,5,0.3333,hybrid,68.21,37.71,26.56,26.56,20.0,78.1,47.37
session_cca85730ed06,user_017,admin,2026-06-17 01:20:17,2026-06-17 01:20:17,1,1,1,1,1,1,1,0,0,0.0,0.0,0,1,0.0,1.3333333333333333,2,0,1,1.0,0.0,credential_stuffing,10.4771,2.0703,2.5293,1.0,0.0,0.0,4.0,0.0,2.0235,2.4026,4,0.2667,hybrid,69.92,48.67,38.09,38.09,20.0,100.0,54.23
session_ad8d120ddf6a,user_061,analyst,2026-06-17 01:20:37,2026-06-17 01:20:37,1,1,1,1,1,1,1,0,0,0.0,0.0,0,1,0.0,1.3333333333333333,2,0,1,1.0,0.0,credential_stuffing,7.639,2.0771,2.1584,1.0,0.0,0.0,3.0,1.0272,0.0,1.878,3,0.2,hybrid,60.9,35.9,32.39,32.39,20.0,100.0,46.64
session_4e902060f35d,user_021,finance,2026-06-17 01:20:57,2026-06-17 01:20:57,1,1,1,1,1,1,1,0,0,0.0,0.0,0,1,0.0,1.3333333333333333,2,0,1,1.0,0.0,credential_stuffing,9.0189,2.2657,2.3607,1.0,0.0,0.0,2.0,1.2888,0.0,1.9927,4,0.2667,hybrid,63.08,57.33,42.14,42.14,40.0,100.0,56.23
session_748a73e1f881,user_036,developer,2026-06-17 01:21:17,2026-06-17 01:21:17,1,1,1,1,1,1,1,0,0,0.0,0.0,0,1,0.0,1.35,2,0,1,1.0,0.0,credential_stuffing,12.6824,2.8897,3.1476,1.0,0.0,0.0,4.0,0.0,0.0,2.3375,5,0.3333,hybrid,68.92,38.56,27.13,27.13,20.0,56.84,46.91
session_7a47257d6a3f,user_003,developer,2026-06-17 02:30:52,2026-06-17 02:39:52,32,32,32,32,4,1,1,0,0,0.0,0.0,0,1,9.0,2.5,2,0,1,1.0,0.0,brute_force,10.1188,2.3623,2.2483,1.0,3.0,0.0,4.0,0.0,0.0,2.5123,5,0.3333,hybrid,71.53,41.71,30.31,30.31,20.0,82.74,50.67
session_0f6980a848cb,user_048,developer,2026-06-17 04:14:41,2026-06-17 04:24:41,6,1,0,6,1,1,6,0,0,0.0,0.0,1,1,10.0,4.233333333333333,2,0,1,0.0,0.0,lateral_movement,5.5418,2.5492,2.0235,0.0,0.0,0.0,1.0,0.0,1.0,1.3461,4,0.2667,hybrid,48.98,30.61,26.55,26.55,20.0,39.36,36.32
session_0e14e31ac52e,user_029,admin,2026-06-17 07:20:31,2026-06-17 10:38:31,15,4,0,15,1,1,5,0,0,0.0,0.0,4,0,198.0,7.333333333333333,2,0,0,0.0,0.0,normal,2.3832,0.2155,0.1686,0.0,0.0,0.0,0.0,0.0,0.6745,0.3824,3,0.2,hybrid,17.4,20.96,19.21,19.21,0.0,52.53,18.58
session_1a42f4183201,user_058,hr,2026-06-17 07:31:10,2026-06-17 12:49:10,19,5,0,19,1,1,3,3,0,30.886,15.217,0,0,318.0,7.516666666666667,2,0,0,0.0,1.625578947368421,normal,2.2483,0.4721,0.3372,0.0,0.0,0.0,0.0,0.0483,0.0,0.3451,4,0.2667,hybrid,15.85,14.3,13.73,13.73,0.0,25.67,13.92
session_05060dbb2063,user_042,developer,2026-06-17 07:41:33,2026-06-17 13:27:33,20,3,0,20,1,1,4,0,0,0.0,0.0,0,0,346.0,7.683333333333334,2,0,0,0.0,0.0,normal,1.7683,0.7836,0.3372,0.0,0.0,0.0,1.0,0.0,0.0,0.4321,4,0.2667,hybrid,19.43,14.48,12.98,12.98,0.0,32.97,15.56
session_2a669f2d99d2,user_007,developer,2026-06-17 07:57:09,2026-06-17 10:30:09,10,3,0,10,1,1,5,0,0,0.0,0.0,0,0,153.0,7.95,2,0,0,0.0,0.0,normal,1.4766,1.1258,1.349,0.0,0.0,0.0,0.0,0.0,0.0,0.439,4,0.2667,hybrid,19.71,17.93,16.71,16.71,0.0,36.06,17.45
session_546f464a1091,user_012,analyst,2026-06-17 08:06:46,2026-06-17 11:03:46,15,4,0,15,1,1,4,5,0,25.859,8.656,0,0,177.0,8.1,2,0,0,0.0,1.7239333333333335,normal,2.2982,0.9981,0.5546,0.0,0.0,0.0,0.0,0.4822,0.0,0.4815,5,0.3333,hybrid,21.4,17.96,18.11,18.11,0.0,14.24,17.39
session_97859f2ce937,user_024,hr,2026-06-17 08:09:34,2026-06-17 10:05:34,11,3,0,11,1,1,3,3,0,62.841,22.68,0,0,116.0,8.15,2,0,0,0.0,5.712818181818182,normal,1.349,1.5654,1.0117,0.0,0.0,0.0,0.0,1.0929,0.0,0.5577,4,0.2667,hybrid,24.33,20.8,21.46,21.46,0.0,0.0,19.26
session_e64cfe2a2df0,user_013,hr,2026-06-17 08:13:17,2026-06-17 13:48:17,20,8,0,20,1,1,3,5,0,26.776,11.318,0,0,335.0,8.216666666666667,2,0,0,0.0,1.3388,normal,1.2366,0.6359,0.5059,0.0,0.0,0.0,0.0,0.1918,0.0,0.2856,4,0.2667,hybrid,13.31,11.5,10.53,10.53,0.0,24.47,11.48
session_c7de74b41403,user_050,developer,2026-06-17 08:22:50,2026-06-17 15:54:50,22,6,0,22,1,1,5,0,0,0.0,0.0,0,0,452.0,8.366666666666667,2,0,0,0.0,0.0,normal,1.5799,1.7973,0.5995,0.0,0.0,0.0,0.0,0.0,0.0,0.4419,5,0.3333,hybrid,19.82,19.96,17.71,17.71,0.0,37.87,18.24
session_ab7ee766152a,user_009,developer,2026-06-17 08:41:51,2026-06-17 13:40:51,19,2,0,19,1,1,5,0,0,0.0,0.0,0,0,299.0,8.683333333333334,2,0,0,0.0,0.0,normal,0.6565,0.285,0.1686,0.0,0.0,0.0,0.0,0.0,0.0,0.1233,4,0.2667,hybrid,5.98,5.09,6.66,6.66,0.0,0.0,5.08
session_2c8f8634bb32,user_043,hr,2026-06-17 08:42:57,2026-06-17 12:11:57,13,6,0,13,1,1,3,2,0,17.237000000000002,10.81,0,0,209.0,8.7,2,0,0,0.0,1.325923076923077,normal,0.6813,0.5319,0.5995,0.0,0.0,0.0,0.0,0.5427,0.0,0.2617,5,0.3333,hybrid,12.27,18.96,19.9,19.9,20.0,0.0,15.67
session_65b470fd1d6c,user_016,developer,2026-06-17 08:44:26,2026-06-17 11:00:26,9,4,0,9,1,1,5,0,0,0.0,0.0,0,0,136.0,8.733333333333333,2,0,0,0.0,0.0,normal,0.6183,1.2647,1.5176,0.0,0.0,0.0,0.0,0.0,0.0,0.3778,4,0.2667,hybrid,17.21,30.72,24.58,24.58,20.0,42.66,23.31
session_6ded59e69ca5,user_022,developer,2026-06-17 08:44:33,2026-06-17 13:45:33,23,5,0,23,1,1,5,0,0,0.0,0.0,0,0,301.0,8.733333333333333,2,0,0,0.0,0.0,normal,0.5892,0.6811,1.5176,0.0,0.0,0.0,0.0,0.0,0.0,0.3098,6,0.4,hybrid,14.35,32.6,25.11,23.8,20.0,31.27,21.97
session_a22fed624201,user_023,developer,2026-06-17 08:47:06,2026-06-17 14:43:06,25,4,0,25,1,1,5,0,0,0.0,0.0,0,0,356.0,8.783333333333333,2,0,0,0.0,0.0,normal,0.4814,0.6995,1.3115,0.0,0.0,0.0,0.0,0.0,0.0,0.2769,5,0.3333,hybrid,12.93,30.38,23.15,23.15,20.0,41.18,21.09
session_10cb0d434b7b,user_069,hr,2026-06-17 08:50:13,2026-06-17 14:27:13,22,7,0,22,1,1,3,6,0,91.886,26.006,0,0,337.0,8.833333333333334,2,0,0,0.0,4.176636363636363,normal,0.5246,0.6745,0.8431,0.0,0.0,0.0,0.0,2.1523,0.0,0.4661,4,0.2667,hybrid,20.79,20.74,18.87,18.87,0.0,45.11,19.44
session_c32e50d1ccab,user_005,hr,2026-06-17 08:50:47,2026-06-17 13:10:47,19,6,0,19,1,1,3,5,0,18.593,6.253,0,0,260.0,8.833333333333334,2,0,0,0.0,0.9785789473684212,normal,1.1928,0.8325,1.5738,0.0,0.0,0.0,0.0,0.7377,0.0,0.4819,5,0.3333,hybrid,21.41,36.8,29.6,29.6,20.0,38.02,27.22
session_65610d3f5bb4,user_064,finance,2026-06-17 08:52:07,2026-06-17 14:55:07,23,4,0,23,1,1,3,6,4,142.4,28.896,0,0,363.0,8.866666666666667,2,0,0,0.0,6.191304347826088,normal,0.3083,1.1827,1.349,0.0,0.0,0.0,0.0,2.2411,0.0,0.5646,3,0.2,hybrid,24.6,26.47,23.21,23.21,20.0,98.08,27.84
session_52b946e662e2,user_028,developer,2026-06-17 09:01:44,2026-06-17 12:03:44,12,2,0,12,1,1,5,0,0,0.0,0.0,0,0,182.0,9.016666666666667,2,0,0,0.0,0.0,normal,0.2891,0.8213,1.0117,0.0,0.0,0.0,0.0,0.0,0.0,0.2358,4,0.2667,hybrid,11.12,29.84,26.72,26.72,20.0,22.3,20.21
session_f37662f59c5e,user_006,analyst,2026-06-17 09:02:08,2026-06-17 15:08:08,20,6,0,20,1,1,4,4,0,47.418,17.588,0,0,366.0,9.033333333333331,2,0,0,0.0,2.3709,normal,1.1469,1.6257,1.6188,0.0,0.0,0.0,0.0,0.5107,0.0,0.5447,5,0.3333,hybrid,23.84,22.35,19.58,19.58,0.0,41.42,20.97
session_93573e260def,user_067,analyst,2026-06-17 09:07:42,2026-06-17 15:28:42,25,8,0,25,1,1,4,3,0,61.009,40.122,0,0,381.0,9.116666666666667,2,0,0,0.0,2.44036,normal,0.2913,0.8431,1.0792,0.0,0.0,0.0,0.0,0.8916,0.0,0.345,4,0.2667,hybrid,15.84,17.18,18.82,18.82,0.0,0.0,14.48
session_724b8467a13e,user_045,admin,2026-06-17 09:08:03,2026-06-17 14:30:03,21,6,0,21,1,1,5,0,0,0.0,0.0,7,0,322.0,9.133333333333333,2,0,0,0.0,0.0,normal,0.6373,0.9424,0.7816,0.0,0.0,0.0,0.0,0.0,2.698,0.5621,5,0.3333,hybrid,24.5,17.95,19.03,19.03,20.0,10.0,20.65
session_7eef8650e006,user_027,developer,2026-06-17 09:08:27,2026-06-17 12:52:27,14,3,0,14,1,1,5,0,0,0.0,0.0,0,0,224.0,9.133333333333333,2,0,0,0.0,0.0,normal,0.1542,0.4284,0.6745,0.0,0.0,0.0,0.0,0.0,0.0,0.1397,4,0.2667,hybrid,6.75,9.28,10.1,10.1,0.0,0.0,7.08
session_9d12f85229d4,user_036,developer,2026-06-17 09:16:13,2026-06-17 13:17:13,15,6,0,15,1,1,5,0,0,0.0,0.0,0,0,241.0,9.266666666666667,2,0,0,0.0,0.0,normal,0.2171,0.3433,0.6745,0.0,0.0,0.0,0.0,0.0,0.0,0.1372,5,0.3333,hybrid,6.63,27.56,22.0,22.0,20.0,18.63,16.6
session_9a4f706999bc,user_040,finance,2026-06-17 09:16:16,2026-06-17 15:05:16,20,4,0,20,1,1,3,5,4,108.82,17.402,0,0,349.0,9.266666666666667,2,0,0,0.0,5.441000000000001,normal,0.6759,0.9995,0.637,0.0,0.0,0.0,0.0,1.2062,0.0,0.391,5,0.3333,hybrid,17.76,34.0,30.84,30.84,40.0,50.99,28.16
session_6a6a77ca03b5,user_077,admin,2026-06-17 09:16:46,2026-06-17 14:36:46,22,5,0,22,1,1,5,0,0,0.0,0.0,1,0,320.0,9.266666666666667,2,0,0,0.0,0.0,normal,0.2248,0.9274,1.0117,0.0,0.0,0.0,0.0,0.0,1.349,0.3903,4,0.2667,hybrid,17.73,13.55,15.42,15.42,20.0,6.32,15.97
session_46f8de41bd6e,user_044,developer,2026-06-17 09:17:51,2026-06-17 13:32:51,13,3,0,13,1,1,4,0,0,0.0,0.0,0,0,255.0,9.283333333333331,2,0,0,0.0,0.0,normal,0.2462,0.4441,1.3692,0.0,0.0,0.0,1.0,0.0,0.0,0.3399,6,0.4,hybrid,15.63,17.93,16.1,16.1,0.0,7.6,14.24
session_61ae2c45d5a3,user_047,developer,2026-06-17 09:18:34,2026-06-17 15:07:34,23,6,0,23,1,1,5,0,0,0.0,0.0,0,0,349.0,9.3,2,0,0,0.0,0.0,normal,0.0385,0.8065,0.8431,0.0,0.0,0.0,0.0,0.0,0.0,0.1876,4,0.2667,hybrid,8.95,8.77,10.38,10.38,0.0,0.0,7.93
session_68f2c4748e6e,user_070,admin,2026-06-17 09:19:31,2026-06-17 11:53:31,12,4,0,12,1,1,5,0,0,0.0,0.0,0,0,154.0,9.316666666666666,2,0,0,0.0,0.0,normal,0.3524,1.3065,1.0522,0.0,0.0,0.0,0.0,0.0,2.0235,0.5261,6,0.4,hybrid,23.13,24.39,22.77,22.77,0.0,29.04,21.27
session_844cd51c5b2a,user_062,hr,2026-06-17 09:20:20,2026-06-17 14:43:20,20,5,0,20,1,1,3,4,0,37.611,14.337,0,0,323.0,9.333333333333334,2,0,0,0.0,1.88055,normal,0.0375,0.5356,0.5059,0.0,0.0,0.0,0.0,0.2176,0.0,0.1441,4,0.2667,hybrid,6.95,14.97,16.03,16.03,0.0,0.0,9.78
session_91f2f2acc456,user_032,hr,2026-06-17 09:20:54,2026-06-17 13:04:54,14,7,0,14,1,1,3,1,0,2.49,2.49,0,0,224.0,9.333333333333334,2,0,0,0.0,0.1778571428571428,normal,1.0531,0.5822,0.8993,0.0,0.0,0.0,0.0,1.7708,0.0,0.4784,5,0.3333,hybrid,21.27,16.39,14.32,14.32,0.0,25.12,16.62
session_d42177ebed01,user_076,analyst,2026-06-17 09:22:31,2026-06-17 14:10:31,17,2,0,17,1,1,4,7,0,36.421,8.316,0,0,288.0,9.366666666666667,2,0,0,0.0,2.1424117647058822,normal,1.3247,0.6784,0.5621,0.0,0.0,0.0,0.0,1.3865,0.0,0.4391,5,0.3333,hybrid,19.71,17.53,18.87,18.87,0.0,0.0,16.11
session_6723c9f92c4e,user_068,developer,2026-06-17 09:22:46,2026-06-17 15:15:46,22,6,0,22,1,1,5,0,0,0.0,0.0,0,0,353.0,9.366666666666667,2,0,0,0.0,0.0,normal,0.1156,0.8287,0.6745,0.0,0.0,0.0,0.0,0.0,0.0,0.1799,4,0.2667,hybrid,8.6,28.29,22.58,22.58,20.0,61.75,19.83
session_f17fbabfe257,user_030,hr,2026-06-17 09:24:34,2026-06-17 12:15:34,10,4,0,10,1,1,3,1,0,11.696,11.696,0,0,171.0,9.4,2,0,0,0.0,1.1696,normal,0.3428,3.3311,1.9111,0.0,0.0,0.0,0.0,1.1694,0.0,0.7505,5,0.3333,hybrid,31.29,26.75,24.22,24.22,0.0,18.24,24.83
session_6d5e37c591b9,user_008,developer,2026-06-17 09:26:23,2026-06-17 12:40:23,15,3,0,15,1,1,5,0,0,0.0,0.0,0,0,194.0,9.433333333333334,2,0,0,0.0,0.0,normal,0.1927,0.7125,0.5059,0.0,0.0,0.0,0.0,0.0,0.0,0.1568,3,0.2,hybrid,7.54,10.84,11.96,11.96,0.0,0.0,8.17
session_53bb9d603e3c,user_036,developer,2026-06-17 09:26:51,2026-06-17 11:50:51,13,3,0,13,1,1,4,0,0,109.199,13.525,0,0,144.0,9.433333333333334,2,0,0,0.0,8.399923076923077,normal,0.194,1.1183,0.5444,0.0,0.0,0.0,1.0,50.901,0.0,1.4285,6,0.4,hybrid,51.04,39.22,29.73,28.46,40.0,56.16,42.37
session_232a3cddcc13,user_066,developer,2026-06-17 09:27:05,2026-06-17 13:40:05,24,6,0,24,1,1,5,0,0,0.0,0.0,0,0,253.0,9.45,2,0,0,0.0,0.0,normal,0.2053,0.131,1.0117,0.0,0.0,0.0,0.0,0.0,0.0,0.1498,4,0.2667,hybrid,7.22,8.86,10.13,10.13,0.0,0.0,7.19
session_9a4df47e232d,user_041,finance,2026-06-17 09:29:03,2026-06-17 13:44:03,11,2,0,11,1,1,3,3,3,141.148,42.546,0,0,255.0,9.483333333333333,2,0,0,0.0,12.831636363636363,normal,0.6483,1.1358,0.6745,0.0,0.0,0.0,0.0,2.1386,0.0,0.5108,6,0.4,hybrid,22.54,39.0,31.47,30.6,20.0,29.21,28.06
session_8755ba51b210,user_004,developer,2026-06-17 09:29:15,2026-06-17 11:35:15,9,3,0,9,1,1,4,0,0,0.0,0.0,0,0,126.0,9.483333333333333,2,0,0,0.0,0.0,normal,0.2381,1.3685,1.5176,0.0,0.0,0.0,1.0,0.0,0.0,0.4582,4,0.2667,hybrid,20.48,14.28,13.03,13.03,0.0,4.39,14.52
session_e2c43cdb7e3f,user_059,analyst,2026-06-17 09:36:10,2026-06-17 16:40:10,25,7,0,25,1,1,4,6,0,51.255,14.493,0,0,424.0,9.6,2,0,0,0.0,2.0502,normal,0.181,1.1823,1.0792,0.0,0.0,0.0,0.0,0.5616,0.0,0.3338,4,0.2667,hybrid,15.37,13.9,13.94,13.94,0.0,0.0,12.41
session_53ad3a2d51e6,user_001,finance,2026-06-17 09:36:12,2026-06-17 15:10:12,25,4,0,25,1,1,3,5,6,202.788,37.686,0,0,334.0,9.6,2,0,0,0.0,8.11152,normal,0.6047,0.8223,1.6862,0.0,0.0,0.0,0.0,3.5195,0.0,0.737,4,0.2667,hybrid,30.82,23.36,23.07,23.07,20.0,0.0,24.77
session_f5cf9523f568,user_025,hr,2026-06-17 09:37:42,2026-06-17 11:57:42,9,4,0,9,1,1,3,0,0,0.0,0.0,0,0,140.0,9.616666666666667,2,0,0,0.0,0.0,normal,0.3622,1.1592,1.349,0.0,0.0,0.0,0.0,6.8322,0.0,1.0781,5,0.3333,hybrid,41.67,28.41,23.49,23.49,20.0,19.66,31.21
session_c4cdccd2f7ef,user_003,developer,2026-06-17 09:40:04,2026-06-17 12:01:04,10,3,0,10,1,1,4,0,0,0.0,0.0,0,0,141.0,9.666666666666666,2,0,0,0.0,0.0,normal,0.8609,1.1224,1.2141,0.0,0.0,0.0,1.0,0.0,0.0,0.4664,5,0.3333,hybrid,20.8,35.74,27.94,27.94,20.0,48.91,26.9
session_ced82f4f6198,user_080,hr,2026-06-17 09:43:39,2026-06-17 14:29:39,21,5,0,21,1,1,3,7,0,118.684,25.495,0,0,286.0,9.716666666666669,2,0,0,0.0,5.651619047619048,normal,0.5612,0.413,2.2483,0.0,0.0,0.0,0.0,2.7703,0.0,0.6659,5,0.3333,hybrid,28.32,32.21,27.49,27.49,20.0,34.66,28.37
session_22773046d0b9,user_020,finance,2026-06-17 09:44:07,2026-06-17 13:27:07,15,7,0,15,1,1,3,1,1,44.948,24.409,0,0,223.0,9.733333333333333,2,0,0,0.0,2.9965333333333333,normal,0.7659,0.2068,0.0,0.0,0.0,0.0,0.0,0.2547,0.0,0.1364,4,0.2667,hybrid,6.59,25.53,24.95,24.95,20.0,4.02,16.18
session_1604e382d46b,user_010,finance,2026-06-17 09:46:00,2026-06-17 11:55:00,10,2,0,10,1,1,3,2,1,21.786,10.114,0,0,129.0,9.766666666666667,2,0,0,0.0,2.1786000000000003,normal,0.5441,1.2664,1.2073,0.0,0.0,0.0,0.0,1.1066,0.0,0.4583,6,0.4,hybrid,20.48,20.98,17.24,17.24,0.0,10.96,17.25
session_7a641bc90d2f,user_034,finance,2026-06-17 09:48:52,2026-06-17 12:18:52,9,4,0,9,1,1,3,1,2,20.032,8.85,0,0,150.0,9.8,2,0,0,0.0,2.2257777777777776,normal,0.7833,0.8499,1.0117,0.0,0.0,0.0,0.0,0.7598,0.0,0.3783,4,0.2667,hybrid,17.23,14.28,12.27,12.27,0.0,36.54,14.64
session_fff3fadb14fd,user_061,analyst,2026-06-17 09:49:00,2026-06-17 15:26:00,24,6,0,24,1,1,4,6,0,32.534,7.515,0,0,337.0,9.816666666666666,2,0,0,0.0,1.3555833333333334,normal,0.3914,0.4717,0.9443,0.0,0.0,0.0,0.0,0.0749,0.0,0.2091,3,0.2,hybrid,9.93,26.57,24.91,24.91,20.0,18.14,18.42
session_8e2a18cc557d,user_060,developer,2026-06-17 09:50:28,2026-06-17 14:04:28,17,5,0,17,1,1,5,0,0,0.0,0.0,0,0,254.0,9.833333333333334,2,0,0,0.0,0.0,normal,0.6547,0.1075,0.1686,0.0,0.0,0.0,0.0,0.0,0.0,0.1034,4,0.2667,hybrid,5.04,25.57,23.32,23.32,20.0,20.14,15.97
session_46c84d31b151,user_063,finance,2026-06-17 09:51:15,2026-06-17 13:26:15,13,2,0,13,1,1,3,4,4,47.433,12.366,0,0,215.0,9.85,2,0,0,0.0,3.648692307692308,normal,0.801,0.2574,0.3372,0.0,0.0,0.0,0.0,0.1151,0.0,0.1679,4,0.2667,hybrid,8.05,28.7,24.5,24.5,20.0,40.59,19.11
session_d0814ccca515,user_065,hr,2026-06-17 09:56:40,2026-06-17 12:26:40,10,4,0,10,1,1,3,0,0,0.0,0.0,0,0,150.0,9.933333333333334,2,0,0,0.0,0.0,normal,1.2097,1.0336,1.061,0.0,0.0,0.0,0.0,1.5475,0.0,0.5391,6,0.4,hybrid,23.63,23.86,21.36,21.36,0.0,2.14,19.67
session_cc7e3507f011,user_051,analyst,2026-06-17 09:59:38,2026-06-17 12:47:38,9,4,0,9,1,1,4,2,0,15.255,10.903,0,0,168.0,9.983333333333333,2,0,0,0.0,1.695,normal,0.5565,0.9743,1.0792,0.0,0.0,0.0,0.0,0.5929,0.0,0.3559,4,0.2667,hybrid,16.3,15.91,16.39,16.39,0.0,20.27,14.81
session_d949922e8ad0,user_072,hr,2026-06-17 10:02:12,2026-06-17 14:42:12,23,7,0,23,1,1,3,7,0,93.756,21.485,0,0,280.0,10.033333333333331,2,0,0,0.0,4.076347826086956,normal,0.8993,0.1663,0.9743,0.0,0.0,0.0,0.0,1.6177,0.0,0.4064,5,0.3333,hybrid,18.39,18.83,19.05,19.05,0.0,0.0,15.88
session_f569b07f1808,user_054,developer,2026-06-17 10:03:36,2026-06-17 13:16:36,12,1,0,12,1,1,4,0,0,0.0,0.0,0,0,193.0,10.05,2,0,0,0.0,0.0,normal,0.9161,0.7049,0.8244,0.0,0.0,0.0,1.0,0.0,0.0,0.3828,4,0.2667,hybrid,17.42,16.59,16.54,16.54,0.0,0.0,14.42
session_44979f6fff20,user_048,developer,2026-06-17 10:05:11,2026-06-17 14:26:11,14,2,0,14,1,1,4,0,0,0.0,0.0,0,0,261.0,10.083333333333334,2,0,0,0.0,0.0,normal,0.9606,0.0102,0.5059,0.0,0.0,0.0,1.0,0.0,0.0,0.2752,4,0.2667,hybrid,12.86,24.5,22.63,22.63,20.0,6.68,18.03
session_deb143df1f62,user_037,developer,2026-06-17 10:06:39,2026-06-17 17:10:39,24,7,0,24,1,1,5,0,0,0.0,0.0,0,0,424.0,10.1,2,0,0,0.0,0.0,normal,0.9664,1.6837,1.1804,0.0,0.0,0.0,0.0,0.0,0.0,0.4256,3,0.2,hybrid,19.17,35.8,32.8,32.8,20.0,56.86,27.87
session_659bd998feaf,user_078,developer,2026-06-17 10:08:38,2026-06-17 13:35:38,14,5,0,14,1,1,5,0,0,0.0,0.0,0,0,207.0,10.133333333333333,2,0,0,0.0,0.0,normal,0.9919,0.5436,0.5059,0.0,0.0,0.0,0.0,0.0,0.0,0.2268,4,0.2667,hybrid,10.72,9.93,12.35,12.35,0.0,0.0,9.36
session_e3506e80d768,user_018,developer,2026-06-17 10:11:16,2026-06-17 14:15:16,19,6,0,19,1,1,5,0,0,0.0,0.0,0,0,244.0,10.183333333333334,2,0,0,0.0,0.0,normal,1.0514,0.1699,0.3372,0.0,0.0,0.0,0.0,0.0,0.0,0.1732,4,0.2667,hybrid,8.3,11.43,14.3,14.3,0.0,0.0,9.18
session_8a322a699f40,user_031,developer,2026-06-17 10:15:50,2026-06-17 14:50:50,21,3,0,21,1,1,5,0,0,0.0,0.0,0,0,275.0,10.25,2,0,0,0.0,0.0,normal,1.2222,0.592,0.5246,0.0,0.0,0.0,0.0,0.0,0.0,0.2599,5,0.3333,hybrid,12.19,31.23,25.53,25.53,20.0,31.91,21.1
session_e09861594120,user_046,hr,2026-06-17 10:22:08,2026-06-17 12:48:08,11,3,0,11,1,1,3,2,0,12.093,6.857,0,0,146.0,10.366666666666667,2,0,0,0.0,1.0993636363636363,normal,1.2672,1.1816,1.0117,0.0,0.0,0.0,0.0,0.6517,0.0,0.4569,2,0.1333,hybrid,20.42,18.34,18.34,18.34,0.0,1.82,16.51
session_5609bfae18fe,user_038,developer,2026-06-17 10:24:37,2026-06-17 15:41:37,22,8,0,22,1,1,5,0,0,0.0,0.0,0,0,317.0,10.4,2,0,0,0.0,0.0,normal,1.2806,0.5908,0.6745,0.0,0.0,0.0,0.0,0.0,0.0,0.2829,4,0.2667,hybrid,13.19,12.64,12.14,12.14,0.0,0.0,10.84
session_fba734e05966,user_026,analyst,2026-06-17 10:28:12,2026-06-17 12:57:12,14,4,0,14,1,1,4,3,0,26.213,13.621,0,0,149.0,10.466666666666669,2,0,0,0.0,1.8723571428571428,normal,1.0299,1.226,0.3822,0.0,0.0,0.0,0.0,0.1981,0.0,0.3151,5,0.3333,hybrid,14.58,12.24,12.17,12.17,0.0,0.0,11.32
session_43f59e968d6f,user_017,admin,2026-06-17 10:28:18,2026-06-17 13:05:18,12,4,0,12,1,1,4,0,0,0.0,0.0,2,0,157.0,10.466666666666669,2,0,0,0.0,0.0,normal,1.7406,0.5995,0.6745,0.0,0.0,0.0,1.0,0.0,0.6745,0.521,4,0.2667,hybrid,22.93,39.04,33.76,33.76,20.0,70.85,30.97
session_c3ebec223d9f,user_071,analyst,2026-06-17 10:29:01,2026-06-17 13:55:01,12,4,0,12,1,1,4,2,0,38.937,22.5,0,0,206.0,10.483333333333333,2,0,0,0.0,3.24475,normal,1.0723,0.5412,0.6745,0.0,0.0,0.0,0.0,0.2125,0.0,0.2778,4,0.2667,hybrid,12.97,16.02,19.69,19.69,0.0,0.0,13.31
session_456cf2671ce0,user_053,hr,2026-06-17 10:30:02,2026-06-17 16:56:02,23,4,0,23,1,1,3,7,0,30.029,6.289,0,0,386.0,10.5,2,0,0,0.0,1.305608695652174,normal,0.9119,1.3073,0.8768,0.0,0.0,0.0,0.0,0.2809,0.0,0.3752,6,0.4,hybrid,17.11,17.86,18.79,18.79,0.0,0.0,15.11
session_c669c5f24cde,user_033,developer,2026-06-17 10:38:25,2026-06-17 15:37:25,18,4,0,18,1,1,5,0,0,0.0,0.0,0,0,299.0,10.633333333333333,2,0,0,0.0,0.0,normal,1.5224,0.4005,0.0,0.0,0.0,0.0,0.0,0.0,0.0,0.2137,4,0.2667,hybrid,10.13,9.48,11.37,11.37,0.0,0.0,8.79
session_c6e36aaa9289,user_075,developer,2026-06-17 11:05:34,2026-06-17 16:46:34,18,5,0,18,1,1,5,0,0,0.0,0.0,0,0,341.0,11.083333333333334,2,0,0,0.0,0.0,normal,1.9673,0.7971,0.0,0.0,0.0,0.0,0.0,0.0,0.0,0.3072,4,0.2667,hybrid,14.24,11.89,12.02,12.02,0.0,0.0,11.08
session_6a5ea1233c9b,user_019,developer,2026-06-17 11:21:01,2026-06-17 14:29:01,13,1,0,13,1,1,5,0,0,0.0,0.0,0,0,188.0,11.35,2,0,0,0.0,0.0,normal,1.9502,1.0602,2.3607,0.0,0.0,0.0,0.0,0.0,0.0,0.5968,5,0.3333,hybrid,25.8,20.41,16.75,16.75,0.0,22.42,19.71
session_76fd0f53e37d,user_079,developer,2026-06-17 12:35:36,2026-06-17 15:47:36,11,3,0,11,1,1,4,0,0,0.0,0.0,0,0,192.0,12.583333333333334,2,0,0,0.0,0.0,normal,3.0486,0.796,1.2928,0.0,0.0,0.0,1.0,0.0,0.0,0.6819,5,0.3333,hybrid,28.89,41.48,33.03,33.03,20.0,58.39,33.03
session_bdaa45615af7,user_003,developer,2026-06-17 21:57:01,2026-06-17 23:01:01,9,1,0,9,1,1,4,0,0,84.013,17.274,0,0,64.0,21.95,2,0,0,0.0,9.33477777777778,normal,15.5892,1.8162,1.3153,0.0,0.0,0.0,1.0,37.7867,0.0,2.6813,6,0.4,hybrid,73.83,55.77,40.63,38.13,40.0,85.75,58.88
session_9ad4b7251150,user_056,hr,2026-06-17 22:05:01,2026-06-17 23:09:01,9,5,0,9,1,1,3,2,0,100.975,19.668,0,0,64.0,22.08333333333333,2,0,1,0.0,11.219444444444443,normal,22.8833,2.4551,2.0235,0.0,0.0,0.0,0.0,1.6782,0.0,1.7952,5,0.3333,hybrid,59.25,38.75,31.21,31.21,40.0,17.53,44.13
session_2b908ea8a1ad,user_002,finance,2026-06-18 01:30:00,2026-06-18 01:35:40,21,21,21,21,4,1,1,0,0,0.0,0.0,0,1,5.666666666666667,1.5,3,0,1,1.0,0.0,brute_force,9.64,2.1367,1.0117,1.0,3.0,0.0,2.0,1.2314,0.0,2.2244,4,0.2667,hybrid,67.12,40.2,33.47,33.47,20.0,68.79,48.69
session_8fa401c33eac,user_051,analyst,2026-06-18 02:15:20,2026-06-18 02:25:20,6,1,0,6,1,1,6,0,0,0.0,0.0,1,1,10.0,2.25,3,0,1,0.0,0.0,lateral_movement,6.6712,2.7407,1.4389,0.0,0.0,0.0,2.0,2.9054,1.0,1.8618,5,0.3333,hybrid,60.58,38.32,29.01,29.01,20.0,76.65,44.98
session_0eda09c874fc,user_064,finance,2026-06-18 02:32:55,2026-06-18 02:42:55,6,1,0,6,1,1,6,0,0,0.0,0.0,1,1,10.0,2.533333333333333,3,0,1,0.0,0.0,lateral_movement,8.3533,2.0969,1.5176,0.0,0.0,0.0,3.0,1.2314,1.0,1.911,4,0.2667,hybrid,61.54,45.04,35.98,35.98,40.0,100.0,51.62
session_acdcc3c1122d,user_076,analyst,2026-06-18 03:39:52,2026-06-18 03:39:52,1,1,0,1,1,1,1,0,0,0.0,0.0,0,1,0.0,3.65,3,0,1,0.0,0.0,credential_stuffing,10.0788,2.1536,2.2056,0.0,0.0,0.0,3.0,1.1032,0.0,2.0514,6,0.4,hybrid,64.15,41.05,30.19,30.19,20.0,35.52,45.19
session_a940559ec2f6,user_042,developer,2026-06-18 03:40:12,2026-06-18 03:40:12,1,1,1,1,1,1,1,0,0,0.0,0.0,0,1,0.0,3.6666666666666665,3,0,1,1.0,0.0,credential_stuffing,6.4351,3.7112,5.9205,1.0,0.0,0.0,4.0,0.0,0.0,2.3408,5,0.3333,hybrid,68.98,42.49,28.98,28.98,20.0,100.0,50.33
session_514c11f7c389,user_077,admin,2026-06-18 03:40:32,2026-06-18 03:40:32,1,1,1,1,1,1,1,0,0,0.0,0.0,0,1,0.0,3.6666666666666665,3,0,1,1.0,0.0,credential_stuffing,12.5148,2.7877,3.062,1.0,0.0,0.0,4.0,0.0,2.698,2.6164,5,0.3333,hybrid,72.97,44.0,31.86,31.86,40.0,86.43,54.27
session_9d8a322dce70,user_067,analyst,2026-06-18 03:40:52,2026-06-18 03:40:52,1,1,1,1,1,1,1,0,0,0.0,0.0,0,1,0.0,3.6666666666666665,3,0,1,1.0,0.0,credential_stuffing,8.3847,1.9862,1.9849,1.0,0.0,0.0,3.0,1.3014,0.0,1.9619,5,0.3333,hybrid,62.5,39.36,31.3,31.3,20.0,57.0,45.55
session_50fd1c32e05c,user_047,developer,2026-06-18 03:41:12,2026-06-18 03:41:12,1,1,0,1,1,1,1,0,0,0.0,0.0,0,1,0.0,3.6833333333333336,3,0,1,0.0,0.0,credential_stuffing,9.1797,3.2693,3.1476,0.0,0.0,0.0,4.0,0.0,0.0,2.1774,5,0.3333,hybrid,66.33,37.04,26.37,26.37,20.0,70.52,46.06
session_1a5b8769c474,user_052,finance,2026-06-18 03:41:32,2026-06-18 03:41:32,1,1,1,1,1,1,1,0,0,0.0,0.0,0,1,0.0,3.6833333333333336,3,0,1,1.0,0.0,credential_stuffing,6.9213,2.1887,2.3607,1.0,0.0,0.0,2.0,1.2314,0.0,1.7447,3,0.2,hybrid,58.2,35.6,31.02,31.02,20.0,100.0,45.16
session_9f07f8a32601,user_064,finance,2026-06-18 03:41:52,2026-06-18 03:41:52,1,1,1,1,1,1,1,0,0,0.0,0.0,0,1,0.0,3.6833333333333336,3,0,1,1.0,0.0,credential_stuffing,6.9213,2.1887,2.3607,1.0,0.0,0.0,2.0,1.2314,0.0,1.7447,4,0.2667,hybrid,58.2,53.71,42.33,42.33,60.0,100.0,55.61
session_9eb40dd1ca68,user_034,finance,2026-06-18 07:15:59,2026-06-18 09:27:59,9,4,0,9,1,1,3,1,1,14.594,9.196,0,0,132.0,7.25,3,0,0,0.0,1.6215555555555554,normal,3.2834,1.0219,0.8993,0.0,0.0,0.0,0.0,2.0432,0.0,0.8053,5,0.3333,hybrid,33.15,23.92,18.23,18.23,0.0,54.18,25.31
session_1b047bf243ec,user_077,admin,2026-06-18 07:27:50,2026-06-18 10:11:50,9,1,0,9,1,1,5,0,0,0.0,0.0,1,0,164.0,7.45,3,0,0,0.0,0.0,normal,3.842,0.8995,1.4346,0.0,0.0,0.0,0.0,0.0,1.5738,0.8611,5,0.3333,hybrid,34.98,44.77,32.64,32.64,40.0,65.08,38.36
session_6eccc8fc59cc,user_035,admin,2026-06-18 07:44:14,2026-06-18 11:27:14,12,1,0,12,1,1,4,0,0,0.0,0.0,1,0,223.0,7.733333333333333,3,0,0,0.0,0.0,normal,2.5639,0.1236,0.3372,0.0,0.0,0.0,1.0,0.0,0.6745,0.5221,5,0.3333,hybrid,22.98,37.62,27.26,27.26,20.0,68.42,28.95
session_4a98947e82d4,user_042,developer,2026-06-18 07:47:03,2026-06-18 13:30:03,22,5,0,22,1,1,5,0,0,0.0,0.0,0,0,343.0,7.783333333333333,3,0,0,0.0,0.0,normal,1.5411,0.6729,0.8993,0.0,0.0,0.0,0.0,0.0,0.0,0.3459,5,0.3333,hybrid,15.88,34.17,25.7,25.7,20.0,58.81,24.55
session_a7b58a45843d,user_064,finance,2026-06-18 07:49:16,2026-06-18 10:22:16,9,3,0,9,1,1,3,2,2,68.842,20.867,0,0,153.0,7.816666666666666,3,0,0,0.0,7.649111111111111,normal,1.7705,0.7195,1.0117,0.0,0.0,0.0,0.0,0.4101,0.0,0.4346,4,0.2667,hybrid,19.53,39.42,36.63,36.63,60.0,62.77,33.99
session_d7cfa81b3b07,user_043,hr,2026-06-18 07:57:07,2026-06-18 12:06:07,14,3,0,14,1,1,3,1,0,5.459,5.459,0,0,249.0,7.95,3,0,0,0.0,0.3899285714285714,normal,1.5874,0.3612,0.5194,0.0,0.0,0.0,0.0,1.0179,0.0,0.3873,6,0.4,hybrid,17.61,18.73,19.33,19.33,20.0,0.0,17.62
session_cbd4c1801601,user_022,developer,2026-06-18 07:57:34,2026-06-18 13:31:34,23,5,0,23,1,1,5,0,0,0.0,0.0,0,0,334.0,7.95,3,0,0,0.0,0.0,normal,1.0572,1.1746,1.1841,0.0,0.0,0.0,0.0,0.0,0.0,0.3795,7,0.4667,hybrid,17.28,24.83,23.93,22.5,20.0,20.76,20.76
session_1458e5d9205a,user_011,analyst,2026-06-18 08:07:19,2026-06-18 11:05:19,11,3,0,11,1,1,3,2,0,15.778,10.192,0,0,178.0,8.116666666666667,3,0,0,0.0,1.4343636363636365,normal,1.3656,0.7323,0.8094,0.0,0.0,0.0,1.0,0.5966,0.0,0.5004,3,0.2,hybrid,22.14,20.95,18.46,18.46,0.0,74.71,21.39
session_af064bc27438,user_050,developer,2026-06-18 08:11:34,2026-06-18 08:23:34,5,4,0,5,1,5,2,0,0,44.439,16.28,0,1,12.0,8.183333333333334,3,0,0,0.0,8.8878,device_spoofing,1.0306,2.3002,2.1246,0.0,0.0,4.0,3.0,19.7455,0.0,2.495,6,0.4,hybrid,71.28,45.8,31.1,31.1,20.0,84.45,51.67
session_184f45185adf,user_050,developer,2026-06-18 08:16:06,2026-06-18 11:12:06,9,2,0,9,1,1,4,0,0,0.0,0.0,0,0,176.0,8.266666666666667,3,0,0,0.0,0.0,normal,1.056,0.8325,1.4801,0.0,0.0,0.0,1.0,0.0,0.0,0.4854,6,0.4,hybrid,21.55,37.84,30.82,28.98,20.0,50.91,28.25
session_d2b3dd8b9975,user_020,finance,2026-06-18 08:19:45,2026-06-18 10:36:45,13,6,0,13,1,1,3,1,4,83.29599999999999,25.233,0,0,137.0,8.316666666666666,3,0,0,0.0,6.407384615384615,normal,1.6561,0.8948,0.3747,0.0,0.0,0.0,0.0,0.5088,0.0,0.3816,5,0.3333,hybrid,17.37,21.49,23.05,23.05,20.0,0.0,19.01
session_c163c2509401,user_062,hr,2026-06-18 08:21:01,2026-06-18 11:47:01,13,4,0,13,1,1,3,5,0,72.428,22.981,0,0,206.0,8.35,3,0,0,0.0,5.571384615384615,normal,1.348,1.2412,1.2366,0.0,0.0,0.0,0.0,0.9979,0.0,0.536,5,0.3333,hybrid,23.51,18.28,18.16,18.16,0.0,7.79,17.99
session_44a6ec86fe4d,user_029,admin,2026-06-18 08:21:53,2026-06-18 13:17:53,21,2,0,21,1,1,5,0,0,0.0,0.0,3,0,296.0,8.35,3,0,0,0.0,0.0,normal,0.9402,0.7708,1.1563,0.0,0.0,0.0,0.0,0.0,0.6745,0.3935,4,0.2667,hybrid,17.86,18.84,18.76,18.76,0.0,28.81,17.04
session_814a9cdafbf9,user_066,developer,2026-06-18 08:25:43,2026-06-18 14:39:43,21,8,0,21,1,1,5,0,0,0.0,0.0,0,0,374.0,8.416666666666666,3,0,0,0.0,0.0,normal,2.7611,1.233,0.4721,0.0,0.0,0.0,0.0,0.0,0.0,0.4962,5,0.3333,hybrid,21.97,14.45,13.51,13.51,0.0,11.31,15.62
session_c631bc76f4fd,user_016,developer,2026-06-18 08:28:51,2026-06-18 13:27:51,19,7,0,19,1,1,5,0,0,0.0,0.0,0,0,299.0,8.466666666666667,3,0,0,0.0,0.0,normal,1.2818,0.6387,0.3372,0.0,0.0,0.0,0.0,0.0,0.0,0.2509,5,0.3333,hybrid,11.79,22.25,21.38,21.38,20.0,16.77,17.35
session_2bc4e5ffecee,user_024,hr,2026-06-18 08:30:48,2026-06-18 12:01:48,14,4,0,14,1,1,3,4,0,110.254,35.065,0,0,211.0,8.5,3,0,0,0.0,7.875285714285714,normal,1.0573,0.7201,0.5171,0.0,0.0,0.0,0.0,1.9908,0.0,0.4761,5,0.3333,hybrid,21.18,20.67,21.38,21.38,0.0,0.0,17.95
session_a1058b796335,user_073,hr,2026-06-18 08:31:14,2026-06-18 13:43:14,20,7,0,20,1,1,3,4,0,33.125,12.785,0,0,312.0,8.516666666666667,3,0,0,0.0,1.65625,normal,0.8813,0.5336,0.5059,0.0,0.0,0.0,0.0,0.0632,0.0,0.2204,4,0.2667,hybrid,10.43,10.15,11.41,11.41,0.0,5.74,9.34
session_f1e90128d57f,user_070,admin,2026-06-18 08:31:38,2026-06-18 13:02:38,19,3,0,19,1,1,5,0,0,0.0,0.0,2,0,271.0,8.516666666666667,3,0,0,0.0,0.0,normal,1.0832,0.3747,0.5171,0.0,0.0,0.0,0.0,0.0,0.3148,0.2544,7,0.4667,hybrid,11.94,19.07,20.79,20.36,0.0,0.0,13.75
session_ceb61d612c45,user_057,developer,2026-06-18 08:34:10,2026-06-18 11:07:10,11,3,0,11,1,1,5,0,0,0.0,0.0,0,0,153.0,8.566666666666666,3,0,0,0.0,0.0,normal,0.7624,1.1848,1.1804,0.0,0.0,0.0,0.0,0.0,0.0,0.3475,5,0.3333,hybrid,15.95,39.23,32.68,32.68,40.0,54.8,29.14
session_282fa7871315,user_069,hr,2026-06-18 08:36:11,2026-06-18 12:12:11,18,7,0,18,1,1,3,4,0,63.369,21.484,0,0,216.0,8.6,3,0,0,0.0,3.5205,normal,0.637,0.6347,0.1499,0.0,0.0,0.0,0.0,0.9448,0.0,0.2629,5,0.3333,hybrid,12.32,16.19,17.0,17.0,0.0,20.71,13.45
session_be03f2588e7b,user_058,hr,2026-06-18 08:39:19,2026-06-18 12:24:19,13,3,0,13,1,1,3,3,0,39.851,19.474,0,0,225.0,8.65,3,0,0,0.0,3.0654615384615385,normal,0.5435,0.406,0.8993,0.0,0.0,0.0,0.0,0.294,0.0,0.2381,5,0.3333,hybrid,11.22,12.95,13.02,13.02,0.0,13.53,11.01
session_5dcd7d9a0c62,user_044,developer,2026-06-18 08:44:54,2026-06-18 13:58:54,23,6,0,23,1,1,5,0,0,0.0,0.0,0,0,314.0,8.733333333333333,3,0,0,0.0,0.0,normal,0.6126,0.407,0.607,0.0,0.0,0.0,0.0,0.0,0.0,0.1807,7,0.4667,hybrid,8.64,12.93,14.43,14.44,0.0,6.47,9.97
session_1bb63341d2c1,user_021,finance,2026-06-18 08:45:34,2026-06-18 11:59:34,12,3,0,12,1,1,3,2,1,16.494,6.172,0,0,194.0,8.75,3,0,0,0.0,1.3745,normal,0.5011,0.2788,0.5059,0.0,0.0,0.0,0.0,0.8336,0.0,0.2355,4,0.2667,hybrid,11.11,37.19,34.38,34.38,40.0,66.75,27.81
session_09e8850f7a91,user_008,developer,2026-06-18 08:48:13,2026-06-18 14:55:13,20,5,0,20,1,1,5,0,0,0.0,0.0,0,0,367.0,8.8,3,0,0,0.0,0.0,normal,0.5325,0.9971,0.3372,0.0,0.0,0.0,0.0,0.0,0.0,0.2074,4,0.2667,hybrid,9.85,9.87,11.26,11.26,0.0,0.0,8.73
session_e30b8ed38a5e,user_032,hr,2026-06-18 08:49:15,2026-06-18 14:45:15,24,6,0,24,1,1,3,7,0,30.709000000000003,5.969,0,0,356.0,8.816666666666666,3,0,0,0.0,1.2795416666666668,normal,0.757,1.1093,1.2028,0.0,0.0,0.0,0.0,0.6464,0.0,0.4128,6,0.4,hybrid,18.65,18.35,15.4,15.4,0.0,22.57,16.11
session_560678a9a700,user_025,hr,2026-06-18 08:49:33,2026-06-18 11:02:33,10,3,0,10,1,1,3,3,0,9.252,4.172,0,0,133.0,8.816666666666666,3,0,0,0.0,0.9252,normal,1.094,1.17,0.978,0.0,0.0,0.0,0.0,1.8499,0.0,0.5658,6,0.4,hybrid,24.64,28.96,23.78,23.78,20.0,15.28,24.36
session_f07376a2873d,user_051,analyst,2026-06-18 08:54:48,2026-06-18 12:03:48,16,5,0,16,1,1,4,3,0,18.876,9.229,0,0,189.0,8.9,3,0,0,0.0,1.17975,normal,0.4118,0.4625,0.3897,0.0,0.0,0.0,0.0,1.528,0.0,0.3102,5,0.3333,hybrid,14.37,30.09,25.35,25.35,20.0,39.06,22.06
session_ca0fe3b4b1cb,user_049,analyst,2026-06-18 08:55:18,2026-06-18 14:42:18,22,6,0,22,1,1,4,6,0,28.405,7.345,0,0,347.0,8.916666666666666,3,0,0,0.0,1.2911363636363635,normal,0.5246,0.6785,0.6745,0.0,0.0,0.0,0.0,0.1487,0.0,0.2251,4,0.2667,hybrid,10.64,13.2,12.83,12.83,0.0,22.6,11.23
session_3da8599d6db9,user_001,finance,2026-06-18 08:56:00,2026-06-18 14:07:00,18,3,0,18,1,1,3,1,3,61.939,22.544,0,0,311.0,8.933333333333334,3,0,0,0.0,3.441055555555556,normal,0.2746,0.7095,0.4497,0.0,0.0,0.0,0.0,0.2877,0.0,0.1913,5,0.3333,hybrid,9.12,15.74,19.08,19.08,20.0,0.0,13.57
session_bad131b283bd,user_080,hr,2026-06-18 08:56:10,2026-06-18 11:53:10,16,5,0,16,1,1,3,6,0,80.015,20.3,0,0,177.0,8.933333333333334,3,0,0,0.0,5.0009375,normal,0.6142,0.7666,0.7757,0.0,0.0,0.0,0.0,1.2703,0.0,0.3808,6,0.4,hybrid,17.34,21.81,25.82,25.23,20.0,19.19,20.65
session_7cea666fff1a,user_063,finance,2026-06-18 09:00:39,2026-06-18 13:33:39,18,4,0,18,1,1,3,3,6,62.626000000000005,11.046,0,0,273.0,9.0,3,0,0,0.0,3.4792222222222224,normal,0.3484,0.4705,0.3935,0.0,0.0,0.0,0.0,1.4922,0.0,0.3005,5,0.3333,hybrid,13.95,20.19,21.86,21.86,20.0,17.69,17.97
session_7b8d5e742f31,user_078,developer,2026-06-18 09:01:48,2026-06-18 12:45:48,12,4,0,12,1,1,5,0,0,0.0,0.0,0,0,224.0,9.016666666666667,3,0,0,0.0,0.0,normal,0.957,0.3225,0.8993,0.0,0.0,0.0,0.0,0.0,0.0,0.2421,5,0.3333,hybrid,11.4,10.78,12.08,12.08,0.0,0.0,9.74
session_67da231dcf8b,user_027,developer,2026-06-18 09:02:31,2026-06-18 12:48:31,13,3,0,13,1,1,5,0,0,0.0,0.0,0,0,226.0,9.033333333333331,3,0,0,0.0,0.0,normal,0.5879,0.2702,0.6745,0.0,0.0,0.0,0.0,0.0,0.0,0.1703,5,0.3333,hybrid,8.16,8.26,9.55,9.55,0.0,0.0,7.3
session_8a3054b48e90,user_074,finance,2026-06-18 09:04:04,2026-06-18 16:01:04,25,4,0,25,1,1,3,5,4,26.198,4.706,0,0,417.0,9.066666666666666,3,0,0,0.0,1.04792,normal,0.0771,1.6362,1.6862,0.0,0.0,0.0,0.0,0.6173,0.0,0.4463,4,0.2667,hybrid,20.0,18.89,18.58,18.58,0.0,30.67,17.96
session_6437627c4d2b,user_038,developer,2026-06-18 09:05:09,2026-06-18 12:45:09,13,4,0,13,1,1,5,0,0,0.0,0.0,0,0,220.0,9.083333333333334,3,0,0,0.0,0.0,normal,0.2445,0.8115,0.8431,0.0,0.0,0.0,0.0,0.0,0.0,0.211,5,0.3333,hybrid,10.01,11.91,11.53,11.53,0.0,0.0,9.27
session_213bfe01012e,user_071,analyst,2026-06-18 09:07:30,2026-06-18 15:32:30,25,6,0,25,1,1,4,10,0,169.835,30.528,0,0,385.0,9.116666666666667,3,0,0,0.0,6.7934,normal,0.5249,1.0784,1.3939,0.0,0.0,0.0,0.0,3.6094,0.0,0.7341,5,0.3333,hybrid,30.72,22.99,22.84,22.84,0.0,0.0,22.6
session_466e6d67e00b,user_012,analyst,2026-06-18 09:07:34,2026-06-18 15:11:34,25,6,0,25,1,1,4,9,0,39.392,6.147,0,0,364.0,9.116666666666667,3,0,0,0.0,1.5756799999999995,normal,0.2584,0.7131,1.0154,0.0,0.0,0.0,0.0,0.5336,0.0,0.2801,6,0.4,hybrid,13.07,15.5,16.85,16.85,0.0,4.77,12.78
session_125787fb1a56,user_041,finance,2026-06-18 09:17:27,2026-06-18 15:53:27,24,2,0,24,1,1,3,5,7,283.985,49.902,0,0,396.0,9.283333333333331,3,0,0,0.0,11.832708333333334,normal,0.4937,5.1457,2.5406,0.0,0.0,0.0,0.0,5.2776,0.0,1.4953,7,0.4667,hybrid,52.65,46.09,37.5,35.01,40.0,49.3,45.87
session_776a0ff19465,user_040,finance,2026-06-18 09:18:31,2026-06-18 12:19:31,14,6,0,14,1,1,3,5,1,105.266,27.307,0,0,181.0,9.3,3,0,0,0.0,7.519,normal,0.5831,0.8752,0.8431,0.0,0.0,0.0,0.0,0.7983,0.0,0.3444,6,0.4,hybrid,15.82,24.91,28.36,27.5,40.0,3.6,22.49
session_f6be7e29b9f8,user_059,analyst,2026-06-18 09:21:27,2026-06-18 12:33:27,14,5,0,14,1,1,4,2,0,21.239,12.074,0,0,192.0,9.35,3,0,0,0.0,1.5170714285714284,normal,0.1736,1.5469,0.5508,0.0,0.0,0.0,0.0,1.0043,0.0,0.364,5,0.3333,hybrid,16.64,15.71,14.71,14.71,0.0,0.0,13.47
session_90f9574e1c88,user_052,finance,2026-06-18 09:23:50,2026-06-18 12:17:50,14,1,0,14,1,1,3,4,3,38.472,12.577,0,0,174.0,9.383333333333333,3,0,0,0.0,2.748,normal,0.3024,0.5168,0.1686,0.0,0.0,0.0,0.0,0.3509,0.0,0.1487,3,0.2,hybrid,7.17,24.94,23.07,23.07,20.0,34.73,17.36
session_cf19bfdd6907,user_068,developer,2026-06-18 09:26:10,2026-06-18 11:59:10,10,2,0,10,1,1,4,0,0,0.0,0.0,0,0,153.0,9.433333333333334,3,0,0,0.0,0.0,normal,0.3221,1.4326,2.2483,0.0,0.0,0.0,1.0,0.0,0.0,0.5559,5,0.3333,hybrid,24.27,26.01,23.0,23.0,20.0,45.91,24.96
session_c4f56ef28435,user_046,hr,2026-06-18 09:27:39,2026-06-18 12:19:39,10,2,0,10,1,1,3,3,0,21.924,10.082,0,0,172.0,9.45,3,0,0,0.0,2.1924,normal,0.1663,0.8431,1.1804,0.0,0.0,0.0,0.0,0.3292,0.0,0.2799,3,0.2,hybrid,13.06,15.73,16.23,16.23,0.0,0.0,12.43
session_e302fc3b09a2,user_023,developer,2026-06-18 09:28:00,2026-06-18 14:32:00,22,5,0,22,1,1,5,0,0,0.0,0.0,0,0,304.0,9.466666666666669,3,0,0,0.0,0.0,normal,0.5023,0.3784,0.6295,0.0,0.0,0.0,0.0,0.0,0.0,0.1678,6,0.4,hybrid,8.05,19.7,20.4,19.79,20.0,15.89,14.99
session_627b722b1ab1,user_028,developer,2026-06-18 09:28:43,2026-06-18 12:16:43,14,2,0,14,1,1,4,0,0,0.0,0.0,0,0,168.0,9.466666666666669,3,0,0,0.0,0.0,normal,0.6162,0.9946,1.349,0.0,0.0,0.0,1.0,0.0,0.0,0.44,5,0.3333,hybrid,19.75,24.59,24.98,24.98,20.0,8.46,21.48
session_7b257aaac37d,user_014,hr,2026-06-18 09:28:56,2026-06-18 10:41:56,9,3,0,9,1,1,3,2,0,23.672,12.164,0,0,73.0,9.466666666666669,3,0,0,0.0,2.630222222222222,normal,0.1874,1.7889,1.349,0.0,0.0,0.0,0.0,0.2655,0.0,0.399,3,0.2,hybrid,18.09,14.54,16.94,16.94,20.0,0.0,16.38
session_11e50c3647d2,user_007,developer,2026-06-18 09:31:16,2026-06-18 13:40:16,15,4,0,15,1,1,5,0,0,0.0,0.0,0,0,249.0,9.516666666666667,3,0,0,0.0,0.0,normal,1.5691,0.1796,0.2873,0.0,0.0,0.0,0.0,0.0,0.0,0.2262,5,0.3333,hybrid,10.69,15.26,14.99,14.99,0.0,15.45,11.85
session_c82cae9d6657,user_015,finance,2026-06-18 09:31:36,2026-06-18 12:12:36,9,5,0,9,1,1,3,2,0,10.172999999999998,5.794,0,0,161.0,9.516666666666667,3,0,0,0.0,1.1303333333333332,normal,0.3874,0.4575,0.8993,0.0,0.0,0.0,0.0,1.223,0.0,0.3297,5,0.3333,hybrid,15.2,32.22,27.64,27.64,20.0,27.02,22.78
session_b942ee7b754b,user_009,developer,2026-06-18 09:33:08,2026-06-18 12:42:08,16,5,0,16,1,1,4,0,0,0.0,0.0,0,0,189.0,9.55,3,0,0,0.0,0.0,normal,0.3657,2.1325,0.4497,0.0,0.0,0.0,1.0,0.0,0.0,0.4387,5,0.3333,hybrid,19.7,11.98,10.39,10.39,0.0,6.1,13.18
session_024f16139e73,user_056,hr,2026-06-18 09:34:08,2026-06-18 14:51:08,20,5,0,20,1,1,3,1,0,25.742,25.742,0,0,317.0,9.566666666666666,3,0,0,0.0,1.2871,normal,0.3701,1.1191,1.1916,0.0,0.0,0.0,0.0,0.9574,0.0,0.4042,6,0.4,hybrid,18.3,32.04,27.98,27.98,40.0,0.0,24.72
session_6b8192361567,user_025,hr,2026-06-18 09:37:27,2026-06-18 11:49:27,12,3,0,12,1,1,3,3,0,85.66,14.007,0,0,132.0,9.616666666666667,3,0,0,0.0,7.138333333333333,normal,0.2248,1.0538,0.5546,0.0,0.0,0.0,0.0,24.4234,0.0,1.3148,7,0.4667,hybrid,48.18,39.25,30.26,29.2,40.0,44.23,40.79
session_29d7de8f60da,user_068,developer,2026-06-18 09:38:31,2026-06-18 09:49:31,2,2,0,2,2,2,1,0,0,0.0,0.0,0,1,11.0,9.633333333333333,3,0,0,0.0,0.0,impossible_travel,0.9902,2.3209,2.9051,0.0,1.0,1.0,4.0,0.0,0.0,1.3574,6,0.4,hybrid,49.27,34.16,30.72,28.84,40.0,52.67,40.67
session_8c5a19b05f8e,user_039,developer,2026-06-18 09:39:19,2026-06-18 14:33:19,19,4,0,19,1,1,4,0,0,0.0,0.0,0,0,294.0,9.65,3,0,0,0.0,0.0,normal,0.5594,0.2499,0.281,0.0,0.0,0.0,1.0,0.0,0.0,0.2323,5,0.3333,hybrid,10.97,8.34,10.07,10.07,0.0,0.0,8.57
session_451fb72d2003,user_026,analyst,2026-06-18 09:42:13,2026-06-18 13:32:13,13,4,0,13,1,1,4,0,0,0.0,0.0,0,0,230.0,9.7,3,0,0,0.0,0.0,normal,0.9139,0.2302,0.5261,0.0,0.0,0.0,0.0,1.9937,0.0,0.4071,6,0.4,hybrid,18.42,15.39,13.74,13.74,0.0,0.0,13.88
session_526884ec8fb4,user_005,hr,2026-06-18 09:44:21,2026-06-18 14:45:21,15,7,0,15,1,1,3,4,0,10.641,2.914,0,0,301.0,9.733333333333333,3,0,0,0.0,0.7094,normal,0.4758,1.034,0.3372,0.0,0.0,0.0,0.0,0.457,0.0,0.256,6,0.4,hybrid,12.01,25.33,26.15,25.69,20.0,13.37,19.03
session_ba8e4ea4869e,user_036,developer,2026-06-18 09:51:39,2026-06-18 13:35:39,15,4,0,15,1,1,5,0,0,0.0,0.0,0,0,224.0,9.85,3,0,0,0.0,0.0,normal,0.801,0.3011,0.3897,0.0,0.0,0.0,0.0,0.0,0.0,0.1658,7,0.4667,hybrid,7.96,22.1,25.69,24.36,40.0,30.44,19.41
session_f22f5f68f457,user_065,hr,2026-06-18 09:53:01,2026-06-18 13:45:01,14,7,0,14,1,1,3,2,0,21.847,16.872,0,0,232.0,9.883333333333333,3,0,0,0.0,1.5605,normal,0.9787,0.1566,0.2226,0.0,0.0,0.0,0.0,0.7647,0.0,0.2358,7,0.4667,hybrid,11.12,18.61,18.86,19.09,0.0,0.0,12.91
session_7b884297cf18,user_017,admin,2026-06-18 09:54:11,2026-06-18 14:57:11,18,3,0,18,1,1,5,0,0,0.0,0.0,1,0,303.0,9.9,3,0,0,0.0,0.0,normal,0.6675,1.369,0.7895,0.0,0.0,0.0,0.0,0.0,0.7355,0.3957,5,0.3333,hybrid,17.95,28.27,29.81,29.81,20.0,33.66,23.97
session_6915827dfa28,user_067,analyst,2026-06-18 09:55:59,2026-06-18 15:35:59,20,4,0,20,1,1,4,5,0,51.729,17.555,0,0,340.0,9.916666666666666,3,0,0,0.0,2.58645,normal,0.7869,0.4904,0.334,0.0,0.0,0.0,0.0,0.563,0.0,0.2416,5,0.3333,hybrid,11.38,29.16,26.32,26.32,20.0,19.37,19.93
session_fbf65c463559,user_019,developer,2026-06-18 09:56:43,2026-06-18 14:49:43,19,6,0,19,1,1,5,0,0,0.0,0.0,0,0,293.0,9.933333333333334,3,0,0,0.0,0.0,normal,0.5008,0.2932,0.607,0.0,0.0,0.0,0.0,0.0,0.0,0.1557,6,0.4,hybrid,7.49,15.56,14.43,14.43,0.0,6.1,10.02
session_e07c03ff48e4,user_030,hr,2026-06-18 09:58:43,2026-06-18 18:01:43,25,4,0,25,1,1,3,6,0,76.579,24.342,0,0,483.0,9.966666666666669,3,0,0,0.0,3.06316,normal,1.3528,4.5742,1.304,0.0,0.0,0.0,0.0,0.9577,0.0,0.9099,6,0.4,hybrid,36.55,32.54,27.31,27.31,20.0,26.24,31.27
session_a51432deb0fb,user_002,finance,2026-06-18 10:01:56,2026-06-18 13:20:56,13,4,0,13,1,1,3,3,0,26.204,13.175,0,0,199.0,10.016666666666667,3,0,0,0.0,2.015692307692308,normal,1.1242,0.2436,0.3372,0.0,0.0,0.0,0.0,0.6081,0.0,0.257,4,0.2667,hybrid,12.06,29.82,27.35,27.35,20.0,15.28,20.39
session_f52aac053e69,user_048,developer,2026-06-18 10:02:36,2026-06-18 12:42:36,11,4,0,11,1,1,4,0,0,0.0,0.0,0,0,160.0,10.033333333333331,3,0,0,0.0,0.0,normal,0.5121,0.7555,0.7869,0.0,0.0,0.0,1.0,0.0,0.0,0.3394,5,0.3333,hybrid,15.61,20.25,20.88,20.88,20.0,0.0,17.51
session_80f676a30ccb,user_072,hr,2026-06-18 10:04:04,2026-06-18 17:16:04,23,9,0,23,1,1,3,3,0,39.838,14.267,0,0,432.0,10.066666666666666,3,0,0,0.0,1.7320869565217392,normal,0.8128,1.4792,0.8903,0.0,0.0,0.0,0.0,1.5323,0.0,0.5238,6,0.4,hybrid,23.04,20.67,20.05,20.05,0.0,0.0,18.36
session_d0e210888b5b,user_076,analyst,2026-06-18 10:04:45,2026-06-18 10:40:45,2,2,0,2,2,2,1,0,0,0.0,0.0,0,1,36.0,10.066666666666666,3,0,0,0.0,0.0,impossible_travel,0.6806,1.8492,2.0572,0.0,1.0,1.0,3.0,1.1103,0.0,1.1886,6,0.4,hybrid,44.81,47.07,34.73,33.44,40.0,51.53,42.47
session_5eada5355054,user_033,developer,2026-06-18 10:05:26,2026-06-18 15:38:26,23,8,0,23,1,1,5,0,0,0.0,0.0,0,0,333.0,10.083333333333334,3,0,0,0.0,0.0,normal,0.6001,0.8805,1.5738,0.0,0.0,0.0,0.0,0.0,0.0,0.3394,5,0.3333,hybrid,15.61,12.9,12.58,12.58,0.0,0.0,11.97
session_1f7fe66577e8,user_018,developer,2026-06-18 10:07:39,2026-06-18 12:35:39,11,3,0,11,1,1,5,0,0,0.0,0.0,0,0,148.0,10.116666666666667,3,0,0,0.0,0.0,normal,0.9179,1.1882,1.0342,0.0,0.0,0.0,0.0,0.0,0.0,0.3489,5,0.3333,hybrid,16.01,13.63,14.79,14.79,0.0,0.0,12.83
session_faa65985f591,user_003,developer,2026-06-18 10:08:39,2026-06-18 11:45:39,9,2,0,9,1,1,3,0,0,0.0,0.0,0,0,97.0,10.133333333333333,3,0,0,0.0,0.0,normal,0.6203,1.1621,1.0342,0.0,0.0,0.0,2.0,0.0,0.0,0.5352,7,0.4667,hybrid,23.48,39.82,38.49,35.2,40.0,50.41,33.17
session_c3de56c491ae,user_076,analyst,2026-06-18 10:09:26,2026-06-18 13:42:26,16,6,0,16,1,1,4,4,0,32.872,11.541,0,0,213.0,10.15,3,0,0,0.0,2.0545,normal,0.6501,0.2807,0.1821,0.0,0.0,0.0,0.0,0.8162,0.0,0.2143,6,0.4,hybrid,10.16,30.71,29.88,28.78,40.0,27.68,22.95
session_133f38ebb988,user_004,developer,2026-06-18 10:10:55,2026-06-18 15:16:55,20,5,0,20,1,1,5,0,0,0.0,0.0,0,0,306.0,10.166666666666666,3,0,0,0.0,0.0,normal,1.1054,0.4497,0.4336,0.0,0.0,0.0,0.0,0.0,0.0,0.221,5,0.3333,hybrid,10.46,13.09,12.3,12.3,0.0,0.0,9.88
session_5023b848b6ce,user_037,developer,2026-06-18 10:17:51,2026-06-18 14:03:51,15,5,0,15,1,1,5,0,0,0.0,0.0,0,0,226.0,10.283333333333331,3,0,0,0.0,0.0,normal,0.9649,0.3321,0.3372,0.0,0.0,0.0,0.0,0.0,0.0,0.1816,4,0.2667,hybrid,8.68,21.76,25.91,25.91,20.0,3.45,16.47
session_1b3f44a9a952,user_061,analyst,2026-06-18 10:19:56,2026-06-18 16:14:56,25,5,0,25,1,1,4,8,0,36.046,5.485,0,0,355.0,10.316666666666666,3,0,0,0.0,1.44184,normal,0.8937,0.6438,1.0792,0.0,0.0,0.0,0.0,0.1186,0.0,0.3039,4,0.2667,hybrid,14.1,20.51,21.82,21.82,20.0,0.0,17.19
session_cc9c5790c659,user_079,developer,2026-06-18 10:24:28,2026-06-18 15:14:28,20,8,0,20,1,1,5,0,0,0.0,0.0,0,0,290.0,10.4,3,0,0,0.0,0.0,normal,1.0091,0.2837,0.4234,0.0,0.0,0.0,0.2698,0.0,0.0,0.2207,6,0.4,hybrid,10.45,26.23,28.84,28.01,20.0,17.2,19.41
session_1850853caca9,user_002,finance,2026-06-18 10:25:34,2026-06-18 10:41:34,2,2,0,2,2,2,1,0,0,0.0,0.0,0,1,16.0,10.416666666666666,3,0,0,0.0,0.0,impossible_travel,1.2176,3.2067,2.698,0.0,1.0,1.0,2.0,1.3334,0.0,1.384,5,0.3333,hybrid,49.94,40.18,33.0,33.0,40.0,35.12,42.02
session_b70cf5760df2,user_010,finance,2026-06-18 10:29:40,2026-06-18 16:54:40,24,10,0,24,1,1,3,3,1,34.076,11.294,0,0,385.0,10.483333333333333,3,0,0,0.0,1.4198333333333333,normal,2.124,1.3678,1.7537,0.0,0.0,0.0,0.0,0.2514,0.0,0.6108,7,0.4667,hybrid,26.32,23.82,19.78,19.26,0.0,23.34,21.35
session_5a6a45851034,user_008,developer,2026-06-18 10:29:48,2026-06-18 10:29:48,1,0,0,1,1,1,1,1,0,12.802,12.802,0,0,0.0,10.483333333333333,3,0,0,0.0,12.802,normal,4.2043,2.7454,2.653,0.0,0.0,0.0,4.0,4.9407,0.0,2.0604,5,0.3333,hybrid,64.31,36.69,26.41,26.41,20.0,59.55,44.64
session_10b5568c92b1,user_060,developer,2026-06-18 10:30:03,2026-06-18 14:00:03,15,3,0,15,1,1,5,0,0,0.0,0.0,0,0,210.0,10.5,3,0,0,0.0,0.0,normal,1.2116,0.7962,0.4497,0.0,0.0,0.0,0.0,0.0,0.0,0.2731,5,0.3333,hybrid,12.76,19.02,20.68,20.68,20.0,3.08,16.23
session_2ce62893d7b6,user_013,hr,2026-06-18 10:37:45,2026-06-18 15:23:45,17,4,0,17,1,1,3,3,0,10.824,4.996,0,0,286.0,10.616666666666667,3,0,0,0.0,0.6367058823529411,normal,2.391,0.4678,0.2748,0.0,0.0,0.0,0.0,0.5532,0.0,0.4096,5,0.3333,hybrid,18.52,14.89,12.82,12.82,0.0,27.73,14.98
session_2ab62ed2dc89,user_055,analyst,2026-06-18 10:42:12,2026-06-18 15:12:12,18,5,0,18,1,1,4,7,0,85.468,15.264,0,0,270.0,10.7,3,0,0,0.0,4.748222222222222,normal,1.2449,0.1589,0.2023,0.0,0.0,0.0,0.0,1.354,0.0,0.3289,5,0.3333,hybrid,15.16,15.04,17.39,17.39,0.0,0.0,13.42
session_5289ee1a4116,user_054,developer,2026-06-18 10:46:11,2026-06-18 13:10:11,12,2,0,12,1,1,5,0,0,0.0,0.0,0,0,144.0,10.766666666666667,3,0,0,0.0,0.0,normal,2.0597,1.5586,0.5621,0.0,0.0,0.0,0.0,0.0,0.0,0.4645,5,0.3333,hybrid,20.73,18.13,17.74,17.74,0.0,1.24,16.41
session_f6841ed56943,user_053,hr,2026-06-18 11:01:04,2026-06-18 14:26:04,12,4,0,12,1,1,3,4,0,16.986,6.317,0,0,205.0,11.016666666666667,3,0,0,0.0,1.4155,normal,1.5248,2.4995,3.5973,0.0,0.0,0.0,0.0,0.7737,0.0,0.9328,7,0.4667,hybrid,37.27,27.53,23.17,22.9,20.0,17.71,29.07
session_0abea6ce3d16,user_059,analyst,2026-06-19 03:30:34,2026-06-19 03:36:16,19,19,19,19,4,1,1,0,0,0.0,0.0,0,1,5.7,3.5,4,0,1,1.0,0.0,brute_force,10.375,2.5588,0.316,1.0,3.0,0.0,3.0,1.2671,0.0,2.3491,6,0.4,hybrid,69.1,42.66,28.31,28.31,20.0,51.15,47.81
session_96e113ba09c4,user_036,developer,2026-06-19 07:33:47,2026-06-19 11:13:47,13,1,0,13,1,1,5,0,0,0.0,0.0,0,0,220.0,7.55,4,0,0,0.0,0.0,normal,3.6883,0.1927,0.4347,0.0,0.0,0.0,0.0,0.0,0.0,0.4795,8,0.5333,hybrid,21.32,21.82,25.36,23.8,40.0,6.7,23.41
session_aadb112fe6c8,user_042,developer,2026-06-19 07:44:36,2026-06-19 10:20:36,9,3,0,9,1,1,4,0,0,0.0,0.0,0,0,156.0,7.733333333333333,4,0,0,0.0,0.0,normal,1.3854,2.959,2.8778,0.0,0.0,0.0,1.0,0.0,0.0,0.9136,6,0.4,hybrid,36.67,35.12,29.92,28.14,40.0,48.54,35.42
session_63a28042399b,user_058,hr,2026-06-19 07:51:44,2026-06-19 13:46:44,22,11,0,22,1,1,3,2,0,21.31,15.361,0,0,355.0,7.85,4,0,0,0.0,0.9686363636363636,normal,1.2521,1.4907,1.0792,0.0,0.0,0.0,0.0,0.5859,0.0,0.4898,6,0.4,hybrid,21.72,17.24,15.19,15.19,0.0,18.99,16.88
session_b41a93019fa4,user_008,developer,2026-06-19 07:52:09,2026-06-19 12:20:09,18,5,0,18,1,1,5,0,0,0.0,0.0,0,0,268.0,7.866666666666667,4,0,0,0.0,0.0,normal,4.0319,0.1077,0.1204,0.0,0.0,0.0,0.0,0.0,0.0,0.4733,6,0.4,hybrid,21.07,33.61,25.08,25.08,20.0,36.82,25.26
session_a81e9314b95f,user_045,admin,2026-06-19 07:55:56,2026-06-19 11:20:56,13,3,0,13,1,1,5,0,0,0.0,0.0,2,0,205.0,7.916666666666667,4,0,0,0.0,0.0,normal,1.1996,0.8132,1.0679,0.0,0.0,0.0,0.0,0.0,0.8094,0.4322,6,0.4,hybrid,19.43,19.74,19.13,19.13,20.0,7.58,18.88
session_d7a9feaf82b1,user_012,analyst,2026-06-19 07:57:08,2026-06-19 11:39:08,19,5,0,19,1,1,4,5,0,35.947,15.22,0,0,222.0,7.95,4,0,0,0.0,1.8919473684210528,normal,2.0542,0.7201,0.2068,0.0,0.0,0.0,0.0,0.2765,0.0,0.362,7,0.4667,hybrid,16.56,16.2,16.9,16.79,0.0,0.0,14.08
session_33bd14baa791,user_073,hr,2026-06-19 08:02:42,2026-06-19 13:54:42,21,5,0,21,1,1,3,6,0,43.563,13.11,0,0,352.0,8.033333333333333,4,0,0,0.0,2.074428571428572,normal,1.2086,0.8771,0.7494,0.0,0.0,0.0,0.0,0.694,0.0,0.3921,5,0.3333,hybrid,17.8,13.25,13.24,13.24,0.0,12.95,13.73
session_2d5ecbc25c82,user_007,developer,2026-06-19 08:06:31,2026-06-19 09:51:31,8,0,0,8,1,1,1,2,0,126.294,26.96,0,0,105.0,8.1,4,0,0,0.0,15.78675,normal,0.9514,1.3362,1.3153,0.0,0.0,0.0,4.0,56.5749,0.0,1.9559,6,0.4,hybrid,62.39,38.04,26.84,26.84,20.0,61.82,44.37
session_4cf9af43d49e,user_069,hr,2026-06-19 08:09:15,2026-06-19 13:46:15,24,7,0,24,1,1,3,4,0,50.297,22.843,0,0,337.0,8.15,4,0,0,0.0,2.095708333333333,normal,0.9722,0.7771,1.059,0.0,0.0,0.0,0.0,1.0839,0.0,0.4325,6,0.4,hybrid,19.45,17.29,17.61,17.61,0.0,17.41,16.51
session_6871039f28a1,user_044,developer,2026-06-19 08:14:54,2026-06-19 13:01:54,22,5,0,22,1,1,5,0,0,0.0,0.0,0,0,287.0,8.233333333333333,4,0,0,0.0,0.0,normal,1.4964,0.2124,0.5134,0.0,0.0,0.0,0.0,0.0,0.0,0.2469,8,0.5333,hybrid,11.61,11.29,13.88,13.88,0.0,0.0,10.37
session_8822a79bac37,user_040,finance,2026-06-19 08:24:57,2026-06-19 11:58:57,12,2,0,12,1,1,3,6,3,167.831,42.735,0,0,214.0,8.4,4,0,0,0.0,13.985916666666666,normal,0.7037,0.2584,1.0042,0.0,0.0,0.0,0.0,2.3289,0.0,0.4772,7,0.4667,hybrid,21.23,18.85,26.66,26.25,40.0,0.0,22.88
session_55ef3aed000e,user_029,admin,2026-06-19 08:25:34,2026-06-19 11:41:34,14,2,0,14,1,1,5,0,0,0.0,0.0,4,0,196.0,8.416666666666666,4,0,0,0.0,0.0,normal,0.5666,0.1759,0.2302,0.0,0.0,0.0,0.0,0.0,1.1242,0.233,5,0.3333,hybrid,11.0,14.35,16.54,16.54,0.0,8.12,11.81
session_3b03c7a8ff82,user_007,developer,2026-06-19 08:26:16,2026-06-19 10:49:16,10,3,0,10,1,1,4,0,0,0.0,0.0,0,0,143.0,8.433333333333334,4,0,0,0.0,0.0,normal,0.8331,0.8987,0.9443,0.0,0.0,0.0,0.8703,0.0,0.0,0.394,7,0.4667,hybrid,17.88,31.52,26.15,24.85,20.0,29.33,23.33
session_13ae6fc53dda,user_074,finance,2026-06-19 08:26:35,2026-06-19 12:44:35,16,2,0,16,1,1,3,4,4,24.748,4.915,0,0,258.0,8.433333333333334,4,0,0,0.0,1.54675,normal,0.7328,0.2683,0.2923,0.0,0.0,0.0,0.0,0.5445,0.0,0.2042,5,0.3333,hybrid,9.71,14.26,16.04,16.04,0.0,7.77,11.13
session_cfd190e7f8f3,user_022,developer,2026-06-19 08:28:23,2026-06-19 14:18:23,21,5,0,21,1,1,5,0,0,0.0,0.0,0,0,350.0,8.466666666666667,4,0,0,0.0,0.0,normal,0.6271,0.9598,0.5546,0.0,0.0,0.0,0.0,0.0,0.0,0.2379,8,0.5333,hybrid,11.21,13.76,21.27,20.45,20.0,11.67,15.06
session_06fdf2a6f944,user_043,hr,2026-06-19 08:30:00,2026-06-19 12:22:00,16,3,0,16,1,1,3,7,0,72.951,15.002,0,0,232.0,8.5,4,0,0,0.0,4.5594375,normal,0.8129,0.3249,0.5621,0.0,0.0,0.0,0.0,2.1112,0.0,0.4235,7,0.4667,hybrid,19.08,17.46,19.12,19.27,20.0,0.0,17.92
session_bf1e9f173730,user_006,analyst,2026-06-19 08:31:36,2026-06-19 14:21:36,22,9,0,22,1,1,4,5,0,63.915,17.098,0,0,350.0,8.516666666666667,4,0,0,0.0,2.9052272727272728,normal,0.5809,0.6092,0.8544,0.0,0.0,0.0,0.0,0.724,0.0,0.3076,6,0.4,hybrid,14.26,18.3,18.25,18.25,0.0,23.88,15.12
session_4ec354054391,user_077,admin,2026-06-19 08:34:00,2026-06-19 13:28:00,21,3,0,21,1,1,5,0,0,0.0,0.0,1,0,294.0,8.566666666666666,4,0,0,0.0,0.0,normal,0.908,0.6269,1.1129,0.0,0.0,0.0,0.0,0.0,0.6745,0.3691,6,0.4,hybrid,16.85,32.25,30.32,29.13,40.0,17.8,25.54
session_ac517bfac19b,user_033,developer,2026-06-19 08:37:04,2026-06-19 13:55:04,18,6,0,18,1,1,5,0,0,0.0,0.0,0,0,318.0,8.616666666666667,4,0,0,0.0,0.0,normal,2.0641,0.6785,0.371,0.0,0.0,0.0,0.0,0.0,0.0,0.346,6,0.4,hybrid,15.89,14.83,13.41,13.41,0.0,0.0,12.67
session_49ff102b6dde,user_018,developer,2026-06-19 08:38:51,2026-06-19 11:16:51,9,3,0,9,1,1,4,0,0,0.0,0.0,0,0,158.0,8.633333333333333,4,0,0,0.0,0.0,normal,0.6878,0.9255,1.2291,0.0,0.0,0.0,1.0,0.0,0.0,0.4269,6,0.4,hybrid,19.22,16.33,15.9,15.9,0.0,0.0,14.93
session_2db5e0609853,user_024,hr,2026-06-19 08:39:09,2026-06-19 12:10:09,14,2,0,14,1,1,3,6,0,109.406,21.435,0,0,211.0,8.65,4,0,0,0.0,7.814714285714286,normal,0.5419,0.495,0.4577,0.0,0.0,0.0,0.0,1.8116,0.0,0.3674,6,0.4,hybrid,16.78,19.51,20.23,20.23,0.0,0.0,15.67
session_b4c49f5bc1c4,user_016,developer,2026-06-19 08:45:27,2026-06-19 13:51:27,20,5,0,20,1,1,5,0,0,0.0,0.0,0,0,306.0,8.75,4,0,0,0.0,0.0,normal,0.4443,0.6416,0.6812,0.0,0.0,0.0,0.0,0.0,0.0,0.1963,6,0.4,hybrid,9.35,11.47,18.79,18.71,20.0,0.0,12.72
session_2712bd997540,user_080,hr,2026-06-19 08:48:01,2026-06-19 13:16:01,18,2,0,18,1,1,3,7,0,134.74,34.719,0,0,268.0,8.8,4,0,0,0.0,7.485555555555556,normal,0.6964,0.289,0.7195,0.0,0.0,0.0,0.0,2.5799,0.0,0.4761,7,0.4667,hybrid,21.18,21.09,25.14,24.42,20.0,3.76,21.09
session_c4fd08885c66,user_026,analyst,2026-06-19 08:48:07,2026-06-19 11:53:07,12,7,0,12,1,1,4,3,0,16.283,5.559,0,0,185.0,8.8,4,0,0,0.0,1.3569166666666668,normal,1.8762,0.6348,0.9893,0.0,0.0,0.0,0.0,0.7808,0.0,0.4757,7,0.4667,hybrid,21.17,19.15,15.42,15.39,0.0,16.17,16.96
session_6f3c7fa16c8d,user_062,hr,2026-06-19 08:48:59,2026-06-19 14:04:59,23,7,0,23,1,1,3,7,0,108.161,26.722,0,0,316.0,8.8,4,0,0,0.0,4.702652173913044,normal,0.6138,0.4257,1.0387,0.0,0.0,0.0,0.0,2.0947,0.0,0.4637,6,0.4,hybrid,20.69,19.34,18.8,18.8,0.0,8.28,17.26
session_ec80b103cd76,user_025,hr,2026-06-19 08:58:33,2026-06-19 15:36:33,25,4,0,25,1,1,3,6,0,12.072,2.91,0,0,398.0,8.966666666666667,4,0,0,0.0,0.48288,normal,0.788,2.6312,2.4282,0.0,0.0,0.0,0.0,1.5954,0.0,0.827,8,0.5333,hybrid,33.87,37.1,32.27,30.13,40.0,50.71,35.36
session_ed3a32c9171a,user_052,finance,2026-06-19 08:59:26,2026-06-19 14:54:26,23,5,0,23,1,1,3,4,5,51.691,9.516,0,0,355.0,8.983333333333333,4,0,0,0.0,2.247434782608696,normal,0.2529,1.235,1.349,0.0,0.0,0.0,0.0,0.0023,0.0,0.3155,4,0.2667,hybrid,14.59,19.39,20.65,20.65,20.0,11.05,17.43
session_21cb89fda537,user_034,finance,2026-06-19 09:03:14,2026-06-19 11:55:14,14,5,0,14,1,1,3,1,2,24.073,12.084,0,0,172.0,9.05,4,0,0,0.0,1.7195,normal,0.4604,0.5803,0.7307,0.0,0.0,0.0,0.0,0.6122,0.0,0.2648,6,0.4,hybrid,12.4,20.12,16.78,16.78,0.0,32.45,14.8
session_9afc0c73fba5,user_050,developer,2026-06-19 09:04:42,2026-06-19 13:01:42,15,5,0,15,1,1,4,0,0,0.0,0.0,0,0,237.0,9.066666666666666,4,0,0,0.0,0.0,normal,1.307,0.1773,0.3372,0.0,0.0,0.0,1.0,0.0,0.0,0.3135,7,0.4667,hybrid,14.51,26.32,28.02,26.08,20.0,16.18,20.69
session_b36f3068fd84,user_005,hr,2026-06-19 09:08:47,2026-06-19 11:47:47,11,2,0,11,1,1,3,1,0,3.57,3.57,0,0,159.0,9.133333333333333,4,0,0,0.0,0.3245454545454545,normal,0.4242,0.975,1.4839,0.0,0.0,0.0,0.0,0.9473,0.0,0.4256,7,0.4667,hybrid,19.17,17.16,24.74,24.39,20.0,0.0,19.25
session_a483d987a843,user_015,finance,2026-06-19 09:09:09,2026-06-19 13:33:09,17,3,0,17,1,1,3,4,3,26.914,5.85,0,0,264.0,9.15,4,0,0,0.0,1.5831764705882354,normal,0.6646,0.6473,1.3715,0.0,0.0,0.0,0.0,0.6831,0.0,0.3741,6,0.4,hybrid,17.06,24.65,25.67,25.29,20.0,11.21,20.69
session_72937c3966b9,user_078,developer,2026-06-19 09:09:11,2026-06-19 14:25:11,19,6,0,19,1,1,5,0,0,0.0,0.0,0,0,316.0,9.15,4,0,0,0.0,0.0,normal,0.578,1.3803,1.8211,0.0,0.0,0.0,0.0,0.0,0.0,0.4199,6,0.4,hybrid,18.94,15.06,13.79,13.79,0.0,0.0,14.03
session_1256f0414b70,user_025,hr,2026-06-19 09:14:11,2026-06-19 09:23:11,4,0,0,4,1,4,2,2,0,39.261,18.306,0,1,9.0,9.233333333333333,4,0,0,0.0,9.81525,device_spoofing,0.2686,2.3295,2.0909,0.0,0.0,3.0,1.0,5.088,0.0,1.5308,9,0.6,hybrid,53.49,46.06,38.84,34.38,60.0,58.69,48.81
session_58ca80d696f7,user_068,developer,2026-06-19 09:16:20,2026-06-19 12:24:20,12,3,0,12,1,1,4,0,0,0.0,0.0,0,0,188.0,9.266666666666667,4,0,0,0.0,0.0,normal,0.1764,0.6839,1.1225,0.0,0.0,0.0,1.0,0.0,0.0,0.3314,6,0.4,hybrid,15.27,28.1,28.17,26.13,40.0,18.8,23.51
session_03c7b5fd27fa,user_021,finance,2026-06-19 09:17:51,2026-06-19 14:10:51,20,7,0,20,1,1,3,3,4,41.159,7.476,0,0,293.0,9.283333333333331,4,0,0,0.0,2.05795,normal,0.5959,0.5653,0.712,0.0,0.0,0.0,0.0,0.2259,0.0,0.2332,5,0.3333,hybrid,11.01,19.72,30.21,29.19,40.0,9.28,20.26
session_a463ec06e741,user_030,hr,2026-06-19 09:17:54,2026-06-19 13:44:54,18,9,0,18,1,1,3,1,0,5.509,5.509,0,0,267.0,9.283333333333331,4,0,0,0.0,0.3060555555555556,normal,0.4942,1.3416,0.2998,0.0,0.0,0.0,0.0,1.3232,0.0,0.3843,7,0.4667,hybrid,17.48,26.14,25.51,25.12,20.0,19.49,21.53
session_530b8c02f37a,user_013,hr,2026-06-19 09:19:02,2026-06-19 14:46:02,18,3,0,18,1,1,3,4,0,19.916,5.265,0,0,327.0,9.316666666666666,4,0,0,0.0,1.1064444444444446,normal,0.6408,0.658,0.1686,0.0,0.0,0.0,0.0,0.6631,0.0,0.2367,6,0.4,hybrid,11.16,13.97,12.4,12.4,0.0,18.03,11.26
session_e0b11bd3a621,user_055,analyst,2026-06-19 09:23:30,2026-06-19 15:01:30,19,8,0,19,1,1,4,3,0,61.021,24.378,0,0,338.0,9.383333333333333,4,0,0,0.0,3.2116315789473684,normal,0.8415,0.5989,0.2518,0.0,0.0,0.0,0.0,0.812,0.0,0.2782,6,0.4,hybrid,12.99,13.24,16.29,16.29,0.0,0.0,11.92
session_2c34e1ff02e2,user_017,admin,2026-06-19 09:27:56,2026-06-19 13:47:56,15,6,0,15,1,1,5,0,0,0.0,0.0,3,0,260.0,9.45,4,0,0,0.0,0.0,normal,0.6683,0.748,0.5974,0.0,0.0,0.0,0.0,0.0,0.9443,0.3287,6,0.4,hybrid,15.16,17.38,26.99,26.55,20.0,0.0,18.24
session_dada51c3251e,user_037,developer,2026-06-19 09:31:03,2026-06-19 15:00:03,23,4,0,23,1,1,5,0,0,0.0,0.0,0,0,329.0,9.516666666666667,4,0,0,0.0,0.0,normal,0.3189,0.7043,1.0342,0.0,0.0,0.0,0.0,0.0,0.0,0.2286,5,0.3333,hybrid,10.8,11.49,22.13,22.13,20.0,0.0,14.15
session_2531688389d5,user_064,finance,2026-06-19 09:33:52,2026-06-19 15:00:52,23,7,0,23,1,1,3,5,4,156.363,23.56,0,0,327.0,9.55,4,0,0,0.0,6.798391304347826,normal,0.9749,0.9211,1.1991,0.0,0.0,0.0,0.0,2.1942,0.0,0.5877,5,0.3333,hybrid,25.46,28.94,35.41,34.15,60.0,14.17,31.41
session_81d797012199,user_020,finance,2026-06-19 09:34:57,2026-06-19 13:42:57,14,2,0,14,1,1,3,6,2,130.4,23.726,0,0,248.0,9.566666666666666,4,0,0,0.0,9.314285714285717,normal,0.6337,0.0927,0.2091,0.0,0.0,0.0,0.0,1.8745,0.0,0.3122,6,0.4,hybrid,14.45,14.11,20.77,21.14,20.0,0.0,15.83
session_d5051ca4e690,user_063,finance,2026-06-19 09:36:17,2026-06-19 13:56:17,17,4,0,17,1,1,3,5,2,30.943,7.303,0,0,260.0,9.6,4,0,0,0.0,1.8201764705882355,normal,0.5484,0.0899,0.2563,0.0,0.0,0.0,0.0,0.6851,0.0,0.1755,6,0.4,hybrid,8.4,10.19,18.94,18.87,20.0,0.0,12.13
session_8781f43e9264,user_067,analyst,2026-06-19 09:37:43,2026-06-19 11:42:43,11,5,0,11,1,1,4,1,0,9.709,9.709,0,0,125.0,9.616666666666667,4,0,0,0.0,0.8826363636363636,normal,0.2028,1.3991,0.9653,0.0,0.0,0.0,0.0,1.5325,0.0,0.4555,6,0.4,hybrid,20.37,24.39,25.32,25.0,20.0,0.74,21.36
session_537ff2be38b0,user_070,admin,2026-06-19 09:38:51,2026-06-19 13:03:51,17,4,0,17,1,1,5,0,0,0.0,0.0,4,0,205.0,9.633333333333333,4,0,0,0.0,0.0,normal,0.3643,0.7673,0.3537,0.0,0.0,0.0,0.0,0.0,1.7087,0.3549,8,0.5333,hybrid,16.26,15.96,19.46,19.54,0.0,0.0,14.57
session_8be20a98612a,user_049,analyst,2026-06-19 09:39:33,2026-06-19 15:13:33,19,6,0,19,1,1,4,5,0,17.996000000000002,4.778,0,0,334.0,9.65,4,0,0,0.0,0.9471578947368422,normal,0.8993,0.4136,0.2548,0.0,0.0,0.0,0.0,0.6213,0.0,0.2432,5,0.3333,hybrid,11.45,11.73,12.43,12.43,0.0,13.1,10.69
session_b3292883c2df,user_065,hr,2026-06-19 09:39:34,2026-06-19 13:43:34,13,4,0,13,1,1,3,1,0,10.092,10.092,0,0,244.0,9.65,4,0,0,0.0,0.7763076923076924,normal,0.3798,0.1615,0.3547,0.0,0.0,0.0,0.0,0.9903,0.0,0.2096,8,0.5333,hybrid,9.95,12.62,16.58,17.26,0.0,0.0,10.72
session_e1f72f0fa67b,user_031,developer,2026-06-19 09:41:46,2026-06-19 13:51:46,19,6,0,19,1,1,4,0,0,0.0,0.0,0,0,250.0,9.683333333333334,4,0,0,0.0,0.0,normal,0.312,0.3267,0.4047,0.0,0.0,0.0,1.0,0.0,0.0,0.227,6,0.4,hybrid,10.73,21.28,22.63,22.24,20.0,14.31,16.88
session_18eb183b6df3,user_041,finance,2026-06-19 09:48:28,2026-06-19 12:13:28,11,1,0,11,1,1,3,1,2,43.958,17.778,0,0,145.0,9.8,4,0,0,0.0,3.996181818181818,normal,0.4332,1.5929,0.6745,0.0,0.0,0.0,0.0,1.1079,0.0,0.4232,8,0.5333,hybrid,19.07,30.84,34.12,32.11,40.0,29.98,27.63
session_14c4ff12db06,user_027,developer,2026-06-19 09:48:53,2026-06-19 15:12:53,22,6,0,22,1,1,5,0,0,0.0,0.0,0,0,324.0,9.8,4,0,0,0.0,0.0,normal,1.4709,1.8734,2.7991,0.0,0.0,0.0,0.0,0.0,0.0,0.6826,6,0.4,hybrid,28.92,18.3,14.39,14.39,0.0,8.72,19.26
session_9312b28a5dce,user_004,developer,2026-06-19 09:50:05,2026-06-19 14:30:05,18,5,0,18,1,1,5,0,0,0.0,0.0,0,0,280.0,9.833333333333334,4,0,0,0.0,0.0,normal,0.3088,0.1575,0.1282,0.0,0.0,0.0,0.0,0.0,0.0,0.0661,6,0.4,hybrid,3.25,8.53,10.04,10.04,0.0,0.0,5.51
session_01545c7d7117,user_072,hr,2026-06-19 09:50:09,2026-06-19 16:27:09,24,8,0,24,1,1,3,4,0,62.03,25.825,0,0,397.0,9.833333333333334,4,0,0,0.0,2.584583333333333,normal,0.3192,1.0518,1.1017,0.0,0.0,0.0,0.0,0.8736,0.0,0.3718,7,0.4667,hybrid,16.96,19.23,19.14,19.36,0.0,0.0,15.44
session_62f68e209448,user_023,developer,2026-06-19 09:50:40,2026-06-19 14:44:40,23,2,0,23,1,1,5,0,0,0.0,0.0,0,0,294.0,9.833333333333334,4,0,0,0.0,0.0,normal,0.8545,0.4344,0.7494,0.0,0.0,0.0,0.0,0.0,0.0,0.2265,7,0.4667,hybrid,10.71,10.19,18.38,17.98,20.0,0.0,12.88
session_97d63b23bcdd,user_039,developer,2026-06-19 09:51:08,2026-06-19 15:08:08,23,5,0,23,1,1,5,0,0,0.0,0.0,0,0,317.0,9.85,4,0,0,0.0,0.0,normal,0.5639,0.4805,0.9539,0.0,0.0,0.0,0.0,0.0,0.0,0.222,6,0.4,hybrid,10.51,9.51,10.18,10.18,0.0,0.0,8.65
session_9eb978ec60ec,user_066,developer,2026-06-19 09:56:18,2026-06-19 13:57:18,18,4,0,18,1,1,5,0,0,0.0,0.0,0,0,241.0,9.933333333333334,4,0,0,0.0,0.0,normal,0.6725,0.2746,0.1349,0.0,0.0,0.0,0.0,0.0,0.0,0.1202,6,0.4,hybrid,5.83,11.44,11.59,11.59,0.0,0.0,7.52
session_9aad824dafcd,user_061,analyst,2026-06-19 09:56:59,2026-06-19 13:28:59,13,6,0,13,1,1,4,3,0,14.107,7.446,0,0,212.0,9.933333333333334,4,0,0,0.0,1.085153846153846,normal,0.4002,1.6618,2.8329,0.0,0.0,0.0,0.0,0.5653,0.0,0.6067,5,0.3333,hybrid,26.17,19.44,22.91,22.91,20.0,2.27,22.19
session_3974b4fe8805,user_051,analyst,2026-06-19 10:00:50,2026-06-19 14:53:50,17,3,0,17,1,1,4,4,0,31.382,9.84,0,0,293.0,10.0,4,0,0,0.0,1.846,normal,0.754,1.2914,0.2313,0.0,0.0,0.0,0.0,1.7419,0.0,0.4465,6,0.4,hybrid,20.01,24.89,24.99,24.16,20.0,6.88,21.49
session_b93b14bbf41d,user_054,developer,2026-06-19 10:07:42,2026-06-19 12:18:42,9,2,0,9,1,1,4,0,0,0.0,0.0,0,0,131.0,10.116666666666667,4,0,0,0.0,0.0,normal,0.4864,1.173,1.72,0.0,0.0,0.0,1.0,0.0,0.0,0.4866,6,0.4,hybrid,21.6,20.61,18.7,18.7,0.0,5.02,17.69
session_7fa613e14a09,user_048,developer,2026-06-19 10:09:00,2026-06-19 15:49:00,21,8,0,21,1,1,5,0,0,0.0,0.0,0,0,340.0,10.15,4,0,0,0.0,0.0,normal,0.7663,1.6655,2.0235,0.0,0.0,0.0,0.2698,0.0,0.0,0.525,6,0.4,hybrid,23.09,18.89,21.36,21.37,20.0,4.38,20.57
session_f1e058749d75,user_046,hr,2026-06-19 10:14:25,2026-06-19 16:26:25,19,5,0,19,1,1,3,6,0,42.707,10.554,0,0,372.0,10.233333333333333,4,0,0,0.0,2.247736842105263,normal,1.0599,1.1311,0.3372,0.0,0.0,0.0,0.0,0.3938,0.0,0.3247,4,0.2667,hybrid,14.99,15.25,15.81,15.81,0.0,0.0,13.0
session_d9bc4aaa1525,user_010,finance,2026-06-19 10:19:57,2026-06-19 12:25:57,10,4,0,10,1,1,3,1,1,11.106,5.833,0,0,126.0,10.316666666666666,4,0,0,0.0,1.1106,normal,1.3656,1.3107,0.978,0.0,0.0,0.0,0.0,1.7421,0.0,0.5996,8,0.5333,hybrid,25.9,25.14,21.9,20.59,0.0,26.94,22.08
session_aa621efd3aaf,user_038,developer,2026-06-19 10:20:10,2026-06-19 13:57:10,16,5,0,16,1,1,5,0,0,0.0,0.0,0,0,217.0,10.333333333333334,4,0,0,0.0,0.0,normal,1.6698,0.58,0.3035,0.0,0.0,0.0,0.0,0.0,0.0,0.2837,6,0.4,hybrid,13.22,12.15,11.95,11.95,0.0,0.0,10.71
session_3ef1e54165ba,user_053,hr,2026-06-19 10:20:42,2026-06-19 15:17:42,21,7,0,21,1,1,3,7,0,32.067,7.895,0,0,297.0,10.333333333333334,4,0,0,0.0,1.527,normal,0.8714,0.9915,0.4347,0.0,0.0,0.0,0.0,0.4884,0.0,0.3096,8,0.5333,hybrid,14.34,22.45,21.41,21.19,20.0,6.78,17.89
session_03a05a59360f,user_047,developer,2026-06-19 10:24:59,2026-06-19 16:12:59,22,7,0,22,1,1,5,0,0,0.0,0.0,0,0,348.0,10.4,4,0,0,0.0,0.0,normal,1.4075,0.8564,0.5246,0.0,0.0,0.0,0.0,0.0,0.0,0.3098,5,0.3333,hybrid,14.35,30.78,23.36,23.36,20.0,37.49,21.61
session_03ad733c341e,user_019,developer,2026-06-19 10:45:37,2026-06-19 17:30:37,23,8,0,23,1,1,5,0,0,0.0,0.0,0,0,405.0,10.75,4,0,0,0.0,0.0,normal,1.1025,1.3643,1.3939,0.0,0.0,0.0,0.0,0.0,0.0,0.429,7,0.4667,hybrid,19.31,16.45,15.8,15.52,0.0,6.95,15.28
session_2ff88c2c5a90,user_076,analyst,2026-06-19 10:48:24,2026-06-19 16:21:24,21,5,0,21,1,1,4,7,0,35.342,8.896,0,0,333.0,10.8,4,0,0,0.0,1.682952380952381,normal,1.2717,0.9818,0.6025,0.0,0.0,0.0,0.0,0.7131,0.0,0.3966,7,0.4667,hybrid,17.99,19.85,27.6,26.82,40.0,6.77,22.32
session_6270e0b80396,user_001,finance,2026-06-19 10:56:19,2026-06-19 15:12:19,22,7,0,22,1,1,3,6,3,123.923,29.135,0,0,256.0,10.933333333333334,4,0,0,0.0,5.632863636363637,normal,3.2008,0.1618,0.9365,0.0,0.0,0.0,0.0,1.6588,0.0,0.662,6,0.4,hybrid,28.18,22.27,21.36,21.36,20.0,0.0,23.06
session_45681b6b7103,user_079,developer,2026-06-19 11:00:14,2026-06-19 12:40:14,9,1,0,9,1,1,4,0,0,0.0,0.0,0,0,100.0,11.0,4,0,0,0.0,0.0,normal,0.9183,1.6787,1.675,0.0,0.0,0.0,1.0,0.0,0.0,0.5858,7,0.4667,hybrid,25.39,20.99,28.41,27.49,20.0,3.73,23.55
session_e7592fba8135,user_002,finance,2026-06-19 12:08:36,2026-06-19 18:34:36,25,6,0,25,1,1,3,3,2,42.698,12.108,0,0,386.0,12.133333333333333,4,0,0,0.0,1.70792,normal,3.3347,3.6098,2.4731,0.0,0.0,0.0,0.0,0.1283,0.0,1.0607,5,0.3333,hybrid,41.16,39.24,35.92,34.81,60.0,45.48,41.45
session_561877c2a4d4,user_029,admin,2026-06-20 07:58:16,2026-06-20 08:10:16,5,2,0,5,1,5,4,1,0,57.641,16.232,0,1,12.0,7.966666666666667,5,1,0,0.0,11.5282,device_spoofing,1.6525,2.0285,1.7267,0.0,0.0,4.0,1.0,57.641,2.698,2.5673,6,0.4,hybrid,72.3,42.79,30.48,30.48,20.0,65.54,50.37
session_b12a6a8ad109,user_043,hr,2026-06-20 08:17:50,2026-06-20 12:09:50,16,1,0,16,1,1,3,5,0,52.624,16.905,0,0,232.0,8.283333333333333,5,1,0,0.0,3.289,normal,0.9018,0.3292,0.4384,0.0,0.0,0.0,0.0,0.8102,0.0,0.2755,8,0.5333,hybrid,12.87,15.73,17.4,17.99,20.0,0.0,14.7
session_50f7b79e3eeb,user_038,developer,2026-06-20 08:21:48,2026-06-20 10:14:48,10,3,0,10,1,1,5,0,0,0.0,0.0,0,0,113.0,8.35,5,1,0,0.0,0.0,normal,1.0,1.7937,1.4539,0.0,0.0,0.0,0.0,0.0,0.0,0.472,7,0.4667,hybrid,21.02,16.59,14.06,13.97,0.0,18.28,16.15
session_4b8fa7d2611c,user_009,developer,2026-06-20 08:29:37,2026-06-20 14:03:37,24,9,0,24,1,1,5,0,0,0.0,0.0,0,0,334.0,8.483333333333333,5,1,0,0.0,0.0,normal,1.0246,0.9768,1.3265,0.0,0.0,0.0,0.0,0.0,0.0,0.3698,6,0.4,hybrid,16.88,16.0,12.01,12.01,0.0,11.32,13.52
session_718c4d5e04bb,user_042,developer,2026-06-20 08:33:19,2026-06-20 14:12:19,21,4,0,21,1,1,5,0,0,0.0,0.0,0,0,339.0,8.55,5,1,0,0.0,0.0,normal,0.7453,0.5629,0.4272,0.0,0.0,0.0,0.0,0.0,0.0,0.1928,7,0.4667,hybrid,9.19,19.46,25.95,24.35,40.0,17.19,18.76
session_c3c7e793804c,user_040,finance,2026-06-20 08:39:20,2026-06-20 10:58:20,13,4,0,13,1,1,3,2,2,59.497,20.168,0,0,139.0,8.65,5,1,0,0.0,4.576692307692308,normal,0.4503,1.0667,0.6199,0.0,0.0,0.0,0.0,0.767,0.0,0.3227,8,0.5333,hybrid,14.9,17.16,23.01,24.18,20.0,0.0,17.26
session_2082a8dfd555,user_050,developer,2026-06-20 08:39:38,2026-06-20 11:33:38,10,3,0,10,1,1,5,0,0,0.0,0.0,0,0,174.0,8.65,5,1,0,0.0,0.0,normal,1.0371,0.7979,1.0972,0.0,0.0,0.0,0.3597,0.0,0.0,0.3658,8,0.5333,hybrid,16.71,16.79,25.6,24.38,20.0,0.0,18.32
session_1ec486ad78f2,user_035,admin,2026-06-20 08:43:02,2026-06-20 13:46:02,19,2,0,19,1,1,5,0,0,0.0,0.0,3,0,303.0,8.716666666666667,5,1,0,0.0,0.0,normal,0.4614,1.2715,1.6637,0.0,0.0,0.0,0.0,0.0,0.8094,0.4673,6,0.4,hybrid,20.84,29.84,27.36,25.83,20.0,39.71,24.98
session_3c35b7d1514b,user_012,analyst,2026-06-20 08:44:17,2026-06-20 15:09:17,25,9,0,25,1,1,4,4,0,19.773,9.75,0,0,385.0,8.733333333333333,5,1,0,0.0,0.79092,normal,0.7875,0.8675,1.0542,0.0,0.0,0.0,0.0,0.4816,0.0,0.3545,8,0.5333,hybrid,16.24,15.82,16.28,16.68,0.0,0.0,13.77
session_f38515b62567,user_025,hr,2026-06-20 08:44:35,2026-06-20 13:22:35,18,6,0,18,1,1,3,4,0,8.364,2.431,0,0,278.0,8.733333333333333,5,1,0,0.0,0.4646666666666667,normal,0.8087,0.6109,0.7419,0.0,0.0,0.0,0.0,0.6988,0.0,0.3178,9,0.6,hybrid,14.69,30.82,34.27,31.1,60.0,9.81,26.78
session_1ad3074e690b,user_077,admin,2026-06-20 09:00:06,2026-06-20 13:44:06,19,5,0,19,1,1,4,0,0,0.0,0.0,2,0,284.0,9.0,5,1,0,0.0,0.0,normal,0.0933,0.409,0.4272,0.0,0.0,0.0,1.0,0.0,0.2761,0.2451,7,0.4667,hybrid,11.53,17.21,26.07,25.61,20.0,14.17,17.24
session_738908c639a3,user_061,analyst,2026-06-20 09:00:13,2026-06-20 09:21:13,8,3,0,8,1,8,4,2,0,76.322,18.207,0,1,21.0,9.0,5,1,0,0.0,9.54025,device_spoofing,1.0065,2.4377,1.7306,0.0,0.0,7.0,0.0,2.3721,0.0,1.6163,6,0.4,hybrid,55.43,38.79,31.09,30.13,40.0,37.52,43.48
session_08e2473b7160,user_045,admin,2026-06-20 09:00:35,2026-06-20 13:47:35,22,9,0,22,1,1,5,0,0,0.0,0.0,4,0,287.0,9.0,5,1,0,0.0,0.0,normal,0.5071,0.4732,0.6183,0.0,0.0,0.0,0.0,0.0,1.0342,0.2925,7,0.4667,hybrid,13.61,17.36,17.94,17.9,20.0,0.0,15.4
session_a0e90dc559d7,user_023,developer,2026-06-20 09:15:40,2026-06-20 13:48:40,17,3,0,17,1,1,5,0,0,0.0,0.0,0,0,273.0,9.25,5,1,0,0.0,0.0,normal,0.2112,0.5589,0.7262,0.0,0.0,0.0,0.0,0.0,0.0,0.1663,8,0.5333,hybrid,7.98,8.9,15.66,16.16,20.0,0.0,10.94
session_148920270bf7,user_033,developer,2026-06-20 09:18:46,2026-06-20 14:51:46,21,5,0,21,1,1,5,0,0,0.0,0.0,0,0,333.0,9.3,5,1,0,0.0,0.0,normal,0.6837,0.8213,1.0667,0.0,0.0,0.0,0.0,0.0,0.0,0.2857,7,0.4667,hybrid,13.31,14.55,13.19,13.39,0.0,2.31,11.67
session_5b33d5bef4af,user_053,hr,2026-06-20 09:24:04,2026-06-20 12:10:04,11,7,0,11,1,1,3,1,0,6.311,6.311,0,0,166.0,9.4,5,1,0,0.0,0.5737272727272728,normal,1.4646,3.6751,2.4282,0.0,0.0,0.0,0.0,1.7132,0.0,1.0312,9,0.6,hybrid,40.29,31.13,26.3,24.66,40.0,24.97,34.0
session_8ff03f8018e6,user_034,finance,2026-06-20 09:28:01,2026-06-20 13:27:01,15,5,0,15,1,1,3,5,0,38.213,12.696,0,0,239.0,9.466666666666669,5,1,0,0.0,2.547533333333333,normal,0.8589,1.487,0.6295,0.0,0.0,0.0,0.0,0.5011,0.0,0.3863,7,0.4667,hybrid,17.56,18.44,17.78,16.95,0.0,17.45,15.95
session_3b3c62b5e981,user_036,developer,2026-06-20 09:31:55,2026-06-20 12:53:55,18,7,0,18,1,1,4,0,0,0.0,0.0,0,0,202.0,9.516666666666667,5,1,0,0.0,0.0,normal,0.0664,0.3885,1.0117,0.0,0.0,0.0,1.0,0.0,0.0,0.2741,9,0.6,hybrid,12.81,14.84,22.39,21.97,40.0,0.0,17.65
session_b4665a2ecc35,user_041,finance,2026-06-20 09:32:37,2026-06-20 12:13:37,14,4,0,14,1,1,3,2,3,122.17,48.5,0,0,161.0,9.533333333333331,5,1,0,0.0,8.72642857142857,normal,0.3459,0.9782,0.2698,0.0,0.0,0.0,0.0,1.1846,0.0,0.3087,9,0.6,hybrid,14.3,22.28,29.92,29.14,40.0,0.0,21.58
session_9a003fccbbb3,user_060,developer,2026-06-20 09:34:12,2026-06-20 12:37:12,10,3,0,10,1,1,4,0,0,0.0,0.0,0,0,183.0,9.566666666666666,5,1,0,0.0,0.0,normal,0.5911,1.2049,1.7537,0.0,0.0,0.0,1.0,0.0,0.0,0.5055,6,0.4,hybrid,22.33,16.26,21.17,21.05,20.0,0.7,19.5
session_8f448bb4917e,user_072,hr,2026-06-20 09:43:24,2026-06-20 13:55:24,18,3,0,18,1,1,3,4,0,55.38,18.726,0,0,252.0,9.716666666666669,5,1,0,0.0,3.076666666666666,normal,0.3807,0.3188,0.7082,0.0,0.0,0.0,0.0,0.5949,0.0,0.2225,8,0.5333,hybrid,10.53,14.76,16.98,17.6,0.0,0.0,11.47
session_2854afd7af61,user_048,developer,2026-06-20 09:48:49,2026-06-20 16:07:49,23,6,0,23,1,1,5,0,0,0.0,0.0,0,0,379.0,9.8,5,1,0,0.0,0.0,normal,0.8378,1.7147,2.1809,0.0,0.0,0.0,0.0,0.0,0.0,0.5259,7,0.4667,hybrid,23.12,21.86,21.91,21.72,20.0,4.96,21.33
session_7dd78734afaa,user_068,developer,2026-06-20 10:07:59,2026-06-20 12:54:59,11,4,0,11,1,1,4,0,0,0.0,0.0,0,0,167.0,10.116666666666667,5,1,0,0.0,0.0,normal,2.142,0.7026,0.9967,0.0,0.0,0.0,1.0,0.0,0.0,0.5379,7,0.4667,hybrid,23.58,25.09,27.5,25.66,40.0,0.0,25.14
session_35f1bed8e14f,user_005,hr,2026-06-20 10:17:43,2026-06-20 12:30:43,10,3,0,10,1,1,3,4,0,11.941,5.921,0,0,133.0,10.283333333333331,5,1,0,0.0,1.1941000000000002,normal,0.7614,1.2199,1.1804,0.0,0.0,0.0,0.0,0.5503,0.0,0.4124,8,0.5333,hybrid,18.63,17.71,23.1,23.34,20.0,0.0,18.79
session_7708a1be3417,user_003,developer,2026-06-20 10:20:26,2026-06-20 15:19:26,18,4,0,18,1,1,5,0,0,0.0,0.0,0,0,299.0,10.333333333333334,5,1,0,0.0,0.0,normal,0.4473,0.808,0.5653,0.0,0.0,0.0,0.0,0.0,0.0,0.2023,8,0.5333,hybrid,9.62,24.94,32.53,30.55,40.0,2.45,20.89
session_fd102c59dafa,user_060,developer,2026-06-20 10:27:09,2026-06-20 12:39:09,12,4,0,12,1,1,5,0,0,61.639,13.402,0,0,132.0,10.45,5,1,0,0.0,5.136583333333333,normal,0.5871,2.0665,1.3265,0.0,0.0,0.0,0.0,31.0845,0.0,1.5533,7,0.4667,hybrid,54.01,36.57,29.4,27.64,40.0,32.6,41.72
session_c58514ed623f,user_028,developer,2026-06-20 10:39:42,2026-06-20 13:34:42,11,2,0,11,1,1,5,0,0,0.0,0.0,0,0,175.0,10.65,5,1,0,0.0,0.0,normal,1.9534,0.774,1.1879,0.0,0.0,0.0,0.0,0.0,0.0,0.435,6,0.4,hybrid,19.55,18.21,23.83,23.77,20.0,0.0,19.41
session_98e9d449aaf2,user_047,developer,2026-06-20 11:24:18,2026-06-20 12:09:18,4,0,0,4,1,1,1,3,0,51.625,23.949,0,0,45.0,11.4,5,1,0,0.0,12.90625,normal,2.1001,3.8398,3.5748,0.0,0.0,0.0,4.0,22.7658,0.0,2.6127,6,0.4,hybrid,72.92,52.3,36.69,34.38,40.0,80.97,56.62
session_5285ceced92f,user_079,developer,2026-06-20 12:11:17,2026-06-20 14:42:17,12,2,0,12,1,1,4,0,0,0.0,0.0,0,0,151.0,12.183333333333334,5,1,0,0.0,0.0,normal,2.0947,1.0034,0.7944,0.0,0.0,0.0,0.8264,0.0,0.0,0.5243,8,0.5333,hybrid,23.06,21.74,27.17,26.68,20.0,0.0,22.31
session_fb96bbd60138,user_074,finance,2026-06-20 14:27:30,2026-06-20 15:27:30,7,0,0,7,1,1,3,1,3,95.307,24.763,0,0,60.0,14.45,5,1,0,0.0,13.615285714285717,normal,9.7337,1.5005,1.304,0.0,0.0,0.0,0.0,10.6229,0.0,2.5042,6,0.4,hybrid,71.41,42.27,29.89,29.89,20.0,64.87,49.73
session_7c864d0ffeba,user_061,analyst,2026-06-20 23:11:30,2026-06-21 00:39:30,12,6,0,12,1,1,4,1,0,126.829,18.513,0,0,88.0,23.183333333333334,5,1,1,0.0,10.569083333333332,normal,19.5983,1.8459,1.0985,0.0,0.0,0.0,0.0,4.6957,0.0,1.96,6,0.4,hybrid,62.47,54.07,39.88,36.6,60.0,60.45,54.47
session_6515db5a418e,user_068,developer,2026-06-21 00:13:48,2026-06-21 00:23:48,6,1,0,6,1,1,6,0,0,0.0,0.0,1,1,10.0,0.2166666666666666,6,1,1,0.0,0.0,lateral_movement,34.7121,2.1784,1.34,0.0,0.0,0.0,1.5459,0.0,1.0,1.7849,8,0.5333,hybrid,59.03,39.92,35.15,31.23,60.0,0.0,45.99
session_d8ed7a80c714,user_012,analyst,2026-06-21 07:24:19,2026-06-21 09:30:19,10,4,0,10,1,1,4,2,0,6.946,4.317,0,0,126.0,7.4,6,1,0,0.0,0.6946,normal,2.8416,1.7314,1.1871,0.0,0.0,0.0,0.0,0.9409,0.0,0.7446,9,0.6,hybrid,31.09,23.72,19.92,19.3,0.0,12.22,22.71
session_475d9111862a,user_042,developer,2026-06-21 07:46:41,2026-06-21 09:54:41,9,2,0,9,1,1,5,0,0,0.0,0.0,0,0,128.0,7.766666666666667,6,1,0,0.0,0.0,normal,1.1659,3.8582,3.2615,0.0,0.0,0.0,0.0,0.0,0.0,0.9206,8,0.5333,hybrid,36.89,27.62,29.11,26.63,60.0,10.89,33.85
session_40089bfdf069,user_073,hr,2026-06-21 08:13:05,2026-06-21 13:18:05,19,7,0,19,1,1,3,3,0,21.596000000000004,9.211,0,0,305.0,8.216666666666667,6,1,0,0.0,1.1366315789473689,normal,0.7569,0.2823,0.2563,0.0,0.0,0.0,0.0,0.2799,0.0,0.175,6,0.4,hybrid,8.38,11.86,12.02,12.02,0.0,4.04,8.93
session_da153af33f7b,user_011,analyst,2026-06-21 08:38:22,2026-06-21 11:19:22,9,1,0,9,1,1,4,1,0,16.385,16.385,0,0,161.0,8.633333333333333,6,1,0,0.0,1.820555555555556,normal,0.8474,0.9048,1.0792,0.0,0.0,0.0,0.0,0.5918,0.0,0.3804,4,0.2667,hybrid,17.32,19.8,18.08,18.08,0.0,42.55,17.54
session_318b1f1c7b44,user_045,admin,2026-06-21 08:39:12,2026-06-21 13:40:12,16,4,0,16,1,1,5,0,0,0.0,0.0,4,0,301.0,8.65,6,1,0,0.0,0.0,normal,0.2571,0.3618,0.6595,0.0,0.0,0.0,0.0,0.0,0.9893,0.252,8,0.5333,hybrid,11.84,13.69,15.82,16.69,0.0,0.0,11.52
session_494ac7a9852d,user_020,finance,2026-06-21 08:40:11,2026-06-21 13:00:11,21,6,0,21,1,1,3,5,2,120.009,26.566,0,0,260.0,8.666666666666666,6,1,0,0.0,5.714714285714286,normal,0.9115,0.1714,1.4839,0.0,0.0,0.0,0.0,1.3576,0.0,0.436,7,0.4667,hybrid,19.59,17.51,20.34,20.83,20.0,0.0,18.47
session_8d2f8c72503d,user_037,developer,2026-06-21 08:46:26,2026-06-21 13:24:26,19,2,0,19,1,1,5,0,0,0.0,0.0,0,0,278.0,8.766666666666667,6,1,0,0.0,0.0,normal,0.9016,0.1495,0.1619,0.0,0.0,0.0,0.0,0.0,0.0,0.1348,6,0.4,hybrid,6.52,8.31,17.89,18.66,20.0,0.0,10.82
session_455c55bde0d8,user_028,developer,2026-06-21 09:02:01,2026-06-21 12:11:01,14,5,0,14,1,1,5,0,0,0.0,0.0,0,0,189.0,9.033333333333331,6,1,0,0.0,0.0,normal,0.4743,0.5532,0.3417,0.0,0.0,0.0,0.0,0.0,0.0,0.1521,7,0.4667,hybrid,7.32,13.47,19.69,20.48,20.0,0.0,12.62
session_fb51d0deaafb,user_034,finance,2026-06-21 09:02:31,2026-06-21 13:51:31,18,3,0,18,1,1,3,2,6,49.165,9.201,0,0,289.0,9.033333333333331,6,1,0,0.0,2.7313888888888886,normal,0.3834,1.7711,1.0275,0.0,0.0,0.0,0.0,0.4544,0.0,0.404,8,0.5333,hybrid,18.29,17.07,18.35,17.22,0.0,7.74,15.59
session_7747b63dc1ba,user_050,developer,2026-06-21 09:04:13,2026-06-21 12:28:13,15,6,0,15,1,1,5,0,0,0.0,0.0,0,0,204.0,9.066666666666666,6,1,0,0.0,0.0,normal,0.9968,0.4174,0.1079,0.0,0.0,0.0,0.0,0.0,0.0,0.1691,9,0.6,hybrid,8.11,12.04,21.09,21.67,20.0,0.0,12.98
session_7e0eae24217c,user_023,developer,2026-06-21 09:08:01,2026-06-21 09:36:01,2,2,0,2,2,2,1,0,0,0.0,0.0,0,1,28.0,9.133333333333333,6,1,0,0.0,0.0,impossible_travel,0.2016,4.5172,3.4624,0.0,1.0,1.0,4.0,0.0,0.0,1.5757,9,0.6,hybrid,54.52,31.7,24.91,22.55,40.0,7.01,38.49
session_1f9a481d9b91,user_070,admin,2026-06-21 09:12:53,2026-06-21 11:30:53,13,4,0,13,1,1,5,0,0,0.0,0.0,4,0,138.0,9.2,6,1,0,0.0,0.0,normal,0.5446,1.5321,1.0117,0.0,0.0,0.0,0.0,0.0,0.8094,0.4331,9,0.6,hybrid,19.47,17.15,19.1,19.53,0.0,0.0,16.04
session_fd40dcf64677,user_009,developer,2026-06-21 09:17:26,2026-06-21 09:18:46,4,4,3,4,1,1,1,0,0,0.0,0.0,0,0,1.3333333333333333,9.283333333333331,6,1,0,0.75,0.0,normal,0.159,4.2899,3.3999,0.75,0.0,0.0,4.0,0.0,0.0,1.3999,7,0.4667,hybrid,50.34,34.08,21.88,20.53,20.0,51.95,36.88
session_568ed16fe01b,user_009,developer,2026-06-21 09:21:52,2026-06-21 15:34:52,23,6,0,23,1,1,5,0,0,0.0,0.0,0,0,373.0,9.35,6,1,0,0.0,0.0,normal,0.1925,1.4295,1.0252,0.0,0.0,0.0,0.0,0.0,0.0,0.2941,8,0.5333,hybrid,13.67,26.43,21.13,19.16,20.0,42.22,19.95
session_97152e4e2c6a,user_002,finance,2026-06-21 09:24:00,2026-06-21 12:07:00,10,5,0,10,1,1,3,0,1,14.975,14.975,0,0,163.0,9.4,6,1,0,0.0,1.4975,normal,0.4377,0.6492,0.7757,0.0,0.0,0.0,0.0,0.9663,0.0,0.3143,6,0.4,hybrid,14.54,29.31,31.71,30.76,60.0,8.29,25.93
session_a78978b18123,user_005,hr,2026-06-21 09:27:44,2026-06-21 15:36:44,20,7,0,20,1,1,3,3,0,7.093,2.972,0,0,369.0,9.45,6,1,0,0.0,0.35465,normal,0.2952,1.616,1.6188,0.0,0.0,0.0,0.0,0.6035,0.0,0.4593,9,0.6,hybrid,20.52,19.66,22.15,22.87,20.0,0.0,19.75
session_7cc6a31e3503,user_024,hr,2026-06-21 09:27:47,2026-06-21 13:17:47,18,4,0,18,1,1,3,6,0,122.29,26.099,0,0,230.0,9.45,6,1,0,0.0,6.793888888888889,normal,0.6793,0.2581,0.5096,0.0,0.0,0.0,0.0,1.7232,0.0,0.3522,7,0.4667,hybrid,16.15,17.2,19.02,19.32,0.0,0.0,14.68
session_193a8f4cae07,user_074,finance,2026-06-21 09:33:16,2026-06-21 15:50:16,23,8,0,23,1,1,3,4,4,27.596,5.751,0,0,377.0,9.55,6,1,0,0.0,1.1998260869565218,normal,0.9842,1.0042,1.0342,0.0,0.0,0.0,0.0,0.4548,0.0,0.3864,7,0.4667,hybrid,17.57,34.21,28.43,27.15,20.0,25.2,24.11
session_0e3f542eebee,user_014,hr,2026-06-21 09:35:48,2026-06-21 13:11:48,13,5,0,13,1,1,3,1,0,14.262,14.262,0,0,216.0,9.583333333333334,6,1,0,0.0,1.097076923076923,normal,0.281,0.4953,0.6745,0.0,0.0,0.0,0.0,0.5534,0.0,0.2227,4,0.2667,hybrid,10.54,12.73,14.81,14.81,20.0,0.0,12.46
session_2329a63d2833,user_062,hr,2026-06-21 09:54:25,2026-06-21 13:26:25,13,5,0,13,1,1,3,3,0,53.85,19.375,0,0,212.0,9.9,6,1,0,0.0,4.142307692307693,normal,0.6239,1.7015,1.0942,0.0,0.0,0.0,0.0,0.8083,0.0,0.4698,7,0.4667,hybrid,20.94,21.28,19.54,19.27,0.0,3.75,17.68
session_3e97772a726d,user_076,analyst,2026-06-21 10:01:51,2026-06-21 16:04:51,24,5,0,24,1,1,4,9,0,44.594,6.75,0,0,363.0,10.016666666666667,6,1,0,0.0,1.8580833333333333,normal,0.7219,1.0488,1.0402,0.0,0.0,0.0,0.0,0.7608,0.0,0.3969,8,0.5333,hybrid,18.0,16.69,25.37,25.35,40.0,0.0,20.88
session_cf8c5c7bcef5,user_056,hr,2026-06-21 10:12:55,2026-06-21 12:04:55,9,3,0,9,1,1,3,2,0,43.049,24.155,0,0,112.0,10.2,6,1,0,0.0,4.783222222222222,normal,1.3734,1.5338,1.2441,0.0,0.0,0.0,0.0,1.0029,0.0,0.5727,7,0.4667,hybrid,24.9,28.43,27.18,27.3,20.0,17.55,25.33
session_cf4cb58f2e8b,user_036,developer,2026-06-21 10:17:06,2026-06-21 14:52:06,17,2,0,17,1,1,5,0,0,0.0,0.0,0,0,275.0,10.283333333333331,6,1,0,0.0,0.0,normal,1.643,0.8606,0.4497,0.0,0.0,0.0,0.0,0.0,0.0,0.3281,10,0.6667,hybrid,15.13,15.39,19.88,20.92,40.0,0.0,18.2
session_e53ca849d2ab,user_052,finance,2026-06-21 10:30:05,2026-06-21 17:09:05,25,5,0,25,1,1,3,6,3,58.595,10.299,0,0,399.0,10.5,6,1,0,0.0,2.3438,normal,2.1771,1.4742,1.5176,0.0,0.0,0.0,0.0,0.7485,0.0,0.6575,5,0.3333,hybrid,28.02,20.07,22.49,22.49,20.0,15.79,23.63
session_15aff96c756b,user_060,developer,2026-06-21 10:31:34,2026-06-21 14:40:34,15,7,0,15,1,1,5,0,0,0.0,0.0,0,0,249.0,10.516666666666667,6,1,0,0.0,0.0,normal,0.543,0.3108,0.2287,0.0,0.0,0.0,0.0,0.0,0.0,0.1203,8,0.5333,hybrid,5.84,24.64,24.32,23.67,40.0,0.0,17.28
session_6563e6f749b0,user_046,hr,2026-06-21 10:56:00,2026-06-21 14:50:00,17,10,0,17,1,1,3,2,0,12.585,6.727,0,0,234.0,10.933333333333334,6,1,0,0.0,0.7402941176470589,normal,1.5398,0.605,0.5621,0.0,0.0,0.0,0.0,0.6249,0.0,0.3702,5,0.3333,hybrid,16.9,15.62,16.12,16.12,0.0,0.0,13.91
session_82ba5377cb74,user_061,analyst,2026-06-21 10:59:18,2026-06-21 17:00:18,24,6,0,24,1,1,4,8,0,58.69,16.468,0,0,361.0,10.983333333333333,6,1,0,0.0,2.4454166666666666,normal,1.75,0.5216,0.8184,0.0,0.0,0.0,0.0,1.391,0.0,0.4979,7,0.4667,hybrid,22.04,41.08,36.93,33.95,60.0,10.65,32.5
session_9686a82896a3,user_071,analyst,2026-06-22 04:41:59,2026-06-22 04:41:59,1,1,0,1,1,1,1,0,0,0.0,0.0,0,1,0.0,4.683333333333334,0,0,1,0.0,0.0,credential_stuffing,5.5861,2.3385,2.1644,0.0,0.0,0.0,3.0,1.3259,0.0,1.6017,6,0.4,hybrid,55.11,39.95,30.91,30.91,20.0,20.49,40.78
session_79f9e949c124,user_049,analyst,2026-06-22 04:42:19,2026-06-22 04:42:19,1,1,1,1,1,1,1,0,0,0.0,0.0,0,1,0.0,4.7,0,0,1,1.0,0.0,credential_stuffing,6.7579,3.6859,3.2915,1.0,0.0,0.0,3.0,1.5062,0.0,2.1379,6,0.4,hybrid,65.66,38.42,25.74,25.74,20.0,66.39,45.7
session_3ba243c7f6c9,user_017,admin,2026-06-22 04:42:39,2026-06-22 04:42:39,1,1,1,1,1,1,1,0,0,0.0,0.0,0,1,0.0,4.7,0,0,1,1.0,0.0,credential_stuffing,7.4565,2.7935,3.3949,1.0,0.0,0.0,4.0,0.0,1.7087,2.2615,7,0.4667,hybrid,67.72,41.91,37.09,34.79,40.0,13.28,49.18
session_2773bb19bffc,user_068,developer,2026-06-22 04:42:59,2026-06-22 04:42:59,1,1,1,1,1,1,1,0,0,0.0,0.0,0,1,0.0,4.7,0,0,1,1.0,0.0,credential_stuffing,17.6498,2.2772,2.1264,1.0,0.0,0.0,4.3848,0.0,0.0,2.1987,8,0.5333,hybrid,66.69,56.95,43.03,36.68,60.0,77.89,58.08
session_f6b037c69620,user_045,admin,2026-06-22 04:43:19,2026-06-22 04:43:19,1,1,1,1,1,1,1,0,0,0.0,0.0,0,1,0.0,4.716666666666667,0,0,1,1.0,0.0,credential_stuffing,5.6843,2.4063,3.0352,1.0,0.0,0.0,4.0,0.0,2.4282,2.0616,9,0.6,hybrid,64.33,38.38,27.67,25.35,20.0,52.71,44.73
session_18c4ca079a13,user_030,hr,2026-06-22 04:43:39,2026-06-22 04:43:39,1,1,1,1,1,1,1,0,0,0.0,0.0,0,1,0.0,4.716666666666667,0,0,1,1.0,0.0,credential_stuffing,12.8783,4.7374,3.4774,1.0,0.0,0.0,2.0,1.1209,0.0,2.4817,8,0.5333,hybrid,71.09,47.46,37.39,34.31,40.0,50.66,53.5
session_ed089813f09e,user_022,developer,2026-06-22 04:43:59,2026-06-22 04:43:59,1,1,1,1,1,1,1,0,0,0.0,0.0,0,1,0.0,4.716666666666667,0,0,1,1.0,0.0,credential_stuffing,5.4543,3.0915,2.8816,1.0,0.0,0.0,4.0,0.0,0.0,1.8253,9,0.6,hybrid,59.85,36.54,31.21,27.01,40.0,35.03,44.38
session_b49c31b7b7ba,user_032,hr,2026-06-22 04:44:19,2026-06-22 04:44:19,1,1,1,1,1,1,1,0,0,0.0,0.0,0,1,0.0,4.733333333333333,0,0,1,1.0,0.0,credential_stuffing,5.8304,2.8491,2.8553,1.0,0.0,0.0,2.0,1.7429,0.0,1.8086,7,0.4667,hybrid,59.52,39.52,27.0,25.21,20.0,53.48,42.96
session_d0f6d97f80ff,user_028,developer,2026-06-22 04:44:39,2026-06-22 04:44:39,1,1,1,1,1,1,1,0,0,0.0,0.0,0,1,0.0,4.733333333333333,0,0,1,1.0,0.0,credential_stuffing,7.5844,3.2955,2.5581,1.0,0.0,0.0,4.0,0.0,0.0,2.0487,8,0.5333,hybrid,64.1,37.75,30.3,28.41,40.0,15.16,45.33
session_5c3b9b6eb72c,user_011,analyst,2026-06-22 04:44:59,2026-06-22 04:44:59,1,1,0,1,1,1,1,0,0,0.0,0.0,0,1,0.0,4.733333333333333,0,0,1,0.0,0.0,credential_stuffing,8.24,2.8353,2.5631,0.0,0.0,0.0,3.0,1.1896,0.0,1.9809,5,0.3333,hybrid,62.86,40.89,30.87,30.87,20.0,92.34,47.66
session_a5ffa2ce3a0c,user_022,developer,2026-06-22 07:16:30,2026-06-22 13:32:30,23,7,0,23,1,1,5,0,0,0.0,0.0,0,0,376.0,7.266666666666667,0,0,0,0.0,0.0,normal,1.9192,1.0017,0.6632,0.0,0.0,0.0,0.0,0.0,0.0,0.3982,9,0.6,hybrid,18.05,30.84,28.79,25.63,40.0,0.0,24.27
session_37d6344bcf0b,user_069,hr,2026-06-22 07:21:39,2026-06-22 09:19:39,9,2,0,9,1,1,3,1,0,14.857,14.857,0,0,118.0,7.35,0,0,0,0.0,1.6507777777777777,normal,2.4924,1.8437,1.286,0.0,0.0,0.0,0.0,2.1691,0.0,0.8657,7,0.4667,hybrid,35.13,26.1,22.43,21.51,20.0,15.38,27.56
session_677f364228bb,user_006,analyst,2026-06-22 07:35:43,2026-06-22 09:19:43,9,2,0,9,1,1,4,1,0,12.833,12.833,0,0,104.0,7.583333333333333,0,0,0,0.0,1.425888888888889,normal,2.7879,3.986,1.4412,0.0,0.0,0.0,0.0,1.3611,0.0,1.064,7,0.4667,hybrid,41.26,29.36,24.6,23.36,20.0,28.44,31.82
session_63230bcd1b56,user_021,finance,2026-06-22 07:36:38,2026-06-22 10:02:38,11,7,0,11,1,1,3,0,1,3.204,3.204,0,0,146.0,7.6,0,0,0,0.0,0.2912727272727273,normal,2.4652,1.0021,1.1755,0.0,0.0,0.0,0.0,1.4595,0.0,0.678,6,0.4,hybrid,28.75,19.9,30.07,29.1,40.0,0.0,26.9
session_0063af28046f,user_029,admin,2026-06-22 07:42:22,2026-06-22 10:08:22,11,2,0,11,1,1,4,0,0,0.0,0.0,1,0,146.0,7.7,0,0,0,0.0,0.0,normal,2.4712,0.6761,0.6947,0.0,0.0,0.0,1.0,0.0,2.1584,0.7778,6,0.4,hybrid,32.22,42.04,32.56,30.87,20.0,40.24,33.28
session_67594baa8aa2,user_058,hr,2026-06-22 07:43:26,2026-06-22 11:30:26,13,4,0,13,1,1,3,4,0,50.333,15.332,0,0,227.0,7.716666666666667,0,0,0,0.0,3.871769230769231,normal,1.2164,0.39,0.7794,0.0,0.0,0.0,0.0,0.5286,0.0,0.3238,7,0.4667,hybrid,14.95,16.58,15.61,15.14,0.0,1.77,13.24
session_aefe74400c2b,user_009,developer,2026-06-22 07:46:15,2026-06-22 13:17:15,21,7,0,21,1,1,5,0,0,0.0,0.0,0,0,331.0,7.766666666666667,0,0,0,0.0,0.0,normal,2.1698,0.676,0.4856,0.0,0.0,0.0,0.0,0.0,0.0,0.3702,9,0.6,hybrid,16.9,21.4,21.12,18.75,20.0,33.63,19.76
session_20edc718f67c,user_006,analyst,2026-06-22 07:47:38,2026-06-22 09:17:38,7,0,0,7,1,1,1,3,0,76.529,22.99,0,0,90.0,7.783333333333333,0,0,0,0.0,10.932714285714283,normal,2.1642,1.7031,1.6573,0.0,0.0,0.0,3.0,1.0734,0.0,1.0664,8,0.5333,hybrid,41.33,36.79,29.49,26.95,40.0,37.26,36.87
session_751ce59aa9d6,user_007,developer,2026-06-22 07:48:49,2026-06-22 12:28:49,16,4,0,16,1,1,5,0,0,0.0,0.0,0,0,280.0,7.8,0,0,0,0.0,0.0,normal,1.2494,0.7243,0.4896,0.0,0.0,0.0,0.0,0.0,0.0,0.2737,8,0.5333,hybrid,12.79,22.75,23.54,22.44,20.0,18.45,18.36
session_f60698a9338d,user_045,admin,2026-06-22 07:53:59,2026-06-22 10:58:59,11,1,0,11,1,1,5,0,0,0.0,0.0,1,0,185.0,7.883333333333333,0,0,0,0.0,0.0,normal,1.2346,0.739,1.349,0.0,0.0,0.0,0.0,0.0,1.4839,0.5341,9,0.6,hybrid,23.44,35.13,27.93,25.03,20.0,38.94,27.04
session_5a425204dee7,user_077,admin,2026-06-22 08:01:31,2026-06-22 10:52:31,11,3,0,11,1,1,4,0,0,0.0,0.0,1,0,171.0,8.016666666666667,0,0,0,0.0,0.0,normal,1.8731,1.2454,1.1129,0.0,0.0,0.0,1.0,0.0,0.6745,0.6562,8,0.5333,hybrid,27.97,20.64,26.9,26.04,20.0,0.0,23.95
session_ce5f4797ad38,user_074,finance,2026-06-22 08:02:14,2026-06-22 11:03:14,14,5,0,14,1,1,3,1,1,9.662,6.222,0,0,181.0,8.033333333333333,0,0,0,0.0,0.6901428571428572,normal,1.2091,0.5313,0.3185,0.0,0.0,0.0,0.0,2.8027,0.0,0.5402,8,0.5333,hybrid,23.67,29.59,27.87,26.45,20.0,22.59,25.34
session_b09e034e75af,user_008,developer,2026-06-22 08:08:48,2026-06-22 11:15:48,10,2,0,10,1,1,5,0,0,0.0,0.0,0,0,187.0,8.133333333333333,0,0,0,0.0,0.0,normal,2.2753,0.6012,1.0492,0.0,0.0,0.0,0.0,0.0,0.0,0.4362,7,0.4667,hybrid,19.6,27.54,24.63,23.86,20.0,31.72,23.01
session_e58efe101f52,user_040,finance,2026-06-22 08:09:04,2026-06-22 10:48:04,11,2,0,11,1,1,3,2,3,72.793,19.719,0,0,159.0,8.15,0,0,0,0.0,6.617545454545455,normal,1.0927,0.7488,0.7757,0.0,0.0,0.0,0.0,0.7227,0.0,0.3711,9,0.6,hybrid,16.94,16.97,20.76,22.97,20.0,0.0,17.58
session_57083fa909e5,user_064,finance,2026-06-22 08:12:13,2026-06-22 10:55:13,12,3,0,12,1,1,3,4,0,46.319,15.614,0,0,163.0,8.2,0,0,0,0.0,3.859916666666667,normal,0.9636,0.7915,0.7232,0.0,0.0,0.0,0.0,0.924,0.0,0.378,6,0.4,hybrid,17.22,20.35,31.22,30.76,60.0,0.0,24.72
session_693d344bc98a,user_032,hr,2026-06-22 08:12:43,2026-06-22 12:46:43,16,3,0,16,1,1,3,3,0,12.414,5.635,0,0,274.0,8.2,0,0,0,0.0,0.775875,normal,0.8163,0.1888,0.326,0.0,0.0,0.0,0.0,0.7615,0.0,0.2325,7,0.4667,hybrid,10.97,28.44,24.33,22.36,20.0,36.38,19.78
session_f1b032f6512e,user_043,hr,2026-06-22 08:15:10,2026-06-22 12:15:10,20,6,0,20,1,1,3,4,0,27.782,7.269,0,0,240.0,8.25,0,0,0,0.0,1.3891,normal,0.8018,0.3377,1.4164,0.0,0.0,0.0,0.0,0.1442,0.0,0.3,9,0.6,hybrid,13.93,14.43,16.23,17.25,20.0,0.0,14.62
session_d6755175b0c4,user_042,developer,2026-06-22 08:16:39,2026-06-22 14:22:39,20,7,0,20,1,1,5,0,0,0.0,0.0,0,0,366.0,8.266666666666667,0,0,0,0.0,0.0,normal,0.5497,0.8836,0.1799,0.0,0.0,0.0,0.0,0.0,0.0,0.1792,9,0.6,hybrid,8.57,18.11,24.25,23.62,60.0,0.0,19.05
session_1ab8eaf4bcc6,user_015,finance,2026-06-22 08:28:17,2026-06-22 11:17:17,12,5,0,12,1,1,3,2,3,16.955,4.265,0,0,169.0,8.466666666666667,0,0,0,0.0,1.4129166666666666,normal,2.638,0.4037,0.4272,0.0,0.0,0.0,0.0,0.6418,0.0,0.4567,7,0.4667,hybrid,20.42,18.43,24.64,24.31,20.0,0.0,19.98
session_3016ab952875,user_016,developer,2026-06-22 08:28:44,2026-06-22 12:14:44,16,5,0,16,1,1,5,0,0,0.0,0.0,0,0,226.0,8.466666666666667,0,0,0,0.0,0.0,normal,1.1072,0.4628,0.2473,0.0,0.0,0.0,0.0,0.0,0.0,0.2019,7,0.4667,hybrid,9.6,9.88,16.48,16.88,20.0,0.0,11.98
session_2d47e2639d44,user_038,developer,2026-06-22 08:30:47,2026-06-22 13:19:47,17,7,0,17,1,1,5,0,0,0.0,0.0,0,0,289.0,8.5,0,0,0,0.0,0.0,normal,0.7347,0.5886,0.06,0.0,0.0,0.0,0.0,0.0,0.0,0.1537,8,0.5333,hybrid,7.4,12.91,12.85,12.65,0.0,5.58,9.01
session_b92fb997e706,user_014,hr,2026-06-22 08:36:31,2026-06-22 09:06:31,3,0,0,3,1,1,1,2,0,75.063,28.569,0,0,30.0,8.6,0,0,0,0.0,25.021,normal,1.0017,1.8935,2.1359,0.0,0.0,0.0,2.0,12.6422,0.0,1.8923,5,0.3333,hybrid,61.18,37.12,28.06,28.06,40.0,28.8,44.35
session_5acf3c0b2046,user_073,hr,2026-06-22 08:37:06,2026-06-22 15:12:06,24,4,0,24,1,1,3,11,0,85.672,17.805,0,0,395.0,8.616666666666667,0,0,0,0.0,3.5696666666666665,normal,1.1,1.3273,1.4164,0.0,0.0,0.0,0.0,2.7462,0.0,0.7322,7,0.4667,hybrid,30.66,21.09,16.78,16.16,0.0,7.85,21.01
session_c8ed5a482270,user_024,hr,2026-06-22 08:37:43,2026-06-22 14:19:43,20,5,0,20,1,1,3,4,0,68.29599999999999,24.673,0,0,342.0,8.616666666666667,0,0,0,0.0,3.4148,normal,0.5841,1.2578,0.8116,0.0,0.0,0.0,0.0,1.1472,0.0,0.4223,8,0.5333,hybrid,19.03,17.7,18.7,19.26,0.0,0.0,15.88
session_159b2c7500da,user_023,developer,2026-06-22 08:43:05,2026-06-22 13:01:05,15,6,0,15,1,1,5,0,0,0.0,0.0,0,0,258.0,8.716666666666667,0,0,0,0.0,0.0,normal,0.8219,0.6126,0.9443,0.0,0.0,0.0,0.0,0.0,0.0,0.2643,9,0.6,hybrid,12.38,25.69,21.95,20.99,40.0,0.0,19.48
session_3c6d4fdf7cc5,user_044,developer,2026-06-22 08:45:56,2026-06-22 12:42:56,14,6,0,14,1,1,5,0,0,0.0,0.0,0,0,237.0,8.75,0,0,0,0.0,0.0,normal,0.378,0.4812,1.6188,0.0,0.0,0.0,0.0,0.0,0.0,0.2753,9,0.6,hybrid,12.86,11.74,13.48,13.69,0.0,0.0,10.88
session_298e7485ffc3,user_041,finance,2026-06-22 08:47:06,2026-06-22 12:47:06,14,4,0,14,1,1,3,2,4,159.024,42.162,0,0,240.0,8.783333333333333,0,0,0,0.0,11.358857142857143,normal,1.3818,0.6509,0.281,0.0,0.0,0.0,0.0,1.9198,0.0,0.4704,10,0.6667,hybrid,20.96,18.42,27.59,27.88,40.0,0.0,22.99
session_ffbaf92024ec,user_017,admin,2026-06-22 08:52:37,2026-06-22 13:53:37,17,3,0,17,1,1,5,0,0,0.0,0.0,1,0,301.0,8.866666666666667,0,0,0,0.0,0.0,normal,0.9079,1.3054,0.6263,0.0,0.0,0.0,0.0,0.0,0.6745,0.3905,7,0.4667,hybrid,17.74,33.97,32.58,31.69,40.0,0.0,25.94
session_54ea7ad249ba,user_070,admin,2026-06-22 09:00:15,2026-06-22 13:06:15,19,3,0,19,1,1,4,0,0,0.0,0.0,2,0,246.0,9.0,0,0,0,0.0,0.0,normal,0.6783,0.0833,0.4684,0.0,0.0,0.0,1.0,0.0,0.4497,0.2977,10,0.6667,hybrid,13.83,16.12,17.47,18.58,0.0,0.0,13.23
session_2a76cd9c29a1,user_039,developer,2026-06-22 09:01:20,2026-06-22 15:07:20,23,3,0,23,1,1,5,0,0,0.0,0.0,0,0,366.0,9.016666666666667,0,0,0,0.0,0.0,normal,0.7235,0.9966,0.8544,0.0,0.0,0.0,0.0,0.0,0.0,0.2861,7,0.4667,hybrid,13.33,12.0,10.76,10.88,0.0,0.0,10.43
session_f6edd7ba57fa,user_012,analyst,2026-06-22 09:04:50,2026-06-22 16:02:50,25,8,0,25,1,1,4,6,0,26.965000000000003,8.012,0,0,418.0,9.066666666666666,0,0,0,0.0,1.0786000000000002,normal,0.2748,0.9995,0.8544,0.0,0.0,0.0,0.0,0.1982,0.0,0.2585,10,0.6667,hybrid,12.12,19.13,18.28,18.1,0.0,9.27,13.69
session_9fa881a0412d,user_014,hr,2026-06-22 09:05:03,2026-06-22 11:18:03,10,4,0,10,1,1,3,1,0,11.1,11.1,0,0,133.0,9.083333333333334,0,0,0,0.0,1.11,normal,0.2304,0.8378,0.7818,0.0,0.0,0.0,0.0,2.2656,0.0,0.4573,6,0.4,hybrid,20.44,32.37,26.15,26.15,40.0,12.41,25.81
session_2898ae8ace93,user_075,developer,2026-06-22 09:11:24,2026-06-22 13:01:24,17,5,0,17,1,1,5,0,0,0.0,0.0,0,0,230.0,9.183333333333334,0,0,0,0.0,0.0,normal,0.3148,0.8771,0.2998,0.0,0.0,0.0,0.0,0.0,0.0,0.1657,5,0.3333,hybrid,7.95,10.29,10.86,10.86,0.0,0.0,7.95
session_e3368b116f90,user_025,hr,2026-06-22 09:12:06,2026-06-22 13:20:06,15,4,0,15,1,1,3,4,0,7.046,2.147,0,0,248.0,9.2,0,0,0,0.0,0.4697333333333333,normal,0.3271,0.3477,0.3694,0.0,0.0,0.0,0.0,0.4151,0.0,0.1621,10,0.6667,hybrid,7.79,17.7,27.89,27.51,60.0,0.0,19.59
session_583a7c116e97,user_034,finance,2026-06-22 09:14:48,2026-06-22 15:09:48,25,4,0,25,1,1,3,7,3,75.535,11.195,0,0,355.0,9.233333333333333,0,0,0,0.0,3.0214,normal,0.631,2.3086,1.7874,0.0,0.0,0.0,0.0,1.2877,0.0,0.6683,9,0.6,hybrid,28.41,23.23,21.05,19.25,0.0,15.31,21.86
session_e980c85e8b11,user_013,hr,2026-06-22 09:15:13,2026-06-22 15:39:13,25,8,0,25,1,1,3,7,0,32.113,7.261,0,0,384.0,9.25,0,0,0,0.0,1.28452,normal,0.2963,1.5022,1.8211,0.0,0.0,0.0,0.0,1.003,0.0,0.5136,7,0.4667,hybrid,22.65,18.13,15.41,14.68,0.0,15.8,17.26
session_bfd25b4558ac,user_036,developer,2026-06-22 09:18:48,2026-06-22 15:51:48,25,5,0,25,1,1,5,0,0,0.0,0.0,0,0,393.0,9.3,0,0,0,0.0,0.0,normal,0.4154,2.1911,2.0085,0.0,0.0,0.0,0.0,0.0,0.0,0.5128,11,0.7333,hybrid,22.62,18.49,18.96,21.16,20.0,0.0,19.7
session_de2fd90defd9,user_018,developer,2026-06-22 09:28:13,2026-06-22 13:09:13,15,4,0,15,1,1,5,0,0,0.0,0.0,0,0,221.0,9.466666666666669,0,0,0,0.0,0.0,normal,0.2863,0.2721,0.3372,0.0,0.0,0.0,0.0,0.0,0.0,0.0995,7,0.4667,hybrid,4.85,11.5,12.67,13.44,0.0,0.0,7.49
session_307cd124055e,user_054,developer,2026-06-22 09:28:55,2026-06-22 15:26:55,24,5,0,24,1,1,5,0,0,0.0,0.0,0,0,358.0,9.466666666666669,0,0,0,0.0,0.0,normal,2.5181,5.7345,2.5181,0.0,0.0,0.0,0.0,0.0,0.0,1.1967,7,0.4667,hybrid,45.03,33.17,25.41,24.55,20.0,38.52,34.84
session_dbf319a966ff,user_065,hr,2026-06-22 09:29:13,2026-06-22 11:54:13,9,3,0,9,1,1,3,3,0,53.482,33.05,0,0,145.0,9.483333333333333,0,0,0,0.0,5.942444444444444,normal,0.2623,0.8434,0.9443,0.0,0.0,0.0,0.0,0.7775,0.0,0.3142,9,0.6,hybrid,14.54,12.44,15.79,16.77,0.0,0.0,12.35
session_c741dd930535,user_072,hr,2026-06-22 09:31:19,2026-06-22 13:00:19,10,2,0,10,1,1,3,3,0,50.219,21.025,0,0,209.0,9.516666666666667,0,0,0,0.0,5.0219,normal,0.6429,0.4166,2.698,0.0,0.0,0.0,0.0,0.4208,0.0,0.4643,9,0.6,hybrid,20.72,16.7,17.79,18.16,0.0,0.0,16.11
session_7d738f67414c,user_056,hr,2026-06-22 09:31:22,2026-06-22 16:01:22,23,6,0,23,1,1,3,3,0,94.673,50.176,0,0,390.0,9.516666666666667,0,0,0,0.0,4.116217391304348,normal,0.4503,1.5569,1.4485,0.0,0.0,0.0,0.0,1.1034,0.0,0.5066,8,0.5333,hybrid,22.38,22.54,26.42,26.31,20.0,13.86,22.74
session_c0c5ddcae694,user_078,developer,2026-06-22 09:32:47,2026-06-22 12:29:47,12,2,0,12,1,1,5,0,0,0.0,0.0,0,0,177.0,9.533333333333331,0,0,0,0.0,0.0,normal,0.2293,1.0915,0.7644,0.0,0.0,0.0,0.0,0.0,0.0,0.2317,7,0.4667,hybrid,10.94,13.68,12.87,13.16,0.0,0.0,10.36
session_011452352ea1,user_067,analyst,2026-06-22 09:33:29,2026-06-22 12:31:29,11,5,0,11,1,1,4,2,0,27.492,14.259,0,0,178.0,9.55,0,0,0,0.0,2.499272727272728,normal,0.1329,0.6682,0.7464,0.0,0.0,0.0,0.0,0.375,0.0,0.2136,7,0.4667,hybrid,10.13,13.75,21.54,22.02,20.0,0.0,14.24
session_5d7b8eb16abf,user_035,admin,2026-06-22 09:39:55,2026-06-22 13:44:55,16,2,0,16,1,1,5,0,0,0.0,0.0,5,0,245.0,9.65,0,0,0,0.0,0.0,normal,1.5569,0.3839,0.6295,0.0,0.0,0.0,0.0,0.0,2.0235,0.5104,7,0.4667,hybrid,22.52,22.04,27.15,25.17,20.0,26.9,23.35
session_00abae5435e7,user_049,analyst,2026-06-22 09:43:40,2026-06-22 15:25:40,22,3,0,22,1,1,4,7,0,31.956,6.127,0,0,342.0,9.716666666666669,0,0,0,0.0,1.4525454545454546,normal,0.9553,0.3393,0.6745,0.0,0.0,0.0,0.0,0.4395,0.0,0.2676,6,0.4,hybrid,12.52,30.06,24.09,22.8,20.0,32.05,20.52
session_c8e5e704d04a,user_037,developer,2026-06-22 09:46:31,2026-06-22 17:26:31,24,7,0,24,1,1,5,0,0,0.0,0.0,0,0,460.0,9.766666666666667,0,0,0,0.0,0.0,normal,0.3355,2.2023,1.023,0.0,0.0,0.0,0.0,0.0,0.0,0.3956,7,0.4667,hybrid,17.95,12.95,16.72,18.52,20.0,0.0,16.13
session_173286f976e0,user_033,developer,2026-06-22 09:47:55,2026-06-22 16:00:55,22,6,0,22,1,1,5,0,0,0.0,0.0,0,0,373.0,9.783333333333331,0,0,0,0.0,0.0,normal,0.2986,1.2733,0.993,0.0,0.0,0.0,0.0,0.0,0.0,0.285,8,0.5333,hybrid,13.28,13.73,13.27,13.36,0.0,12.17,11.99
session_b694f5050aca,user_005,hr,2026-06-22 09:50:59,2026-06-22 14:36:59,18,3,0,18,1,1,3,5,0,16.782,5.206,0,0,286.0,9.833333333333334,0,0,0,0.0,0.9323333333333332,normal,0.2224,0.5707,0.7307,0.0,0.0,0.0,0.0,1.1361,0.0,0.2955,10,0.6667,hybrid,13.74,16.81,19.32,21.46,20.0,0.0,15.9
session_dd6ae7946a49,user_052,finance,2026-06-22 09:51:53,2026-06-22 14:21:53,19,5,0,19,1,1,3,4,3,56.427,13.045,0,0,270.0,9.85,0,0,0,0.0,2.969842105263158,normal,0.8125,0.2303,0.4347,0.0,0.0,0.0,0.0,0.5379,0.0,0.2239,6,0.4,hybrid,10.59,17.07,19.91,19.85,20.0,0.0,14.62
session_1785d6c9df70,user_001,finance,2026-06-22 09:52:04,2026-06-22 13:49:04,13,4,0,13,1,1,3,1,3,53.262,20.645,0,0,237.0,9.866666666666667,0,0,0,0.0,4.097076923076923,normal,1.1466,0.1126,0.4047,0.0,0.0,0.0,0.0,0.3785,0.0,0.2269,7,0.4667,hybrid,10.73,16.28,18.58,18.99,20.0,0.0,14.23
session_e82acb6111a4,user_047,developer,2026-06-22 09:54:21,2026-06-22 14:51:21,20,6,0,20,1,1,5,0,0,0.0,0.0,0,0,297.0,9.9,0,0,0,0.0,0.0,normal,0.4301,0.2527,0.3747,0.0,0.0,0.0,0.0,0.0,0.0,0.1175,7,0.4667,hybrid,5.71,29.55,30.97,28.64,40.0,40.15,21.71
session_30456ec8b6a4,user_030,hr,2026-06-22 10:00:05,2026-06-22 12:32:05,10,2,0,10,1,1,3,3,0,41.783,17.038,0,0,152.0,10.0,0,0,0,0.0,4.1783,normal,1.3939,2.3173,1.69,0.0,0.0,0.0,0.0,0.4235,0.0,0.6472,8,0.5333,hybrid,27.65,40.43,36.22,33.1,40.0,36.94,33.74
session_3d9a8777261e,user_071,analyst,2026-06-22 10:01:42,2026-06-22 12:37:42,10,3,0,10,1,1,4,2,0,24.615,13.537,0,0,156.0,10.016666666666667,0,0,0,0.0,2.4615,normal,0.4213,0.9663,0.8963,0.0,0.0,0.0,0.0,0.6496,0.0,0.3259,6,0.4,hybrid,15.04,31.01,27.45,27.38,20.0,11.86,21.67
session_3f331cbe028b,user_004,developer,2026-06-22 10:02:42,2026-06-22 15:49:42,20,1,0,20,1,1,5,0,0,0.0,0.0,0,0,347.0,10.033333333333331,0,0,0,0.0,0.0,normal,0.5958,0.762,0.4272,0.0,0.0,0.0,0.0,0.0,0.0,0.1983,7,0.4667,hybrid,9.44,7.55,9.63,9.9,0.0,0.0,7.72
session_dd02c16f8088,user_061,analyst,2026-06-22 10:04:59,2026-06-22 16:12:59,23,5,0,23,1,1,4,5,0,21.353,6.992,0,0,368.0,10.066666666666666,0,0,0,0.0,0.928391304347826,normal,0.3331,0.5491,0.5833,0.0,0.0,0.0,0.0,0.316,0.0,0.1979,8,0.5333,hybrid,9.42,22.47,30.32,29.86,40.0,18.09,20.7
session_4a23ff8e4a78,user_055,analyst,2026-06-22 10:05:20,2026-06-22 12:35:20,10,2,0,10,1,1,4,2,0,23.715000000000003,16.251,0,0,150.0,10.083333333333334,0,0,0,0.0,2.3715,normal,0.3327,1.7087,3.3365,0.0,0.0,0.0,0.0,1.3526,0.0,0.7478,7,0.4667,hybrid,31.2,22.45,19.68,19.6,0.0,6.93,22.23
session_1992d9b2edab,user_051,analyst,2026-06-22 10:05:56,2026-06-22 14:44:56,14,5,0,14,1,1,4,4,0,30.062,15.449,0,0,279.0,10.083333333333334,0,0,0,0.0,2.1472857142857142,normal,0.6817,0.8676,0.3732,0.0,0.0,0.0,0.0,1.1139,0.0,0.3374,7,0.4667,hybrid,15.52,16.83,22.8,22.44,20.0,2.66,17.37
session_3e96b5f52e29,user_002,finance,2026-06-22 10:06:03,2026-06-22 12:00:03,9,4,0,9,1,1,3,1,2,22.606,10.349,0,0,114.0,10.1,0,0,0,0.0,2.511777777777778,normal,0.607,1.5471,0.9593,0.0,0.0,0.0,0.0,0.6802,0.0,0.4215,7,0.4667,hybrid,19.0,21.21,28.74,28.62,60.0,0.0,25.02
session_62c25b9e4181,user_066,developer,2026-06-22 10:06:26,2026-06-22 12:40:26,11,1,0,11,1,1,5,0,0,0.0,0.0,0,0,154.0,10.1,0,0,0,0.0,0.0,normal,0.7829,1.1066,1.274,0.0,0.0,0.0,0.0,0.0,0.0,0.3515,7,0.4667,hybrid,16.12,13.66,12.72,12.6,0.0,0.0,12.35
session_1165135ba127,user_055,analyst,2026-06-22 10:07:20,2026-06-22 10:28:20,2,2,0,2,2,2,1,0,0,0.0,0.0,0,1,21.0,10.116666666666667,0,0,0,0.0,0.0,impossible_travel,0.3108,2.9177,4.9013,0.0,1.0,1.0,3.0,1.859,0.0,1.6654,8,0.5333,hybrid,56.51,40.82,29.06,26.99,20.0,38.44,41.75
session_ea5ec99dc573,user_053,hr,2026-06-22 10:11:22,2026-06-22 15:03:22,17,3,0,17,1,1,3,2,0,9.772,6.228,0,0,292.0,10.183333333333334,0,0,0,0.0,0.5748235294117647,normal,0.687,0.6743,0.8993,0.0,0.0,0.0,0.0,1.3709,0.0,0.4035,10,0.6667,hybrid,18.27,24.96,24.91,23.6,40.0,14.83,23.14
session_3ec766428108,user_031,developer,2026-06-22 10:16:59,2026-06-22 14:44:59,14,3,0,14,1,1,5,0,0,0.0,0.0,0,0,268.0,10.266666666666667,0,0,0,0.0,0.0,normal,1.2153,0.0831,1.2141,0.0,0.0,0.0,0.0,0.0,0.0,0.2792,7,0.4667,hybrid,13.03,12.12,20.59,20.4,20.0,0.0,14.76
session_35d5089715d3,user_079,developer,2026-06-22 10:19:00,2026-06-22 13:30:00,11,3,0,11,1,1,5,0,0,0.0,0.0,0,0,191.0,10.316666666666666,0,0,0,0.0,0.0,normal,0.8246,0.5922,0.9106,0.0,0.0,0.0,0.6,0.0,0.0,0.3253,9,0.6,hybrid,15.01,19.42,23.61,24.74,20.0,0.0,17.9
session_7aced9345a14,user_028,developer,2026-06-22 10:21:27,2026-06-22 12:53:27,9,3,0,9,1,1,4,0,0,0.0,0.0,0,0,152.0,10.35,0,0,0,0.0,0.0,normal,1.6827,1.0493,1.2462,0.0,0.0,0.0,1.0,0.0,0.0,0.5531,8,0.5333,hybrid,24.16,34.67,29.15,27.7,40.0,0.0,27.74
session_c87020e5d8c0,user_027,developer,2026-06-22 10:21:59,2026-06-22 12:42:59,9,4,0,9,1,1,3,0,0,0.0,0.0,0,0,141.0,10.35,0,0,0,0.0,0.0,normal,1.956,1.5055,1.5064,0.0,0.0,0.0,2.0,0.0,0.0,0.7742,7,0.4667,hybrid,32.1,27.05,19.03,18.32,0.0,36.82,24.78
session_133e7d279d09,user_076,analyst,2026-06-22 10:25:00,2026-06-22 16:40:00,23,9,0,23,1,1,4,6,0,26.656,6.842,0,0,375.0,10.416666666666666,0,0,0,0.0,1.1589565217391304,normal,0.5366,0.936,0.8094,0.0,0.0,0.0,0.0,0.2937,0.0,0.2862,9,0.6,hybrid,13.33,15.66,21.94,23.5,40.0,0.0,18.11
session_e02d2d88e402,user_046,hr,2026-06-22 10:28:48,2026-06-22 10:43:48,6,4,0,6,1,6,3,0,0,50.426,15.527,0,1,15.0,10.466666666666669,0,0,0,0.0,8.404333333333334,device_spoofing,0.8373,2.5279,1.6862,0.0,0.0,5.0,0.0,1.0513,0.0,1.2336,6,0.4,hybrid,46.03,31.15,23.6,23.6,20.0,27.71,33.93
session_55aaeec4a4bc,user_060,developer,2026-06-22 10:35:22,2026-06-22 15:55:22,19,6,0,19,1,1,5,0,0,0.0,0.0,0,0,320.0,10.583333333333334,0,0,0,0.0,0.0,normal,0.5104,1.7847,0.6595,0.0,0.0,0.0,0.0,0.0,0.0,0.3283,9,0.6,hybrid,15.14,18.52,21.95,22.25,40.0,0.0,19.28
session_8917661144b4,user_019,developer,2026-06-22 10:41:34,2026-06-22 14:05:34,15,4,0,15,1,1,4,0,0,0.0,0.0,0,0,204.0,10.683333333333334,0,0,0,0.0,0.0,normal,0.9118,0.8947,1.4764,0.0,0.0,0.0,1.0,0.0,0.0,0.4759,8,0.5333,hybrid,21.18,18.27,17.32,16.65,0.0,17.5,17.26
session_8b1a79e3b4c8,user_048,developer,2026-06-22 10:43:04,2026-06-22 13:43:04,12,2,0,12,1,1,5,0,0,0.0,0.0,0,0,180.0,10.716666666666669,0,0,0,0.0,0.0,normal,2.3411,0.5086,0.5134,0.0,0.0,0.0,0.0,0.0,0.0,0.3737,8,0.5333,hybrid,17.04,20.08,20.82,20.87,20.0,0.0,18.04
session_efcabad4c579,user_046,hr,2026-06-22 10:52:08,2026-06-22 15:20:08,23,8,0,23,1,1,3,5,0,45.642,13.486,0,0,268.0,10.866666666666667,0,0,0,0.0,1.984434782608696,normal,1.2821,0.4399,1.1804,0.0,0.0,0.0,0.0,0.8376,0.0,0.4156,6,0.4,hybrid,18.76,27.54,23.08,22.53,20.0,24.39,21.95
session_d1b11da32f2d,user_068,developer,2026-06-22 10:59:00,2026-06-22 14:25:00,14,1,0,14,1,1,5,0,0,0.0,0.0,0,0,206.0,10.983333333333333,0,0,0,0.0,0.0,normal,6.2384,0.2431,0.308,0.0,0.0,0.0,0.3597,0.0,0.0,0.7944,8,0.5333,hybrid,32.78,48.46,42.42,36.12,60.0,37.19,40.64
session_b01653b7ca81,user_003,developer,2026-06-22 11:09:38,2026-06-22 14:40:38,14,3,0,14,1,1,5,0,0,0.0,0.0,0,0,211.0,11.15,0,0,0,0.0,0.0,normal,1.3225,0.3513,0.3035,0.0,0.0,0.0,0.0,0.0,0.0,0.2197,9,0.6,hybrid,10.4,12.32,27.06,27.19,40.0,0.0,17.4
session_0dca22b4a1ae,user_063,finance,2026-06-22 11:29:42,2026-06-22 17:10:42,24,5,0,24,1,1,3,4,4,45.468,8.933,0,0,341.0,11.483333333333333,0,0,0,0.0,1.8945,normal,3.0563,2.099,3.0127,0.0,0.0,0.0,0.0,0.0718,0.0,0.9155,7,0.4667,hybrid,36.73,23.49,23.25,22.44,40.0,3.13,29.28
session_672cccae5ada,user_026,analyst,2026-06-22 23:30:15,2026-06-22 23:39:35,32,32,32,32,4,1,1,0,0,0.0,0.0,0,1,9.333333333333334,23.5,0,0,1,1.0,0.0,brute_force,20.5822,2.909,5.3809,1.0,3.0,0.0,3.0,1.7125,0.0,3.0003,8,0.5333,hybrid,77.69,48.97,31.39,27.85,20.0,85.55,54.64
session_24075c799d7a,user_078,developer,2026-06-23 01:20:10,2026-06-23 01:20:10,1,1,1,1,1,1,1,0,0,0.0,0.0,0,1,0.0,1.3333333333333333,1,0,1,1.0,0.0,credential_stuffing,9.1224,3.2918,5.5758,1.0,0.0,0.0,4.0,0.0,0.0,2.5544,8,0.5333,hybrid,72.12,42.86,27.51,24.95,20.0,71.58,49.62
session_3b6c7f364943,user_008,developer,2026-06-23 01:20:30,2026-06-23 01:20:30,1,1,1,1,1,1,1,0,0,0.0,0.0,0,1,0.0,1.3333333333333333,1,0,1,1.0,0.0,credential_stuffing,12.7686,2.0008,2.0556,1.0,0.0,0.0,3.4866,0.0,0.0,2.0603,8,0.5333,hybrid,64.3,42.2,35.34,31.95,40.0,65.88,49.95
session_e9427fb3fdca,user_050,developer,2026-06-23 01:20:50,2026-06-23 01:20:50,1,1,1,1,1,1,1,0,0,0.0,0.0,0,1,0.0,1.3333333333333333,1,0,1,1.0,0.0,credential_stuffing,10.2736,3.0348,2.4731,1.0,0.0,0.0,4.0,0.0,0.0,2.2787,10,0.6667,hybrid,68.0,39.49,31.9,28.79,40.0,4.77,47.0
session_db1d6ee06a3c,user_077,admin,2026-06-23 01:21:10,2026-06-23 01:21:10,1,1,1,1,1,1,1,0,0,0.0,0.0,0,1,0.0,1.35,1,0,1,1.0,0.0,credential_stuffing,13.5826,3.3338,2.6305,1.0,0.0,0.0,4.0,0.0,0.9334,2.4331,9,0.6,hybrid,70.37,46.43,37.65,33.43,40.0,15.89,51.22
session_051122366a2e,user_007,developer,2026-06-23 01:21:30,2026-06-23 01:21:30,1,1,1,1,1,1,1,0,0,0.0,0.0,0,1,0.0,1.35,1,0,1,1.0,0.0,credential_stuffing,11.4731,2.2583,2.2123,1.0,0.0,0.0,3.5243,0.0,0.0,2.1105,9,0.6,hybrid,65.19,39.84,34.41,30.21,40.0,45.98,48.53
session_90a15261e934,user_062,hr,2026-06-23 01:21:50,2026-06-23 01:21:50,1,1,1,1,1,1,1,0,0,0.0,0.0,0,1,0.0,1.35,1,0,1,1.0,0.0,credential_stuffing,8.1858,5.3231,3.1091,1.0,0.0,0.0,2.0,1.7415,0.0,2.3733,8,0.5333,hybrid,69.48,45.17,32.12,29.31,20.0,56.52,49.4
session_8b4eaf8bd61f,user_079,developer,2026-06-23 01:22:10,2026-06-23 01:22:10,1,1,1,1,1,1,1,0,0,0.0,0.0,0,1,0.0,1.3666666666666667,1,0,1,1.0,0.0,credential_stuffing,9.5775,2.2564,2.2483,1.0,0.0,0.0,4.481,0.0,0.0,2.1737,10,0.6667,hybrid,66.27,41.98,33.15,31.13,40.0,0.0,46.99
session_64925dea1554,user_003,developer,2026-06-23 01:22:30,2026-06-23 01:22:30,1,1,0,1,1,1,1,0,0,0.0,0.0,0,1,0.0,1.3666666666666667,1,0,1,0.0,0.0,credential_stuffing,10.3703,1.9178,2.3045,0.0,0.0,0.0,4.0,0.0,0.0,2.0247,10,0.6667,hybrid,63.66,36.9,35.17,32.8,60.0,0.0,47.4
session_ae95927a6663,user_017,admin,2026-06-23 01:22:50,2026-06-23 01:22:50,1,1,1,1,1,1,1,0,0,0.0,0.0,0,1,0.0,1.3666666666666667,1,0,1,1.0,0.0,credential_stuffing,15.4604,2.2861,3.1229,1.0,0.0,0.0,4.0,0.0,1.349,2.4176,8,0.5333,hybrid,70.14,52.27,41.65,38.1,60.0,14.31,55.29
session_91482b960b28,user_038,developer,2026-06-23 01:30:50,2026-06-23 01:39:42,33,33,33,33,4,1,1,0,0,0.0,0.0,0,1,8.866666666666667,1.5,1,0,1,1.0,0.0,brute_force,10.1438,3.1506,3.2376,1.0,3.0,0.0,4.0,0.0,0.0,2.7098,9,0.6,hybrid,74.2,43.07,28.33,23.84,20.0,63.2,50.09
session_169e86c7659c,user_053,hr,2026-06-23 01:55:05,2026-06-23 02:05:05,6,1,0,6,1,1,6,0,0,0.0,0.0,1,1,10.0,1.9166666666666663,1,0,1,0.0,0.0,lateral_movement,14.9295,4.5485,4.2043,0.0,0.0,0.0,3.0,2.0281,1.0,2.7534,11,0.7333,hybrid,74.76,50.18,37.75,31.47,60.0,61.51,57.82
session_e546bbbc6d1c,user_069,hr,2026-06-23 07:32:06,2026-06-23 12:59:06,19,6,0,19,1,1,3,1,0,15.46,15.46,0,0,327.0,7.533333333333333,1,0,0,0.0,0.8136842105263158,normal,1.4838,0.6414,0.2473,0.0,0.0,0.0,0.0,1.5074,0.0,0.4311,8,0.5333,hybrid,19.39,24.65,22.05,21.08,20.0,5.47,20.38
session_3218ed79543a,user_012,analyst,2026-06-23 07:34:26,2026-06-23 14:09:26,23,8,0,23,1,1,4,6,0,26.046,7.224,0,0,395.0,7.566666666666666,1,0,0,0.0,1.1324347826086956,normal,2.8038,0.6162,0.5126,0.0,0.0,0.0,0.0,0.065,0.0,0.4442,11,0.7333,hybrid,19.92,19.18,18.92,18.38,0.0,2.92,16.62
session_67a428142440,user_050,developer,2026-06-23 07:39:49,2026-06-23 12:45:49,16,5,0,16,1,1,4,0,0,0.0,0.0,0,0,306.0,7.65,1,0,0,0.0,0.0,normal,1.3265,1.0161,0.1686,0.0,0.0,0.0,1.0,0.0,0.0,0.3901,10,0.6667,hybrid,17.72,32.88,28.48,27.21,40.0,0.0,24.66
session_1da9fb216863,user_044,developer,2026-06-23 07:53:58,2026-06-23 11:44:58,14,2,0,14,1,1,4,0,0,0.0,0.0,0,0,231.0,7.883333333333333,1,0,0,0.0,0.0,normal,1.7781,0.5888,1.2178,0.0,0.0,0.0,1.0,0.0,0.0,0.5094,10,0.6667,hybrid,22.49,17.46,15.53,15.16,0.0,0.0,16.33
session_a506d90deb59,user_031,developer,2026-06-23 08:00:15,2026-06-23 13:34:15,25,7,0,25,1,1,5,0,0,0.0,0.0,0,0,334.0,8.0,1,0,0,0.0,0.0,normal,2.1063,0.647,1.289,0.0,0.0,0.0,0.0,0.0,0.0,0.4491,8,0.5333,hybrid,20.11,16.19,20.39,20.35,20.0,0.0,18.38
session_9757b93023da,user_058,hr,2026-06-23 08:03:34,2026-06-23 12:27:34,16,3,0,16,1,1,3,2,0,21.254,14.208,0,0,264.0,8.05,1,0,0,0.0,1.328375,normal,0.6974,0.2353,0.1386,0.0,0.0,0.0,0.0,0.6861,0.0,0.1953,8,0.5333,hybrid,9.3,13.26,14.07,13.97,0.0,0.0,9.88
session_aa23e05b44f6,user_029,admin,2026-06-23 08:06:44,2026-06-23 13:20:44,17,3,0,17,1,1,5,0,0,0.0,0.0,1,0,314.0,8.1,1,0,0,0.0,0.0,normal,0.9218,1.2084,0.326,0.0,0.0,0.0,0.0,0.0,0.9893,0.3828,7,0.4667,hybrid,17.42,31.5,29.78,28.18,20.0,22.3,23.67
session_04c253309e38,user_050,developer,2026-06-23 08:08:34,2026-06-23 08:39:34,2,2,0,2,2,2,1,0,0,0.0,0.0,0,1,31.0,8.133333333333333,1,0,0,0.0,0.0,impossible_travel,0.4944,2.2187,2.282,0.0,1.0,1.0,4.0,0.0,0.0,1.2217,11,0.7333,hybrid,45.71,40.1,32.12,29.68,40.0,46.5,40.41
session_d5ab04ca4bf1,user_040,finance,2026-06-23 08:10:12,2026-06-23 13:58:12,25,7,0,25,1,1,3,4,2,113.83,25.121,0,0,348.0,8.166666666666666,1,0,0,0.0,4.5532,normal,0.9282,1.0028,1.6862,0.0,0.0,0.0,0.0,0.8906,0.0,0.5009,10,0.6667,hybrid,22.15,19.21,20.2,22.85,20.0,0.0,20.02
session_c95ac7ad6422,user_042,developer,2026-06-23 08:10:21,2026-06-23 10:34:21,10,3,0,10,1,1,4,0,0,0.0,0.0,0,0,144.0,8.166666666666666,1,0,0,0.0,0.0,normal,0.475,2.9736,3.3912,0.0,0.0,0.0,1.0,0.0,0.0,0.8711,10,0.6667,hybrid,35.31,26.66,26.09,25.42,80.0,0.0,33.91
session_b5695a211518,user_064,finance,2026-06-23 08:17:15,2026-06-23 11:07:15,11,5,0,11,1,1,3,1,2,42.363,21.405,0,0,170.0,8.283333333333333,1,0,0,0.0,3.851181818181818,normal,0.6544,0.5649,0.5696,0.0,0.0,0.0,0.0,0.7593,0.0,0.2831,7,0.4667,hybrid,13.2,16.58,25.84,27.57,40.0,0.0,19.23
session_4fe662c5d785,user_021,finance,2026-06-23 08:18:07,2026-06-23 10:32:07,11,3,0,11,1,1,3,1,4,21.23,6.667,0,0,134.0,8.3,1,0,0,0.0,1.93,normal,0.8869,1.0044,0.9263,0.0,0.0,0.0,0.0,0.6317,0.0,0.3833,7,0.4667,hybrid,17.44,20.14,26.36,26.98,40.0,0.0,21.66
session_8239debc7ae8,user_016,developer,2026-06-23 08:18:09,2026-06-23 12:36:09,14,1,0,14,1,1,5,0,0,0.0,0.0,0,0,258.0,8.3,1,0,0,0.0,0.0,normal,1.351,0.1004,0.5958,0.0,0.0,0.0,0.0,0.0,0.0,0.2275,8,0.5333,hybrid,10.75,10.13,14.68,15.77,20.0,0.0,12.11
session_939d43801bb1,user_043,hr,2026-06-23 08:25:11,2026-06-23 11:50:11,16,8,0,16,1,1,3,5,0,62.524,17.906,0,0,205.0,8.416666666666666,1,0,0,0.0,3.90775,normal,0.4649,0.6786,0.4159,0.0,0.0,0.0,0.0,1.1837,0.0,0.3048,10,0.6667,hybrid,14.14,13.86,15.56,16.73,20.0,0.0,14.43
session_2411ff6571a8,user_007,developer,2026-06-23 08:26:47,2026-06-23 14:03:47,22,4,0,22,1,1,5,0,0,0.0,0.0,0,0,337.0,8.433333333333334,1,0,0,0.0,0.0,normal,0.7995,1.0471,0.9038,0.0,0.0,0.0,0.0,0.0,0.0,0.3056,9,0.6,hybrid,14.17,30.95,30.5,27.54,40.0,15.28,23.95
session_e95b5cd69758,user_070,admin,2026-06-23 08:27:07,2026-06-23 13:44:07,22,4,0,22,1,1,5,0,0,0.0,0.0,3,0,317.0,8.45,1,0,0,0.0,0.0,normal,1.064,0.8917,1.5449,0.0,0.0,0.0,0.0,0.0,0.1799,0.4089,11,0.7333,hybrid,18.49,17.1,17.47,18.57,0.0,0.0,15.29
session_6793300464a2,user_055,analyst,2026-06-23 08:28:56,2026-06-23 14:15:56,20,5,0,20,1,1,4,6,0,108.223,32.467,0,0,347.0,8.466666666666667,1,0,0,0.0,5.41115,normal,1.9414,0.6832,0.5486,0.0,0.0,0.0,0.0,2.2562,0.0,0.6033,8,0.5333,hybrid,26.04,37.06,29.27,26.81,20.0,40.59,28.93
session_7a49851df724,user_018,developer,2026-06-23 08:32:53,2026-06-23 08:41:53,4,3,0,4,1,4,3,1,0,43.568,17.729,0,1,9.0,8.533333333333333,1,0,0,0.0,10.892,device_spoofing,0.7581,2.6175,1.9223,0.0,0.0,3.0,2.0,24.7142,0.0,2.2553,8,0.5333,hybrid,67.62,38.63,26.11,24.28,20.0,57.51,45.99
session_b246a1b42dac,user_045,admin,2026-06-23 08:35:03,2026-06-23 13:11:03,19,2,0,19,1,1,5,0,0,0.0,0.0,3,0,276.0,8.583333333333334,1,0,0,0.0,0.0,normal,0.2212,0.2201,0.2329,0.0,0.0,0.0,0.0,0.0,0.6745,0.1499,10,0.6667,hybrid,7.22,22.15,23.73,22.29,20.0,2.47,15.23
session_3bcccf12304d,user_043,hr,2026-06-23 08:38:42,2026-06-23 08:50:42,5,2,0,5,1,5,2,3,0,37.157,16.792,0,1,12.0,8.633333333333333,1,0,0,0.0,7.431400000000001,device_spoofing,0.3192,6.431,2.7654,0.0,0.0,4.0,1.0,0.182,0.0,1.6331,11,0.7333,hybrid,55.8,34.94,25.05,22.75,20.0,42.33,39.46
session_8705fa6fa2a9,user_065,hr,2026-06-23 08:41:01,2026-06-23 14:30:01,24,8,0,24,1,1,3,5,0,38.602,8.698,0,0,349.0,8.683333333333334,1,0,0,0.0,1.6084166666666668,normal,2.876,0.9785,1.63,0.0,0.0,0.0,0.0,0.1415,0.0,0.6251,10,0.6667,hybrid,26.84,19.93,18.3,18.44,0.0,1.19,19.37
session_73070f0a3811,user_037,developer,2026-06-23 08:44:40,2026-06-23 16:54:40,25,6,0,25,1,1,5,0,0,0.0,0.0,0,0,490.0,8.733333333333333,1,0,0,0.0,0.0,normal,0.9165,1.8578,1.0406,0.0,0.0,0.0,0.0,0.0,0.0,0.4239,8,0.5333,hybrid,19.1,16.62,15.99,18.63,20.0,0.0,17.22
session_6032698b8c67,user_011,analyst,2026-06-23 08:51:34,2026-06-23 11:39:34,11,3,0,11,1,1,4,5,0,44.461,14.468,0,0,168.0,8.85,1,0,0,0.0,4.0419090909090905,normal,1.0023,0.784,0.5396,0.0,0.0,0.0,0.0,0.4378,0.0,0.3071,5,0.3333,hybrid,14.23,30.96,26.71,26.71,20.0,48.13,22.97
session_b379fcb6b694,user_038,developer,2026-06-23 09:01:02,2026-06-23 12:53:02,14,2,0,14,1,1,5,0,0,0.0,0.0,0,0,232.0,9.016666666666667,1,0,0,0.0,0.0,normal,0.2579,0.3742,0.607,0.0,0.0,0.0,0.0,0.0,0.0,0.1377,9,0.6,hybrid,6.65,29.29,24.49,20.98,20.0,36.77,18.13
session_f50539feac9b,user_039,developer,2026-06-23 09:01:42,2026-06-23 12:10:42,11,4,0,11,1,1,4,0,0,0.0,0.0,0,0,189.0,9.016666666666667,1,0,0,0.0,0.0,normal,0.524,1.1229,1.5513,0.0,0.0,0.0,1.0,0.0,0.0,0.4665,8,0.5333,hybrid,20.8,16.6,13.21,12.87,0.0,8.85,15.35
session_7213eba67d58,user_046,hr,2026-06-23 09:04:16,2026-06-23 13:22:16,17,6,0,17,1,1,3,6,0,56.172,16.255,0,0,258.0,9.066666666666666,1,0,0,0.0,3.304235294117647,normal,0.866,0.1273,0.0,0.0,0.0,0.0,0.0,1.2409,0.0,0.2482,7,0.4667,hybrid,11.67,19.76,20.84,20.35,20.0,5.78,16.07
session_ccab54bf317e,user_051,analyst,2026-06-23 09:05:18,2026-06-23 14:32:18,20,7,0,20,1,1,4,2,0,21.594,11.775,0,0,327.0,9.083333333333334,1,0,0,0.0,1.0797,normal,0.5073,0.7256,0.7884,0.0,0.0,0.0,0.0,0.4555,0.0,0.2752,8,0.5333,hybrid,12.86,14.94,20.38,20.69,20.0,0.0,15.26
session_ccdc746ee338,user_026,analyst,2026-06-23 09:05:43,2026-06-23 15:09:43,21,6,0,21,1,1,4,7,0,48.654,10.59,0,0,364.0,9.083333333333334,1,0,0,0.0,2.3168571428571427,normal,1.105,1.7119,2.0505,0.0,0.0,0.0,0.0,1.602,0.0,0.7188,8,0.5333,hybrid,30.19,44.52,33.23,28.27,20.0,69.66,34.28
session_901ba719fd90,user_010,finance,2026-06-23 09:05:49,2026-06-23 14:49:49,22,8,0,22,1,1,3,6,5,77.946,12.428,0,0,344.0,9.083333333333334,1,0,0,0.0,3.543,normal,0.8668,0.8847,1.0387,0.0,0.0,0.0,0.0,1.9768,0.0,0.5297,9,0.6,hybrid,23.27,24.65,22.91,21.07,0.0,27.31,21.15
session_a0e33e6a7646,user_057,developer,2026-06-23 09:07:46,2026-06-23 11:51:46,14,2,0,14,1,1,5,0,0,0.0,0.0,0,0,164.0,9.116666666666667,1,0,0,0.0,0.0,normal,0.2756,0.7831,0.4114,0.0,0.0,0.0,0.0,0.0,0.0,0.1633,6,0.4,hybrid,7.84,19.67,27.84,27.16,40.0,8.39,18.38
session_0b47902556e8,user_020,finance,2026-06-23 09:09:02,2026-06-23 14:05:02,21,2,0,21,1,1,3,7,4,210.467,33.416,0,0,296.0,9.15,1,0,0,0.0,10.022238095238096,normal,0.0819,0.5919,1.3355,0.0,0.0,0.0,0.0,3.7424,0.0,0.6391,8,0.5333,hybrid,27.35,22.61,21.57,22.02,20.0,0.0,22.9
session_c62fbfaa60ec,user_047,developer,2026-06-23 09:09:24,2026-06-23 14:06:24,21,8,0,21,1,1,5,0,0,0.0,0.0,0,0,297.0,9.15,1,0,0,0.0,0.0,normal,0.8223,0.2196,0.3747,0.0,0.0,0.0,0.0,0.0,0.0,0.1574,8,0.5333,hybrid,7.57,17.84,26.12,24.81,40.0,2.46,17.12
session_ff389a4cfca5,user_032,hr,2026-06-23 09:09:45,2026-06-23 15:14:45,22,5,0,22,1,1,3,5,0,17.522,4.921,0,0,365.0,9.15,1,0,0,0.0,0.7964545454545454,normal,1.0573,0.9833,0.8131,0.0,0.0,0.0,0.0,0.2723,0.0,0.3473,8,0.5333,hybrid,15.94,21.55,23.14,21.19,20.0,18.18,19.19
session_97bb42810353,user_018,developer,2026-06-23 09:11:07,2026-06-23 11:05:07,9,2,0,9,1,1,4,0,0,0.0,0.0,0,0,114.0,9.183333333333334,1,0,0,0.0,0.0,normal,0.1279,1.4375,1.0792,0.0,0.0,0.0,1.0,0.0,0.0,0.405,8,0.5333,hybrid,18.33,32.51,25.61,23.2,20.0,39.64,23.98
session_46a12d795b1b,user_033,developer,2026-06-23 09:13:01,2026-06-23 15:05:01,22,7,0,22,1,1,5,0,0,0.0,0.0,0,0,352.0,9.216666666666669,1,0,0,0.0,0.0,normal,0.591,1.0214,0.8768,0.0,0.0,0.0,0.0,0.0,0.0,0.2766,9,0.6,hybrid,12.92,13.1,13.49,13.28,0.0,4.23,11.35
session_a19b5b6d3097,user_022,developer,2026-06-23 09:13:44,2026-06-23 15:23:44,20,3,0,20,1,1,5,0,0,0.0,0.0,0,0,370.0,9.216666666666669,1,0,0,0.0,0.0,normal,0.8635,0.8243,0.2436,0.0,0.0,0.0,0.0,0.0,0.0,0.2146,10,0.6667,hybrid,10.17,21.08,24.02,23.43,40.0,0.0,18.23
session_c3e4af44b6f2,user_005,hr,2026-06-23 09:21:50,2026-06-23 11:41:50,9,1,0,9,1,1,3,2,0,11.201,9.146,0,0,140.0,9.35,1,0,0,0.0,1.2445555555555556,normal,0.5434,0.8613,0.978,0.0,0.0,0.0,0.0,0.2391,0.0,0.2913,11,0.7333,hybrid,13.55,14.78,16.33,20.33,0.0,0.0,12.86
session_b556d5a0d199,user_024,hr,2026-06-23 09:21:51,2026-06-23 13:26:51,15,4,0,15,1,1,3,3,0,64.095,31.965,0,0,245.0,9.35,1,0,0,0.0,4.273,normal,0.6945,0.1416,0.4384,0.0,0.0,0.0,0.0,0.8878,0.0,0.2403,9,0.6,hybrid,11.32,14.7,16.62,17.82,0.0,0.0,11.74
session_e60fa6cfdafd,user_075,developer,2026-06-23 09:23:02,2026-06-23 15:03:02,22,2,0,22,1,1,5,0,0,0.0,0.0,0,0,340.0,9.383333333333333,1,0,0,0.0,0.0,normal,0.1061,0.8169,0.7757,0.0,0.0,0.0,0.0,0.0,0.0,0.1887,6,0.4,hybrid,9.0,9.53,10.39,10.39,0.0,0.0,8.1
session_870f2d06b046,user_071,analyst,2026-06-23 09:25:32,2026-06-23 14:57:32,25,6,0,25,1,1,4,3,0,82.238,46.975,0,0,332.0,9.416666666666666,1,0,0,0.0,3.28952,normal,0.3517,0.69,1.5199,0.0,0.0,0.0,0.0,1.1904,0.0,0.4169,7,0.4667,hybrid,18.82,23.61,25.59,25.67,20.0,13.0,21.3
session_cf783be62c82,user_035,admin,2026-06-23 09:25:48,2026-06-23 12:43:48,12,2,0,12,1,1,4,0,0,0.0,0.0,2,0,198.0,9.416666666666666,1,0,0,0.0,0.0,normal,0.8094,0.378,0.4197,0.0,0.0,0.0,1.0,0.0,0.1799,0.3097,8,0.5333,hybrid,14.35,18.15,24.62,23.2,20.0,0.0,17.38
session_d08129e96928,user_004,developer,2026-06-23 09:26:46,2026-06-23 13:46:46,18,5,0,18,1,1,5,0,0,0.0,0.0,0,0,260.0,9.433333333333334,1,0,0,0.0,0.0,normal,0.7425,0.225,0.1815,0.0,0.0,0.0,0.0,0.0,0.0,0.1277,8,0.5333,hybrid,6.19,6.78,8.7,9.16,0.0,0.0,6.05
session_8e2b0ca122b0,user_063,finance,2026-06-23 09:27:35,2026-06-23 14:46:35,20,6,0,20,1,1,3,3,3,27.357,5.297,0,0,319.0,9.45,1,0,0,0.0,1.36785,normal,0.1839,0.8633,0.7532,0.0,0.0,0.0,0.0,0.9868,0.0,0.3097,8,0.5333,hybrid,14.35,20.82,21.1,20.97,40.0,0.0,19.16
session_889d414537ca,user_009,developer,2026-06-23 09:28:37,2026-06-23 15:12:37,20,8,0,20,1,1,5,0,0,0.0,0.0,0,0,344.0,9.466666666666669,1,0,0,0.0,0.0,normal,0.345,0.7977,0.1686,0.0,0.0,0.0,0.0,0.0,0.0,0.1457,10,0.6667,hybrid,7.03,11.42,18.44,16.79,20.0,0.0,11.54
session_e88f238db276,user_023,developer,2026-06-23 09:28:42,2026-06-23 11:50:42,11,3,0,11,1,1,5,0,0,0.0,0.0,0,0,142.0,9.466666666666669,1,0,0,0.0,0.0,normal,0.451,3.0431,1.6113,0.0,0.0,0.0,0.0,0.0,0.0,0.5673,10,0.6667,hybrid,24.7,25.56,21.89,21.52,20.0,31.35,23.99
session_1b4482e507e9,user_034,finance,2026-06-23 09:29:15,2026-06-23 14:19:15,17,4,0,17,1,1,3,2,2,28.229000000000003,8.46,0,0,290.0,9.483333333333333,1,0,0,0.0,1.660529411764706,normal,0.952,0.9396,0.3935,0.0,0.0,0.0,0.0,0.5887,0.0,0.3193,10,0.6667,hybrid,14.76,19.9,19.86,18.5,0.0,0.0,14.71
session_d0c90cceb10a,user_074,finance,2026-06-23 09:29:37,2026-06-23 14:50:37,17,5,0,17,1,1,3,5,1,15.453,4.245,0,0,321.0,9.483333333333333,1,0,0,0.0,0.909,normal,0.8537,0.4981,0.1927,0.0,0.0,0.0,0.0,1.8666,0.0,0.379,9,0.6,hybrid,17.26,19.45,25.78,24.78,20.0,6.32,19.46
session_7e2c99a81d80,user_003,developer,2026-06-23 09:31:52,2026-06-23 16:00:52,22,4,0,22,1,1,5,0,0,0.0,0.0,0,0,389.0,9.516666666666667,1,0,0,0.0,0.0,normal,0.819,1.5206,1.2366,0.0,0.0,0.0,0.0,0.0,0.0,0.3974,10,0.6667,hybrid,18.02,31.96,29.91,30.69,40.0,0.0,25.16
session_1d39e52b5461,user_062,hr,2026-06-23 09:33:13,2026-06-23 13:52:13,17,3,0,17,1,1,3,5,0,63.719,16.615,0,0,259.0,9.55,1,0,0,0.0,3.748176470588235,normal,0.1534,0.6223,0.2056,0.0,0.0,0.0,0.0,0.6845,0.0,0.1851,8,0.5333,hybrid,8.84,31.07,27.71,25.59,20.0,26.14,19.77
session_c914df998be4,user_015,finance,2026-06-23 09:37:18,2026-06-23 16:39:18,21,7,0,21,1,1,3,6,1,31.934,6.534,0,0,422.0,9.616666666666667,1,0,0,0.0,1.5206666666666666,normal,0.5471,2.2335,1.8391,0.0,0.0,0.0,0.0,0.9271,0.0,0.6163,8,0.5333,hybrid,26.52,22.91,25.07,24.72,20.0,0.0,23.42
session_ec8313e822ea,user_066,developer,2026-06-23 09:37:23,2026-06-23 12:50:23,12,3,0,12,1,1,4,0,0,0.0,0.0,0,0,193.0,9.616666666666667,1,0,0,0.0,0.0,normal,0.2313,0.6175,0.933,0.0,0.0,0.0,1.0,0.0,0.0,0.3091,8,0.5333,hybrid,14.32,13.5,13.11,12.94,0.0,1.67,11.77
session_eb52ce6495e7,user_068,developer,2026-06-23 09:37:41,2026-06-23 13:26:41,16,6,0,16,1,1,4,0,0,0.0,0.0,0,0,229.0,9.616666666666667,1,0,0,0.0,0.0,normal,1.0927,0.2867,0.2698,0.0,0.0,0.0,1.0,0.0,0.0,0.2944,9,0.6,hybrid,13.69,28.89,36.16,33.13,60.0,0.0,25.99
session_170366c89e4f,user_027,developer,2026-06-23 09:37:53,2026-06-23 14:31:53,16,2,0,16,1,1,4,0,0,0.0,0.0,0,0,294.0,9.616666666666667,1,0,0,0.0,0.0,normal,0.3244,0.9516,0.5284,0.0,0.0,0.0,1.0,0.0,0.0,0.3116,8,0.5333,hybrid,14.43,22.73,18.8,17.55,0.0,24.85,16.14
session_30e17c6141f8,user_067,analyst,2026-06-23 09:38:57,2026-06-23 12:36:57,12,3,0,12,1,1,4,3,0,26.154,9.483,0,0,178.0,9.633333333333333,1,0,0,0.0,2.1795,normal,0.1575,0.5782,0.5646,0.0,0.0,0.0,0.0,0.447,0.0,0.1941,8,0.5333,hybrid,9.25,11.4,18.18,19.7,20.0,0.0,12.68
session_a737c45342dc,user_017,admin,2026-06-23 09:40:24,2026-06-23 14:11:24,17,5,0,17,1,1,5,0,0,0.0,0.0,3,0,271.0,9.666666666666666,1,0,0,0.0,0.0,normal,0.5493,0.3832,0.4384,0.0,0.0,0.0,0.0,0.0,0.6745,0.2273,8,0.5333,hybrid,10.74,31.71,34.28,33.89,40.0,25.14,24.43
session_aa661bca068d,user_006,analyst,2026-06-23 09:42:05,2026-06-23 13:46:05,16,4,0,16,1,1,4,5,0,75.83,22.021,0,0,244.0,9.7,1,0,0,0.0,4.739375,normal,3.1822,0.1186,0.1889,0.0,0.0,0.0,0.0,1.0401,0.0,0.5033,9,0.6,hybrid,22.25,31.78,28.61,26.1,40.0,20.21,27.17
session_123dc0f29bdf,user_014,hr,2026-06-23 09:44:31,2026-06-23 14:17:31,23,5,0,23,1,1,3,6,0,74.035,17.906,0,0,273.0,9.733333333333333,1,0,0,0.0,3.2189130434782607,normal,1.2425,0.6445,1.9036,0.0,0.0,0.0,0.0,6.8217,0.0,1.1791,7,0.4667,hybrid,44.54,39.28,31.06,30.24,40.0,54.64,40.09
session_61a4fe835740,user_025,hr,2026-06-23 09:45:03,2026-06-23 12:27:03,11,5,0,11,1,1,3,2,0,4.6370000000000005,2.495,0,0,162.0,9.75,1,0,0,0.0,0.4215454545454546,normal,0.2289,0.5882,0.5995,0.0,0.0,0.0,0.0,0.8025,0.0,0.2466,11,0.7333,hybrid,11.6,10.85,22.78,25.24,40.0,0.0,16.75
session_f096ac63bd10,user_052,finance,2026-06-23 09:45:21,2026-06-23 13:47:21,14,1,0,14,1,1,3,2,4,44.735,13.016,0,0,242.0,9.75,1,0,0,0.0,3.195357142857143,normal,0.5733,0.1587,0.4834,0.0,0.0,0.0,0.0,0.3467,0.0,0.1736,7,0.4667,hybrid,8.31,12.36,16.78,17.54,20.0,0.0,12.07
session_84580e7e978f,user_077,admin,2026-06-23 09:45:49,2026-06-23 13:44:49,15,3,0,15,1,1,5,0,0,0.0,0.0,3,0,239.0,9.75,1,0,0,0.0,0.0,normal,1.4271,0.3194,0.2794,0.0,0.0,0.0,0.0,0.0,1.0575,0.3426,9,0.6,hybrid,15.74,35.99,32.57,30.71,40.0,0.0,25.45
session_3d3c8605facb,user_013,hr,2026-06-23 09:47:45,2026-06-23 13:54:45,16,7,0,16,1,1,3,3,0,10.391,4.057,0,0,247.0,9.783333333333331,1,0,0,0.0,0.6494375,normal,1.0181,1.0152,0.6183,0.0,0.0,0.0,0.0,0.65,0.0,0.3668,8,0.5333,hybrid,16.76,17.79,16.15,15.09,0.0,12.5,14.82
session_b42ff49d7d49,user_008,developer,2026-06-23 09:48:02,2026-06-23 12:39:02,11,2,0,11,1,1,5,0,0,0.0,0.0,0,0,171.0,9.8,1,0,0,0.0,0.0,normal,0.8591,0.6066,0.7548,0.0,0.0,0.0,0.0,0.0,0.0,0.2467,8,0.5333,hybrid,11.6,30.5,31.05,28.25,40.0,27.28,23.59
session_2a2a1d69e5c0,user_059,analyst,2026-06-23 09:49:02,2026-06-23 13:08:02,13,1,0,13,1,1,4,3,0,26.671,13.013,0,0,199.0,9.816666666666666,1,0,0,0.0,2.0516153846153844,normal,0.6002,0.7506,0.6321,0.0,0.0,0.0,0.0,0.2736,0.0,0.2507,6,0.4,hybrid,11.78,31.7,25.45,24.63,20.0,45.16,21.59
session_aef74ae0031c,user_030,hr,2026-06-23 09:50:17,2026-06-23 12:04:17,11,3,0,11,1,1,3,3,0,31.73,13.628,0,0,134.0,9.833333333333334,1,0,0,0.0,2.8845454545454543,normal,0.607,2.395,1.4839,0.0,0.0,0.0,0.0,0.3759,0.0,0.5402,9,0.6,hybrid,23.67,32.9,34.01,31.53,40.0,10.46,28.83
session_50bb43614c1f,user_028,developer,2026-06-23 09:53:55,2026-06-23 12:40:55,12,2,0,12,1,1,5,0,0,0.0,0.0,0,0,167.0,9.883333333333333,1,0,0,0.0,0.0,normal,0.5029,0.6004,0.607,0.0,0.0,0.0,0.0,0.0,0.0,0.19,9,0.6,hybrid,9.06,23.27,23.84,24.84,20.0,16.86,17.18
session_14dde98bd84e,user_036,developer,2026-06-23 09:55:50,2026-06-23 14:14:50,16,4,0,16,1,1,5,0,0,0.0,0.0,0,0,259.0,9.916666666666666,1,0,0,0.0,0.0,normal,0.9532,0.3995,0.2136,0.0,0.0,0.0,0.0,0.0,0.0,0.174,12,0.8,hybrid,8.33,14.23,16.14,19.45,20.0,0.0,12.54
session_a1aa2a698311,user_076,analyst,2026-06-23 09:59:05,2026-06-23 12:34:05,10,5,0,10,1,1,4,1,0,3.666,3.666,0,0,155.0,9.983333333333333,1,0,0,0.0,0.3666,normal,0.788,0.8876,1.471,0.0,0.0,0.0,0.0,1.3577,0.0,0.5005,10,0.6667,hybrid,22.14,18.51,20.76,23.31,40.0,0.0,22.0
session_5f1ddefc130b,user_054,developer,2026-06-23 10:05:39,2026-06-23 13:49:39,13,1,0,13,1,1,5,0,0,0.0,0.0,0,0,224.0,10.083333333333334,1,0,0,0.0,0.0,normal,0.3148,0.8676,0.4587,0.0,0.0,0.0,0.0,0.0,0.0,0.1823,8,0.5333,hybrid,8.71,22.97,22.2,21.39,20.0,9.16,16.0
session_54c21d592b19,user_041,finance,2026-06-23 10:05:59,2026-06-23 15:10:59,17,5,0,17,1,1,3,3,2,165.71099999999998,46.833,0,0,305.0,10.083333333333334,1,0,0,0.0,9.74770588235294,normal,0.9851,1.4638,1.0792,0.0,0.0,0.0,0.0,1.6432,0.0,0.5746,11,0.7333,hybrid,24.97,21.86,25.89,27.47,40.0,0.0,24.99
session_1ce85ff675f7,user_002,finance,2026-06-23 10:09:01,2026-06-23 15:05:01,20,3,0,20,1,1,3,0,5,41.599,11.055,0,0,296.0,10.15,1,0,0,0.0,2.07995,normal,0.5771,2.1315,1.5446,0.0,0.0,0.0,0.0,0.2346,0.0,0.4986,8,0.5333,hybrid,22.07,19.79,26.67,27.53,60.0,0.0,25.54
session_de22380cb5c3,user_019,developer,2026-06-23 10:09:51,2026-06-23 15:11:51,21,6,0,21,1,1,5,0,0,0.0,0.0,0,0,302.0,10.15,1,0,0,0.0,0.0,normal,0.3343,0.2284,0.6745,0.0,0.0,0.0,0.0,0.0,0.0,0.1375,9,0.6,hybrid,6.64,13.6,15.09,14.83,0.0,0.0,9.12
session_dc19b8d8a0ce,user_028,developer,2026-06-23 10:11:23,2026-06-23 10:12:23,3,3,2,3,1,1,1,0,0,0.0,0.0,0,0,1.0,10.183333333333334,1,0,0,0.6666666666666666,0.0,normal,0.6111,4.0402,2.7654,0.6667,0.0,0.0,4.0,0.0,0.0,1.3426,10,0.6667,hybrid,48.9,31.49,30.52,28.27,40.0,29.75,38.75
session_c207d5811db8,user_061,analyst,2026-06-23 10:14:38,2026-06-23 12:57:38,10,7,0,10,1,1,3,0,0,0.0,0.0,0,0,163.0,10.233333333333333,1,0,0,0.0,0.0,normal,0.589,2.6088,3.0082,0.0,0.0,0.0,1.0,1.16,0.0,0.9296,9,0.6,hybrid,37.17,25.4,32.48,30.99,60.0,0.83,33.96
session_aa55891e92cc,user_055,analyst,2026-06-23 10:27:37,2026-06-23 10:27:37,1,0,0,1,1,1,1,1,0,49.554,49.554,0,0,0.0,10.45,1,0,0,0.0,49.554,normal,0.7015,3.8278,8.1478,0.0,0.0,0.0,3.0,0.6639,0.0,1.8157,9,0.6,hybrid,59.66,47.93,37.88,32.29,40.0,76.33,50.18
session_14e99698da52,user_060,developer,2026-06-23 10:31:11,2026-06-23 13:19:11,11,4,0,11,1,1,4,0,0,0.0,0.0,0,0,168.0,10.516666666666667,1,0,0,0.0,0.0,normal,0.3799,1.2718,1.0867,0.0,0.0,0.0,1.0,0.0,0.0,0.4154,10,0.6667,hybrid,18.75,15.4,20.18,21.71,20.0,10.51,18.3
session_41c5e57b9cef,user_080,hr,2026-06-23 10:32:09,2026-06-23 16:32:09,20,5,0,20,1,1,3,6,0,94.582,20.845,0,0,360.0,10.533333333333331,1,0,0,0.0,4.7291,normal,2.1954,1.3398,0.9555,0.0,0.0,0.0,0.0,1.2191,0.0,0.6344,8,0.5333,hybrid,27.18,23.54,25.74,24.92,20.0,0.0,23.93
session_f7384700adbe,user_056,hr,2026-06-23 10:33:51,2026-06-23 15:36:51,21,4,0,21,1,1,3,4,0,100.747,27.344,0,0,303.0,10.55,1,0,0,0.0,4.797476190476191,normal,2.2791,0.5499,0.978,0.0,0.0,0.0,0.0,1.0527,0.0,0.54,9,0.6,hybrid,23.66,23.44,26.08,25.83,20.0,0.0,22.65
session_ac63f892a7e1,user_049,analyst,2026-06-23 10:41:00,2026-06-23 14:14:00,14,2,0,14,1,1,3,3,0,18.09,7.348,0,0,213.0,10.683333333333334,1,0,0,0.0,1.292142857142857,normal,2.2723,1.735,1.1601,0.0,0.0,0.0,1.0,0.5937,0.0,0.7512,7,0.4667,hybrid,31.31,30.77,26.7,24.5,20.0,32.61,28.77
session_73963d69f623,user_079,developer,2026-06-23 10:42:36,2026-06-23 16:00:36,22,5,0,22,1,1,5,0,0,0.0,0.0,0,0,318.0,10.7,1,0,0,0.0,0.0,normal,0.663,0.8681,1.0305,0.0,0.0,0.0,0.4497,0.0,0.0,0.3346,10,0.6667,hybrid,15.41,32.29,28.53,28.88,20.0,21.72,22.87
session_37add640949f,user_017,admin,2026-06-23 10:50:00,2026-06-23 10:50:00,1,0,0,1,1,1,1,1,0,57.71,57.71,0,0,0.0,10.833333333333334,1,0,0,0.0,57.71,normal,3.0784,2.7991,3.2376,0.0,0.0,0.0,4.0,57.71,1.349,2.7182,9,0.6,hybrid,74.31,52.43,44.92,39.66,60.0,58.09,59.82
session_75357ce2ee40,user_048,developer,2026-06-23 11:12:18,2026-06-23 15:33:18,16,7,0,16,1,1,5,0,0,0.0,0.0,0,0,261.0,11.2,1,0,0,0.0,0.0,normal,3.5662,0.5445,0.8768,0.0,0.0,0.0,0.0,0.0,0.0,0.5542,9,0.6,hybrid,24.2,21.63,21.47,21.42,20.0,0.0,21.37
session_58db0644aa46,user_053,hr,2026-06-23 11:14:11,2026-06-23 14:05:11,10,3,0,10,1,1,3,3,0,15.021,5.315,0,0,171.0,11.233333333333333,1,0,0,0.0,1.5021,normal,1.6689,2.1379,3.0352,0.0,0.0,0.0,0.0,0.7732,0.0,0.8461,11,0.7333,hybrid,34.5,45.21,38.47,31.9,60.0,46.81,40.14
session_aef074206b85,user_069,hr,2026-06-24 06:28:47,2026-06-24 09:32:47,14,5,0,14,1,1,3,2,0,24.185,14.738,0,0,184.0,6.466666666666667,2,0,0,0.0,1.7274999999999998,normal,2.4012,1.1569,0.5261,0.0,0.0,0.0,0.0,1.0662,0.0,0.5723,9,0.6,hybrid,24.89,24.76,22.9,21.77,20.0,13.87,23.21
session_429674fdd8f1,user_064,finance,2026-06-24 07:07:19,2026-06-24 11:01:19,16,5,0,16,1,1,3,4,5,131.972,25.64,0,0,234.0,7.116666666666666,2,0,0,0.0,8.24825,normal,2.1829,0.1511,0.1986,0.0,0.0,0.0,0.0,1.3383,0.0,0.4301,8,0.5333,hybrid,19.35,16.94,22.83,26.2,40.0,0.0,21.17
session_aa095d7df9ba,user_029,admin,2026-06-24 07:10:35,2026-06-24 10:59:35,12,2,0,12,1,1,5,0,0,0.0,0.0,3,0,229.0,7.166666666666667,2,0,0,0.0,0.0,normal,2.7243,0.2398,0.5846,0.0,0.0,0.0,0.0,0.0,0.4347,0.4426,8,0.5333,hybrid,19.85,21.1,27.85,26.66,20.0,9.89,21.5
session_dff7646fcac5,user_051,analyst,2026-06-24 07:27:20,2026-06-24 13:42:20,22,6,0,22,1,1,4,5,0,33.84,9.722,0,0,375.0,7.45,2,0,0,0.0,1.538181818181818,normal,1.833,0.736,0.8768,0.0,0.0,0.0,0.0,0.808,0.0,0.4726,9,0.6,hybrid,21.05,17.4,20.1,20.75,20.0,0.0,18.99
session_e88fd7fe69de,user_032,hr,2026-06-24 07:34:27,2026-06-24 11:47:27,18,8,0,18,1,1,3,3,0,15.027,7.477,0,0,253.0,7.566666666666666,2,0,0,0.0,0.8348333333333334,normal,1.6248,0.2771,0.2023,0.0,0.0,0.0,0.0,0.4035,0.0,0.2786,9,0.6,hybrid,13.0,13.64,21.06,19.83,20.0,0.0,15.07
session_7f232477e2cb,user_022,developer,2026-06-24 07:38:56,2026-06-24 10:05:56,14,7,0,14,1,1,4,0,0,0.0,0.0,0,0,147.0,7.633333333333333,2,0,0,0.0,0.0,normal,1.17,2.0938,1.1242,0.0,0.0,0.0,1.0,0.0,0.0,0.5987,11,0.7333,hybrid,25.87,19.33,23.37,23.75,20.0,9.71,22.58
session_e71558e29e82,user_045,admin,2026-06-24 07:57:23,2026-06-24 13:24:23,20,2,0,20,1,1,5,0,0,0.0,0.0,4,0,327.0,7.95,2,0,0,0.0,0.0,normal,1.0046,0.5207,0.3035,0.0,0.0,0.0,0.0,0.0,0.8544,0.2981,11,0.7333,hybrid,13.85,13.24,21.32,21.09,20.0,0.0,15.49
session_1984d32f3fce,user_008,developer,2026-06-24 08:02:47,2026-06-24 13:56:47,23,4,0,23,1,1,5,0,0,0.0,0.0,0,0,354.0,8.033333333333333,2,0,0,0.0,0.0,normal,1.7159,1.2737,1.0522,0.0,0.0,0.0,0.0,0.0,0.0,0.4491,9,0.6,hybrid,20.11,24.64,29.0,26.89,40.0,0.0,24.01
session_c090fb1f0837,user_026,analyst,2026-06-24 08:04:34,2026-06-24 14:10:34,24,8,0,24,1,1,4,4,0,31.897,13.144,0,0,366.0,8.066666666666666,2,0,0,0.0,1.329041666666667,normal,2.1582,1.2886,2.4012,0.0,0.0,0.0,0.0,0.3351,0.0,0.687,9,0.6,hybrid,29.07,37.55,33.93,28.41,20.0,54.99,31.82
session_f3c666d867d8,user_050,developer,2026-06-24 08:11:26,2026-06-24 13:43:26,22,3,0,22,1,1,5,0,0,0.0,0.0,0,0,332.0,8.183333333333334,2,0,0,0.0,0.0,normal,0.4324,0.9469,1.0904,0.0,0.0,0.0,0.0,0.0,0.0,0.2744,11,0.7333,hybrid,12.82,24.6,28.46,27.57,40.0,22.34,22.19
session_8f3cf44125fb,user_073,hr,2026-06-24 08:12:05,2026-06-24 11:15:05,14,4,0,14,1,1,3,6,0,43.941,10.723,0,0,183.0,8.2,2,0,0,0.0,3.138642857142857,normal,0.7266,1.3031,0.8956,0.0,0.0,0.0,0.0,0.5987,0.0,0.3916,8,0.5333,hybrid,17.78,20.51,17.23,16.49,0.0,16.04,16.25
session_2acd49f10c08,user_011,analyst,2026-06-24 08:19:07,2026-06-24 11:01:07,12,3,0,12,1,1,4,4,0,32.653,12.494,0,0,162.0,8.316666666666666,2,0,0,0.0,2.721083333333333,normal,1.0916,0.7886,0.6745,0.0,0.0,0.0,0.0,0.17,0.0,0.3027,6,0.4,hybrid,14.05,22.24,24.75,23.9,20.0,8.42,18.59
session_5445176f1320,user_040,finance,2026-06-24 08:19:45,2026-06-24 11:22:45,13,4,0,13,1,1,3,3,3,95.135,23.796,0,0,183.0,8.316666666666666,2,0,0,0.0,7.318076923076924,normal,0.4659,0.5013,0.4609,0.0,0.0,0.0,0.0,0.5121,0.0,0.2156,11,0.7333,hybrid,10.22,15.32,16.49,21.04,0.0,0.0,11.73
session_8d7b4c9e2936,user_020,finance,2026-06-24 08:22:28,2026-06-24 10:51:28,11,3,0,11,1,1,3,3,2,85.622,26.494,0,0,149.0,8.366666666666667,2,0,0,0.0,7.783818181818182,normal,1.2929,1.2555,0.8094,0.0,0.0,0.0,0.0,0.8027,0.0,0.4623,9,0.6,hybrid,20.64,22.7,21.19,21.79,20.0,0.0,20.15
session_83dc008a6d63,user_077,admin,2026-06-24 08:22:30,2026-06-24 10:52:30,9,1,0,9,1,1,4,0,0,0.0,0.0,0,0,150.0,8.366666666666667,2,0,0,0.0,0.0,normal,1.0194,1.3506,1.357,0.0,0.0,0.0,1.0,0.0,1.7237,0.7167,10,0.6667,hybrid,30.12,32.03,31.15,30.62,20.0,15.01,28.94
session_f6e5a85a27cb,user_021,finance,2026-06-24 08:26:52,2026-06-24 10:57:52,10,2,0,10,1,1,3,1,1,7.819,4.59,0,0,151.0,8.433333333333334,2,0,0,0.0,0.7819,normal,0.6993,0.7917,0.8513,0.0,0.0,0.0,0.0,1.1574,0.0,0.3889,8,0.5333,hybrid,17.67,19.44,22.83,25.43,40.0,0.0,20.92
session_da5aa4263b29,user_012,analyst,2026-06-24 08:29:51,2026-06-24 13:00:51,16,7,0,16,1,1,4,2,0,10.595,7.062,0,0,271.0,8.483333333333333,2,0,0,0.0,0.6621875,normal,0.7429,0.6404,0.8749,0.0,0.0,0.0,0.0,0.8867,0.0,0.3494,12,0.8,hybrid,16.03,16.67,18.27,18.05,0.0,4.1,14.5
session_85c33fdb9626,user_056,hr,2026-06-24 08:38:05,2026-06-24 14:20:05,23,10,0,23,1,1,3,7,0,264.578,62.364,0,0,342.0,8.633333333333333,2,0,0,0.0,11.503391304347826,normal,1.5618,0.9129,1.2366,0.0,0.0,0.0,0.0,6.4698,0.0,1.1312,10,0.6667,hybrid,43.2,33.22,30.29,28.73,40.0,2.16,35.45
session_d3c3705e8744,user_007,developer,2026-06-24 08:39:00,2026-06-24 13:21:00,19,5,0,19,1,1,5,0,0,0.0,0.0,0,0,282.0,8.65,2,0,0,0.0,0.0,normal,0.7452,0.3389,0.3986,0.0,0.0,0.0,0.0,0.0,0.0,0.1647,10,0.6667,hybrid,7.91,19.54,25.23,24.52,40.0,0.0,17.31
session_31f637db0e29,user_018,developer,2026-06-24 08:41:54,2026-06-24 14:52:54,21,6,0,21,1,1,4,0,0,0.0,0.0,0,0,371.0,8.683333333333334,2,0,0,0.0,0.0,normal,0.6714,1.4106,1.0792,0.0,0.0,0.0,1.0,0.0,0.0,0.4624,9,0.6,hybrid,20.64,27.7,25.36,22.77,20.0,32.17,23.49
session_1d61bfde245d,user_023,developer,2026-06-24 08:42:17,2026-06-24 11:30:17,11,4,0,11,1,1,5,0,0,0.0,0.0,0,0,168.0,8.7,2,0,0,0.0,0.0,normal,0.9045,2.312,1.4239,0.0,0.0,0.0,0.0,0.0,0.0,0.5156,11,0.7333,hybrid,22.73,21.66,22.88,21.68,20.0,27.29,22.39
session_d9f230d000f2,user_010,finance,2026-06-24 08:44:39,2026-06-24 10:43:39,10,1,0,10,1,1,3,1,3,24.552,8.262,0,0,119.0,8.733333333333333,2,0,0,0.0,2.4552,normal,1.3527,1.2532,0.8656,0.0,0.0,0.0,0.0,0.5911,0.0,0.4514,10,0.6667,hybrid,20.2,22.18,22.92,20.93,0.0,4.0,18.25
session_bc346d1cb55f,user_034,finance,2026-06-24 08:44:49,2026-06-24 15:52:49,23,6,0,23,1,1,3,6,5,73.709,11.594,0,0,428.0,8.733333333333333,2,0,0,0.0,3.2047391304347825,normal,0.5875,1.9839,1.349,0.0,0.0,0.0,0.0,1.3384,0.0,0.5843,11,0.7333,hybrid,25.33,22.32,21.13,19.55,0.0,0.0,19.72
session_367c13fa1db9,user_014,hr,2026-06-24 08:53:23,2026-06-24 14:20:23,21,9,0,21,1,1,3,2,0,25.155,16.034,0,0,327.0,8.883333333333333,2,0,0,0.0,1.197857142857143,normal,0.4349,0.8528,0.9361,0.0,0.0,0.0,0.0,0.2324,0.0,0.2729,8,0.5333,hybrid,12.76,24.63,27.85,26.74,40.0,26.91,22.23
session_c26f1ab7289b,user_016,developer,2026-06-24 08:53:53,2026-06-24 11:37:53,11,3,0,11,1,1,4,0,0,0.0,0.0,0,0,164.0,8.883333333333333,2,0,0,0.0,0.0,normal,0.5,1.2961,1.0792,0.0,0.0,0.0,1.0,0.0,0.0,0.4306,9,0.6,hybrid,19.37,14.87,14.96,16.37,20.0,0.0,16.6
session_9ff88baba0f6,user_061,analyst,2026-06-24 08:57:55,2026-06-24 12:16:55,12,5,0,12,1,1,4,5,0,36.446,12.455,0,0,199.0,8.95,2,0,0,0.0,3.0371666666666663,normal,2.1633,0.9149,1.1804,0.0,0.0,0.0,0.0,0.5549,0.0,0.5348,10,0.6667,hybrid,23.46,25.69,30.25,29.91,60.0,0.0,28.05
session_29fbc3222443,user_070,admin,2026-06-24 08:58:28,2026-06-24 12:34:28,12,3,0,12,1,1,4,0,0,0.0,0.0,4,0,216.0,8.966666666666667,2,0,0,0.0,0.0,normal,0.3209,0.5729,1.4299,0.0,0.0,0.0,1.0,0.0,0.8094,0.4592,12,0.8,hybrid,20.51,18.73,17.76,18.84,0.0,1.01,16.55
session_c8687f4a51c1,user_062,hr,2026-06-24 08:58:32,2026-06-24 11:40:32,12,4,0,12,1,1,3,3,0,38.073,15.356,0,0,162.0,8.966666666666667,2,0,0,0.0,3.17275,normal,0.4898,1.9402,0.9443,0.0,0.0,0.0,0.0,0.8317,0.0,0.4673,9,0.6,hybrid,20.84,24.94,26.65,24.8,20.0,21.82,22.89
session_477d3effefe4,user_043,hr,2026-06-24 08:58:58,2026-06-24 17:02:58,25,8,0,25,1,1,3,4,0,42.34,14.04,0,0,484.0,8.966666666666667,2,0,0,0.0,1.6936000000000002,normal,0.5256,7.7913,3.0802,0.0,0.0,0.0,0.0,0.365,0.0,1.3069,11,0.7333,hybrid,47.98,44.94,31.84,26.35,40.0,59.22,42.55
session_79e087c88460,user_038,developer,2026-06-24 09:03:55,2026-06-24 14:59:55,19,7,0,19,1,1,5,0,0,0.0,0.0,0,0,356.0,9.05,2,0,0,0.0,0.0,normal,0.2082,1.5668,0.5621,0.0,0.0,0.0,0.0,0.0,0.0,0.2597,10,0.6667,hybrid,12.18,20.67,22.33,19.62,20.0,16.62,17.15
session_b217bd4dbd05,user_057,developer,2026-06-24 09:10:38,2026-06-24 12:55:38,14,2,0,14,1,1,5,0,0,0.0,0.0,0,0,225.0,9.166666666666666,2,0,0,0.0,0.0,normal,0.1725,0.3697,0.2698,0.0,0.0,0.0,0.0,0.0,0.0,0.0902,7,0.4667,hybrid,4.41,7.48,22.19,22.61,40.0,0.0,12.85
session_8032fdb7afb8,user_015,finance,2026-06-24 09:14:03,2026-06-24 12:56:03,15,5,0,15,1,1,3,2,2,14.789,4.881,0,0,222.0,9.233333333333333,2,0,0,0.0,0.9859333333333332,normal,0.6337,0.2438,0.4047,0.0,0.0,0.0,0.0,0.7568,0.0,0.2266,9,0.6,hybrid,10.71,17.6,21.35,22.38,20.0,0.0,15.25
session_9f12d0cca8dd,user_066,developer,2026-06-24 09:14:49,2026-06-24 11:22:49,11,2,0,11,1,1,5,0,0,0.0,0.0,0,0,128.0,9.233333333333333,2,0,0,0.0,0.0,normal,0.2624,1.4645,0.9713,0.0,0.0,0.0,0.0,0.0,0.0,0.2998,9,0.6,hybrid,13.92,14.42,13.36,13.12,0.0,11.08,12.32
session_43e356bf2c61,user_080,hr,2026-06-24 09:17:05,2026-06-24 16:07:05,25,8,0,25,1,1,3,3,0,37.509,17.117,0,0,410.0,9.283333333333331,2,0,0,0.0,1.50036,normal,0.0312,1.859,1.7537,0.0,0.0,0.0,0.0,0.5169,0.0,0.4623,9,0.6,hybrid,20.64,22.91,24.14,24.21,20.0,0.0,20.88
session_2f3c7105efe5,user_014,hr,2026-06-24 09:21:06,2026-06-24 10:00:06,2,2,0,2,2,2,1,0,0,0.0,0.0,0,1,39.0,9.35,2,0,0,0.0,0.0,impossible_travel,0.5755,1.5016,1.5682,0.0,1.0,1.0,2.0,5.6006,0.0,1.4718,9,0.6,hybrid,52.09,37.72,34.58,31.35,60.0,32.07,44.31
session_2307284a06f7,user_025,hr,2026-06-24 09:21:57,2026-06-24 12:04:57,11,2,0,11,1,1,3,5,0,7.5,2.402,0,0,163.0,9.35,2,0,0,0.0,0.6818181818181818,normal,0.2774,0.5669,0.634,0.0,0.0,0.0,0.0,0.5444,0.0,0.2247,12,0.8,hybrid,10.63,10.48,18.5,23.29,40.0,0.0,15.45
session_d796f019ada3,user_058,hr,2026-06-24 09:22:43,2026-06-24 12:31:43,12,5,0,12,1,1,3,1,0,14.845,14.845,0,0,189.0,9.366666666666667,2,0,0,0.0,1.237083333333333,normal,1.0222,1.0579,0.8768,0.0,0.0,0.0,0.0,0.7751,0.0,0.4147,9,0.6,hybrid,18.73,14.95,15.22,14.83,0.0,3.54,14.43
session_6bf093611252,user_033,developer,2026-06-24 09:24:55,2026-06-24 14:40:55,21,3,0,21,1,1,5,0,0,0.0,0.0,0,0,316.0,9.4,2,0,0,0.0,0.0,normal,0.3711,0.2817,0.6103,0.0,0.0,0.0,0.0,0.0,0.0,0.1403,10,0.6667,hybrid,6.77,9.91,11.91,12.2,0.0,0.0,7.7
session_a08ffe7cc6a7,user_035,admin,2026-06-24 09:25:55,2026-06-24 15:24:55,19,1,0,19,1,1,5,0,0,0.0,0.0,3,0,359.0,9.416666666666666,2,0,0,0.0,0.0,normal,0.6262,2.0046,1.6188,0.0,0.0,0.0,0.0,0.0,0.4946,0.5271,9,0.6,hybrid,23.17,20.12,23.93,23.2,20.0,0.0,21.2
session_05f6d9a68eab,user_039,developer,2026-06-24 09:28:02,2026-06-24 17:00:02,25,4,0,25,1,1,5,0,0,0.0,0.0,0,0,452.0,9.466666666666669,2,0,0,0.0,0.0,normal,0.3478,1.901,1.1466,0.0,0.0,0.0,0.0,0.0,0.0,0.3773,9,0.6,hybrid,17.19,17.75,14.42,13.65,0.0,20.89,15.0
session_52aee6bf12f7,user_019,developer,2026-06-24 09:28:52,2026-06-24 15:05:52,23,3,0,23,1,1,5,0,0,0.0,0.0,0,0,337.0,9.466666666666669,2,0,0,0.0,0.0,normal,0.6452,0.5029,1.0867,0.0,0.0,0.0,0.0,0.0,0.0,0.2483,10,0.6667,hybrid,11.68,11.58,14.22,14.3,0.0,0.0,10.55
session_d0ede6185dcb,user_027,developer,2026-06-24 09:31:52,2026-06-24 15:13:52,21,2,0,21,1,1,5,0,0,0.0,0.0,0,0,342.0,9.516666666666667,2,0,0,0.0,0.0,normal,0.1358,1.6278,1.6862,0.0,0.0,0.0,0.0,0.0,0.0,0.3833,9,0.6,hybrid,17.44,18.88,19.08,17.53,0.0,20.35,16.38
session_3982b00e5fce,user_054,developer,2026-06-24 09:33:26,2026-06-24 12:39:26,15,3,0,15,1,1,4,0,0,0.0,0.0,0,0,186.0,9.55,2,0,0,0.0,0.0,normal,1.8985,0.3127,0.7419,0.0,0.0,0.0,1.0,0.0,0.0,0.4392,9,0.6,hybrid,19.72,20.27,21.81,21.08,20.0,10.98,19.87
session_0da15616653b,user_076,analyst,2026-06-24 09:33:46,2026-06-24 14:19:46,16,3,0,16,1,1,4,5,0,24.656,9.462,0,0,286.0,9.55,2,0,0,0.0,1.541,normal,1.2558,0.2048,0.1349,0.0,0.0,0.0,0.0,0.1549,0.0,0.1945,11,0.7333,hybrid,9.27,14.24,16.27,21.43,20.0,0.0,13.14
session_f9c27f8f79ec,user_028,developer,2026-06-24 09:34:05,2026-06-24 15:08:05,24,6,0,24,1,1,5,0,0,0.0,0.0,0,0,334.0,9.566666666666666,2,0,0,0.0,0.0,normal,0.2412,2.7014,1.9635,0.0,0.0,0.0,0.0,0.0,0.0,0.5451,11,0.7333,hybrid,23.86,29.74,29.6,27.68,40.0,14.66,27.43
session_0479dca20b6d,user_078,developer,2026-06-24 09:34:15,2026-06-24 12:16:15,9,2,0,9,1,1,4,0,0,0.0,0.0,0,0,162.0,9.566666666666666,2,0,0,0.0,0.0,normal,0.128,1.0312,2.0684,0.0,0.0,0.0,1.0,0.0,0.0,0.4697,8,0.5333,hybrid,20.93,36.33,27.66,24.22,20.0,56.42,27.03
session_93cb25024691,user_059,analyst,2026-06-24 09:36:45,2026-06-24 13:51:45,18,8,0,18,1,1,4,3,0,19.547,8.66,0,0,255.0,9.6,2,0,0,0.0,1.0859444444444444,normal,0.0473,0.1346,0.3867,0.0,0.0,0.0,0.0,0.3609,0.0,0.1033,7,0.4667,hybrid,5.03,17.96,21.48,20.71,20.0,12.48,13.52
session_5e8c39102a8e,user_049,analyst,2026-06-24 09:37:53,2026-06-24 11:46:53,10,3,0,10,1,1,3,1,0,2.715,2.715,0,0,129.0,9.616666666666667,2,0,0,0.0,0.2714999999999999,normal,0.4294,2.3342,1.8076,0.0,0.0,0.0,1.0,1.4925,0.0,0.7849,8,0.5333,hybrid,32.46,28.75,28.95,25.95,20.0,34.1,29.38
session_a861b3003aec,user_068,developer,2026-06-24 09:40:05,2026-06-24 15:07:05,22,4,0,22,1,1,5,0,0,0.0,0.0,0,0,327.0,9.666666666666666,2,0,0,0.0,0.0,normal,0.7659,1.0779,0.9805,0.0,0.0,0.0,0.4497,0.0,0.0,0.3638,10,0.6667,hybrid,16.63,18.34,31.03,31.07,40.0,0.0,22.08
session_4db65feaab5b,user_071,analyst,2026-06-24 09:41:00,2026-06-24 13:25:00,15,7,0,15,1,1,4,5,0,75.815,19.128,0,0,224.0,9.683333333333334,2,0,0,0.0,5.054333333333333,normal,0.108,0.3965,0.1586,0.0,0.0,0.0,0.0,0.9675,0.0,0.1812,8,0.5333,hybrid,8.66,13.11,21.68,22.58,20.0,0.0,13.6
session_a2f975072df5,user_009,developer,2026-06-24 09:43:26,2026-06-24 15:15:26,20,5,0,20,1,1,5,0,0,0.0,0.0,0,0,332.0,9.716666666666669,2,0,0,0.0,0.0,normal,0.7881,0.4933,0.1199,0.0,0.0,0.0,0.0,0.0,0.0,0.1557,11,0.7333,hybrid,7.49,8.9,15.65,15.36,20.0,0.0,10.66
session_8339d423ea14,user_044,developer,2026-06-24 09:45:43,2026-06-24 12:06:43,9,1,0,9,1,1,5,0,0,0.0,0.0,0,0,141.0,9.75,2,0,0,0.0,0.0,normal,1.045,1.9258,1.8436,0.0,0.0,0.0,0.0,0.0,0.0,0.5349,11,0.7333,hybrid,23.47,21.37,17.41,16.44,0.0,9.71,18.4
session_df6b5ff31903,user_063,finance,2026-06-24 09:47:03,2026-06-24 13:03:03,12,1,0,12,1,1,3,2,4,34.423,11.554,0,0,196.0,9.783333333333331,2,0,0,0.0,2.868583333333333,normal,0.607,0.8316,1.4164,0.0,0.0,0.0,0.0,0.4383,0.0,0.3659,9,0.6,hybrid,16.72,19.26,19.34,20.26,40.0,0.0,19.47
session_8f97edfe12eb,user_006,analyst,2026-06-24 09:48:49,2026-06-24 11:57:49,9,4,0,9,1,1,3,2,0,36.697,26.471,0,0,129.0,9.8,2,0,0,0.0,4.077444444444445,normal,2.9522,0.8484,0.9143,0.0,0.0,0.0,1.0,0.9611,0.0,0.7418,10,0.6667,hybrid,30.99,29.8,29.71,26.91,40.0,20.98,30.55
session_e9af5447a67b,user_030,hr,2026-06-24 09:57:53,2026-06-24 13:06:53,14,4,0,14,1,1,3,2,0,28.433,15.048,0,0,189.0,9.95,2,0,0,0.0,2.0309285714285714,normal,0.7042,1.4175,0.6745,0.0,0.0,0.0,0.0,0.3455,0.0,0.3491,10,0.6667,hybrid,16.02,20.51,29.77,29.14,40.0,0.0,21.89
session_bbddbc16db4b,user_036,developer,2026-06-24 09:58:02,2026-06-24 16:00:02,24,6,0,24,1,1,5,0,0,0.0,0.0,0,0,362.0,9.966666666666669,2,0,0,0.0,0.0,normal,1.0612,1.7144,1.8936,0.0,0.0,0.0,0.0,0.0,0.0,0.5188,13,0.8667,hybrid,22.85,17.97,16.88,19.88,0.0,10.18,17.76
session_8e9d56bf1eea,user_041,finance,2026-06-24 09:59:22,2026-06-24 12:02:22,10,5,0,10,1,1,3,2,2,113.232,39.367,0,0,123.0,9.983333333333333,2,0,0,0.0,11.3232,normal,0.6111,1.3393,0.9241,0.0,0.0,0.0,0.0,0.5372,0.0,0.3791,12,0.8,hybrid,17.27,20.45,22.06,26.11,20.0,0.0,18.92
session_e0c396ef3bd6,user_067,analyst,2026-06-24 09:59:44,2026-06-24 15:35:44,23,8,0,23,1,1,4,5,0,49.453,13.388,0,0,336.0,9.983333333333333,2,0,0,0.0,2.150130434782609,normal,0.7513,1.22,1.8616,0.0,0.0,0.0,0.0,0.5482,0.0,0.4868,9,0.6,hybrid,21.6,15.57,18.35,20.02,20.0,0.0,18.51
session_7fa9f118fd12,user_065,hr,2026-06-24 10:02:02,2026-06-24 14:36:02,21,3,0,21,1,1,3,6,0,54.028000000000006,16.184,0,0,274.0,10.033333333333331,2,0,0,0.0,2.572761904761905,normal,1.6937,0.2844,1.1691,0.0,0.0,0.0,0.0,0.713,0.0,0.4289,11,0.7333,hybrid,19.3,21.02,18.58,18.58,0.0,0.0,16.57
session_856dd1afd34d,user_074,finance,2026-06-24 10:02:53,2026-06-24 12:27:53,10,2,0,10,1,1,3,1,2,6.540000000000001,2.623,0,0,145.0,10.033333333333331,2,0,0,0.0,0.6540000000000001,normal,1.1533,0.8258,0.8125,0.0,0.0,0.0,0.0,2.0145,0.0,0.534,10,0.6667,hybrid,23.43,21.41,25.35,24.56,20.0,0.0,21.91
session_938507e4de1d,user_072,hr,2026-06-24 10:07:19,2026-06-24 12:54:19,12,4,0,12,1,1,3,1,0,15.153,15.153,0,0,167.0,10.116666666666667,2,0,0,0.0,1.26275,normal,0.8522,0.752,1.4801,0.0,0.0,0.0,0.0,1.0268,0.0,0.4568,10,0.6667,hybrid,20.42,18.87,18.28,18.54,0.0,0.0,16.54
session_6b92405507a9,user_048,developer,2026-06-24 10:07:35,2026-06-24 15:27:35,20,5,0,20,1,1,5,0,0,0.0,0.0,0,0,320.0,10.116666666666667,2,0,0,0.0,0.0,normal,0.3685,0.8265,1.1841,0.0,0.0,0.0,0.0,0.0,0.0,0.2643,10,0.6667,hybrid,12.38,17.1,18.67,20.03,0.0,3.46,13.35
session_9a3d560352e3,user_001,finance,2026-06-24 10:08:55,2026-06-24 13:13:55,14,3,0,14,1,1,3,2,2,59.994,26.318,0,0,185.0,10.133333333333333,2,0,0,0.0,4.285285714285714,normal,1.2929,0.614,0.2422,0.0,0.0,0.0,0.0,0.3362,0.0,0.2761,8,0.5333,hybrid,12.89,14.72,16.86,17.77,20.0,0.0,14.41
session_a1e490ac1de2,user_053,hr,2026-06-24 10:09:56,2026-06-24 14:37:56,17,7,0,17,1,1,3,4,0,17.133000000000003,7.203,0,0,268.0,10.15,2,0,0,0.0,1.0078235294117648,normal,0.667,0.4485,0.6295,0.0,0.0,0.0,0.0,0.4643,0.0,0.2455,12,0.8,hybrid,11.55,29.74,32.91,29.19,60.0,0.0,24.42
session_679324969a2f,user_067,analyst,2026-06-24 10:14:31,2026-06-24 10:35:31,8,5,0,8,1,8,4,1,0,101.381,19.766,0,1,21.0,10.233333333333333,2,0,0,0.0,12.672625,device_spoofing,1.2192,1.5865,1.0542,0.0,0.0,7.0,0.0,2.7585,0.0,1.5132,10,0.6667,hybrid,53.07,35.28,26.22,25.1,40.0,0.0,38.73
session_971caf788eee,user_003,developer,2026-06-24 10:16:16,2026-06-24 15:46:16,20,2,0,20,1,1,5,0,0,0.0,0.0,0,0,330.0,10.266666666666667,2,0,0,0.0,0.0,normal,0.2912,0.937,0.8618,0.0,0.0,0.0,0.0,0.0,0.0,0.2322,11,0.7333,hybrid,10.96,22.1,24.8,28.06,40.0,0.0,19.33
session_104c47c40e6e,user_047,developer,2026-06-24 10:16:31,2026-06-24 12:45:31,10,2,0,10,1,1,4,0,0,0.0,0.0,0,0,149.0,10.266666666666667,2,0,0,0.0,0.0,normal,0.6447,1.5924,2.698,0.0,0.0,0.0,0.85,0.0,0.0,0.6428,9,0.6,hybrid,27.49,17.22,26.53,25.26,40.0,0.0,24.94
session_6a500d1e95aa,user_046,hr,2026-06-24 10:17:26,2026-06-24 15:46:26,17,4,0,17,1,1,3,4,0,27.475,11.083,0,0,329.0,10.283333333333331,2,0,0,0.0,1.616176470588235,normal,0.497,0.7431,0.0,0.0,0.0,0.0,0.0,0.1757,0.0,0.1573,8,0.5333,hybrid,7.56,10.8,17.67,18.03,20.0,0.0,11.64
session_e089146442ea,user_048,developer,2026-06-24 10:19:26,2026-06-24 11:19:26,7,1,0,7,1,1,3,0,0,59.05,19.242,0,0,60.0,10.316666666666666,2,0,0,0.0,8.435714285714285,normal,0.8232,1.7338,1.2653,0.0,0.0,0.0,2.0,44.5425,0.0,1.758,11,0.7333,hybrid,58.48,37.4,28.71,25.53,20.0,38.67,41.66
session_a4b6af0dffb0,user_055,analyst,2026-06-24 10:21:27,2026-06-24 12:43:27,12,4,0,12,1,1,4,5,0,61.633,17.922,0,0,142.0,10.35,2,0,0,0.0,5.136083333333333,normal,0.572,1.5949,2.1734,0.0,0.0,0.0,0.0,0.5654,0.0,0.5451,10,0.6667,hybrid,23.86,36.15,36.28,30.99,40.0,40.81,31.36
session_3e35c47390c5,user_052,finance,2026-06-24 10:22:35,2026-06-24 12:38:35,10,2,0,10,1,1,3,5,1,42.768,11.826,0,0,136.0,10.366666666666667,2,0,0,0.0,4.2768,normal,1.3202,1.5511,1.0729,0.0,0.0,0.0,0.0,0.3889,0.0,0.4815,8,0.5333,hybrid,21.4,15.23,17.18,18.24,20.0,0.0,18.01
session_baecb4e2628c,user_060,developer,2026-06-24 10:25:37,2026-06-24 16:01:37,21,5,0,21,1,1,5,0,0,0.0,0.0,0,0,336.0,10.416666666666666,2,0,0,0.0,0.0,normal,0.3469,1.3555,1.1331,0.0,0.0,0.0,0.0,0.0,0.0,0.3151,11,0.7333,hybrid,14.58,16.06,19.04,20.69,20.0,0.0,15.97
session_28cf91107285,user_037,developer,2026-06-24 10:36:54,2026-06-24 16:44:54,24,4,0,24,1,1,5,0,0,0.0,0.0,0,0,368.0,10.6,2,0,0,0.0,0.0,normal,1.0646,0.5822,0.622,0.0,0.0,0.0,0.0,0.0,0.0,0.2521,9,0.6,hybrid,11.84,15.28,13.65,17.5,0.0,2.15,11.7
session_ae9fdd668ce5,user_079,developer,2026-06-24 10:41:39,2026-06-24 15:52:39,18,7,0,18,1,1,5,0,0,0.0,0.0,0,0,311.0,10.683333333333334,2,0,0,0.0,0.0,normal,0.6066,0.6902,0.2338,0.0,0.0,0.0,0.0,0.0,0.0,0.1701,11,0.7333,hybrid,8.15,20.26,23.98,26.12,20.0,5.84,15.81
session_12fe4e239d54,user_004,developer,2026-06-24 10:52:28,2026-06-24 17:58:28,25,6,0,25,1,1,5,0,0,0.0,0.0,0,0,426.0,10.866666666666667,2,0,0,0.0,0.0,normal,2.1568,1.5101,1.8961,0.0,0.0,0.0,0.0,0.0,0.0,0.6181,9,0.6,hybrid,26.59,16.93,12.93,12.33,0.0,11.28,17.76
session_c82ac06c3c16,user_002,finance,2026-06-24 11:13:27,2026-06-24 16:50:27,21,6,0,21,1,1,3,6,2,64.078,14.653,0,0,337.0,11.216666666666669,2,0,0,0.0,3.051333333333333,normal,1.8773,2.5738,1.2141,0.0,0.0,0.0,0.0,0.659,0.0,0.7027,9,0.6,hybrid,29.63,25.34,26.01,27.85,40.0,0.0,27.61
session_8dc2667c2abc,user_031,developer,2026-06-24 11:49:45,2026-06-24 16:05:45,16,2,0,16,1,1,4,0,0,0.0,0.0,0,0,256.0,11.816666666666666,2,0,0,0.0,0.0,normal,2.467,0.1162,0.5936,0.0,0.0,0.0,1.0,0.0,0.0,0.4641,9,0.6,hybrid,20.71,19.23,20.04,20.41,20.0,0.0,19.18
session_ca696614a178,user_072,hr,2026-06-25 02:30:45,2026-06-25 02:38:58,32,32,32,32,4,1,1,0,0,0.0,0.0,0,1,8.216666666666667,2.5,3,0,1,1.0,0.0,brute_force,15.6002,1.9979,2.282,1.0,3.0,0.0,2.0,1.4004,0.0,2.4089,11,0.7333,hybrid,70.01,45.27,31.2,26.46,20.0,54.78,49.12
session_12d30cad8602,user_073,hr,2026-06-25 06:57:26,2026-06-25 09:27:26,11,1,0,11,1,1,3,3,0,23.124,11.241,0,0,150.0,6.95,3,0,0,0.0,2.102181818181818,normal,3.8461,1.7569,1.4839,0.0,0.0,0.0,0.0,0.4188,0.0,0.834,9,0.6,hybrid,34.1,28.09,21.85,19.69,0.0,40.74,26.54
session_c7e61f35e887,user_043,hr,2026-06-25 07:11:43,2026-06-25 12:18:43,19,4,0,19,1,1,3,7,0,74.343,15.98,0,0,307.0,7.183333333333334,3,0,0,0.0,3.9127894736842106,normal,2.0815,2.0585,0.7869,0.0,0.0,0.0,0.0,1.4282,0.0,0.7061,12,0.8,hybrid,29.75,40.17,32.8,26.8,40.0,51.46,34.1
session_a743058133a0,user_058,hr,2026-06-25 07:20:50,2026-06-25 12:59:50,24,10,0,24,1,1,3,4,0,57.785,16.911,0,0,339.0,7.333333333333333,3,0,0,0.0,2.4077083333333333,normal,1.3912,1.5448,2.0122,0.0,0.0,0.0,0.0,1.0056,0.0,0.6615,10,0.6667,hybrid,28.16,21.87,18.55,17.06,0.0,14.12,20.83
session_5ee45cabfb49,user_064,finance,2026-06-25 07:24:53,2026-06-25 14:05:53,23,6,0,23,1,1,3,3,5,150.12099999999998,32.797,0,0,401.0,7.4,3,0,0,0.0,6.526999999999999,normal,1.6403,1.7985,1.349,0.0,0.0,0.0,0.0,1.3638,0.0,0.6835,9,0.6,hybrid,28.95,23.12,22.4,26.62,20.0,0.0,24.23
session_d08d9e0377be,user_006,analyst,2026-06-25 07:28:40,2026-06-25 13:09:40,20,8,0,20,1,1,4,4,0,42.07,14.768,0,0,341.0,7.466666666666667,3,0,0,0.0,2.1035,normal,2.7546,0.6312,0.7374,0.0,0.0,0.0,0.0,0.7685,0.0,0.5435,11,0.7333,hybrid,23.8,25.94,28.76,26.43,40.0,5.11,25.92
session_247576e7f98a,user_040,finance,2026-06-25 07:32:14,2026-06-25 12:57:14,18,2,0,18,1,1,3,6,2,137.696,29.459,0,0,325.0,7.533333333333333,3,0,0,0.0,7.649777777777778,normal,1.8504,0.806,0.5059,0.0,0.0,0.0,0.0,1.441,0.0,0.5115,12,0.8,hybrid,22.57,18.38,17.88,21.25,0.0,1.95,17.61
session_5a7db3a76354,user_029,admin,2026-06-25 07:44:03,2026-06-25 14:33:03,25,7,0,25,1,1,5,0,0,0.0,0.0,3,0,409.0,7.733333333333333,3,0,0,0.0,0.0,normal,1.5156,2.4065,2.0909,0.0,0.0,0.0,0.0,0.0,0.0,0.6681,9,0.6,hybrid,28.4,23.72,28.24,26.95,20.0,0.0,25.03
session_ca1f8b9042d8,user_050,developer,2026-06-25 07:48:01,2026-06-25 10:14:01,9,4,0,9,1,1,4,0,0,0.0,0.0,0,0,146.0,7.8,3,0,0,0.0,0.0,normal,0.9075,1.0337,1.1167,0.0,0.0,0.0,1.0,0.0,0.0,0.4509,12,0.8,hybrid,20.18,21.98,26.95,27.06,40.0,0.0,23.22
session_765ba5f7ad2b,user_045,admin,2026-06-25 07:50:47,2026-06-25 14:44:47,25,5,0,25,1,1,5,0,0,0.0,0.0,2,0,414.0,7.833333333333333,3,0,0,0.0,0.0,normal,1.0512,1.2989,1.0455,0.0,0.0,0.0,0.0,0.0,1.7537,0.5721,12,0.8,hybrid,24.88,18.26,22.05,21.59,20.0,0.0,21.07
session_4b46428cdd96,user_024,hr,2026-06-25 08:01:09,2026-06-25 12:36:09,18,2,0,18,1,1,3,6,0,129.087,31.866,0,0,275.0,8.016666666666667,3,0,0,0.0,7.171499999999999,normal,1.4609,0.3893,0.281,0.0,0.0,0.0,0.0,1.8144,0.0,0.4384,10,0.6667,hybrid,19.68,16.79,17.23,18.13,0.0,0.0,15.63
session_8ab84b5da107,user_031,developer,2026-06-25 08:08:43,2026-06-25 10:50:43,10,3,0,10,1,1,5,0,0,0.0,0.0,0,0,162.0,8.133333333333333,3,0,0,0.0,0.0,normal,1.6496,1.0007,1.5353,0.0,0.0,0.0,0.0,0.0,0.0,0.4651,10,0.6667,hybrid,20.75,20.63,19.64,20.46,20.0,0.0,19.42
session_3a47d9bc77e1,user_069,hr,2026-06-25 08:09:11,2026-06-25 08:18:11,4,1,0,4,1,4,2,1,0,37.386,17.741,0,1,9.0,8.15,3,0,0,0.0,9.3465,device_spoofing,0.628,2.1772,1.9448,0.0,0.0,3.0,1.0,0.4799,0.0,1.0255,10,0.6667,hybrid,40.12,31.59,27.55,24.83,40.0,29.66,34.46
session_b1ffbe918b4e,user_068,developer,2026-06-25 08:14:50,2026-06-25 13:01:50,21,6,0,21,1,1,5,0,0,0.0,0.0,0,0,287.0,8.233333333333333,3,0,0,0.0,0.0,normal,3.5788,0.4492,0.5561,0.0,0.0,0.0,0.0,0.0,0.0,0.5093,11,0.7333,hybrid,22.48,19.07,28.52,30.5,40.0,0.0,24.13
session_bfaec08a5da9,user_016,developer,2026-06-25 08:18:36,2026-06-25 12:34:36,16,4,0,16,1,1,5,0,0,0.0,0.0,0,0,256.0,8.3,3,0,0,0.0,0.0,normal,1.4397,0.1354,0.045,0.0,0.0,0.0,0.0,0.0,0.0,0.18,10,0.6667,hybrid,8.61,12.55,12.05,15.18,0.0,0.0,9.28
session_72344387101f,user_004,developer,2026-06-25 08:21:29,2026-06-25 12:14:29,14,3,0,14,1,1,5,0,0,0.0,0.0,0,0,233.0,8.35,3,0,0,0.0,0.0,normal,2.8516,0.55,0.7923,0.0,0.0,0.0,0.0,0.0,0.0,0.466,10,0.6667,hybrid,20.78,20.29,15.17,13.74,0.0,12.9,16.67
session_7e116bbd1644,user_044,developer,2026-06-25 08:21:48,2026-06-25 12:01:48,15,4,0,15,1,1,5,0,0,0.0,0.0,0,0,220.0,8.35,3,0,0,0.0,0.0,normal,0.7022,0.6833,0.4871,0.0,0.0,0.0,0.0,0.0,0.0,0.2081,12,0.8,hybrid,9.88,16.51,15.77,15.5,0.0,8.32,11.59
session_0f0df15554e8,user_034,finance,2026-06-25 08:23:03,2026-06-25 12:21:03,19,5,0,19,1,1,3,1,5,36.433,9.564,0,0,238.0,8.383333333333333,3,0,0,0.0,1.9175263157894733,normal,1.3489,0.0438,0.6145,0.0,0.0,0.0,0.0,0.289,0.0,0.2551,12,0.8,hybrid,11.98,16.89,18.77,18.47,0.0,3.83,13.02
session_dd26d9083292,user_028,developer,2026-06-25 08:25:50,2026-06-25 14:52:50,23,6,0,23,1,1,5,0,0,0.0,0.0,0,0,387.0,8.416666666666666,3,0,0,0.0,0.0,normal,1.3386,3.2239,1.4164,0.0,0.0,0.0,0.0,0.0,0.0,0.6643,12,0.8,hybrid,28.26,30.23,29.63,27.76,40.0,2.53,28.7
session_5901cab50e4f,user_022,developer,2026-06-25 08:31:13,2026-06-25 13:15:13,19,4,0,19,1,1,5,0,0,0.0,0.0,0,0,284.0,8.516666666666667,3,0,0,0.0,0.0,normal,0.4473,0.2907,0.2216,0.0,0.0,0.0,0.0,0.0,0.0,0.1066,12,0.8,hybrid,5.19,12.91,19.07,21.43,20.0,0.0,11.66
session_d5772bef9ba2,user_042,developer,2026-06-25 08:32:35,2026-06-25 10:42:35,9,2,0,9,1,1,4,0,0,0.0,0.0,0,0,130.0,8.533333333333333,3,0,0,0.0,0.0,normal,0.6748,2.6803,3.0802,0.0,0.0,0.0,1.0,0.0,0.0,0.8261,11,0.7333,hybrid,33.84,30.12,27.0,26.62,60.0,18.05,33.17
session_e6ce4c1ef2dc,user_058,hr,2026-06-25 08:32:57,2026-06-25 09:09:57,2,2,0,2,2,2,1,0,0,0.0,0.0,0,1,37.0,8.533333333333333,3,0,0,0.0,0.0,impossible_travel,0.6256,2.8574,2.9827,0.0,1.0,1.0,2.0,1.3503,0.0,1.3129,11,0.7333,hybrid,48.13,36.57,26.29,21.84,20.0,45.5,36.97
session_256cba425a2d,user_074,finance,2026-06-25 08:33:12,2026-06-25 12:24:12,17,4,0,17,1,1,3,5,3,24.825,5.756,0,0,231.0,8.55,3,0,0,0.0,1.4602941176470587,normal,0.5416,0.1358,0.1724,0.0,0.0,0.0,0.0,0.1633,0.0,0.1126,11,0.7333,hybrid,5.47,13.42,20.18,21.62,20.0,0.0,12.06
session_3c3ce4637115,user_027,developer,2026-06-25 08:35:05,2026-06-25 14:03:05,21,4,0,21,1,1,5,0,0,0.0,0.0,0,0,328.0,8.583333333333334,3,0,0,0.0,0.0,normal,1.9237,1.0734,1.4839,0.0,0.0,0.0,0.0,0.0,0.0,0.4979,10,0.6667,hybrid,22.04,19.24,20.33,18.28,0.0,17.83,18.43
session_14bdc224d000,user_035,admin,2026-06-25 08:35:15,2026-06-25 11:36:15,13,3,0,13,1,1,5,0,0,0.0,0.0,0,0,181.0,8.583333333333334,3,0,0,0.0,0.0,normal,0.8248,0.556,0.2436,0.0,0.0,0.0,0.0,0.0,2.9228,0.5052,10,0.6667,hybrid,22.32,21.28,22.72,23.06,20.0,0.0,20.9
session_3035889d8b9c,user_078,developer,2026-06-25 08:36:24,2026-06-25 14:01:24,21,6,0,21,1,1,5,0,0,0.0,0.0,0,0,325.0,8.6,3,0,0,0.0,0.0,normal,1.0403,1.1242,2.0909,0.0,0.0,0.0,0.0,0.0,0.0,0.4728,9,0.6,hybrid,21.05,29.52,27.42,23.69,20.0,36.87,24.65
session_dee73113cba7,user_077,admin,2026-06-25 08:37:11,2026-06-25 13:50:11,18,5,0,18,1,1,5,0,0,0.0,0.0,5,0,313.0,8.616666666666667,3,0,0,0.0,0.0,normal,0.527,0.8229,0.2878,0.0,0.0,0.0,0.0,0.0,2.2783,0.4351,11,0.7333,hybrid,19.55,22.44,28.63,29.15,20.0,11.8,22.11
session_c7d758e80f9b,user_071,analyst,2026-06-25 08:38:56,2026-06-25 11:41:56,11,6,0,11,1,1,4,2,0,43.206,29.188,0,0,183.0,8.633333333333333,3,0,0,0.0,3.927818181818182,normal,1.6924,0.4796,0.6535,0.0,0.0,0.0,0.0,0.5562,0.0,0.3757,9,0.6,hybrid,17.13,14.59,20.21,21.67,20.0,0.0,16.97
session_600df65018b0,user_005,hr,2026-06-25 08:40:12,2026-06-25 11:39:12,12,3,0,12,1,1,3,4,0,14.96,5.221,0,0,179.0,8.666666666666666,3,0,0,0.0,1.2466666666666668,normal,1.4332,0.4169,0.3999,0.0,0.0,0.0,0.0,0.5659,0.0,0.3129,12,0.8,hybrid,14.48,14.05,15.7,19.55,0.0,0.0,12.91
session_c877c0e2c525,user_032,hr,2026-06-25 08:41:37,2026-06-25 14:02:37,22,6,0,22,1,1,3,3,0,10.779,3.995,0,0,321.0,8.683333333333334,3,0,0,0.0,0.4899545454545455,normal,0.6235,0.4817,0.8056,0.0,0.0,0.0,0.0,0.7986,0.0,0.301,10,0.6667,hybrid,13.97,13.98,19.16,18.93,20.0,0.0,15.15
session_499b116d193a,user_012,analyst,2026-06-25 08:43:44,2026-06-25 14:19:44,19,4,0,19,1,1,4,7,0,25.438,5.195,0,0,336.0,8.716666666666667,3,0,0,0.0,1.338842105263158,normal,0.1581,0.1457,0.1709,0.0,0.0,0.0,0.0,0.0556,0.0,0.0589,13,0.8667,hybrid,2.9,10.11,14.53,16.03,0.0,0.0,6.97
session_98df6e3a4c9a,user_020,finance,2026-06-25 08:43:50,2026-06-25 13:16:50,19,8,0,19,1,1,3,4,5,142.255,27.458,0,0,273.0,8.716666666666667,3,0,0,0.0,7.487105263157894,normal,0.7121,0.2871,0.7387,0.0,0.0,0.0,0.0,1.6721,0.0,0.3789,10,0.6667,hybrid,17.26,20.07,19.44,21.09,0.0,18.37,16.86
session_da95d48c778c,user_065,hr,2026-06-25 08:48:15,2026-06-25 13:28:15,18,5,0,18,1,1,3,4,0,51.768,17.22,0,0,280.0,8.8,3,0,0,0.0,2.876,normal,1.607,0.2948,0.5733,0.0,0.0,0.0,0.0,0.6018,0.0,0.3419,12,0.8,hybrid,15.71,18.76,17.64,18.17,0.0,3.39,14.67
session_c2ef67797e27,user_018,developer,2026-06-25 08:53:20,2026-06-25 09:22:20,2,2,0,2,2,2,1,0,0,0.0,0.0,0,1,29.0,8.883333333333333,3,0,0,0.0,0.0,impossible_travel,0.3726,1.8793,1.9223,0.0,1.0,1.0,4.0,0.0,0.0,1.1305,10,0.6667,hybrid,43.18,31.52,30.61,25.91,40.0,34.94,36.51
session_4c783827361e,user_052,finance,2026-06-25 08:54:14,2026-06-25 15:14:14,25,6,0,25,1,1,3,4,5,62.032,10.172,0,0,380.0,8.9,3,0,0,0.0,2.48128,normal,0.7189,1.3223,1.3827,0.0,0.0,0.0,0.0,1.2711,0.0,0.5217,9,0.6,hybrid,22.96,20.0,17.62,19.03,0.0,14.74,18.47
session_116d14664fd3,user_010,finance,2026-06-25 08:56:28,2026-06-25 13:46:28,25,6,0,25,1,1,3,4,3,66.824,12.639,0,0,290.0,8.933333333333334,3,0,0,0.0,2.67296,normal,0.8475,0.3455,1.4389,0.0,0.0,0.0,0.0,1.6431,0.0,0.475,11,0.7333,hybrid,21.14,21.18,22.57,20.96,0.0,0.0,18.17
session_a4431d3378b0,user_017,admin,2026-06-25 09:04:58,2026-06-25 11:10:58,9,4,0,9,1,1,4,0,0,0.0,0.0,0,0,126.0,9.066666666666666,3,0,0,0.0,0.0,normal,1.1173,1.1528,1.3827,0.0,0.0,0.0,0.8587,0.0,1.5738,0.6761,10,0.6667,hybrid,28.68,40.9,42.31,38.2,60.0,16.7,36.66
session_c0247aa00d6f,user_047,developer,2026-06-25 09:05:25,2026-06-25 11:13:25,9,4,0,9,1,1,5,0,0,0.0,0.0,0,0,128.0,9.083333333333334,3,0,0,0.0,0.0,normal,1.0561,1.8904,2.1734,0.0,0.0,0.0,0.0,0.0,0.0,0.5689,10,0.6667,hybrid,24.76,22.8,25.45,25.18,40.0,0.0,24.8
session_9dc02f0038b4,user_057,developer,2026-06-25 09:09:20,2026-06-25 16:12:20,25,7,0,25,1,1,5,0,0,0.0,0.0,0,0,423.0,9.15,3,0,0,0.0,0.0,normal,0.1358,2.1871,1.7601,0.0,0.0,0.0,0.0,0.0,0.0,0.4537,8,0.5333,hybrid,20.3,12.92,21.15,22.19,40.0,0.0,20.09
session_7430ccc0cf98,user_018,developer,2026-06-25 09:12:10,2026-06-25 13:50:10,18,3,0,18,1,1,5,0,0,0.0,0.0,0,0,278.0,9.2,3,0,0,0.0,0.0,normal,0.1652,0.3175,0.4159,0.0,0.0,0.0,0.0,0.0,0.0,0.0998,10,0.6667,hybrid,4.87,20.27,25.05,22.9,40.0,0.0,16.05
session_ae44264bf324,user_008,developer,2026-06-25 09:17:27,2026-06-25 14:42:27,18,3,0,18,1,1,5,0,0,0.0,0.0,0,0,325.0,9.283333333333331,3,0,0,0.0,0.0,normal,0.1243,0.6417,0.16,0.0,0.0,0.0,0.0,0.0,0.0,0.1029,10,0.6667,hybrid,5.01,11.14,22.72,23.53,40.0,0.0,14.0
session_8ba6b40d259a,user_067,analyst,2026-06-25 09:20:47,2026-06-25 12:18:47,12,1,0,12,1,1,3,4,0,44.755,13.961,0,0,178.0,9.333333333333334,3,0,0,0.0,3.729583333333333,normal,0.5408,0.4485,0.4946,0.0,0.0,0.0,1.0,0.2685,0.0,0.3058,10,0.6667,hybrid,14.18,28.38,23.04,23.54,20.0,30.45,20.68
session_e09d23efe944,user_013,hr,2026-06-25 09:22:40,2026-06-25 09:39:40,2,2,0,2,2,2,1,0,0,0.0,0.0,0,1,17.0,9.366666666666667,3,0,0,0.0,0.0,impossible_travel,0.3793,4.8676,4.2493,0.0,1.0,1.0,2.0,1.4179,0.0,1.6571,9,0.6,hybrid,56.33,37.53,26.51,22.59,20.0,56.59,41.1
session_ec3d95dc467b,user_039,developer,2026-06-25 09:23:02,2026-06-25 11:54:02,10,1,0,10,1,1,5,0,0,0.0,0.0,0,0,151.0,9.383333333333333,3,0,0,0.0,0.0,normal,0.0897,1.455,1.6782,0.0,0.0,0.0,0.0,0.0,0.0,0.3581,10,0.6667,hybrid,16.39,17.39,15.44,14.11,0.0,21.85,14.86
session_8292d9bde4c8,user_025,hr,2026-06-25 09:27:53,2026-06-25 13:49:53,16,6,0,16,1,1,3,3,0,5.425,2.414,0,0,262.0,9.45,3,0,0,0.0,0.3390625,normal,0.2528,0.7382,0.8993,0.0,0.0,0.0,0.0,0.5179,0.0,0.2676,13,0.8667,hybrid,12.52,11.74,15.2,21.95,20.0,0.0,13.83
session_88bf682b7a59,user_013,hr,2026-06-25 09:31:37,2026-06-25 14:23:37,20,8,0,20,1,1,3,4,0,20.845,7.887,0,0,292.0,9.516666666666667,3,0,0,0.0,1.04225,normal,0.5833,0.4573,0.607,0.0,0.0,0.0,0.0,0.6143,0.0,0.2513,9,0.6,hybrid,11.81,27.47,24.25,20.8,20.0,27.4,19.3
session_f814f34a9733,user_030,hr,2026-06-25 09:32:32,2026-06-25 14:47:32,19,3,0,19,1,1,3,7,0,86.443,20.893,0,0,315.0,9.533333333333331,3,0,0,0.0,4.549631578947368,normal,0.38,0.4599,0.2136,0.0,0.0,0.0,0.0,1.2368,0.0,0.2545,11,0.7333,hybrid,11.95,15.26,24.77,26.69,40.0,0.0,18.22
session_0425adc73d37,user_072,hr,2026-06-25 09:35:54,2026-06-25 13:26:54,16,5,0,16,1,1,3,3,0,48.851,25.098,0,0,231.0,9.583333333333334,3,0,0,0.0,3.0531875,normal,0.5366,0.2137,0.4159,0.0,0.0,0.0,0.0,0.2878,0.0,0.1616,11,0.7333,hybrid,7.76,30.62,26.71,23.79,20.0,25.06,18.87
session_0e2ddde91374,user_059,analyst,2026-06-25 09:39:14,2026-06-25 13:21:14,14,4,0,14,1,1,4,3,0,22.886,9.651,0,0,222.0,9.65,3,0,0,0.0,1.6347142857142856,normal,0.1281,0.39,0.4257,0.0,0.0,0.0,0.0,0.2088,0.0,0.1281,8,0.5333,hybrid,6.2,6.74,17.97,18.07,20.0,0.0,10.33
session_77f538d1833d,user_037,developer,2026-06-25 09:44:38,2026-06-25 12:50:38,10,4,0,10,1,1,5,0,0,0.0,0.0,0,0,186.0,9.733333333333333,3,0,0,0.0,0.0,normal,0.1543,1.0126,4.4404,0.0,0.0,0.0,0.0,0.0,0.0,0.623,10,0.6667,hybrid,26.77,20.51,16.98,18.92,0.0,24.61,20.48
session_2f169bded083,user_023,developer,2026-06-25 09:45:18,2026-06-25 15:46:18,23,6,0,23,1,1,5,0,0,0.0,0.0,0,0,361.0,9.75,3,0,0,0.0,0.0,normal,0.9754,1.28,0.9443,0.0,0.0,0.0,0.0,0.0,0.0,0.3555,12,0.8,hybrid,16.28,19.84,21.92,21.01,20.0,5.86,18.16
session_6fed97c197c6,user_011,analyst,2026-06-25 09:47:01,2026-06-25 16:49:01,24,5,0,24,1,1,4,4,0,36.106,13.738,0,0,422.0,9.783333333333331,3,0,0,0.0,1.5044166666666667,normal,2.6246,5.2205,4.6675,0.0,0.0,0.0,0.0,0.1449,0.0,1.4064,7,0.4667,hybrid,50.5,32.31,31.4,29.22,40.0,23.09,39.45
session_e6622d1efb2d,user_021,finance,2026-06-25 09:47:26,2026-06-25 11:32:26,9,4,0,9,1,1,3,1,0,4.724,4.724,0,0,105.0,9.783333333333331,3,0,0,0.0,0.524888888888889,normal,1.4311,1.0386,0.9106,0.0,0.0,0.0,0.0,1.077,0.0,0.4953,9,0.6,hybrid,21.94,19.77,20.72,24.89,20.0,0.0,20.32
session_116568912705,user_026,analyst,2026-06-25 09:47:38,2026-06-25 13:23:38,15,6,0,15,1,1,4,5,0,31.191000000000003,10.563,0,0,216.0,9.783333333333331,3,0,0,0.0,2.0794,normal,0.0874,0.2611,0.1349,0.0,0.0,0.0,0.0,0.3342,0.0,0.0908,10,0.6667,hybrid,4.44,16.94,27.93,24.72,20.0,0.0,13.83
session_f1cd73a86c65,user_038,developer,2026-06-25 09:48:59,2026-06-25 14:26:59,19,4,0,19,1,1,5,0,0,0.0,0.0,0,0,278.0,9.8,3,0,0,0.0,0.0,normal,0.8488,0.1805,0.4097,0.0,0.0,0.0,0.0,0.0,0.0,0.1599,11,0.7333,hybrid,7.68,9.01,19.08,17.92,20.0,0.0,11.53
session_f7361680801d,user_054,developer,2026-06-25 09:50:21,2026-06-25 17:49:21,24,3,0,24,1,1,5,0,0,0.0,0.0,0,0,479.0,9.833333333333334,3,0,0,0.0,0.0,normal,0.8755,3.9551,2.5518,0.0,0.0,0.0,0.0,0.0,0.0,0.8203,10,0.6667,hybrid,33.64,24.85,25.04,23.18,20.0,12.06,27.1
session_05e94f0121f2,user_036,developer,2026-06-25 10:01:11,2026-06-25 10:16:11,6,3,0,6,1,6,4,1,0,52.403,18.522,0,1,15.0,10.016666666666667,3,0,0,0.0,8.733833333333333,device_spoofing,1.0886,3.1623,2.1034,0.0,0.0,5.0,1.0,2.0161,0.0,1.5967,14,0.9333,hybrid,54.99,36.5,26.66,24.23,20.0,40.82,39.76
session_9f79b5fbe063,user_036,developer,2026-06-25 10:09:49,2026-06-25 13:40:49,13,3,0,13,1,1,5,0,0,0.0,0.0,0,0,211.0,10.15,3,0,0,0.0,0.0,normal,1.3773,0.3281,0.5646,0.0,0.0,0.0,0.0,0.0,0.0,0.2522,14,0.9333,hybrid,11.85,28.06,23.98,22.92,20.0,27.52,19.62
session_a9881a3ab77c,user_070,admin,2026-06-25 10:10:46,2026-06-25 12:48:46,11,3,0,11,1,1,5,0,0,0.0,0.0,2,0,158.0,10.166666666666666,3,0,0,0.0,0.0,normal,1.175,1.0944,0.9893,0.0,0.0,0.0,0.0,0.0,0.6145,0.4304,13,0.8667,hybrid,19.36,19.6,18.19,18.91,0.0,10.64,16.82
session_3a33f4146c0b,user_056,hr,2026-06-25 10:13:51,2026-06-25 14:47:51,22,6,0,22,1,1,3,4,0,119.245,38.353,0,0,274.0,10.216666666666669,3,0,0,0.0,5.420227272727273,normal,0.7668,0.3299,1.0162,0.0,0.0,0.0,0.0,1.3513,0.0,0.3849,11,0.7333,hybrid,17.51,27.1,27.15,27.0,40.0,0.0,23.19
session_e946cca6b7f9,user_066,developer,2026-06-25 10:16:52,2026-06-25 13:57:52,18,4,0,18,1,1,5,0,0,0.0,0.0,0,0,221.0,10.266666666666667,3,0,0,0.0,0.0,normal,1.3203,0.2241,0.2061,0.0,0.0,0.0,0.0,0.0,0.0,0.1945,10,0.6667,hybrid,9.27,11.66,12.61,12.48,0.0,0.0,9.18
session_8704f97442f5,user_041,finance,2026-06-25 10:17:53,2026-06-25 14:31:53,17,2,0,17,1,1,3,2,2,89.721,52.161,0,0,254.0,10.283333333333331,3,0,0,0.0,5.277705882352941,normal,0.8498,0.7923,1.2141,0.0,0.0,0.0,0.0,0.8375,0.0,0.4104,13,0.8667,hybrid,18.55,19.19,20.57,25.16,20.0,0.0,18.86
session_6eadfd26e59f,user_049,analyst,2026-06-25 10:23:57,2026-06-25 14:13:57,14,6,0,14,1,1,4,3,0,16.744999999999997,8.763,0,0,230.0,10.383333333333333,3,0,0,0.0,1.1960714285714285,normal,1.3721,0.9342,0.7824,0.0,0.0,0.0,0.0,0.3332,0.0,0.3802,9,0.6,hybrid,17.31,24.69,26.9,24.51,20.0,9.89,20.84
session_4e409aafb17e,user_075,developer,2026-06-25 10:27:22,2026-06-25 12:36:22,11,3,0,11,1,1,4,0,0,0.0,0.0,0,0,129.0,10.45,3,0,0,0.0,0.0,normal,1.268,2.2394,1.5888,0.0,0.0,0.0,1.0,0.0,0.0,0.6774,7,0.4667,hybrid,28.73,18.69,14.79,14.47,0.0,14.13,19.6
session_be06f4a13e4d,user_061,analyst,2026-06-25 10:38:29,2026-06-25 16:16:29,21,3,0,21,1,1,4,2,0,9.151,4.835,0,0,338.0,10.633333333333333,3,0,0,0.0,0.4357619047619047,normal,1.4491,0.2845,0.4272,0.0,0.0,0.0,0.0,0.6786,0.0,0.3155,11,0.7333,hybrid,14.59,21.31,25.46,27.87,60.0,0.0,22.71
session_c8153c03ab93,user_080,hr,2026-06-25 10:42:22,2026-06-25 14:08:22,14,4,0,14,1,1,3,4,0,55.564,17.779,0,0,206.0,10.7,3,0,0,0.0,3.968857142857143,normal,2.0181,0.4596,0.5059,0.0,0.0,0.0,0.0,0.4354,0.0,0.3799,10,0.6667,hybrid,17.3,20.06,21.3,23.15,0.0,0.0,16.44
session_25ca5d58c880,user_055,analyst,2026-06-25 10:44:24,2026-06-25 15:49:24,18,6,0,18,1,1,4,3,0,75.094,50.673,0,0,305.0,10.733333333333333,3,0,0,0.0,4.171888888888889,normal,1.2348,0.3315,0.0719,0.0,0.0,0.0,0.0,0.9465,0.0,0.2872,11,0.7333,hybrid,13.38,24.58,31.58,28.47,40.0,0.0,21.85
session_3168a2c81261,user_001,finance,2026-06-25 10:44:40,2026-06-25 16:35:40,23,5,0,23,1,1,3,4,2,94.283,26.301,0,0,351.0,10.733333333333333,3,0,0,0.0,4.099260869565217,normal,1.815,1.2804,1.349,0.0,0.0,0.0,0.0,0.9732,0.0,0.602,9,0.6,hybrid,25.99,19.08,18.57,19.27,0.0,9.82,19.42
session_b5c8e7a3462d,user_076,analyst,2026-06-25 10:45:00,2026-06-25 14:32:00,13,4,0,13,1,1,4,3,0,20.873,9.562,0,0,227.0,10.75,3,0,0,0.0,1.6056153846153844,normal,1.1637,0.2951,0.4587,0.0,0.0,0.0,0.0,0.2975,0.0,0.2461,12,0.8,hybrid,11.58,12.57,14.32,20.2,0.0,0.0,11.31
session_707e88ede3fb,user_046,hr,2026-06-25 10:58:37,2026-06-25 14:26:37,13,4,0,13,1,1,3,3,0,31.519,11.943,0,0,208.0,10.966666666666669,3,0,0,0.0,2.4245384615384613,normal,1.1755,0.4557,0.5936,0.0,0.0,0.0,0.0,0.115,0.0,0.26,9,0.6,hybrid,12.19,10.56,16.11,17.05,20.0,0.0,13.11
session_1f25a47db629,user_060,developer,2026-06-25 11:08:34,2026-06-25 13:56:34,9,2,0,9,1,1,5,0,0,0.0,0.0,0,0,168.0,11.133333333333333,3,0,0,0.0,0.0,normal,1.2238,1.02,1.349,0.0,0.0,0.0,0.0,0.0,0.0,0.3992,12,0.8,hybrid,18.09,17.03,18.44,20.35,20.0,0.0,17.44
session_7a71b7b26966,user_053,hr,2026-06-25 11:11:20,2026-06-25 17:49:20,24,9,0,24,1,1,3,9,0,39.101,9.486,0,0,398.0,11.183333333333334,3,0,0,0.0,1.6292083333333334,normal,1.4016,1.0576,0.9368,0.0,0.0,0.0,0.0,1.7688,0.0,0.5739,13,0.8667,hybrid,24.95,22.07,30.9,28.66,40.0,0.0,25.89
session_e05f8bfa9561,user_079,developer,2026-06-25 11:12:49,2026-06-25 14:21:49,13,2,0,13,1,1,4,0,0,0.0,0.0,0,0,189.0,11.2,3,0,0,0.0,0.0,normal,0.7872,0.6899,0.5516,0.0,0.0,0.0,1.0,0.0,0.0,0.3365,12,0.8,hybrid,15.49,13.03,22.0,24.79,20.0,0.0,16.58
session_702856bc4546,user_048,developer,2026-06-25 11:19:46,2026-06-25 15:56:46,22,6,0,22,1,1,5,0,0,0.0,0.0,0,0,277.0,11.316666666666666,3,0,0,0.0,0.0,normal,3.6602,0.373,1.7874,0.0,0.0,0.0,0.0,0.0,0.0,0.6467,12,0.8,hybrid,27.63,35.37,29.41,25.81,20.0,28.45,28.54
session_44b7ea69da06,user_002,finance,2026-06-25 11:28:05,2026-06-25 15:11:05,11,1,0,11,1,1,3,3,5,79.237,16.228,0,0,223.0,11.466666666666669,3,0,0,0.0,7.203363636363636,normal,1.9326,0.3945,0.4746,0.0,0.0,0.0,0.0,1.0673,0.0,0.4299,10,0.6667,hybrid,19.34,23.23,24.12,26.64,40.0,0.0,22.66
session_22bf14aa59d1,user_025,hr,2026-06-25 13:09:41,2026-06-25 13:09:41,1,0,0,1,1,1,1,1,0,2.4,2.4,0,1,0.0,13.15,3,0,0,0.0,2.4,low_slow_exfiltration,7.2718,2.5245,3.2016,0.0,0.0,0.0,2.0,1.7295,0.0,1.8586,14,0.9333,hybrid,60.52,36.2,25.16,26.61,40.0,6.99,42.23
session_6e9ebeacc905,user_060,developer,2026-06-25 23:12:14,2026-06-26 00:16:14,9,2,0,9,1,1,4,0,0,95.735,19.331,0,0,64.0,23.2,3,0,1,0.0,10.637222222222222,normal,13.8778,2.2642,1.0367,0.0,0.0,0.0,1.0,6.0718,0.0,2.2636,13,0.8667,hybrid,67.75,42.34,30.07,26.27,40.0,23.28,47.87
session_b4419884a6ce,user_053,hr,2026-06-25 23:30:24,2026-06-25 23:37:03,26,26,26,26,4,1,1,0,0,0.0,0.0,0,1,6.65,23.5,3,0,1,1.0,0.0,brute_force,20.6202,3.6865,1.0904,1.0,3.0,0.0,2.0,1.9357,0.0,2.5236,14,0.9333,hybrid,71.69,46.08,41.01,34.33,60.0,15.83,54.27
session_d17469ef1cd0,user_059,analyst,2026-06-26 04:07:58,2026-06-26 04:17:58,6,1,0,6,1,1,6,0,0,0.0,0.0,1,1,10.0,4.116666666666666,4,0,1,0.0,0.0,lateral_movement,12.5509,2.6452,1.8136,0.0,0.0,0.0,2.0,2.3358,1.0,2.1994,9,0.6,hybrid,66.7,36.26,29.73,26.18,40.0,24.66,46.24
session_ccc97bfbdf7a,user_045,admin,2026-06-26 06:39:31,2026-06-26 10:17:31,13,4,0,13,1,1,5,0,0,0.0,0.0,2,0,218.0,6.65,4,0,0,0.0,0.0,normal,2.7261,0.6369,1.0904,0.0,0.0,0.0,0.0,0.0,0.5846,0.5598,13,0.8667,hybrid,24.41,22.81,22.47,21.95,20.0,0.0,21.89
session_8681760ca153,user_039,developer,2026-06-26 07:08:48,2026-06-26 13:17:48,21,5,0,21,1,1,5,0,0,0.0,0.0,0,0,369.0,7.133333333333334,4,0,0,0.0,0.0,normal,3.6602,0.797,0.3417,0.0,0.0,0.0,0.0,0.0,0.0,0.5332,11,0.7333,hybrid,23.4,20.03,17.97,15.54,0.0,18.9,18.56
session_325db344d74c,user_057,developer,2026-06-26 07:22:09,2026-06-26 10:38:09,12,4,0,12,1,1,3,0,0,0.0,0.0,0,0,196.0,7.366666666666666,4,0,0,0.0,0.0,normal,2.1167,0.4299,0.5021,0.0,0.0,0.0,1.7546,0.0,0.0,0.5337,9,0.6,hybrid,23.42,19.21,20.52,22.39,40.0,0.0,22.53
session_150cf7880096,user_042,developer,2026-06-26 07:23:05,2026-06-26 14:44:05,24,7,0,24,1,1,5,0,0,0.0,0.0,0,0,441.0,7.383333333333334,4,0,0,0.0,0.0,normal,1.5777,1.5753,1.1601,0.0,0.0,0.0,0.0,0.0,0.0,0.4792,12,0.8,hybrid,21.31,27.82,26.03,25.91,60.0,0.58,26.61
session_ce1e7a472b06,user_069,hr,2026-06-26 07:36:45,2026-06-26 14:04:45,25,5,0,25,1,1,3,8,0,118.988,19.823,0,0,388.0,7.6,4,0,0,0.0,4.75952,normal,0.7762,1.1989,1.1242,0.0,0.0,0.0,0.0,2.3059,0.0,0.6006,10,0.6667,hybrid,25.94,30.49,27.89,25.0,40.0,25.7,28.44
session_073dae4b276e,user_073,hr,2026-06-26 07:45:59,2026-06-26 10:54:59,14,7,0,14,1,1,3,1,0,7.565,7.565,0,0,189.0,7.75,4,0,0,0.0,0.5403571428571429,normal,1.4062,1.0964,0.6825,0.0,0.0,0.0,0.0,0.9048,0.0,0.4544,10,0.6667,hybrid,20.32,24.49,22.48,19.8,0.0,25.6,19.66
session_dcb12a8d86ac,user_012,analyst,2026-06-26 07:53:42,2026-06-26 11:14:42,11,4,0,11,1,1,3,3,0,17.649,9.476,0,0,201.0,7.883333333333333,4,0,0,0.0,1.6044545454545456,normal,1.2998,1.3526,1.3877,0.0,0.0,0.0,1.0,0.46,0.0,0.6111,14,0.9333,hybrid,26.33,16.8,17.01,17.31,0.0,0.0,18.17
session_6a8635f5bf42,user_058,hr,2026-06-26 07:55:22,2026-06-26 10:42:22,10,4,0,10,1,1,3,1,0,21.25,21.25,0,0,167.0,7.916666666666667,4,0,0,0.0,2.125,normal,0.5042,1.2155,1.304,0.0,0.0,0.0,0.0,0.5919,0.0,0.4017,11,0.7333,hybrid,18.2,29.83,25.41,21.32,20.0,26.66,22.52
session_5051c059a633,user_043,hr,2026-06-26 07:56:53,2026-06-26 13:33:53,22,9,0,22,1,1,3,5,0,55.906,16.682,0,0,337.0,7.933333333333334,4,0,0,0.0,2.541181818181818,normal,0.796,2.3764,1.2815,0.0,0.0,0.0,0.0,0.5014,0.0,0.5506,13,0.8667,hybrid,24.07,29.95,31.9,26.46,40.0,35.38,28.82
session_73efeec57160,user_006,analyst,2026-06-26 08:04:30,2026-06-26 09:51:30,10,1,0,10,1,1,4,4,0,55.863,20.904,0,0,107.0,8.066666666666666,4,0,0,0.0,5.5863,normal,0.893,0.9407,0.7015,0.0,0.0,0.0,0.0,0.3198,0.0,0.3172,12,0.8,hybrid,14.67,20.43,25.36,24.75,40.0,0.0,20.23
session_d44015b440f0,user_034,finance,2026-06-26 08:10:53,2026-06-26 13:00:53,22,4,0,22,1,1,3,5,6,78.896,13.238,0,0,290.0,8.166666666666666,4,0,0,0.0,3.586181818181818,normal,1.458,0.4491,1.1804,0.0,0.0,0.0,0.0,1.6573,0.0,0.5272,13,0.8667,hybrid,23.17,19.8,19.97,19.1,0.0,0.41,18.15
session_47516128558c,user_014,hr,2026-06-26 08:15:13,2026-06-26 12:41:13,15,4,0,15,1,1,3,3,0,22.385,8.943,0,0,266.0,8.25,4,0,0,0.0,1.4923333333333333,normal,1.9439,0.2083,0.2361,0.0,0.0,0.0,0.0,0.4081,0.0,0.3107,9,0.6,hybrid,14.39,26.68,30.34,28.53,60.0,0.0,24.5
session_b410222a9294,user_018,developer,2026-06-26 08:21:50,2026-06-26 10:58:50,12,3,0,12,1,1,5,0,0,0.0,0.0,0,0,157.0,8.35,4,0,0,0.0,0.0,normal,1.1153,0.7575,0.5508,0.0,0.0,0.0,0.0,0.0,0.0,0.2693,11,0.7333,hybrid,12.6,15.12,21.82,21.53,40.0,0.0,17.49
session_08d0656027c3,user_049,analyst,2026-06-26 08:22:00,2026-06-26 10:19:00,9,3,0,9,1,1,3,4,0,16.423000000000002,5.24,0,0,117.0,8.366666666666667,4,0,0,0.0,1.824777777777778,normal,1.3008,1.5879,1.3265,0.0,0.0,0.0,1.0,0.3301,0.0,0.6161,10,0.6667,hybrid,26.51,24.44,27.05,24.82,20.0,0.0,24.03
session_24afa4f5b338,user_077,admin,2026-06-26 08:22:33,2026-06-26 11:56:33,11,3,0,11,1,1,4,0,0,0.0,0.0,2,0,214.0,8.366666666666667,4,0,0,0.0,0.0,normal,0.7481,0.429,1.0166,0.0,0.0,0.0,1.0,0.0,0.5396,0.4148,12,0.8,hybrid,18.73,20.9,26.45,27.85,20.0,0.0,20.42
session_90a8860a8c91,user_064,finance,2026-06-26 08:26:27,2026-06-26 12:49:27,15,4,0,15,1,1,3,1,1,36.797,27.125,0,0,263.0,8.433333333333334,4,0,0,0.0,2.453133333333333,normal,0.4809,0.2872,0.0409,0.0,0.0,0.0,0.0,1.4221,0.0,0.2479,10,0.6667,hybrid,11.66,18.7,18.82,24.49,0.0,0.0,13.68
session_732d0753a4f2,user_050,developer,2026-06-26 08:28:31,2026-06-26 12:53:31,16,2,0,16,1,1,4,0,0,0.0,0.0,0,0,265.0,8.466666666666667,4,0,0,0.0,0.0,normal,0.5593,0.2496,0.1641,0.0,0.0,0.0,1.0,0.0,0.0,0.2192,13,0.8667,hybrid,10.38,14.05,22.78,25.16,40.0,0.0,16.9
session_455340d8f45c,user_022,developer,2026-06-26 08:33:39,2026-06-26 12:14:39,15,3,0,15,1,1,5,0,0,0.0,0.0,0,0,221.0,8.55,4,0,0,0.0,0.0,normal,0.389,0.7898,1.0102,0.0,0.0,0.0,0.0,0.0,0.0,0.2432,13,0.8667,hybrid,11.45,11.77,16.66,20.35,20.0,0.0,13.47
session_1b2247a62b29,user_035,admin,2026-06-26 08:36:34,2026-06-26 15:46:34,25,3,0,25,1,1,5,0,0,0.0,0.0,3,0,430.0,8.6,4,0,0,0.0,0.0,normal,0.7494,3.1623,2.3832,0.0,0.0,0.0,0.0,0.0,0.6745,0.7744,11,0.7333,hybrid,32.1,27.35,23.72,24.35,0.0,11.07,24.86
session_048253e06d4d,user_044,developer,2026-06-26 08:36:42,2026-06-26 14:15:42,22,5,0,22,1,1,5,0,0,0.0,0.0,0,0,339.0,8.6,4,0,0,0.0,0.0,normal,0.2794,1.5055,0.7914,0.0,0.0,0.0,0.0,0.0,0.0,0.2863,13,0.8667,hybrid,13.34,13.87,15.37,15.21,0.0,7.59,12.32
session_bc031fa87256,user_033,developer,2026-06-26 08:36:57,2026-06-26 13:26:57,21,6,0,21,1,1,4,0,0,0.0,0.0,0,0,290.0,8.6,4,0,0,0.0,0.0,normal,1.4303,0.437,0.6385,0.0,0.0,0.0,1.0,0.0,0.0,0.3895,11,0.7333,hybrid,17.7,13.26,13.2,13.04,0.0,0.0,13.01
session_3fce5ec331a2,user_009,developer,2026-06-26 08:40:54,2026-06-26 12:31:54,13,3,0,13,1,1,5,0,0,0.0,0.0,0,0,231.0,8.666666666666666,4,0,0,0.0,0.0,normal,0.8892,1.6631,1.6188,0.0,0.0,0.0,0.0,0.0,0.0,0.4635,12,0.8,hybrid,20.69,14.01,16.11,16.12,20.0,0.0,17.11
session_4b15b96f6219,user_036,developer,2026-06-26 08:42:50,2026-06-26 11:34:50,13,3,0,13,1,1,5,0,0,0.0,0.0,0,0,172.0,8.7,4,0,0,0.0,0.0,normal,1.6525,0.6877,0.4497,0.0,0.0,0.0,0.0,0.0,0.0,0.31,15,1.0,personal,14.36,20.29,22.26,21.97,20.0,8.14,17.75
session_ec43e3a8fa4b,user_074,finance,2026-06-26 08:43:40,2026-06-26 11:34:40,9,2,0,9,1,1,3,2,1,6.326,2.28,0,0,171.0,8.716666666666667,4,0,0,0.0,0.7028888888888889,normal,0.1972,0.5265,0.9382,0.0,0.0,0.0,0.0,1.9311,0.0,0.3992,12,0.8,hybrid,18.09,14.78,18.69,21.12,20.0,0.0,17.11
session_6ec142d529f3,user_004,developer,2026-06-26 08:44:20,2026-06-26 13:17:20,21,4,0,21,1,1,5,0,0,0.0,0.0,0,0,273.0,8.733333333333333,4,0,0,0.0,0.0,normal,1.8165,0.0897,0.5508,0.0,0.0,0.0,0.0,0.0,0.0,0.273,11,0.7333,hybrid,12.76,17.74,14.89,13.59,0.0,21.11,13.3
session_134179511797,user_011,analyst,2026-06-26 08:46:00,2026-06-26 14:34:00,23,3,0,23,1,1,4,7,0,40.4,10.753,0,0,348.0,8.766666666666667,4,0,0,0.0,1.7565217391304346,normal,0.6874,2.5368,3.1986,0.0,0.0,0.0,0.0,0.31,0.0,0.7481,8,0.5333,hybrid,31.21,34.78,31.93,29.58,40.0,15.98,31.98
session_f8ff56a89abe,user_024,hr,2026-06-26 08:48:20,2026-06-26 14:33:20,21,4,0,21,1,1,3,6,0,131.612,29.834,0,0,345.0,8.8,4,0,0,0.0,6.267238095238095,normal,0.3011,1.2587,0.6745,0.0,0.0,0.0,0.0,1.1637,0.0,0.3776,11,0.7333,hybrid,17.2,17.05,16.94,17.99,0.0,0.0,14.63
session_e78fd6c44161,user_038,developer,2026-06-26 08:48:43,2026-06-26 12:38:43,14,3,0,14,1,1,5,0,0,0.0,0.0,0,0,230.0,8.8,4,0,0,0.0,0.0,normal,0.356,0.5162,0.7487,0.0,0.0,0.0,0.0,0.0,0.0,0.1801,12,0.8,hybrid,8.61,8.9,16.15,16.68,20.0,0.0,11.31
session_9d2e7ebd1762,user_062,hr,2026-06-26 08:54:14,2026-06-26 14:05:14,20,5,0,20,1,1,3,6,0,134.30599999999998,32.032,0,0,311.0,8.9,4,0,0,0.0,6.715299999999999,normal,0.5852,0.4141,0.4184,0.0,0.0,0.0,0.0,2.446,0.0,0.4293,10,0.6667,hybrid,19.32,18.08,25.36,23.96,20.0,0.0,19.54
session_5c4656f4bab5,user_061,analyst,2026-06-26 08:56:26,2026-06-26 11:55:26,14,4,0,14,1,1,4,3,0,17.521,10.855,0,0,179.0,8.933333333333334,4,0,0,0.0,1.2515,normal,1.7376,1.1291,0.6475,0.0,0.0,0.0,0.0,0.2664,0.0,0.4201,12,0.8,hybrid,18.95,18.25,22.18,26.75,40.0,0.0,21.23
session_0eb0621074b1,user_001,finance,2026-06-26 08:57:38,2026-06-26 14:33:38,21,8,0,21,1,1,3,5,3,136.912,33.671,0,0,336.0,8.95,4,0,0,0.0,6.519619047619048,normal,0.4746,0.9191,0.7051,0.0,0.0,0.0,0.0,1.8078,0.0,0.4341,10,0.6667,hybrid,19.51,20.57,19.05,19.31,0.0,0.0,16.71
session_c655b10cead0,user_017,admin,2026-06-26 09:06:37,2026-06-26 14:15:37,25,3,0,25,1,1,5,0,0,0.0,0.0,4,0,309.0,9.1,4,0,0,0.0,0.0,normal,1.2854,1.0216,2.2183,0.0,0.0,0.0,0.0,0.0,1.349,0.6527,11,0.7333,hybrid,27.84,35.87,39.11,36.9,60.0,0.0,33.87
session_6d932696effa,user_054,developer,2026-06-26 09:09:10,2026-06-26 14:11:10,21,5,0,21,1,1,5,0,0,0.0,0.0,0,0,302.0,9.15,4,0,0,0.0,0.0,normal,2.7456,1.3158,1.6637,0.0,0.0,0.0,0.0,0.0,0.0,0.6361,11,0.7333,hybrid,27.24,28.12,25.89,23.8,20.0,6.54,25.11
session_dcd6e630ee81,user_052,finance,2026-06-26 09:09:17,2026-06-26 12:53:17,14,3,0,14,1,1,3,2,2,25.989,9.428,0,0,224.0,9.15,4,0,0,0.0,1.8563571428571428,normal,0.3871,0.3272,0.5059,0.0,0.0,0.0,0.0,1.7197,0.0,0.3267,10,0.6667,hybrid,15.07,18.76,17.35,18.42,0.0,0.76,14.26
session_a7123c3b69cf,user_010,finance,2026-06-26 09:09:17,2026-06-26 14:51:17,23,7,0,23,1,1,3,1,4,36.479,8.992,0,0,342.0,9.15,4,0,0,0.0,1.5860434782608694,normal,0.6031,0.7707,0.8544,0.0,0.0,0.0,0.0,0.1595,0.0,0.2653,12,0.8,hybrid,12.42,16.62,19.95,19.74,0.0,0.0,13.26
session_e326861b99b0,user_043,hr,2026-06-26 09:09:30,2026-06-26 10:24:30,6,0,0,6,1,1,1,2,0,107.644,28.22,0,0,75.0,9.15,4,0,0,0.0,17.94066666666667,normal,0.8546,2.5697,1.9223,0.0,0.0,0.0,2.0,2.1548,0.0,1.0557,14,0.9333,hybrid,41.01,33.49,35.06,28.61,60.0,26.81,38.56
session_154535deb494,user_067,analyst,2026-06-26 09:10:58,2026-06-26 13:30:58,16,8,0,16,1,1,4,1,0,6.652,6.652,0,0,260.0,9.166666666666666,4,0,0,0.0,0.41575,normal,0.8917,0.6432,0.6595,0.0,0.0,0.0,0.0,1.4522,0.0,0.4052,11,0.7333,hybrid,18.34,22.74,22.63,22.85,20.0,16.37,20.38
session_6eb737a6f2ac,user_031,developer,2026-06-26 09:12:16,2026-06-26 14:21:16,19,6,0,19,1,1,5,0,0,0.0,0.0,0,0,309.0,9.2,4,0,0,0.0,0.0,normal,0.4432,0.3732,0.0899,0.0,0.0,0.0,0.0,0.0,0.0,0.1007,11,0.7333,hybrid,4.91,12.82,14.84,18.24,0.0,2.1,8.68
session_66e9b81fab48,user_005,hr,2026-06-26 09:17:53,2026-06-26 13:04:53,15,6,0,15,1,1,3,4,0,17.658,6.577,0,0,227.0,9.283333333333331,4,0,0,0.0,1.1772,normal,0.483,0.1584,0.4347,0.0,0.0,0.0,0.0,0.8823,0.0,0.2176,13,0.8667,hybrid,10.31,12.24,14.28,18.4,0.0,0.0,10.55
session_baa133467582,user_037,developer,2026-06-26 09:19:27,2026-06-26 15:44:27,22,5,0,22,1,1,5,0,0,0.0,0.0,0,0,385.0,9.316666666666666,4,0,0,0.0,0.0,normal,0.401,0.6108,0.4721,0.0,0.0,0.0,0.0,0.0,0.0,0.1649,11,0.7333,hybrid,7.91,14.85,15.33,17.35,0.0,9.19,10.63
session_cb322d7bdfdd,user_065,hr,2026-06-26 09:20:32,2026-06-26 16:45:32,25,4,0,25,1,1,3,7,0,79.91,27.345,0,0,445.0,9.333333333333334,4,0,0,0.0,3.1964,normal,0.2216,1.5395,1.4659,0.0,0.0,0.0,0.0,1.9965,0.0,0.5804,13,0.8667,hybrid,25.19,21.05,19.61,19.1,0.0,20.89,20.18
session_436ebdcdeac1,user_016,developer,2026-06-26 09:20:38,2026-06-26 14:27:38,18,4,0,18,1,1,5,0,0,0.0,0.0,0,0,307.0,9.333333333333334,4,0,0,0.0,0.0,normal,1.3897,0.707,0.3747,0.0,0.0,0.0,0.0,0.0,0.0,0.2746,11,0.7333,hybrid,12.83,12.51,12.16,14.84,0.0,4.07,11.15
session_d71a6683a956,user_070,admin,2026-06-26 09:25:29,2026-06-26 13:17:29,14,2,0,14,1,1,5,0,0,0.0,0.0,1,0,232.0,9.416666666666666,4,0,0,0.0,0.0,normal,0.2177,0.0098,0.4946,0.0,0.0,0.0,0.0,0.0,1.304,0.2251,14,0.9333,hybrid,10.64,15.19,16.57,17.88,0.0,0.0,11.57
session_20489f32d584,user_027,developer,2026-06-26 09:26:44,2026-06-26 12:59:44,14,2,0,14,1,1,5,0,0,0.0,0.0,0,0,213.0,9.433333333333334,4,0,0,0.0,0.0,normal,0.1543,0.2812,0.1349,0.0,0.0,0.0,0.0,0.0,0.0,0.0634,11,0.7333,hybrid,3.12,11.81,16.48,15.95,0.0,0.0,7.68
session_33f26f709982,user_015,finance,2026-06-26 09:26:48,2026-06-26 13:48:48,17,3,0,17,1,1,3,2,3,27.251,8.837,0,0,262.0,9.433333333333334,4,0,0,0.0,1.603,normal,0.1604,0.499,0.5059,0.0,0.0,0.0,0.0,0.7732,0.0,0.2154,10,0.6667,hybrid,10.21,13.1,17.78,20.51,20.0,0.0,13.42
session_adad30edd795,user_008,developer,2026-06-26 09:27:03,2026-06-26 15:45:03,25,5,0,25,1,1,5,0,0,0.0,0.0,0,0,378.0,9.45,4,0,0,0.0,0.0,normal,0.2881,0.8632,0.9368,0.0,0.0,0.0,0.0,0.0,0.0,0.232,11,0.7333,hybrid,10.95,10.5,18.1,21.73,20.0,0.0,13.37
session_a60d0339d3f1,user_023,developer,2026-06-26 09:30:04,2026-06-26 12:52:04,13,4,0,13,1,1,4,0,0,0.0,0.0,0,0,202.0,9.5,4,0,0,0.0,0.0,normal,0.4318,1.5673,0.8206,0.0,0.0,0.0,1.0,0.0,0.0,0.4244,13,0.8667,hybrid,19.12,18.77,21.36,20.97,20.0,0.0,18.7
session_d219d4e6c588,user_020,finance,2026-06-26 09:30:19,2026-06-26 14:17:19,19,4,0,19,1,1,3,7,4,217.168,40.202,0,0,287.0,9.5,4,0,0,0.0,11.429894736842106,normal,0.5054,0.5022,0.6745,0.0,0.0,0.0,0.0,2.9795,0.0,0.518,11,0.7333,hybrid,22.82,20.6,20.75,21.34,0.0,8.22,18.9
session_57218e01e771,user_026,analyst,2026-06-26 09:30:27,2026-06-26 14:40:27,19,4,0,19,1,1,4,6,0,46.34,11.544,0,0,310.0,9.5,4,0,0,0.0,2.438947368421053,normal,0.2613,0.8445,1.0972,0.0,0.0,0.0,0.0,1.9073,0.0,0.4567,11,0.7333,hybrid,20.42,16.53,26.05,24.1,20.0,0.0,19.79
session_93d1839663d0,user_007,developer,2026-06-26 09:30:33,2026-06-26 12:50:33,14,1,0,14,1,1,4,0,0,0.0,0.0,0,0,200.0,9.5,4,0,0,0.0,0.0,normal,1.3387,0.4272,0.2998,0.0,0.0,0.0,0.9004,0.0,0.0,0.3296,11,0.7333,hybrid,15.19,12.6,22.21,23.19,40.0,0.0,18.25
session_53eb482b1def,user_066,developer,2026-06-26 09:35:16,2026-06-26 11:40:16,9,3,0,9,1,1,5,0,0,0.0,0.0,0,0,125.0,9.583333333333334,4,0,0,0.0,0.0,normal,0.1759,1.7732,1.2501,0.0,0.0,0.0,0.0,0.0,0.0,0.3555,11,0.7333,hybrid,16.28,13.55,13.52,13.06,0.0,0.0,12.56
session_3f6a9cc301d2,user_040,finance,2026-06-26 09:35:31,2026-06-26 15:36:31,22,9,0,22,1,1,3,6,1,130.518,30.268,0,0,361.0,9.583333333333334,4,0,0,0.0,5.932636363636363,normal,2.0771,0.9859,1.0342,0.0,0.0,0.0,0.0,0.8012,0.0,0.5443,13,0.8667,hybrid,23.83,21.14,19.42,21.57,0.0,5.86,19.12
session_7a36096c6031,user_003,developer,2026-06-26 09:35:56,2026-06-26 14:29:56,19,8,0,19,1,1,5,0,0,0.0,0.0,0,0,294.0,9.583333333333334,4,0,0,0.0,0.0,normal,0.7547,0.4167,0.4452,0.0,0.0,0.0,0.0,0.0,0.0,0.1796,12,0.8,hybrid,8.59,10.95,19.45,25.63,20.0,0.0,13.11
session_eb6a0df63813,user_013,hr,2026-06-26 09:37:21,2026-06-26 15:22:21,21,10,0,21,1,1,3,5,0,26.402,8.381,0,0,345.0,9.616666666666667,4,0,0,0.0,1.2572380952380953,normal,0.5717,0.9484,0.6745,0.0,0.0,0.0,0.0,0.6763,0.0,0.319,10,0.6667,hybrid,14.74,20.7,22.56,19.86,20.0,8.45,17.83
session_485972824f4c,user_048,developer,2026-06-26 09:38:35,2026-06-26 15:54:35,22,5,0,22,1,1,5,0,0,0.0,0.0,0,0,376.0,9.633333333333333,4,0,0,0.0,0.0,normal,1.439,0.9802,1.2815,0.0,0.0,0.0,0.0,0.0,0.0,0.4112,13,0.8667,hybrid,18.58,28.25,27.41,24.9,20.0,14.95,22.43
session_945b43460148,user_080,hr,2026-06-26 09:44:03,2026-06-26 14:33:03,20,6,0,20,1,1,3,3,0,71.05799999999999,37.823,0,0,289.0,9.733333333333333,4,0,0,0.0,3.5529,normal,0.6327,0.5517,0.7944,0.0,0.0,0.0,0.0,0.543,0.0,0.2802,11,0.7333,hybrid,13.07,15.74,19.06,21.71,0.0,0.0,13.41
session_5cb2f93c6201,user_030,hr,2026-06-26 09:45:10,2026-06-26 15:25:10,20,4,0,20,1,1,3,4,0,70.05,21.041,0,0,340.0,9.75,4,0,0,0.0,3.5025,normal,0.2552,0.8124,0.3035,0.0,0.0,0.0,0.0,0.5096,0.0,0.209,12,0.8,hybrid,9.92,11.61,19.95,24.45,20.0,0.0,13.73
session_7182cc70b30c,user_068,developer,2026-06-26 09:47:26,2026-06-26 13:41:26,16,5,0,16,1,1,5,0,0,0.0,0.0,0,0,234.0,9.783333333333331,4,0,0,0.0,0.0,normal,0.925,0.0879,0.1416,0.0,0.0,0.0,0.0,0.0,0.0,0.1283,12,0.8,hybrid,6.21,13.37,21.68,27.71,40.0,0.0,15.18
session_f1f1dc88974f,user_060,developer,2026-06-26 09:59:41,2026-06-26 13:29:41,15,4,0,15,1,1,5,0,0,0.0,0.0,0,0,210.0,9.983333333333333,4,0,0,0.0,0.0,normal,0.5527,0.1889,0.0225,0.0,0.0,0.0,0.0,0.0,0.0,0.0849,14,0.9333,hybrid,4.16,27.68,24.17,23.8,20.0,35.54,16.98
session_aa82a52b53f7,user_063,finance,2026-06-26 10:01:16,2026-06-26 15:48:16,20,4,0,20,1,1,3,2,7,57.059,9.702,0,0,347.0,10.016666666666667,4,0,0,0.0,2.85295,normal,0.9835,1.0049,0.6022,0.0,0.0,0.0,0.0,0.6733,0.0,0.3627,10,0.6667,hybrid,16.59,16.26,17.72,19.7,20.0,13.25,17.18
session_53e97348be7e,user_078,developer,2026-06-26 10:04:09,2026-06-26 12:17:09,11,3,0,11,1,1,5,0,0,0.0,0.0,0,0,133.0,10.066666666666666,4,0,0,0.0,0.0,normal,0.6271,1.1353,0.7869,0.0,0.0,0.0,0.0,0.0,0.0,0.2833,10,0.6667,hybrid,13.21,17.11,24.79,22.08,20.0,7.01,16.98
session_f735a8377842,user_019,developer,2026-06-26 10:04:21,2026-06-26 16:05:21,23,4,0,23,1,1,5,0,0,0.0,0.0,0,0,361.0,10.066666666666666,4,0,0,0.0,0.0,normal,0.2791,0.7328,0.7644,0.0,0.0,0.0,0.0,0.0,0.0,0.1974,11,0.7333,hybrid,9.4,9.7,12.59,13.55,0.0,0.0,8.94
session_ce9f9416b873,user_040,finance,2026-06-26 10:12:25,2026-06-26 11:27:25,6,0,0,6,1,1,1,1,0,96.885,24.639,0,0,75.0,10.2,4,0,0,0.0,16.1475,normal,2.9775,1.4611,1.8324,0.0,0.0,0.0,2.0,0.3079,0.0,0.9532,14,0.9333,hybrid,37.91,30.66,24.19,23.58,20.0,29.73,30.77
session_ccf232456e8f,user_046,hr,2026-06-26 10:12:42,2026-06-26 13:24:42,13,1,0,13,1,1,3,4,0,31.991,13.72,0,0,192.0,10.2,4,0,0,0.0,2.4608461538461537,normal,0.4071,0.5828,0.6245,0.0,0.0,0.0,0.0,0.1033,0.0,0.1909,10,0.6667,hybrid,9.1,9.88,13.81,15.83,20.0,0.0,11.27
session_0a7d9bb63e02,user_047,developer,2026-06-26 10:16:15,2026-06-26 12:52:15,9,3,0,9,1,1,3,0,0,0.0,0.0,0,0,156.0,10.266666666666667,4,0,0,0.0,0.0,normal,0.5876,1.6027,1.72,0.0,0.0,0.0,1.7292,0.0,0.0,0.6266,11,0.7333,hybrid,26.9,26.28,24.35,25.43,20.0,0.0,24.21
session_c61b8096ec3e,user_056,hr,2026-06-26 10:21:08,2026-06-26 12:32:08,9,3,0,9,1,1,3,2,0,46.042,34.438,0,0,131.0,10.35,4,0,0,0.0,5.115777777777778,normal,0.7488,1.2193,0.9075,0.0,0.0,0.0,0.0,1.2818,0.0,0.4619,12,0.8,hybrid,20.62,23.35,24.83,26.09,20.0,4.65,21.48
session_d43be30a9095,user_053,hr,2026-06-26 10:21:35,2026-06-26 15:52:35,19,4,0,19,1,1,3,6,0,28.041,7.196,0,0,331.0,10.35,4,0,0,0.0,1.4758421052631578,normal,0.3114,0.2788,0.2923,0.0,0.0,0.0,0.0,0.4971,0.0,0.1533,14,0.9333,hybrid,7.38,31.74,33.0,31.59,40.0,0.0,21.41
session_52dfe84c0086,user_028,developer,2026-06-26 10:23:42,2026-06-26 12:42:42,11,2,0,11,1,1,4,0,0,0.0,0.0,0,0,139.0,10.383333333333333,4,0,0,0.0,0.0,normal,0.9961,0.9428,0.4856,0.0,0.0,0.0,0.934,0.0,0.0,0.3732,13,0.8667,hybrid,17.02,21.91,26.54,26.6,40.0,0.0,21.83
session_0a0a004d70bc,user_032,hr,2026-06-26 10:24:58,2026-06-26 13:20:58,12,6,0,12,1,1,2,2,0,10.07,5.352,0,0,176.0,10.4,4,0,0,0.0,0.8391666666666667,normal,2.9266,1.2003,1.379,0.0,0.0,0.0,1.0,0.8121,0.0,0.8131,11,0.7333,hybrid,33.41,23.53,22.04,20.99,20.0,0.0,25.47
session_5cfd4d4ea762,user_002,finance,2026-06-26 10:25:01,2026-06-26 16:07:01,23,6,0,23,1,1,3,5,3,76.148,14.812,0,0,342.0,10.416666666666666,4,0,0,0.0,3.310782608695652,normal,0.5628,1.6754,1.5963,0.0,0.0,0.0,0.0,0.9417,0.0,0.5307,11,0.7333,hybrid,23.31,23.04,22.96,26.19,20.0,0.0,21.99
session_16f9869fcc7d,user_041,finance,2026-06-26 10:29:22,2026-06-26 17:42:22,24,4,0,24,1,1,3,5,4,173.056,22.461,0,0,433.0,10.483333333333333,4,0,0,0.0,7.2106666666666674,normal,0.9737,3.184,2.7452,0.0,0.0,0.0,0.0,1.6083,0.0,0.9457,14,0.9333,hybrid,37.68,27.9,23.99,26.64,20.0,21.65,30.0
session_c7f5a7db2c3c,user_025,hr,2026-06-26 10:30:23,2026-06-26 16:27:23,24,5,0,24,1,1,3,9,0,18.756,4.436,0,0,357.0,10.5,4,0,0,0.0,0.7815,normal,1.9553,1.8766,2.8486,0.0,0.0,0.0,0.0,5.5588,0.0,1.3599,14,0.9333,hybrid,49.34,46.93,31.38,29.56,40.0,75.11,44.54
session_de882944a76e,user_072,hr,2026-06-26 10:34:15,2026-06-26 16:12:15,20,8,0,20,1,1,3,2,0,31.558,16.179,0,0,338.0,10.566666666666666,4,0,0,0.0,1.5779,normal,1.8076,0.6545,0.281,0.0,0.0,0.0,0.0,0.4952,0.0,0.3598,12,0.8,hybrid,16.46,22.49,24.78,22.81,20.0,15.09,19.84
session_f48386687d50,user_051,analyst,2026-06-26 10:39:15,2026-06-26 13:52:15,14,6,0,14,1,1,4,3,0,19.78,8.316,0,0,193.0,10.65,4,0,0,0.0,1.412857142857143,normal,1.2105,0.6084,0.3397,0.0,0.0,0.0,0.0,0.196,0.0,0.2616,10,0.6667,hybrid,12.26,15.29,17.42,19.45,20.0,0.0,14.52
session_531580ea7a33,user_076,analyst,2026-06-26 10:56:07,2026-06-26 16:18:07,23,9,0,23,1,1,4,7,0,35.387,10.191,0,0,322.0,10.933333333333334,4,0,0,0.0,1.5385652173913045,normal,1.363,0.5796,0.9583,0.0,0.0,0.0,0.0,0.5578,0.0,0.3843,13,0.8667,hybrid,17.48,14.15,15.03,19.61,0.0,0.0,14.04
session_355001cdd21f,user_075,developer,2026-06-26 11:07:11,2026-06-26 15:09:11,16,2,0,16,1,1,5,0,0,0.0,0.0,0,0,242.0,11.116666666666667,4,0,0,0.0,0.0,normal,1.592,0.4905,0.5823,0.0,0.0,0.0,0.0,0.0,0.0,0.2961,8,0.5333,hybrid,13.76,17.96,14.89,14.33,0.0,16.17,13.57
session_ef03f497d8c7,user_055,analyst,2026-06-26 11:14:26,2026-06-26 16:41:26,23,6,0,23,1,1,4,5,0,77.363,19.457,0,0,327.0,11.233333333333333,4,0,0,0.0,3.363608695652174,normal,1.6552,0.505,1.5378,0.0,0.0,0.0,0.0,0.694,0.0,0.488,12,0.8,hybrid,21.65,19.26,29.0,27.57,40.0,0.0,23.62
session_86e0c5f849ef,user_025,hr,2026-06-26 12:12:52,2026-06-26 12:12:52,1,0,0,1,1,1,1,1,0,3.1,3.1,0,1,0.0,12.2,4,0,0,0.0,3.1,low_slow_exfiltration,4.1818,2.4258,2.698,0.0,0.0,0.0,2.0,1.3602,0.0,1.4073,15,1.0,personal,50.52,51.79,38.04,32.45,60.0,90.56,50.05
session_c110fe016650,user_018,developer,2026-06-26 22:08:19,2026-06-26 23:04:19,8,2,0,8,1,1,5,0,0,83.53,18.182,0,0,56.0,22.133333333333333,4,0,1,0.0,10.44125,normal,16.3419,1.6591,1.023,0.0,0.0,0.0,0.0,68.117,0.0,2.5202,12,0.8,hybrid,71.64,40.83,33.58,27.79,60.0,0.0,50.64
session_7807e681e68d,user_026,analyst,2026-06-27 03:43:49,2026-06-27 03:53:49,6,1,0,6,1,1,6,0,0,0.0,0.0,1,1,10.0,3.716666666666667,5,1,1,0.0,0.0,lateral_movement,7.9117,2.5197,2.2123,0.0,0.0,0.0,2.0,1.7851,1.0,1.9365,12,0.8,hybrid,62.03,38.56,34.37,29.16,40.0,0.0,44.59
session_6e635f2c6279,user_050,developer,2026-06-27 07:36:39,2026-06-27 12:20:39,19,1,0,19,1,1,4,0,0,0.0,0.0,0,0,284.0,7.6,5,1,0,0.0,0.0,normal,1.0862,0.3672,0.5733,0.0,0.0,0.0,0.6962,0.0,0.0,0.3025,14,0.9333,hybrid,14.04,13.84,19.76,23.71,40.0,0.0,17.72
session_6d68f17d367e,user_008,developer,2026-06-27 08:08:11,2026-06-27 10:58:11,12,2,0,12,1,1,5,0,0,0.0,0.0,0,0,170.0,8.133333333333333,5,1,0,0.0,0.0,normal,2.1106,0.8135,0.6667,0.0,0.0,0.0,0.0,0.0,0.0,0.399,12,0.8,hybrid,18.09,13.53,17.17,21.24,20.0,0.0,16.64
session_bcf6e1d3aeba,user_012,analyst,2026-06-27 08:22:46,2026-06-27 13:59:46,22,5,0,22,1,1,4,4,0,19.381,5.724,0,0,337.0,8.366666666666667,5,1,0,0.0,0.8809545454545454,normal,0.4497,0.0818,0.5059,0.0,0.0,0.0,0.0,0.3888,0.0,0.1585,15,1.0,personal,7.62,13.07,14.47,16.14,0.0,0.0,9.44
session_a9f04de28409,user_009,developer,2026-06-27 08:29:41,2026-06-27 11:38:41,11,2,0,11,1,1,5,0,0,0.0,0.0,0,0,189.0,8.483333333333333,5,1,0,0.0,0.0,normal,0.9515,2.4256,1.8886,0.0,0.0,0.0,0.0,0.0,0.0,0.5851,13,0.8667,hybrid,25.36,20.83,17.7,17.36,20.0,0.0,20.7
session_6d4cc4bf1981,user_038,developer,2026-06-27 08:32:54,2026-06-27 13:02:54,18,1,0,18,1,1,5,0,0,0.0,0.0,0,0,270.0,8.533333333333333,5,1,0,0.0,0.0,normal,0.6653,0.0817,0.2173,0.0,0.0,0.0,0.0,0.0,0.0,0.1071,13,0.8667,hybrid,5.21,6.76,12.54,15.24,20.0,0.0,8.84
session_ee00f2352f08,user_035,admin,2026-06-27 08:36:34,2026-06-27 13:12:34,20,5,0,20,1,1,5,0,0,0.0,0.0,2,0,276.0,8.6,5,1,0,0.0,0.0,normal,0.6053,0.8289,1.3939,0.0,0.0,0.0,0.0,0.0,0.5396,0.3742,12,0.8,hybrid,17.06,22.95,22.33,23.38,0.0,5.64,17.39
session_f3b699d44c6b,user_051,analyst,2026-06-27 08:40:26,2026-06-27 10:57:26,9,2,0,9,1,1,4,4,0,26.449,8.208,0,0,137.0,8.666666666666666,5,1,0,0.0,2.9387777777777777,normal,0.4951,1.0141,1.1174,0.0,0.0,0.0,0.0,0.4324,0.0,0.3399,11,0.7333,hybrid,15.63,15.41,15.74,18.9,0.0,0.0,13.58
session_2613f95d6575,user_074,finance,2026-06-27 08:42:25,2026-06-27 12:41:25,15,3,0,15,1,1,3,5,1,26.661,7.954,0,0,239.0,8.7,5,1,0,0.0,1.7774,normal,0.1046,0.0614,0.0974,0.0,0.0,0.0,0.0,0.2076,0.0,0.0523,13,0.8667,hybrid,2.58,8.23,13.01,18.64,0.0,0.0,6.5
session_a8c01d7f4ab6,user_066,developer,2026-06-27 08:46:28,2026-06-27 11:49:28,9,4,0,9,1,1,5,0,0,0.0,0.0,0,0,183.0,8.766666666666667,5,1,0,0.0,0.0,normal,1.2879,0.5836,1.1691,0.0,0.0,0.0,0.0,0.0,0.0,0.3378,12,0.8,hybrid,15.54,14.74,13.91,13.42,0.0,8.71,13.03
session_3905209902ab,user_017,admin,2026-06-27 08:55:20,2026-06-27 12:44:20,13,2,0,13,1,1,5,0,0,0.0,0.0,3,0,229.0,8.916666666666666,5,1,0,0.0,0.0,normal,0.9798,0.033,0.4249,0.0,0.0,0.0,0.0,0.0,0.6745,0.2347,12,0.8,hybrid,11.07,19.6,31.27,34.14,40.0,0.0,20.45
session_f37c65ff0e47,user_023,developer,2026-06-27 08:59:06,2026-06-27 11:49:06,13,2,0,13,1,1,5,0,0,0.0,0.0,0,0,170.0,8.983333333333333,5,1,0,0.0,0.0,normal,0.4265,1.3205,0.6745,0.0,0.0,0.0,0.0,0.0,0.0,0.2691,14,0.9333,hybrid,12.59,15.38,18.88,20.05,20.0,0.0,14.95
session_fc3e16110b2f,user_067,analyst,2026-06-27 08:59:10,2026-06-27 11:55:10,14,5,0,14,1,1,4,3,0,44.543,18.29,0,0,176.0,8.983333333333333,5,1,0,0.0,3.181642857142857,normal,1.2233,0.3853,0.054,0.0,0.0,0.0,0.0,0.2129,0.0,0.2084,12,0.8,hybrid,9.9,13.42,19.85,21.23,20.0,3.59,13.92
session_0b184f0dd6da,user_007,developer,2026-06-27 09:10:25,2026-06-27 14:51:25,21,5,0,21,1,1,5,0,0,0.0,0.0,0,0,341.0,9.166666666666666,5,1,0,0.0,0.0,normal,0.9486,0.8768,0.7285,0.0,0.0,0.0,0.0,0.0,0.0,0.2838,12,0.8,hybrid,13.23,13.0,18.54,21.86,20.0,0.0,14.86
session_e4f3863827a9,user_061,analyst,2026-06-27 09:13:36,2026-06-27 14:20:36,18,4,0,18,1,1,4,5,0,27.769,7.649,0,0,307.0,9.216666666666669,5,1,0,0.0,1.542722222222222,normal,1.2375,0.1084,0.036,0.0,0.0,0.0,0.0,0.314,0.0,0.1884,13,0.8667,hybrid,8.99,13.24,17.71,24.53,20.0,0.0,13.35
session_68730c00afe7,user_065,hr,2026-06-27 09:16:22,2026-06-27 11:33:22,11,4,0,11,1,1,3,2,0,25.812,16.129,0,0,137.0,9.266666666666667,5,1,0,0.0,2.3465454545454545,normal,0.4141,1.0086,0.5171,0.0,0.0,0.0,0.0,0.9242,0.0,0.3182,14,0.9333,hybrid,14.71,18.37,18.91,18.55,0.0,8.73,14.69
session_db238af92a77,user_037,developer,2026-06-27 09:17:51,2026-06-27 15:40:51,21,5,0,21,1,1,5,0,0,0.0,0.0,0,0,383.0,9.283333333333331,5,1,0,0.0,0.0,normal,0.355,0.4385,0.4587,0.0,0.0,0.0,0.0,0.0,0.0,0.1391,12,0.8,hybrid,6.72,10.46,13.41,15.93,0.0,0.0,8.38
session_0184735eae86,user_041,finance,2026-06-27 09:26:15,2026-06-27 09:26:15,1,0,0,1,1,1,1,1,0,74.809,74.809,0,0,0.0,9.433333333333334,5,1,0,0.0,74.809,normal,0.6113,3.2345,2.9228,0.0,0.0,0.0,2.0,1.048,0.0,1.0907,15,1.0,personal,42.04,36.67,29.05,28.52,40.0,39.37,37.33
session_18c42a18271f,user_020,finance,2026-06-27 09:26:57,2026-06-27 13:13:57,12,5,0,12,1,1,3,3,1,54.469,20.571,0,0,227.0,9.433333333333334,5,1,0,0.0,4.539083333333333,normal,0.4185,0.4511,0.872,0.0,0.0,0.0,0.0,1.0832,0.0,0.3139,12,0.8,hybrid,14.53,17.75,19.4,20.43,0.0,0.0,14.31
session_aa6230e04921,user_031,developer,2026-06-27 09:34:20,2026-06-27 14:10:20,20,6,0,20,1,1,4,0,0,0.0,0.0,0,0,276.0,9.566666666666666,5,1,0,0.0,0.0,normal,0.0451,0.0693,0.2553,0.0,0.0,0.0,1.0,0.0,0.0,0.1522,12,0.8,hybrid,7.33,8.76,13.02,16.78,0.0,0.0,8.31
session_6d340b8e2e7a,user_015,finance,2026-06-27 09:35:24,2026-06-27 15:26:24,25,6,0,25,1,1,3,3,7,39.515,7.941,0,0,351.0,9.583333333333334,5,1,0,0.0,1.5806,normal,0.5052,1.2983,1.6862,0.0,0.0,0.0,0.0,1.5864,0.0,0.564,11,0.7333,hybrid,24.57,17.47,17.98,21.09,0.0,1.68,18.21
session_75c7de1fff41,user_052,finance,2026-06-27 09:39:31,2026-06-27 14:29:31,18,2,0,18,1,1,3,5,3,46.336,7.328,0,0,290.0,9.65,5,1,0,0.0,2.574222222222222,normal,0.4043,0.3106,0.1349,0.0,0.0,0.0,0.0,0.1509,0.0,0.1112,11,0.7333,hybrid,5.41,11.55,14.39,16.56,0.0,0.0,8.29
session_2dc16a19be83,user_069,hr,2026-06-27 09:51:31,2026-06-27 09:51:31,1,0,0,1,1,1,1,1,0,55.24,55.24,0,0,0.0,9.85,5,1,0,0.0,55.24,normal,1.6245,2.6578,2.4012,0.0,0.0,0.0,2.0,0.367,0.0,1.0056,11,0.7333,hybrid,39.52,35.09,31.44,27.08,60.0,22.34,37.37
session_d4044e20a245,user_030,hr,2026-06-27 09:56:52,2026-06-27 14:13:52,14,5,0,14,1,1,3,5,0,64.846,14.535,0,0,257.0,9.933333333333334,5,1,0,0.0,4.631857142857143,normal,0.5873,0.8525,1.0417,0.0,0.0,0.0,0.0,0.1639,0.0,0.2939,13,0.8667,hybrid,13.67,12.13,17.01,23.1,20.0,0.0,14.76
session_7ff23a8ab122,user_063,finance,2026-06-27 09:57:32,2026-06-27 16:26:32,25,6,0,25,1,1,3,3,6,54.689,8.196,0,0,389.0,9.95,5,1,0,0.0,2.18756,normal,0.647,1.329,2.1809,0.0,0.0,0.0,0.0,0.4209,0.0,0.5086,11,0.7333,hybrid,22.45,19.54,19.24,20.09,20.0,7.82,20.18
session_7d1bc6f10c7f,user_048,developer,2026-06-27 10:13:07,2026-06-27 16:22:07,20,4,0,20,1,1,5,0,0,0.0,0.0,0,0,369.0,10.216666666666669,5,1,0,0.0,0.0,normal,0.378,0.8944,0.6632,0.0,0.0,0.0,0.0,0.0,0.0,0.2151,14,0.9333,hybrid,10.2,15.9,23.48,23.24,20.0,0.0,15.1
session_317732af52b5,user_061,analyst,2026-06-27 10:15:40,2026-06-27 12:15:40,11,1,0,11,1,1,4,3,0,96.709,13.802,0,0,120.0,10.25,5,1,0,0.0,8.791727272727274,normal,0.3816,1.6182,0.7794,0.0,0.0,0.0,0.0,3.9212,0.0,0.7445,14,0.9333,hybrid,31.08,21.7,20.67,25.17,20.0,1.47,24.46
session_249289f3dcf3,user_001,finance,2026-06-27 10:20:35,2026-06-27 16:33:35,25,4,0,25,1,1,3,5,6,157.054,30.221,0,0,373.0,10.333333333333334,5,1,0,0.0,6.28216,normal,1.2926,1.1141,1.1421,0.0,0.0,0.0,0.0,1.6668,0.0,0.5795,11,0.7333,hybrid,25.15,23.41,20.44,20.21,0.0,16.44,20.65
session_9c5651a30d03,user_036,developer,2026-06-27 11:20:54,2026-06-27 12:10:54,6,0,0,6,1,1,4,0,0,71.782,23.306,0,0,50.0,11.333333333333334,5,1,0,0.0,11.963666666666668,normal,3.3418,2.3437,2.4282,0.0,0.0,0.0,1.0,2.7156,0.0,1.3144,16,1.0,personal,48.17,30.85,28.94,25.2,40.0,27.75,37.69
session_78c4d92e8777,user_055,analyst,2026-06-27 11:33:53,2026-06-27 15:10:53,14,5,0,14,1,1,4,1,0,13.93,13.93,0,0,217.0,11.55,5,1,0,0.0,0.995,normal,2.274,1.2348,1.2051,0.0,0.0,0.0,0.0,2.7322,0.0,0.8273,13,0.8667,hybrid,33.88,26.39,29.18,28.35,40.0,0.0,30.04
session_ff4041daee4a,user_025,hr,2026-06-27 12:34:03,2026-06-27 12:34:03,1,0,0,1,1,1,1,1,0,3.8,3.8,0,1,0.0,12.566666666666666,5,1,0,0.0,3.8,low_slow_exfiltration,4.7754,2.4258,2.698,0.0,0.0,0.0,2.0,1.0896,0.0,1.4432,15,1.0,personal,51.4,50.76,43.65,35.14,80.0,84.29,52.99
session_b024194af2d4,user_039,developer,2026-06-27 22:30:24,2026-06-27 22:37:04,26,26,26,26,4,1,1,0,0,0.0,0.0,0,1,6.666666666666667,22.5,5,1,1,1.0,0.0,brute_force,22.4817,2.9859,1.2285,1.0,3.0,0.0,4.0,0.0,0.0,2.4683,12,0.8,hybrid,70.89,45.98,31.68,23.45,20.0,70.31,50.16
session_ffb2e92a1e9f,user_021,finance,2026-06-28 03:30:36,2026-06-28 03:36:36,21,21,21,21,4,1,1,0,0,0.0,0.0,0,1,6.0,3.5,6,1,1,1.0,0.0,brute_force,7.4125,1.8763,1.3026,1.0,3.0,0.0,2.0,1.0759,0.0,1.963,10,0.6667,hybrid,62.53,41.52,30.24,30.27,20.0,58.94,45.82
session_ed730da08f08,user_067,analyst,2026-06-28 04:35:44,2026-06-28 04:35:44,1,1,0,1,1,1,1,0,0,0.0,0.0,0,1,0.0,4.583333333333333,6,1,1,0.0,0.0,credential_stuffing,8.5798,1.8359,2.1696,0.0,0.0,0.0,3.0,1.8034,0.0,1.9321,13,0.8667,hybrid,61.94,37.33,30.47,26.24,40.0,35.69,45.22
session_a65935409480,user_071,analyst,2026-06-28 04:36:04,2026-06-28 04:36:04,1,1,1,1,1,1,1,0,0,0.0,0.0,0,1,0.0,4.6,6,1,1,1.0,0.0,credential_stuffing,6.6117,2.0772,2.1359,1.0,0.0,0.0,3.0,1.3736,0.0,1.7998,10,0.6667,hybrid,59.34,36.82,29.39,27.46,40.0,1.26,42.32
session_2a53ec9d3510,user_028,developer,2026-06-28 04:36:24,2026-06-28 04:36:24,1,1,1,1,1,1,1,0,0,0.0,0.0,0,1,0.0,4.6,6,1,1,1.0,0.0,credential_stuffing,5.3461,2.8791,2.2258,1.0,0.0,0.0,3.823,0.0,0.0,1.6971,14,0.9333,hybrid,57.2,38.98,33.15,30.5,40.0,33.71,44.38
session_58b67ea11001,user_015,finance,2026-06-28 04:36:44,2026-06-28 04:36:44,1,1,1,1,1,1,1,0,0,0.0,0.0,0,1,0.0,4.6,6,1,1,1.0,0.0,credential_stuffing,16.817,2.1213,2.0534,1.0,0.0,0.0,2.0,2.0854,0.0,2.14,12,0.8,hybrid,65.7,42.74,29.95,27.04,20.0,49.25,46.49
session_9b363c37b596,user_049,analyst,2026-06-28 04:37:04,2026-06-28 04:37:04,1,1,1,1,1,1,1,0,0,0.0,0.0,0,1,0.0,4.616666666666667,6,1,1,1.0,0.0,credential_stuffing,5.2716,2.4767,2.1224,1.0,0.0,0.0,3.0,1.9691,0.0,1.76,11,0.7333,hybrid,58.52,40.98,34.63,29.63,40.0,0.0,43.76
session_8b478b750a25,user_053,hr,2026-06-28 04:37:24,2026-06-28 04:37:24,1,1,1,1,1,1,1,0,0,0.0,0.0,0,1,0.0,4.616666666666667,6,1,1,1.0,0.0,credential_stuffing,11.3379,5.3466,4.2718,1.0,0.0,0.0,2.0,2.3837,0.0,2.778,15,1.0,personal,75.07,51.94,43.09,37.4,60.0,2.44,56.74
session_25a5d3464712,user_021,finance,2026-06-28 04:37:44,2026-06-28 04:37:44,1,1,0,1,1,1,1,0,0,0.0,0.0,0,1,0.0,4.616666666666667,6,1,1,0.0,0.0,credential_stuffing,5.874,1.9265,2.2661,0.0,0.0,0.0,2.0,1.0759,0.0,1.4603,10,0.6667,hybrid,51.82,50.41,37.11,33.14,40.0,69.46,47.16
session_7f3118ea623f,user_023,developer,2026-06-28 04:38:04,2026-06-28 04:38:04,1,1,1,1,1,1,1,0,0,0.0,0.0,0,1,0.0,4.633333333333333,6,1,1,1.0,0.0,credential_stuffing,8.8005,2.7079,2.698,1.0,0.0,0.0,4.0,0.0,0.0,2.134,15,1.0,personal,65.6,40.18,29.48,25.73,20.0,47.08,45.62
session_2f036076fcc1,user_034,finance,2026-06-28 04:38:24,2026-06-28 04:38:24,1,1,1,1,1,1,1,0,0,0.0,0.0,0,1,0.0,4.633333333333333,6,1,1,1.0,0.0,credential_stuffing,6.5655,2.2127,1.8618,1.0,0.0,0.0,2.0,1.7081,0.0,1.7053,14,0.9333,hybrid,57.37,38.41,29.33,23.88,20.0,37.14,41.27
session_c2d9125f262a,user_045,admin,2026-06-28 04:38:44,2026-06-28 04:38:44,1,1,1,1,1,1,1,0,0,0.0,0.0,0,1,0.0,4.633333333333333,6,1,1,1.0,0.0,credential_stuffing,6.3042,2.6498,2.7567,1.0,0.0,0.0,4.0,0.0,1.9785,2.0766,14,0.9333,hybrid,64.59,44.58,32.55,27.42,40.0,7.28,46.74
session_f5abbbde2a0c,user_080,hr,2026-06-28 04:39:04,2026-06-28 04:39:04,1,1,1,1,1,1,1,0,0,0.0,0.0,0,1,0.0,4.65,6,1,1,1.0,0.0,credential_stuffing,7.3733,2.8067,3.0063,1.0,0.0,0.0,2.0,1.4188,0.0,1.9561,12,0.8,hybrid,62.4,38.44,29.48,27.13,20.0,38.95,43.73
session_f19941de8821,user_075,developer,2026-06-28 04:39:24,2026-06-28 04:39:24,1,1,1,1,1,1,1,0,0,0.0,0.0,0,1,0.0,4.65,6,1,1,1.0,0.0,credential_stuffing,4.5612,3.0774,2.7991,1.0,0.0,0.0,4.0,0.0,0.0,1.7153,9,0.6,hybrid,57.58,38.17,25.97,22.19,20.0,58.68,41.72
session_ccc2d2a4e896,user_029,admin,2026-06-28 07:56:45,2026-06-28 08:23:45,10,4,0,10,1,10,5,2,0,93.616,16.857,0,1,27.0,7.933333333333334,6,1,0,0.0,9.3616,device_spoofing,0.7162,1.8506,0.8431,0.0,0.0,9.0,0.0,67.2171,1.7986,2.6898,10,0.6667,hybrid,73.94,49.75,39.61,34.18,40.0,31.66,54.47
session_c3416756b3ae,user_073,hr,2026-06-28 08:28:19,2026-06-28 14:18:19,23,5,0,23,1,1,3,6,0,38.012,8.309,0,0,350.0,8.466666666666667,6,1,0,0.0,1.6526956521739131,normal,0.6641,0.5556,1.259,0.0,0.0,0.0,0.0,0.5261,0.0,0.3339,11,0.7333,hybrid,15.38,20.14,21.35,19.11,0.0,7.16,15.65
session_983e6be5a8e1,user_071,analyst,2026-06-28 08:35:43,2026-06-28 14:07:43,19,5,0,19,1,1,4,7,0,100.786,24.54,0,0,332.0,8.583333333333334,6,1,0,0.0,5.304526315789474,normal,1.3046,0.9033,0.697,0.0,0.0,0.0,0.0,1.298,0.0,0.467,10,0.6667,hybrid,20.82,33.05,27.28,26.52,40.0,0.0,25.68
session_3588b8f62b5e,user_062,hr,2026-06-28 08:39:14,2026-06-28 13:19:14,15,3,0,15,1,1,3,4,0,50.353,20.769,0,0,280.0,8.65,6,1,0,0.0,3.3568666666666664,normal,0.7902,0.2354,0.4609,0.0,0.0,0.0,0.0,0.6041,0.0,0.2323,11,0.7333,hybrid,10.97,15.4,21.54,22.1,20.0,0.0,14.91
session_1b35f9273c4a,user_057,developer,2026-06-28 09:01:55,2026-06-28 12:32:55,12,4,0,12,1,1,5,0,0,0.0,0.0,0,0,211.0,9.016666666666667,6,1,0,0.0,0.0,normal,0.2311,0.1488,0.538,0.0,0.0,0.0,0.0,0.0,0.0,0.102,10,0.6667,hybrid,4.97,13.68,14.73,19.71,20.0,0.0,10.91
session_446be1a31c8c,user_075,developer,2026-06-28 09:08:46,2026-06-28 09:09:46,3,3,2,3,1,1,1,0,0,0.0,0.0,0,0,1.0,9.133333333333333,6,1,0,0.6666666666666666,0.0,normal,0.5231,3.0644,2.4619,0.6667,0.0,0.0,4.0,0.0,0.0,1.1907,9,0.6,hybrid,44.86,43.92,32.16,25.97,40.0,69.96,41.65
session_08255340c7e8,user_016,developer,2026-06-28 09:24:46,2026-06-28 14:14:46,18,6,0,18,1,1,4,0,0,0.0,0.0,0,0,290.0,9.4,6,1,0,0.0,0.0,normal,1.4275,0.4541,0.4654,0.0,0.0,0.0,1.0,0.0,0.0,0.3719,12,0.8,hybrid,16.97,14.2,13.47,15.12,0.0,9.71,13.64
session_be30e147ddeb,user_056,hr,2026-06-28 09:26:30,2026-06-28 15:23:30,24,12,0,24,1,1,3,4,0,136.433,48.374,0,0,357.0,9.433333333333334,6,1,0,0.0,5.684708333333333,normal,0.8036,1.0056,1.3265,0.0,0.0,0.0,0.0,1.457,0.0,0.5103,13,0.8667,hybrid,22.52,21.05,24.37,25.61,20.0,0.0,21.44
session_2e02294cb0d2,user_063,finance,2026-06-28 09:28:27,2026-06-28 13:34:27,15,4,0,15,1,1,3,1,3,43.791,19.869,0,0,246.0,9.466666666666669,6,1,0,0.0,2.9194,normal,0.4599,0.2441,0.4775,0.0,0.0,0.0,0.0,0.0999,0.0,0.1424,12,0.8,hybrid,6.87,13.68,16.34,18.33,20.0,0.0,11.77
session_b1afdc6bceec,user_031,developer,2026-06-28 09:29:13,2026-06-28 11:58:13,9,2,0,9,1,1,4,0,0,0.0,0.0,0,0,149.0,9.483333333333333,6,1,0,0.0,0.0,normal,0.0779,1.3858,2.1284,0.0,0.0,0.0,1.0,0.0,0.0,0.5102,13,0.8667,hybrid,22.52,14.52,15.16,17.5,0.0,0.0,15.93
session_9ca185739411,user_018,developer,2026-06-28 09:34:23,2026-06-28 12:50:23,13,5,0,13,1,1,5,0,0,0.0,0.0,0,0,196.0,9.566666666666666,6,1,0,0.0,0.0,normal,0.4254,0.3056,0.0899,0.0,0.0,0.0,0.0,0.0,0.0,0.0912,13,0.8667,hybrid,4.46,28.21,26.17,25.28,40.0,10.64,18.41
session_ab2fdee2c9ac,user_049,analyst,2026-06-28 10:00:23,2026-06-28 15:29:23,21,7,0,21,1,1,4,5,0,24.243,7.682,0,0,329.0,10.0,6,1,0,0.0,1.1544285714285714,normal,0.8604,0.465,0.5756,0.0,0.0,0.0,0.0,0.6381,0.0,0.2821,11,0.7333,hybrid,13.16,30.5,29.2,27.44,20.0,17.99,21.39
session_2d739a3d7e2a,user_030,hr,2026-06-28 10:01:52,2026-06-28 13:42:52,16,7,0,16,1,1,3,2,0,20.595,10.826,0,0,221.0,10.016666666666667,6,1,0,0.0,1.2871875,normal,0.8389,1.1321,0.4047,0.0,0.0,0.0,0.0,0.9397,0.0,0.3684,14,0.9333,hybrid,16.82,14.62,15.01,22.17,0.0,0.0,14.12
session_e4e1e11db959,user_072,hr,2026-06-28 10:16:20,2026-06-28 16:34:20,24,8,0,24,1,1,3,6,0,76.59100000000001,19.544,0,0,378.0,10.266666666666667,6,1,0,0.0,3.191291666666667,normal,1.0767,0.9508,0.8881,0.0,0.0,0.0,0.0,1.0238,0.0,0.4377,13,0.8667,hybrid,19.66,16.61,23.87,22.42,20.0,2.21,19.12
session_0a4f6b7fd8f9,user_079,developer,2026-06-28 10:16:41,2026-06-28 16:33:41,22,9,0,22,1,1,5,0,0,0.0,0.0,0,0,377.0,10.266666666666667,6,1,0,0.0,0.0,normal,1.031,1.436,0.9893,0.0,0.0,0.0,0.0,0.0,0.0,0.384,13,0.8667,hybrid,17.47,15.26,20.34,23.89,20.0,0.0,17.48
session_7c3c1ae3da46,user_068,developer,2026-06-28 10:17:36,2026-06-28 13:38:36,13,3,0,13,1,1,5,0,0,0.0,0.0,0,0,201.0,10.283333333333331,6,1,0,0.0,0.0,normal,2.2441,0.3349,0.4407,0.0,0.0,0.0,0.0,0.0,0.0,0.3355,13,0.8667,hybrid,15.44,13.54,17.77,26.09,20.0,0.0,16.16
session_9260abc5a597,user_070,admin,2026-06-28 10:43:13,2026-06-28 17:13:13,24,5,0,24,1,1,5,0,0,0.0,0.0,3,0,390.0,10.716666666666669,6,1,0,0.0,0.0,normal,1.9537,1.5906,1.1804,0.0,0.0,0.0,0.0,0.0,0.0,0.525,15,1.0,personal,23.09,18.32,18.1,18.52,0.0,1.91,17.56
session_42a289fcfec1,user_025,hr,2026-06-28 12:35:21,2026-06-28 12:35:21,1,0,0,1,1,1,1,1,0,4.5,4.5,0,1,0.0,12.583333333333334,6,1,0,0.0,4.5,low_slow_exfiltration,4.8024,2.4258,2.698,0.0,0.0,0.0,2.0,0.8191,0.0,1.4161,15,1.0,personal,50.74,50.92,47.53,37.42,100.0,67.17,54.71
session_a8ca2d9d5cb6,user_007,developer,2026-06-29 01:49:28,2026-06-29 01:49:28,1,1,1,1,1,1,1,0,0,0.0,0.0,0,1,0.0,1.8166666666666669,0,0,1,1.0,0.0,credential_stuffing,9.0172,1.9812,2.1134,1.0,0.0,0.0,3.7361,0.0,0.0,1.9831,13,0.8667,hybrid,62.9,38.39,29.03,26.99,40.0,16.94,44.74
session_2d0795b8b22e,user_045,admin,2026-06-29 01:49:48,2026-06-29 01:49:48,1,1,1,1,1,1,1,0,0,0.0,0.0,0,1,0.0,1.8166666666666669,0,0,1,1.0,0.0,credential_stuffing,11.1637,2.6576,2.7567,1.0,0.0,0.0,4.0,0.0,1.9785,2.4881,14,0.9333,hybrid,71.18,61.19,42.39,33.17,40.0,95.9,59.18
session_519ddf7900d9,user_035,admin,2026-06-29 01:50:08,2026-06-29 01:50:08,1,1,1,1,1,1,1,0,0,0.0,0.0,0,1,0.0,1.8333333333333333,0,0,1,1.0,0.0,credential_stuffing,16.5756,2.8062,2.6755,1.0,0.0,0.0,4.0,0.0,1.349,2.4256,13,0.8667,hybrid,70.26,46.17,34.45,29.24,20.0,56.28,50.25
session_f2f3139be382,user_001,finance,2026-06-29 01:50:28,2026-06-29 01:50:28,1,1,1,1,1,1,1,0,0,0.0,0.0,0,1,0.0,1.8333333333333333,0,0,1,1.0,0.0,credential_stuffing,8.6084,2.975,2.2871,1.0,0.0,0.0,2.0,1.6581,0.0,2.0587,12,0.8,hybrid,64.28,43.77,31.81,26.5,20.0,51.34,46.45
session_b85483830f1e,user_061,analyst,2026-06-29 01:50:48,2026-06-29 01:50:48,1,1,0,1,1,1,1,0,0,0.0,0.0,0,1,0.0,1.8333333333333333,0,0,1,0.0,0.0,credential_stuffing,13.3279,2.1797,1.9111,0.0,0.0,0.0,3.0,1.0596,0.0,2.0167,15,1.0,personal,63.52,43.62,31.42,29.76,40.0,31.67,47.4
session_447ad385bb5a,user_030,hr,2026-06-29 01:55:24,2026-06-29 02:05:24,6,1,0,6,1,1,6,0,0,0.0,0.0,1,1,10.0,1.9166666666666663,0,0,1,0.0,0.0,lateral_movement,24.3854,3.3597,2.0235,0.0,0.0,0.0,3.0,1.3208,1.0,2.3004,15,1.0,personal,68.34,42.06,27.82,27.75,20.0,49.05,47.15
session_99fe04205383,user_069,hr,2026-06-29 07:22:02,2026-06-29 12:23:02,20,3,0,20,1,1,3,5,0,70.634,26.533,0,0,301.0,7.366666666666666,0,0,0,0.0,3.5317,normal,0.8391,0.3833,0.326,0.0,0.0,0.0,0.0,0.5469,0.0,0.2328,12,0.8,hybrid,10.99,22.99,26.89,24.93,60.0,0.0,21.52
session_e80955de62ff,user_016,developer,2026-06-29 07:27:23,2026-06-29 13:33:23,25,6,0,25,1,1,5,0,0,0.0,0.0,0,0,366.0,7.45,0,0,0,0.0,0.0,normal,2.9463,1.6795,2.8104,0.0,0.0,0.0,0.0,0.0,0.0,0.8262,13,0.8667,hybrid,33.84,24.72,18.8,17.46,0.0,28.08,24.45
session_fd0b1ca708e8,user_022,developer,2026-06-29 07:48:50,2026-06-29 14:20:50,22,6,0,22,1,1,5,0,0,0.0,0.0,0,0,392.0,7.8,0,0,0,0.0,0.0,normal,0.967,1.0566,0.5059,0.0,0.0,0.0,0.0,0.0,0.0,0.2811,14,0.9333,hybrid,13.11,11.24,14.87,19.38,20.0,0.0,13.66
session_2801c53e5cb2,user_008,developer,2026-06-29 07:52:50,2026-06-29 12:04:50,14,2,0,14,1,1,5,0,0,0.0,0.0,0,0,252.0,7.866666666666667,0,0,0,0.0,0.0,normal,2.1002,0.1024,0.4572,0.0,0.0,0.0,0.0,0.0,0.0,0.2955,13,0.8667,hybrid,13.74,14.72,15.26,20.31,20.0,0.0,14.76
session_fa7fc6cfde2a,user_024,hr,2026-06-29 07:55:41,2026-06-29 14:51:41,25,7,0,25,1,1,3,5,0,130.892,36.437,0,0,416.0,7.916666666666667,0,0,0,0.0,5.23568,normal,1.4568,2.0139,1.5288,0.0,0.0,0.0,0.0,1.0173,0.0,0.6685,12,0.8,hybrid,28.41,23.22,19.71,19.48,0.0,13.45,21.59
session_b0b1d77ef4e7,user_040,finance,2026-06-29 07:58:12,2026-06-29 13:19:12,22,6,0,22,1,1,3,4,2,76.368,16.102,0,0,321.0,7.966666666666667,0,0,0,0.0,3.471272727272727,normal,0.6745,0.611,1.0117,0.0,0.0,0.0,0.0,0.7719,0.0,0.341,15,1.0,personal,15.68,24.45,22.8,22.49,20.0,14.76,19.57
session_ccb2830f7247,user_007,developer,2026-06-29 07:58:13,2026-06-29 14:31:13,23,6,0,23,1,1,4,0,0,0.0,0.0,0,0,393.0,7.966666666666667,0,0,0,0.0,0.0,normal,0.7574,1.1288,0.9533,0.0,0.0,0.0,0.934,0.0,0.0,0.4193,13,0.8667,hybrid,18.91,32.63,26.93,26.4,40.0,0.0,24.77
session_9e3b7f6f943e,user_011,analyst,2026-06-29 08:02:21,2026-06-29 14:50:21,25,8,0,25,1,1,4,9,0,83.619,15.078,0,0,408.0,8.033333333333333,0,0,0,0.0,3.34476,normal,1.6179,2.8643,2.2393,0.0,0.0,0.0,0.0,3.7739,0.0,1.1662,9,0.6,hybrid,44.18,40.91,35.39,32.02,60.0,19.13,41.32
session_9c48ea325dc1,user_065,hr,2026-06-29 08:08:33,2026-06-29 13:41:33,25,6,0,25,1,1,3,10,0,128.541,22.421,0,0,333.0,8.133333333333333,0,0,0,0.0,5.14164,normal,4.0988,0.6386,1.4839,0.0,0.0,0.0,0.0,4.4218,0.0,1.1826,15,1.0,personal,44.64,31.42,25.56,21.76,20.0,25.69,33.43
session_09051c8187c0,user_020,finance,2026-06-29 08:10:34,2026-06-29 11:35:34,11,1,0,11,1,1,3,2,2,65.207,18.048,0,0,205.0,8.166666666666666,0,0,0,0.0,5.927909090909091,normal,1.7022,0.7951,0.6745,0.0,0.0,0.0,0.0,1.0361,0.0,0.4675,13,0.8667,hybrid,20.84,19.07,19.73,20.48,0.0,0.0,17.16
session_353d6912db63,user_057,developer,2026-06-29 08:14:28,2026-06-29 11:45:28,16,4,0,16,1,1,5,0,0,0.0,0.0,0,0,211.0,8.233333333333333,0,0,0,0.0,0.0,normal,1.1351,0.117,0.3747,0.0,0.0,0.0,0.0,0.0,0.0,0.1808,11,0.7333,hybrid,8.64,9.88,11.91,18.13,0.0,0.0,9.03
session_590be3412291,user_010,finance,2026-06-29 08:18:00,2026-06-29 10:20:00,9,2,0,9,1,1,3,5,0,29.04,7.32,0,0,122.0,8.3,0,0,0,0.0,3.2266666666666666,normal,1.6258,1.6201,1.1871,0.0,0.0,0.0,0.0,0.4085,0.0,0.5379,13,0.8667,hybrid,23.58,19.45,20.5,20.25,0.0,0.0,18.42
session_7d37399f4ef6,user_077,admin,2026-06-29 08:18:57,2026-06-29 12:35:57,15,5,0,15,1,1,4,0,0,0.0,0.0,3,0,257.0,8.3,0,0,0,0.0,0.0,normal,0.5869,0.2015,0.1394,0.0,0.0,0.0,1.0,0.0,0.6745,0.2891,13,0.8667,hybrid,13.46,16.23,22.88,26.25,20.0,0.0,16.69
session_35c76ad39fe7,user_029,admin,2026-06-29 08:21:14,2026-06-29 14:57:14,25,8,0,25,1,1,5,0,0,0.0,0.0,3,0,396.0,8.35,0,0,0,0.0,0.0,normal,0.3759,1.6712,1.6862,0.0,0.0,0.0,0.0,0.0,0.2248,0.4398,10,0.6667,hybrid,19.74,39.25,35.44,32.12,40.0,0.0,28.27
session_b9ebe5d9437f,user_080,hr,2026-06-29 08:26:24,2026-06-29 13:55:24,23,3,0,23,1,1,3,4,0,52.968,16.296,0,0,329.0,8.433333333333334,0,0,0,0.0,2.30295652173913,normal,1.4677,0.8339,1.1274,0.0,0.0,0.0,0.0,0.3329,0.0,0.418,12,0.8,hybrid,18.86,32.41,27.8,26.1,20.0,19.97,23.8
session_2a69347a962a,user_013,hr,2026-06-29 08:27:10,2026-06-29 12:03:10,14,5,0,14,1,1,3,4,0,11.827,4.336,0,0,216.0,8.45,0,0,0,0.0,0.8447857142857143,normal,1.3236,1.9145,1.1242,0.0,0.0,0.0,0.0,0.7628,0.0,0.5695,11,0.7333,hybrid,24.78,19.27,23.32,20.57,20.0,7.17,21.68
session_ed049b4712c6,user_015,finance,2026-06-29 08:27:30,2026-06-29 12:21:30,13,4,0,13,1,1,3,3,1,13.142,4.397,0,0,234.0,8.45,0,0,0,0.0,1.0109230769230768,normal,3.4311,0.0762,0.3912,0.0,0.0,0.0,0.0,0.9469,0.0,0.5384,12,0.8,hybrid,23.6,37.8,29.6,26.61,20.0,36.34,27.92
session_830763abcf60,user_012,analyst,2026-06-29 08:31:36,2026-06-29 15:00:36,21,5,0,21,1,1,4,7,0,26.691000000000003,4.722,0,0,389.0,8.516666666666667,0,0,0,0.0,1.271,normal,0.2958,0.6097,0.2529,0.0,0.0,0.0,0.0,0.2485,0.0,0.1563,16,1.0,personal,7.52,10.69,12.2,14.88,0.0,0.0,8.46
session_1f763375bca0,user_067,analyst,2026-06-29 08:33:08,2026-06-29 10:13:08,9,3,0,9,1,1,4,2,0,40.854,21.562,0,0,100.0,8.55,0,0,0,0.0,4.539333333333333,normal,1.7221,0.8657,0.8566,0.0,0.0,0.0,0.0,0.1419,0.0,0.3985,13,0.8667,hybrid,18.07,31.33,28.26,25.38,40.0,1.02,24.32
session_2e1de551baf5,user_043,hr,2026-06-29 08:33:48,2026-06-29 14:20:48,19,2,0,19,1,1,3,6,0,46.429,10.81,0,0,347.0,8.55,0,0,0,0.0,2.4436315789473686,normal,0.0595,1.4364,0.5059,0.0,0.0,0.0,0.0,0.1198,0.0,0.2357,15,1.0,personal,11.12,23.24,29.75,26.85,60.0,0.0,22.24
session_890794678e3e,user_071,analyst,2026-06-29 08:33:51,2026-06-29 11:57:51,12,3,0,12,1,1,4,2,0,20.508000000000003,13.249,0,0,204.0,8.55,0,0,0,0.0,1.7090000000000003,normal,1.034,0.2474,0.5149,0.0,0.0,0.0,0.0,0.8577,0.0,0.2949,11,0.7333,hybrid,13.71,23.68,23.74,24.81,20.0,18.1,19.17
session_9f1b34ebbf16,user_036,developer,2026-06-29 08:36:02,2026-06-29 15:05:02,24,3,0,24,1,1,5,0,0,0.0,0.0,0,0,389.0,8.6,0,0,0,0.0,0.0,normal,1.5457,2.3748,2.0235,0.0,0.0,0.0,0.0,0.0,0.0,0.6604,17,1.0,personal,28.12,32.51,29.43,25.59,40.0,24.78,29.96
session_e767709bd278,user_073,hr,2026-06-29 08:36:52,2026-06-29 13:23:52,19,7,0,19,1,1,3,3,0,21.887,13.015,0,0,287.0,8.6,0,0,0,0.0,1.1519473684210526,normal,0.8943,0.1894,0.2023,0.0,0.0,0.0,0.0,0.2998,0.0,0.1762,12,0.8,hybrid,8.43,12.73,18.3,17.59,0.0,0.0,10.42
session_56e8aa526eff,user_058,hr,2026-06-29 08:39:09,2026-06-29 14:33:09,19,4,0,19,1,1,3,4,0,65.706,20.408,0,0,354.0,8.65,0,0,0,0.0,3.45821052631579,normal,0.7826,1.465,0.6841,0.0,0.0,0.0,0.0,1.3648,0.0,0.4774,12,0.8,hybrid,21.23,24.71,25.03,21.31,20.0,23.59,22.5
session_f64bf3477abc,user_045,admin,2026-06-29 08:41:06,2026-06-29 13:46:06,23,6,0,23,1,1,5,0,0,0.0,0.0,6,0,305.0,8.683333333333334,0,0,0,0.0,0.0,normal,0.7276,0.1395,0.5683,0.0,0.0,0.0,0.0,0.0,2.0235,0.3843,14,0.9333,hybrid,17.48,43.23,38.56,31.92,40.0,66.13,31.92
session_0c17114ffd7c,user_042,developer,2026-06-29 08:41:52,2026-06-29 15:34:52,25,6,0,25,1,1,5,0,0,0.0,0.0,0,0,413.0,8.683333333333334,0,0,0,0.0,0.0,normal,0.8294,1.4502,1.6413,0.0,0.0,0.0,0.0,0.0,0.0,0.4357,13,0.8667,hybrid,19.58,22.53,24.43,25.12,40.0,9.02,22.96
session_d080f5e3856e,user_038,developer,2026-06-29 08:42:26,2026-06-29 14:23:26,23,8,0,23,1,1,5,0,0,0.0,0.0,0,0,341.0,8.7,0,0,0,0.0,0.0,normal,0.4213,1.1413,1.5783,0.0,0.0,0.0,0.0,0.0,0.0,0.349,14,0.9333,hybrid,16.01,11.18,12.18,15.32,20.0,0.0,14.0
session_b339a1469d0b,user_044,developer,2026-06-29 08:45:39,2026-06-29 13:22:39,21,4,0,21,1,1,5,0,0,0.0,0.0,0,0,277.0,8.75,0,0,0,0.0,0.0,normal,0.0555,0.1459,0.4384,0.0,0.0,0.0,0.0,0.0,0.0,0.0711,14,0.9333,hybrid,3.49,7.84,12.59,13.75,0.0,0.0,6.23
session_15f5b75f9634,user_018,developer,2026-06-29 08:48:56,2026-06-29 11:12:56,9,3,0,9,1,1,3,0,0,0.0,0.0,0,0,144.0,8.8,0,0,0,0.0,0.0,normal,0.5029,0.7964,0.7195,0.0,0.0,0.0,2.0,0.0,0.0,0.4465,14,0.9333,hybrid,20.01,23.43,24.89,24.95,40.0,0.0,22.92
session_e8baa09fa22d,user_035,admin,2026-06-29 08:49:11,2026-06-29 13:09:11,15,4,0,15,1,1,4,0,0,0.0,0.0,3,0,260.0,8.816666666666666,0,0,0,0.0,0.0,normal,0.0804,0.4308,0.4122,0.0,0.0,0.0,1.0,0.0,0.5846,0.2787,13,0.8667,hybrid,13.01,32.77,30.5,27.82,20.0,30.32,22.63
session_14266a7f9b15,user_006,analyst,2026-06-29 08:50:28,2026-06-29 11:26:28,14,4,0,14,1,1,4,6,0,80.753,13.865,0,0,156.0,8.833333333333334,0,0,0,0.0,5.768071428571429,normal,0.7244,0.5717,0.036,0.0,0.0,0.0,0.0,1.0617,0.0,0.266,13,0.8667,hybrid,12.45,15.08,21.74,23.11,40.0,0.0,17.57
session_5906591d9370,user_028,developer,2026-06-29 08:51:14,2026-06-29 10:53:14,9,1,0,9,1,1,4,0,0,0.0,0.0,0,0,122.0,8.85,0,0,0,0.0,0.0,normal,0.8956,1.0152,0.8768,0.0,0.0,0.0,0.9557,0.0,0.0,0.4159,14,0.9333,hybrid,18.78,31.29,30.4,29.31,40.0,13.89,25.95
session_12e2c935ed10,user_018,developer,2026-06-29 08:53:22,2026-06-29 09:10:22,2,2,0,2,2,2,1,0,0,0.0,0.0,0,1,17.0,8.883333333333333,0,0,0,0.0,0.0,impossible_travel,0.4047,2.2907,1.8548,0.0,1.0,1.0,4.0,0.0,0.0,1.1722,15,1.0,personal,44.35,29.59,29.65,27.68,60.0,9.16,37.33
session_f7e5016d1734,user_039,developer,2026-06-29 08:55:36,2026-06-29 11:31:36,11,2,0,11,1,1,4,0,0,0.0,0.0,0,0,156.0,8.916666666666666,0,0,0,0.0,0.0,normal,0.6499,1.4502,1.5899,0.0,0.0,0.0,1.0,0.0,0.0,0.5211,12,0.8,hybrid,22.94,39.0,31.25,23.38,20.0,48.29,28.41
session_15da0c4dd11e,user_046,hr,2026-06-29 09:00:05,2026-06-29 15:07:05,21,4,0,21,1,1,3,7,0,53.375,10.45,0,0,367.0,9.0,0,0,0,0.0,2.5416666666666665,normal,1.1781,1.3987,0.6745,0.0,0.0,0.0,0.0,1.3104,0.0,0.5069,11,0.7333,hybrid,22.39,16.26,15.04,16.77,20.0,0.0,18.14
session_46732a02eebc,user_063,finance,2026-06-29 09:02:20,2026-06-29 13:42:20,17,3,0,17,1,1,3,3,6,56.943,13.008,0,0,280.0,9.033333333333331,0,0,0,0.0,3.3495882352941173,normal,0.9824,0.112,0.2398,0.0,0.0,0.0,0.0,0.7282,0.0,0.2292,13,0.8667,hybrid,10.83,11.45,14.69,17.39,20.0,0.0,12.56
session_253711945062,user_050,developer,2026-06-29 09:02:39,2026-06-29 13:46:39,17,3,0,17,1,1,5,0,0,0.0,0.0,0,0,284.0,9.033333333333331,0,0,0,0.0,0.0,normal,1.4956,0.2529,0.1686,0.0,0.0,0.0,1.0,0.0,0.0,0.3241,15,1.0,personal,14.96,13.89,16.76,22.42,20.0,0.0,15.52
session_940e416d1ccd,user_030,hr,2026-06-29 09:03:01,2026-06-29 12:02:01,12,4,0,12,1,1,3,3,0,34.504,18.165,0,0,179.0,9.05,0,0,0,0.0,2.8753333333333333,normal,2.1791,1.209,1.0117,0.0,0.0,0.0,0.0,0.618,0.0,0.5575,15,1.0,personal,24.33,37.75,28.17,27.34,20.0,51.64,28.82
session_af79360f2514,user_009,developer,2026-06-29 09:04:20,2026-06-29 14:18:20,21,8,0,21,1,1,5,0,0,0.0,0.0,0,0,314.0,9.066666666666666,0,0,0,0.0,0.0,normal,0.1505,0.1658,0.3597,0.0,0.0,0.0,0.0,0.0,0.0,0.0751,14,0.9333,hybrid,3.69,13.74,13.57,15.65,0.0,0.22,7.83
session_5f2804d5248d,user_033,developer,2026-06-29 09:05:22,2026-06-29 11:45:22,12,2,0,12,1,1,5,0,0,0.0,0.0,0,0,160.0,9.083333333333334,0,0,0,0.0,0.0,normal,0.7779,2.7523,1.7874,0.0,0.0,0.0,0.0,0.0,0.0,0.5908,12,0.8,hybrid,25.58,19.82,16.18,14.83,0.0,11.19,18.66
session_72c2032c5f50,user_070,admin,2026-06-29 09:06:19,2026-06-29 15:46:19,23,4,0,23,1,1,5,0,0,0.0,0.0,2,0,400.0,9.1,0,0,0,0.0,0.0,normal,0.4151,1.8099,1.0117,0.0,0.0,0.0,0.0,0.0,0.6745,0.4346,16,1.0,personal,19.53,19.24,18.51,18.52,0.0,5.87,16.58
session_7c25aa4fa6fa,user_006,analyst,2026-06-29 09:10:13,2026-06-29 14:22:13,21,6,0,21,1,1,4,4,0,41.905,16.269,0,0,312.0,9.166666666666666,0,0,0,0.0,1.9954761904761904,normal,1.1578,0.4902,0.9263,0.0,0.0,0.0,0.0,0.6887,0.0,0.3626,14,0.9333,hybrid,16.58,14.89,19.22,22.3,20.0,0.0,16.72
session_f35f87736dbb,user_076,analyst,2026-06-29 09:10:16,2026-06-29 12:26:16,11,6,0,11,1,1,4,3,0,11.269,5.992,0,0,196.0,9.166666666666666,0,0,0,0.0,1.0244545454545455,normal,2.1141,0.6363,0.7374,0.0,0.0,0.0,0.0,0.8543,0.0,0.4825,14,0.9333,hybrid,21.44,18.47,16.46,19.56,0.0,2.87,16.84
session_8d85b8e30975,user_052,finance,2026-06-29 09:10:30,2026-06-29 11:40:30,11,2,0,11,1,1,3,3,3,34.903,9.99,0,0,150.0,9.166666666666666,0,0,0,0.0,3.173,normal,0.4767,1.4233,1.0792,0.0,0.0,0.0,0.0,1.026,0.0,0.445,12,0.8,hybrid,19.95,14.29,15.38,17.01,0.0,5.69,15.13
session_c2aa7073dde2,user_026,analyst,2026-06-29 09:13:10,2026-06-29 11:52:10,11,6,0,11,1,1,4,2,0,18.809,12.375,0,0,159.0,9.216666666666669,0,0,0,0.0,1.709909090909091,normal,0.6345,0.8782,0.9982,0.0,0.0,0.0,0.0,0.6297,0.0,0.349,12,0.8,hybrid,16.01,32.09,29.62,27.52,40.0,0.0,24.02
session_00857aeeb0b6,user_017,admin,2026-06-29 09:13:21,2026-06-29 13:22:21,17,3,0,17,1,1,5,0,0,0.0,0.0,1,0,249.0,9.216666666666669,0,0,0,0.0,0.0,normal,0.5126,0.1664,0.607,0.0,0.0,0.0,0.0,0.0,0.7644,0.2278,13,0.8667,hybrid,10.77,13.71,25.37,31.33,40.0,0.0,17.99
session_c1990f959cfa,user_064,finance,2026-06-29 09:13:28,2026-06-29 14:51:28,22,8,0,22,1,1,3,2,3,82.268,20.519,0,0,338.0,9.216666666666669,0,0,0,0.0,3.739454545454546,normal,1.0228,0.9446,1.1804,0.0,0.0,0.0,0.0,0.7416,0.0,0.4322,11,0.7333,hybrid,19.43,18.43,18.84,23.81,0.0,0.0,16.67
session_4e15ba8cdbbc,user_034,finance,2026-06-29 09:19:10,2026-06-29 12:25:10,12,3,0,12,1,1,3,0,3,22.337,11.776,0,0,186.0,9.316666666666666,0,0,0,0.0,1.8614166666666667,normal,0.7461,0.4906,0.4916,0.0,0.0,0.0,0.0,0.8428,0.0,0.2857,14,0.9333,hybrid,13.31,29.64,26.25,23.12,20.0,13.49,20.18
session_93eb53cbdbc9,user_059,analyst,2026-06-29 09:27:40,2026-06-29 16:12:40,25,9,0,25,1,1,4,5,0,45.541,14.993,0,0,405.0,9.45,0,0,0,0.0,1.82164,normal,0.2836,1.6304,1.8346,0.0,0.0,0.0,0.0,2.0217,0.0,0.6411,9,0.6,hybrid,27.43,36.98,29.77,26.37,40.0,7.85,29.86
session_92bbf459c339,user_001,finance,2026-06-29 09:28:20,2026-06-29 14:03:20,18,4,0,18,1,1,3,7,3,125.783,23.574,0,0,275.0,9.466666666666669,0,0,0,0.0,6.9879444444444445,normal,0.0776,0.1297,0.2483,0.0,0.0,0.0,0.0,0.8937,0.0,0.1499,12,0.8,hybrid,7.22,29.23,26.95,23.93,20.0,32.65,18.8
session_854fdc6b222d,user_032,hr,2026-06-29 09:28:27,2026-06-29 13:56:27,23,9,0,23,1,1,3,4,0,14.565,5.802,0,0,268.0,9.466666666666669,0,0,0,0.0,0.6332608695652173,normal,1.1397,0.1391,0.8961,0.0,0.0,0.0,0.0,0.269,0.0,0.2715,12,0.8,hybrid,12.69,19.81,19.3,19.89,20.0,0.0,15.92
session_1ea10359b1aa,user_074,finance,2026-06-29 09:29:41,2026-06-29 12:52:41,12,4,0,12,1,1,3,1,2,7.955999999999999,2.965,0,0,203.0,9.483333333333333,0,0,0,0.0,0.6629999999999999,normal,0.9932,0.258,0.4744,0.0,0.0,0.0,0.0,1.8921,0.0,0.402,14,0.9333,hybrid,18.21,12.98,13.71,18.59,0.0,0.0,13.79
session_70b743edece2,user_027,developer,2026-06-29 09:31:19,2026-06-29 12:10:19,17,4,0,17,1,1,5,0,0,0.0,0.0,0,0,159.0,9.516666666666667,0,0,0,0.0,0.0,normal,0.114,0.917,0.6475,0.0,0.0,0.0,0.0,0.0,0.0,0.1865,12,0.8,hybrid,8.9,9.17,14.19,14.94,0.0,0.0,9.02
session_6380ed41a9be,user_005,hr,2026-06-29 09:32:16,2026-06-29 15:45:16,23,8,0,23,1,1,3,3,0,10.799,5.4,0,0,373.0,9.533333333333331,0,0,0,0.0,0.4695217391304347,normal,0.1102,1.6401,2.0609,0.0,0.0,0.0,0.0,0.1431,0.0,0.4394,14,0.9333,hybrid,19.72,15.71,15.26,18.34,0.0,0.0,15.16
session_629e98274a0c,user_047,developer,2026-06-29 09:35:18,2026-06-29 14:10:18,15,5,0,15,1,1,5,0,0,0.0,0.0,0,0,275.0,9.583333333333334,0,0,0,0.0,0.0,normal,0.5689,0.1101,0.3372,0.0,0.0,0.0,0.0,0.0,0.0,0.1129,12,0.8,hybrid,5.49,15.84,19.31,22.77,20.0,0.0,12.54
session_6fb0d1b0abc9,user_054,developer,2026-06-29 09:40:05,2026-06-29 13:27:05,15,3,0,15,1,1,5,0,0,0.0,0.0,0,0,227.0,9.666666666666666,0,0,0,0.0,0.0,normal,1.1331,0.4572,0.607,0.0,0.0,0.0,0.0,0.0,0.0,0.2441,12,0.8,hybrid,11.49,20.43,22.45,22.04,20.0,0.0,16.25
session_3cebf152ca94,user_056,hr,2026-06-29 09:40:43,2026-06-29 17:58:43,25,7,0,25,1,1,3,6,0,164.521,41.355,0,0,498.0,9.666666666666666,0,0,0,0.0,6.580839999999999,normal,0.3664,2.0347,1.0867,0.0,0.0,0.0,0.0,1.6162,0.0,0.5671,14,0.9333,hybrid,24.69,23.29,24.3,25.5,20.0,0.0,22.73
session_675a96eb5197,user_014,hr,2026-06-29 09:41:51,2026-06-29 14:45:51,17,7,0,17,1,1,3,4,0,41.525,13.834,0,0,304.0,9.683333333333334,0,0,0,0.0,2.442647058823529,normal,1.2055,0.4269,0.2248,0.0,0.0,0.0,0.0,4.0825,0.0,0.66,10,0.6667,hybrid,28.11,27.53,29.65,28.46,60.0,0.0,30.04
session_f130f59592d4,user_019,developer,2026-06-29 09:45:11,2026-06-29 16:27:11,23,7,0,23,1,1,5,0,0,0.0,0.0,0,0,402.0,9.75,0,0,0,0.0,0.0,normal,0.506,1.2221,0.7419,0.0,0.0,0.0,0.0,0.0,0.0,0.2744,12,0.8,hybrid,12.82,11.49,12.17,13.45,0.0,0.0,10.6
session_b7c0d793d353,user_037,developer,2026-06-29 09:47:36,2026-06-29 15:10:36,23,8,0,23,1,1,5,0,0,0.0,0.0,0,0,323.0,9.783333333333331,0,0,0,0.0,0.0,normal,0.3189,0.3735,0.3298,0.0,0.0,0.0,0.0,0.0,0.0,0.1136,13,0.8667,hybrid,5.52,6.32,11.33,14.63,0.0,0.0,6.64
session_93af2b85f988,user_078,developer,2026-06-29 09:47:58,2026-06-29 11:46:58,10,1,0,10,1,1,3,0,0,0.0,0.0,0,0,119.0,9.783333333333331,0,0,0,0.0,0.0,normal,0.296,1.1873,0.8094,0.0,0.0,0.0,2.0,0.0,0.0,0.477,11,0.7333,hybrid,21.22,18.52,24.07,21.96,20.0,0.0,20.0
session_6ade6b598f6e,user_025,hr,2026-06-29 09:50:28,2026-06-29 12:55:28,9,5,0,9,1,1,2,1,0,1.132,1.132,0,0,185.0,9.833333333333334,0,0,0,0.0,0.1257777777777777,normal,0.3507,0.2367,0.8993,0.0,0.0,0.0,1.0,2.1209,0.0,0.512,15,1.0,personal,22.59,36.77,42.97,35.89,100.0,4.53,36.65
session_b09e6720bdb2,user_051,analyst,2026-06-29 09:51:50,2026-06-29 15:38:50,23,5,0,23,1,1,4,7,0,51.878,11.7,0,0,347.0,9.85,0,0,0,0.0,2.2555652173913043,normal,0.5591,0.9549,1.268,0.0,0.0,0.0,0.0,2.0616,0.0,0.5382,12,0.8,hybrid,23.59,19.05,17.65,19.53,0.0,3.7,18.03
session_1fbf1695133e,user_062,hr,2026-06-29 09:51:51,2026-06-29 13:05:51,10,2,0,10,1,1,3,3,0,37.71,17.022,0,0,194.0,9.85,0,0,0,0.0,3.771,normal,0.8887,1.7382,1.3923,0.0,0.0,0.0,0.0,0.7333,0.0,0.5281,12,0.8,hybrid,23.21,18.48,21.24,22.25,20.0,0.0,20.39
session_f1542a235967,user_066,developer,2026-06-29 09:52:50,2026-06-29 13:01:50,11,2,0,11,1,1,5,0,0,0.0,0.0,0,0,189.0,9.866666666666667,0,0,0,0.0,0.0,normal,0.5646,0.5784,0.7195,0.0,0.0,0.0,0.0,0.0,0.0,0.2069,13,0.8667,hybrid,9.83,12.81,13.11,12.94,0.0,0.0,9.75
session_e509ea37068d,user_023,developer,2026-06-29 09:54:41,2026-06-29 13:25:41,14,3,0,14,1,1,4,0,0,0.0,0.0,0,0,211.0,9.9,0,0,0,0.0,0.0,normal,1.349,0.615,0.5059,0.0,0.0,0.0,1.0,0.0,0.0,0.3855,15,1.0,personal,17.53,32.73,27.67,25.0,20.0,21.62,23.29
session_d7672556d0f3,user_003,developer,2026-06-29 09:56:31,2026-06-29 17:13:31,24,6,0,24,1,1,5,0,0,0.0,0.0,0,0,437.0,9.933333333333334,0,0,0,0.0,0.0,normal,0.3922,1.4311,0.9758,0.0,0.0,0.0,0.0,0.0,0.0,0.311,13,0.8667,hybrid,14.4,11.89,17.88,24.26,20.0,0.0,15.25
session_28200b6ad4f4,user_075,developer,2026-06-29 10:03:37,2026-06-29 16:36:37,24,4,0,24,1,1,5,0,0,0.0,0.0,0,0,393.0,10.05,0,0,0,0.0,0.0,normal,0.4789,1.3729,0.9992,0.0,0.0,0.0,0.0,0.0,0.0,0.3168,10,0.6667,hybrid,14.65,31.87,29.53,24.23,40.0,43.1,25.24
session_a62289608c22,user_004,developer,2026-06-29 10:10:36,2026-06-29 14:31:36,18,2,0,18,1,1,5,0,0,0.0,0.0,0,0,261.0,10.166666666666666,0,0,0,0.0,0.0,normal,0.8828,0.1524,0.1811,0.0,0.0,0.0,0.0,0.0,0.0,0.1351,12,0.8,hybrid,6.53,10.98,13.33,12.58,0.0,11.1,8.62
session_c93561a0a96b,user_072,hr,2026-06-29 10:12:38,2026-06-29 13:23:38,12,4,0,12,1,1,3,1,0,6.23,6.23,0,0,191.0,10.2,0,0,0,0.0,0.5191666666666667,normal,0.8993,0.5888,1.4052,0.0,0.0,0.0,0.0,1.3604,0.0,0.4726,14,0.9333,hybrid,21.05,19.82,23.22,22.33,20.0,0.0,20.1
session_cac41cf7be64,user_031,developer,2026-06-29 10:19:00,2026-06-29 16:03:00,24,8,0,24,1,1,5,0,0,0.0,0.0,0,0,344.0,10.316666666666666,0,0,0,0.0,0.0,normal,1.0089,0.6969,0.9693,0.0,0.0,0.0,0.0,0.0,0.0,0.2972,14,0.9333,hybrid,13.81,15.63,14.71,16.92,0.0,0.0,12.55
session_5bfa9134b094,user_055,analyst,2026-06-29 10:28:24,2026-06-29 14:31:24,14,3,0,14,1,1,4,3,0,73.021,33.792,0,0,243.0,10.466666666666669,0,0,0,0.0,5.2157857142857145,normal,0.1962,0.5153,1.277,0.0,0.0,0.0,0.0,0.3002,0.0,0.2543,14,0.9333,hybrid,11.94,20.87,23.77,26.6,20.0,0.0,17.18
session_b2d76d8d49de,user_002,finance,2026-06-29 10:29:05,2026-06-29 14:20:05,17,4,0,17,1,1,3,4,1,51.011,17.749,0,0,231.0,10.483333333333333,0,0,0,0.0,3.000647058823529,normal,0.4544,0.1727,0.4871,0.0,0.0,0.0,0.0,0.1679,0.0,0.1425,12,0.8,hybrid,6.88,14.43,18.64,23.78,0.0,0.0,10.81
session_621776787032,user_061,analyst,2026-06-29 10:30:00,2026-06-29 15:11:00,21,7,0,21,1,1,4,5,0,22.314,6.84,0,0,281.0,10.5,0,0,0,0.0,1.0625714285714285,normal,0.7015,0.1846,0.3372,0.0,0.0,0.0,0.0,0.0477,0.0,0.1412,15,1.0,personal,6.82,29.76,26.06,26.79,20.0,21.45,18.34
session_3a7dbb1e35f1,user_060,developer,2026-06-29 10:36:11,2026-06-29 13:22:11,11,2,0,11,1,1,5,0,0,0.0,0.0,0,0,166.0,10.6,0,0,0,0.0,0.0,normal,0.0911,0.7066,0.6745,0.0,0.0,0.0,0.0,0.0,0.0,0.1636,15,1.0,personal,7.85,16.61,20.98,21.9,20.0,0.76,13.84
session_3cde8484bcb5,user_048,developer,2026-06-29 10:53:30,2026-06-29 16:10:30,21,6,0,21,1,1,5,0,0,0.0,0.0,0,0,317.0,10.883333333333333,0,0,0,0.0,0.0,normal,2.5855,0.4497,0.6745,0.0,0.0,0.0,0.0,0.0,0.0,0.4122,15,1.0,personal,18.62,15.81,22.12,22.75,20.0,0.0,18.2
session_3b8b5471d826,user_041,finance,2026-06-29 10:54:05,2026-06-29 13:28:05,11,2,0,11,1,1,3,2,6,162.059,33.732,0,0,154.0,10.9,0,0,0,0.0,14.732636363636365,normal,1.5613,0.7232,0.6745,0.0,0.0,0.0,0.0,1.1083,0.0,0.4519,16,1.0,personal,20.22,30.41,27.83,27.52,40.0,18.69,26.03
session_705700e1ebbf,user_079,developer,2026-06-29 10:55:38,2026-06-29 13:57:38,12,2,0,12,1,1,5,0,0,0.0,0.0,0,0,182.0,10.916666666666666,0,0,0,0.0,0.0,normal,0.1969,0.7437,0.6745,0.0,0.0,0.0,0.0,0.0,0.0,0.1795,14,0.9333,hybrid,8.58,12.7,16.74,21.83,20.0,0.0,12.67
session_be744a396432,user_053,hr,2026-06-29 11:20:16,2026-06-29 16:58:16,20,5,0,20,1,1,3,3,0,9.83,4.257,0,0,338.0,11.333333333333334,0,0,0,0.0,0.4915,normal,1.6059,0.2139,0.0,0.0,0.0,0.0,0.0,1.3826,0.0,0.3558,15,1.0,personal,16.3,34.4,36.45,35.4,40.0,19.59,27.39
session_7ed672f73d04,user_068,developer,2026-06-29 11:41:40,2026-06-29 15:48:40,16,4,0,16,1,1,5,0,0,0.0,0.0,0,0,247.0,11.683333333333334,0,0,0,0.0,0.0,normal,5.0081,0.1957,0.009,0.0,0.0,0.0,0.0,0.0,0.0,0.5792,14,0.9333,hybrid,25.14,18.75,17.85,25.64,0.0,0.0,19.05
session_c570c9e156af,user_025,hr,2026-06-29 12:07:27,2026-06-29 12:07:27,1,0,0,1,1,1,1,1,0,5.2,5.2,0,1,0.0,12.116666666666667,0,0,0,0.0,5.2,low_slow_exfiltration,4.9353,2.5168,2.698,0.0,0.0,0.0,2.0,0.3556,0.0,1.3895,16,1.0,personal,50.08,41.03,44.86,37.97,100.0,0.0,48.76
session_adc31b0589ee,user_079,developer,2026-06-29 15:54:50,2026-06-29 15:54:50,1,0,0,1,1,1,1,0,0,2.678,2.678,0,1,0.0,15.9,0,0,0,0.0,2.678,insider_drift,8.7684,2.6218,2.5293,0.0,0.0,0.0,4.0,2.678,0.0,2.2886,15,1.0,personal,68.16,39.85,28.55,27.3,40.0,0.47,46.27
session_104e5a5fa701,user_025,hr,2026-06-29 22:30:25,2026-06-29 23:10:25,6,1,0,6,1,1,3,3,0,61.94,19.856,0,0,40.0,22.5,0,0,1,0.0,10.323333333333332,normal,25.4332,2.0172,1.5738,0.0,0.0,0.0,0.0,20.1813,0.0,2.6212,16,1.0,personal,73.03,56.98,51.15,42.7,100.0,14.78,63.29
session_c49e192915e5,user_009,developer,2026-06-30 01:30:23,2026-06-30 01:38:55,33,33,33,33,4,1,1,0,0,0.0,0.0,0,1,8.533333333333333,1.5,1,0,1,1.0,0.0,brute_force,10.6988,6.6245,2.9228,1.0,3.0,0.0,3.9223,0.0,0.0,3.0522,15,1.0,personal,78.26,44.59,29.75,23.59,20.0,69.74,52.53
session_a100f7b10af3,user_037,developer,2026-06-30 03:30:05,2026-06-30 03:39:25,33,33,33,33,4,1,1,0,0,0.0,0.0,0,1,9.333333333333334,3.5,1,0,1,1.0,0.0,brute_force,9.8431,3.0801,3.4489,1.0,3.0,0.0,4.0,0.0,0.0,2.708,14,0.9333,hybrid,74.18,40.05,26.45,21.68,20.0,47.34,48.18
session_3d4b0fc2bcc2,user_073,hr,2026-06-30 07:17:25,2026-06-30 10:55:25,14,4,0,14,1,1,3,2,0,14.089,9.782,0,0,218.0,7.283333333333333,1,0,0,0.0,1.006357142857143,normal,2.0974,1.0461,0.7981,0.0,0.0,0.0,0.0,0.4356,0.0,0.4864,13,0.8667,hybrid,21.59,16.17,18.87,18.12,0.0,0.0,16.51
session_ffee2ef96b8e,user_016,developer,2026-06-30 07:19:58,2026-06-30 12:40:58,20,6,0,20,1,1,5,0,0,0.0,0.0,0,0,321.0,7.316666666666666,1,0,0,0.0,0.0,normal,3.4048,0.9564,0.9083,0.0,0.0,0.0,0.0,0.0,0.0,0.5855,14,0.9333,hybrid,25.38,26.8,21.15,18.48,0.0,29.0,21.98
session_a0df02681dc3,user_056,hr,2026-06-30 07:34:24,2026-06-30 12:52:24,23,7,0,23,1,1,3,6,0,152.188,35.394,0,0,318.0,7.566666666666666,1,0,0,0.0,6.616869565217391,normal,2.6558,0.4184,0.6745,0.0,0.0,0.0,0.0,0.9723,0.0,0.5246,15,1.0,personal,23.07,23.52,23.83,25.08,20.0,0.0,22.02
session_ecb07239fabf,user_077,admin,2026-06-30 07:38:00,2026-06-30 12:18:00,16,1,0,16,1,1,5,0,0,0.0,0.0,3,0,280.0,7.633333333333333,1,0,0,0.0,0.0,normal,1.6847,0.3954,0.0787,0.0,0.0,0.0,0.0,0.0,0.6295,0.3098,14,0.9333,hybrid,14.35,14.78,19.47,24.65,20.0,0.0,16.08
session_44bcfeaadede,user_004,developer,2026-06-30 07:47:58,2026-06-30 12:24:58,18,3,0,18,1,1,5,0,0,0.0,0.0,0,0,277.0,7.783333333333333,1,0,0,0.0,0.0,normal,3.8149,0.0824,0.02,0.0,0.0,0.0,0.0,0.0,0.0,0.4353,13,0.8667,hybrid,19.56,14.08,15.16,13.51,0.0,6.15,14.57
session_f5cd1ec5aee4,user_008,developer,2026-06-30 07:58:23,2026-06-30 14:07:23,21,8,0,21,1,1,5,0,0,0.0,0.0,0,0,369.0,7.966666666666667,1,0,0,0.0,0.0,normal,1.6493,0.8161,0.5171,0.0,0.0,0.0,0.0,0.0,0.0,0.3314,14,0.9333,hybrid,15.27,15.23,13.94,19.61,0.0,4.05,13.41
session_674184ee41fa,user_064,finance,2026-06-30 07:59:19,2026-06-30 13:02:19,22,7,0,22,1,1,3,5,3,141.203,31.86,0,0,303.0,7.983333333333333,1,0,0,0.0,6.418318181818182,normal,0.6092,0.4634,0.8738,0.0,0.0,0.0,0.0,0.8585,0.0,0.3117,12,0.8,hybrid,14.43,15.64,17.62,22.64,0.0,0.0,13.81
session_5b754bc9ea9c,user_024,hr,2026-06-30 08:00:38,2026-06-30 13:25:38,20,10,0,20,1,1,3,4,0,91.674,28.819,0,0,325.0,8.0,1,0,0,0.0,4.5837,normal,0.9694,0.5311,0.4572,0.0,0.0,0.0,0.0,0.7636,0.0,0.3024,13,0.8667,hybrid,14.03,19.35,18.63,18.75,0.0,6.53,14.48
session_ecaa8d0ae274,user_050,developer,2026-06-30 08:01:58,2026-06-30 11:50:58,15,6,0,15,1,1,5,0,0,0.0,0.0,0,0,229.0,8.016666666666667,1,0,0,0.0,0.0,normal,0.3306,0.3372,0.1927,0.0,0.0,0.0,0.6745,0.0,0.0,0.1706,16,1.0,personal,8.18,11.41,13.95,20.3,20.0,0.0,11.68
session_5967dd9e9bca,user_067,analyst,2026-06-30 08:02:26,2026-06-30 11:08:26,14,4,0,14,1,1,4,5,0,56.944,15.983,0,0,186.0,8.033333333333333,1,0,0,0.0,4.067428571428572,normal,2.9896,0.1068,0.1979,0.0,0.0,0.0,0.0,0.8549,0.0,0.461,14,0.9333,hybrid,20.59,26.64,26.37,24.91,40.0,0.0,24.01
session_bca7cec6278d,user_031,developer,2026-06-30 08:02:51,2026-06-30 10:30:51,10,4,0,10,1,1,5,0,0,0.0,0.0,0,0,148.0,8.033333333333333,1,0,0,0.0,0.0,normal,1.5135,1.2415,1.5176,0.0,0.0,0.0,0.0,0.0,0.0,0.4747,15,1.0,personal,21.13,18.92,16.06,17.3,0.0,1.78,16.46
session_7dd91494940d,user_042,developer,2026-06-30 08:07:08,2026-06-30 11:21:08,11,4,0,11,1,1,5,0,0,0.0,0.0,0,0,194.0,8.116666666666667,1,0,0,0.0,0.0,normal,0.2382,1.3871,1.956,0.0,0.0,0.0,0.0,0.0,0.0,0.3979,14,0.9333,hybrid,18.04,19.1,23.06,24.54,40.0,0.0,20.95
session_a566f3353b96,user_025,hr,2026-06-30 08:11:57,2026-06-30 11:33:57,15,3,0,15,1,1,3,3,0,7.749,3.433,0,0,202.0,8.183333333333334,1,0,0,0.0,0.5166,normal,2.3202,0.0465,0.4497,0.0,0.0,0.0,0.0,0.3845,0.0,0.3557,17,1.0,personal,16.29,40.84,42.8,40.13,100.0,0.0,35.12
session_203d7f77a944,user_006,analyst,2026-06-30 08:13:29,2026-06-30 11:22:29,15,3,0,15,1,1,4,6,0,70.255,15.978,0,0,189.0,8.216666666666667,1,0,0,0.0,4.683666666666666,normal,0.4497,0.3539,0.1349,0.0,0.0,0.0,0.0,0.5065,0.0,0.1606,15,1.0,personal,7.72,11.46,15.36,20.64,0.0,0.0,9.75
session_f6e043ee8bd5,user_034,finance,2026-06-30 08:18:15,2026-06-30 14:02:15,19,6,0,19,1,1,3,6,4,86.66499999999999,14.398,0,0,344.0,8.3,1,0,0,0.0,4.561315789473684,normal,0.9713,1.0833,0.6745,0.0,0.0,0.0,0.0,2.0585,0.0,0.532,15,1.0,personal,23.36,25.68,25.87,23.5,20.0,16.84,23.55
session_59d3e8476e69,user_022,developer,2026-06-30 08:23:34,2026-06-30 13:45:34,22,3,0,22,1,1,5,0,0,0.0,0.0,0,0,322.0,8.383333333333333,1,0,0,0.0,0.0,normal,0.0899,0.2146,0.4497,0.0,0.0,0.0,0.0,0.0,0.0,0.0838,15,1.0,personal,4.1,8.33,10.76,17.33,0.0,0.0,6.65
session_65aca9cb251b,user_043,hr,2026-06-30 08:24:12,2026-06-30 10:45:12,10,5,0,10,1,1,3,1,0,11.608,11.608,0,0,141.0,8.4,1,0,0,0.0,1.1608,normal,0.1445,0.9666,1.1563,0.0,0.0,0.0,0.0,1.2575,0.0,0.3917,16,1.0,personal,17.79,19.43,26.2,26.01,60.0,0.0,23.53
session_65389850e242,user_020,finance,2026-06-30 08:29:20,2026-06-30 11:32:20,12,4,0,12,1,1,3,2,1,66.637,31.715,0,0,183.0,8.483333333333333,1,0,0,0.0,5.553083333333333,normal,1.1471,1.0577,0.5059,0.0,0.0,0.0,0.0,0.7526,0.0,0.3848,14,0.9333,hybrid,17.5,18.12,19.0,19.98,0.0,0.0,15.47
session_03131ffa502b,user_057,developer,2026-06-30 08:35:50,2026-06-30 13:14:50,20,3,0,20,1,1,5,0,0,0.0,0.0,0,0,279.0,8.583333333333334,1,0,0,0.0,0.0,normal,0.6982,1.0055,1.385,0.0,0.0,0.0,0.0,0.0,0.0,0.3432,12,0.8,hybrid,15.77,11.59,12.8,17.82,0.0,6.04,12.63
session_56e5c1fcd636,user_044,developer,2026-06-30 08:37:33,2026-06-30 12:19:33,15,7,0,15,1,1,5,0,0,0.0,0.0,0,0,222.0,8.616666666666667,1,0,0,0.0,0.0,normal,0.2248,0.8065,1.0117,0.0,0.0,0.0,0.0,0.0,0.0,0.227,15,1.0,personal,10.73,8.75,11.8,13.31,0.0,0.0,9.14
session_61bdda4528f5,user_032,hr,2026-06-30 08:38:12,2026-06-30 16:22:12,25,9,0,25,1,1,3,6,0,22.783,5.501,0,0,464.0,8.633333333333333,1,0,0,0.0,0.91132,normal,0.1549,2.4744,1.349,0.0,0.0,0.0,0.0,1.0764,0.0,0.5616,13,0.8667,hybrid,24.48,22.04,19.72,20.46,0.0,19.45,20.18
session_83f347d13e5d,user_021,finance,2026-06-30 08:40:14,2026-06-30 15:43:14,22,9,0,22,1,1,3,2,5,38.299,8.202,0,0,423.0,8.666666666666666,1,0,0,0.0,1.7408636363636365,normal,0.2837,1.6303,1.5497,0.0,0.0,0.0,0.0,0.5071,0.0,0.4412,10,0.6667,hybrid,19.8,37.59,34.52,31.47,40.0,30.99,29.31
session_2989b22886c7,user_018,developer,2026-06-30 08:41:43,2026-06-30 10:57:43,11,2,0,11,1,1,5,0,0,0.0,0.0,0,0,136.0,8.683333333333334,1,0,0,0.0,0.0,normal,0.6745,0.7763,0.3372,0.0,0.0,0.0,0.0,0.0,0.0,0.1987,15,1.0,personal,9.46,22.85,24.83,25.75,40.0,9.15,19.11
session_8afb0d144a0e,user_013,hr,2026-06-30 08:43:59,2026-06-30 13:19:59,19,4,0,19,1,1,3,6,0,25.97,6.201,0,0,276.0,8.716666666666667,1,0,0,0.0,1.366842105263158,normal,0.5279,0.4688,0.0674,0.0,0.0,0.0,0.0,0.744,0.0,0.2009,12,0.8,hybrid,9.56,15.5,20.06,19.1,20.0,0.0,13.84
session_0df8a7a592ac,user_080,hr,2026-06-30 08:50:23,2026-06-30 13:56:23,21,1,0,21,1,1,3,8,0,131.205,27.525,0,0,306.0,8.833333333333334,1,0,0,0.0,6.247857142857144,normal,0.697,0.4078,0.5284,0.0,0.0,0.0,0.0,2.239,0.0,0.4302,13,0.8667,hybrid,19.35,26.36,26.19,25.47,20.0,6.45,21.81
session_0fbe67c42455,user_011,analyst,2026-06-30 08:50:29,2026-06-30 13:06:29,20,4,0,20,1,1,3,6,0,63.752,16.067,0,0,256.0,8.833333333333334,1,0,0,0.0,3.1876,normal,0.6998,0.3768,1.0149,0.0,0.0,0.0,1.0,1.7746,0.0,0.5407,10,0.6667,hybrid,23.69,31.77,32.94,30.73,60.0,0.0,29.84
session_73769848d418,user_012,analyst,2026-06-30 08:50:59,2026-06-30 11:58:59,14,4,0,14,1,1,4,3,0,12.745,4.928,0,0,188.0,8.833333333333334,1,0,0,0.0,0.910357142857143,normal,0.1967,1.6919,1.0117,0.0,0.0,0.0,0.0,1.0672,0.0,0.4408,17,1.0,personal,19.78,13.67,13.85,15.36,0.0,0.0,14.26
session_888672e160ec,user_058,hr,2026-06-30 08:52:52,2026-06-30 15:54:52,25,7,0,25,1,1,3,7,0,57.884,15.239,0,0,422.0,8.866666666666667,1,0,0,0.0,2.31536,normal,0.8575,1.8906,1.9335,0.0,0.0,0.0,0.0,0.6797,0.0,0.5957,13,0.8667,hybrid,25.76,22.99,25.8,21.86,20.0,15.86,23.75
session_376d445055e5,user_035,admin,2026-06-30 08:53:16,2026-06-30 13:05:16,16,4,0,16,1,1,5,0,0,0.0,0.0,1,0,252.0,8.883333333333333,1,0,0,0.0,0.0,normal,0.1325,0.2394,0.4197,0.0,0.0,0.0,0.0,0.0,1.9785,0.3078,14,0.9333,hybrid,14.26,23.18,27.2,26.45,20.0,0.0,19.07
session_f984391a65f9,user_014,hr,2026-06-30 08:53:39,2026-06-30 14:39:39,16,7,0,16,1,1,3,3,0,23.215000000000003,9.439,0,0,346.0,8.883333333333333,1,0,0,0.0,1.4509375000000002,normal,0.3178,0.852,0.1274,0.0,0.0,0.0,0.0,0.2015,0.0,0.1665,11,0.7333,hybrid,7.99,15.76,23.31,25.54,40.0,0.0,16.4
session_625144c78dd5,user_070,admin,2026-06-30 08:54:35,2026-06-30 13:24:35,16,1,0,16,1,1,4,0,0,0.0,0.0,3,0,270.0,8.9,1,0,0,0.0,0.0,normal,0.5815,0.3054,0.1686,0.0,0.0,0.0,1.0,0.0,0.0,0.2284,17,1.0,personal,10.79,15.75,16.73,17.44,0.0,0.0,11.72
session_9e601333353d,user_049,analyst,2026-06-30 08:56:34,2026-06-30 14:04:34,24,8,0,24,1,1,4,4,0,12.806,4.029,0,0,308.0,8.933333333333334,1,0,0,0.0,0.5335833333333333,normal,0.5146,0.1017,1.0252,0.0,0.0,0.0,0.0,0.6506,0.0,0.2547,12,0.8,hybrid,11.96,20.12,25.34,25.5,20.0,0.0,17.16
session_9d3d0cb733d2,user_009,developer,2026-06-30 08:57:25,2026-06-30 14:44:25,24,8,0,24,1,1,5,0,0,0.0,0.0,0,0,347.0,8.95,1,0,0,0.0,0.0,normal,0.3024,0.7398,0.8993,0.0,0.0,0.0,0.0,0.0,0.0,0.2157,15,1.0,personal,10.22,31.81,26.61,22.45,20.0,47.9,21.08
session_c2223ee15a52,user_030,hr,2026-06-30 08:57:45,2026-06-30 14:58:45,20,4,0,20,1,1,3,5,0,74.855,23.566,0,0,361.0,8.95,1,0,0,0.0,3.74275,normal,2.1134,0.9925,0.6745,0.0,0.0,0.0,0.0,0.5045,0.0,0.4761,16,1.0,personal,21.18,30.09,27.72,26.55,20.0,39.71,25.29
session_0e73c6db964e,user_007,developer,2026-06-30 08:58:37,2026-06-30 14:28:37,24,4,0,24,1,1,5,0,0,0.0,0.0,0,0,330.0,8.966666666666667,1,0,0,0.0,0.0,normal,0.7363,0.5991,0.9856,0.0,0.0,0.0,0.0,0.0,0.0,0.2579,14,0.9333,hybrid,12.1,22.84,22.9,24.81,20.0,22.68,18.46
session_cb0dca56aeff,user_027,developer,2026-06-30 09:08:51,2026-06-30 15:49:51,25,10,0,25,1,1,5,0,0,0.0,0.0,0,0,401.0,9.133333333333333,1,0,0,0.0,0.0,normal,0.9323,1.708,2.2873,0.0,0.0,0.0,0.0,0.0,0.0,0.5475,13,0.8667,hybrid,23.95,15.46,15.65,16.14,0.0,0.0,16.63
session_6d3317b113d4,user_052,finance,2026-06-30 09:09:32,2026-06-30 15:13:32,24,5,0,24,1,1,3,3,7,62.022,15.045,0,0,364.0,9.15,1,0,0,0.0,2.58425,normal,0.359,1.1534,1.0792,0.0,0.0,0.0,0.0,1.5053,0.0,0.4552,13,0.8667,hybrid,20.36,17.73,16.77,17.43,0.0,5.6,16.23
session_64746091c311,user_038,developer,2026-06-30 09:10:33,2026-06-30 13:21:33,15,4,0,15,1,1,5,0,0,0.0,0.0,0,0,251.0,9.166666666666666,1,0,0,0.0,0.0,normal,0.4399,0.2727,0.4497,0.0,0.0,0.0,0.0,0.0,0.0,0.1291,15,1.0,personal,6.25,9.33,9.08,14.24,0.0,1.43,7.22
session_670f20ee4736,user_074,finance,2026-06-30 09:10:41,2026-06-30 14:55:41,24,7,0,24,1,1,3,1,4,10.146,2.827,0,0,345.0,9.166666666666666,1,0,0,0.0,0.42275,normal,0.5356,0.9264,1.2141,0.0,0.0,0.0,0.0,1.1091,0.0,0.4206,15,1.0,personal,18.97,15.98,14.56,18.54,0.0,0.0,14.82
session_dbefac2c4a5d,user_015,finance,2026-06-30 09:10:59,2026-06-30 13:00:59,17,3,0,17,1,1,3,0,1,3.214,3.214,0,0,230.0,9.166666666666666,1,0,0,0.0,0.1890588235294117,normal,0.8612,0.0507,0.3103,0.0,0.0,0.0,0.0,1.7957,0.0,0.3353,13,0.8667,hybrid,15.44,26.53,26.96,25.43,20.0,17.15,20.93
session_13b2af8ff5b9,user_017,admin,2026-06-30 09:13:16,2026-06-30 10:50:16,10,3,0,10,1,1,5,0,0,0.0,0.0,2,0,97.0,9.216666666666669,1,0,0,0.0,0.0,normal,0.5417,1.5443,1.2006,0.0,0.0,0.0,0.0,0.0,0.045,0.3702,14,0.9333,hybrid,16.9,13.88,21.25,29.26,20.0,0.0,17.65
session_4bfb70e8e403,user_046,hr,2026-06-30 09:14:01,2026-06-30 14:50:01,20,7,0,20,1,1,3,3,0,23.081,10.219,0,0,336.0,9.233333333333333,1,0,0,0.0,1.15405,normal,0.8792,0.8074,0.5059,0.0,0.0,0.0,0.0,0.5108,0.0,0.3004,12,0.8,hybrid,13.95,15.95,13.96,16.39,0.0,3.05,12.66
session_b0064362c468,user_063,finance,2026-06-30 09:15:21,2026-06-30 12:37:21,15,5,0,15,1,1,3,2,2,18.52,7.613,0,0,202.0,9.25,1,0,0,0.0,1.2346666666666666,normal,0.4667,0.9034,0.6385,0.0,0.0,0.0,0.0,1.5374,0.0,0.394,14,0.9333,hybrid,17.88,13.7,14.71,17.35,0.0,0.0,13.83
session_a893da2fee46,user_029,admin,2026-06-30 09:17:06,2026-06-30 13:02:06,15,4,0,15,1,1,5,0,0,0.0,0.0,1,0,225.0,9.283333333333331,1,0,0,0.0,0.0,normal,1.9014,0.1106,0.045,0.0,0.0,0.0,0.0,0.0,1.349,0.3784,11,0.7333,hybrid,17.24,27.52,30.32,30.14,20.0,4.92,22.21
session_7a8f75f09c2b,user_001,finance,2026-06-30 09:17:38,2026-06-30 12:44:38,12,2,0,12,1,1,3,2,4,86.845,31.709,0,0,207.0,9.283333333333331,1,0,0,0.0,7.237083333333333,normal,0.2091,0.6966,0.7734,0.0,0.0,0.0,0.0,0.2433,0.0,0.2136,13,0.8667,hybrid,10.13,18.18,23.56,22.21,20.0,0.0,15.44
session_2256a7407a15,user_040,finance,2026-06-30 09:19:41,2026-06-30 12:49:41,15,2,0,15,1,1,3,2,4,75.417,16.552,0,0,210.0,9.316666666666666,1,0,0,0.0,5.0278,normal,1.4917,0.3675,0.2998,0.0,0.0,0.0,0.0,0.7014,0.0,0.3178,16,1.0,personal,14.69,18.89,21.15,21.23,20.0,1.39,17.02
session_2ffe91bf4a8d,user_039,developer,2026-06-30 09:26:43,2026-06-30 15:09:43,21,6,0,21,1,1,5,0,0,0.0,0.0,0,0,343.0,9.433333333333334,1,0,0,0.0,0.0,normal,0.5203,0.484,0.3058,0.0,0.0,0.0,0.0,0.0,0.0,0.1456,13,0.8667,hybrid,7.02,22.97,26.4,21.33,20.0,8.81,15.94
session_b29ac8777e99,user_066,developer,2026-06-30 09:27:24,2026-06-30 11:43:24,10,3,0,10,1,1,4,0,0,0.0,0.0,0,0,136.0,9.45,1,0,0,0.0,0.0,normal,0.1129,1.2864,0.6995,0.0,0.0,0.0,1.0,0.0,0.0,0.3443,14,0.9333,hybrid,15.81,13.77,13.66,13.3,0.0,0.92,12.51
session_dbe62624d1ed,user_059,analyst,2026-06-30 09:27:28,2026-06-30 13:27:28,18,4,0,18,1,1,4,1,0,11.372,11.372,0,0,240.0,9.45,1,0,0,0.0,0.6317777777777778,normal,0.3735,0.225,0.3148,0.0,0.0,0.0,0.0,0.7348,0.0,0.1831,10,0.6667,hybrid,8.75,24.63,24.71,23.85,40.0,0.0,18.52
session_95b27e04edc1,user_041,finance,2026-06-30 09:29:36,2026-06-30 15:10:36,23,5,0,23,1,1,3,7,3,223.219,32.878,0,0,341.0,9.483333333333333,1,0,0,0.0,9.705173913043478,normal,0.548,1.7817,3.3725,0.0,0.0,0.0,0.0,2.1004,0.0,0.867,17,1.0,personal,35.18,31.33,30.13,28.47,60.0,21.43,34.78
session_63a41e1d8ee5,user_069,hr,2026-06-30 09:31:12,2026-06-30 13:45:12,15,6,0,15,1,1,3,5,0,72.628,18.9,0,0,254.0,9.516666666666667,1,0,0,0.0,4.841866666666666,normal,1.5231,0.2943,0.3957,0.0,0.0,0.0,0.0,0.5049,0.0,0.302,13,0.8667,hybrid,14.02,17.26,23.39,23.57,40.0,0.0,18.92
session_02a368d4b3b6,user_072,hr,2026-06-30 09:32:00,2026-06-30 15:42:00,19,7,0,19,1,1,3,5,0,79.161,19.282,0,0,370.0,9.533333333333331,1,0,0,0.0,4.166368421052631,normal,0.7142,0.864,0.0,0.0,0.0,0.0,0.0,0.7402,0.0,0.2576,15,1.0,personal,12.09,16.34,19.96,21.16,20.0,0.0,15.21
session_b8db1b425069,user_028,developer,2026-06-30 09:38:55,2026-06-30 13:24:55,15,2,0,15,1,1,5,0,0,0.0,0.0,0,0,226.0,9.633333333333333,1,0,0,0.0,0.0,normal,0.0729,0.6902,0.1349,0.0,0.0,0.0,0.0,0.0,0.0,0.0998,15,1.0,personal,4.87,18.23,24.37,26.35,40.0,0.0,15.88
session_326a6802c6a8,user_076,analyst,2026-06-30 09:40:57,2026-06-30 14:16:57,18,5,0,18,1,1,4,4,0,24.199,10.92,0,0,276.0,9.666666666666666,1,0,0,0.0,1.3443888888888889,normal,1.165,0.1939,0.2698,0.0,0.0,0.0,0.0,0.0262,0.0,0.1839,15,1.0,personal,8.78,14.45,14.62,17.98,0.0,0.0,10.4
session_f21a6e0a0098,user_047,developer,2026-06-30 09:41:35,2026-06-30 12:39:35,9,2,0,9,1,1,4,0,0,0.0,0.0,0,0,178.0,9.683333333333334,1,0,0,0.0,0.0,normal,0.3181,0.8774,0.7444,0.0,0.0,0.0,0.8546,0.0,0.0,0.3105,13,0.8667,hybrid,14.38,13.5,16.8,21.72,0.0,7.59,13.52
session_5222ffc5b4a2,user_003,developer,2026-06-30 09:42:38,2026-06-30 15:31:38,18,3,0,18,1,1,5,0,0,0.0,0.0,0,0,349.0,9.7,1,0,0,0.0,0.0,normal,0.7059,0.4951,0.0789,0.0,0.0,0.0,0.0,0.0,0.0,0.1422,14,0.9333,hybrid,6.86,9.66,14.75,21.92,20.0,0.0,11.08
session_97d6deeb904f,user_051,analyst,2026-06-30 09:43:14,2026-06-30 11:37:14,9,2,0,9,1,1,4,3,0,25.16,12.396,0,0,114.0,9.716666666666669,1,0,0,0.0,2.795555555555556,normal,0.4578,1.1914,1.1489,0.0,0.0,0.0,0.0,0.2566,0.0,0.3394,13,0.8667,hybrid,15.61,18.27,17.23,19.04,0.0,5.82,14.68
session_55c669835c4c,user_036,developer,2026-06-30 09:44:22,2026-06-30 15:48:22,21,4,0,21,1,1,5,0,0,0.0,0.0,0,0,364.0,9.733333333333333,1,0,0,0.0,0.0,normal,0.3439,1.8598,1.349,0.0,0.0,0.0,0.0,0.0,0.0,0.3947,18,1.0,personal,17.91,26.36,27.17,24.54,40.0,0.0,22.96
session_3ef30325a39a,user_068,developer,2026-06-30 09:45:08,2026-06-30 13:17:08,13,2,0,13,1,1,5,0,0,0.0,0.0,0,0,212.0,9.75,1,0,0,0.0,0.0,normal,0.6103,0.1977,0.4047,0.0,0.0,0.0,0.0,0.0,0.0,0.1347,15,1.0,personal,6.51,14.21,14.75,22.74,0.0,0.0,9.93
session_253cb71e01ab,user_071,analyst,2026-06-30 09:48:30,2026-06-30 15:31:30,25,5,0,25,1,1,4,6,0,114.414,28.281,0,0,343.0,9.8,1,0,0,0.0,4.57656,normal,0.3522,1.0628,1.7267,0.0,0.0,0.0,0.0,1.2341,0.0,0.4862,12,0.8,hybrid,21.58,18.83,23.65,24.4,20.0,7.88,20.78
session_6e99cf374b6c,user_026,analyst,2026-06-30 09:49:25,2026-06-30 13:45:25,15,4,0,15,1,1,4,3,0,27.996,12.978,0,0,236.0,9.816666666666666,1,0,0,0.0,1.8664,normal,0.1918,0.08,0.018,0.0,0.0,0.0,0.0,0.1611,0.0,0.0501,13,0.8667,hybrid,2.47,16.91,21.67,24.81,20.0,0.0,12.1
session_8646f369458e,user_023,developer,2026-06-30 09:56:01,2026-06-30 13:06:01,13,4,0,13,1,1,5,0,0,0.0,0.0,0,0,190.0,9.933333333333334,1,0,0,0.0,0.0,normal,1.2463,0.8627,0.5902,0.0,0.0,0.0,0.0,0.0,0.0,0.2999,16,1.0,personal,13.92,23.74,24.77,23.74,20.0,8.06,18.81
session_c171506a8d12,user_037,developer,2026-06-30 09:59:39,2026-06-30 14:29:39,17,6,0,17,1,1,4,0,0,0.0,0.0,0,0,270.0,9.983333333333333,1,0,0,0.0,0.0,normal,0.5895,0.6844,1.7312,0.0,0.0,0.0,1.0,0.0,0.0,0.445,14,0.9333,hybrid,19.95,35.62,26.01,21.44,20.0,41.7,25.23
session_47a6396ea823,user_031,developer,2026-06-30 10:04:32,2026-06-30 10:04:32,1,0,0,1,1,1,1,1,0,26.744,26.744,0,0,0.0,10.066666666666666,1,0,0,0.0,26.744,normal,0.4982,2.4095,2.698,0.0,0.0,0.0,4.0,26.744,0.0,2.1784,16,1.0,personal,66.35,42.52,28.68,23.28,20.0,62.76,46.81
session_c195d5874f74,user_010,finance,2026-06-30 10:06:28,2026-06-30 13:16:28,14,1,0,14,1,1,3,3,5,78.825,23.356,0,0,190.0,10.1,1,0,0,0.0,5.630357142857143,normal,0.593,0.6067,0.2571,0.0,0.0,0.0,0.0,2.797,0.0,0.4726,14,0.9333,hybrid,21.05,20.45,20.3,20.35,0.0,0.0,17.59
session_faddec265dec,user_078,developer,2026-06-30 10:07:27,2026-06-30 14:09:27,15,5,0,15,1,1,5,0,0,0.0,0.0,0,0,242.0,10.116666666666667,1,0,0,0.0,0.0,normal,0.623,0.2403,0.8768,0.0,0.0,0.0,0.0,0.0,0.0,0.1933,12,0.8,hybrid,9.21,13.88,20.0,20.26,20.0,0.0,13.49
session_5a4b4bb8c30c,user_065,hr,2026-06-30 10:15:56,2026-06-30 15:35:56,24,7,0,24,1,1,3,7,0,76.1,17.907,0,0,320.0,10.25,1,0,0,0.0,3.170833333333333,normal,1.7122,0.4957,0.7708,0.0,0.0,0.0,0.0,1.4395,0.0,0.4909,16,1.0,personal,21.76,28.21,25.25,21.94,20.0,12.31,22.95
session_aafff02e12bf,user_019,developer,2026-06-30 10:26:22,2026-06-30 13:11:22,13,6,0,13,1,1,5,0,0,0.0,0.0,0,0,165.0,10.433333333333334,1,0,0,0.0,0.0,normal,0.4661,1.8127,2.4282,0.0,0.0,0.0,0.0,0.0,0.0,0.523,13,0.8667,hybrid,23.01,17.35,14.76,14.72,0.0,0.0,16.36
session_01127e12d7dc,user_048,developer,2026-06-30 10:53:43,2026-06-30 15:10:43,18,3,0,18,1,1,5,0,0,0.0,0.0,0,0,257.0,10.883333333333333,1,0,0,0.0,0.0,normal,2.2483,0.0894,0.0,0.0,0.0,0.0,0.0,0.0,0.0,0.2597,16,1.0,personal,12.18,14.0,19.09,21.46,20.0,0.0,14.68
session_7de034eb6ffc,user_002,finance,2026-06-30 10:55:56,2026-06-30 13:23:56,11,3,0,11,1,1,3,5,3,66.885,14.864,0,0,148.0,10.916666666666666,1,0,0,0.0,6.080454545454546,normal,0.7313,0.7157,0.4407,0.0,0.0,0.0,0.0,0.6207,0.0,0.2787,13,0.8667,hybrid,13.01,12.68,17.08,22.22,0.0,0.0,12.52
session_713401b0850f,user_053,hr,2026-06-30 10:56:06,2026-06-30 14:42:06,13,6,0,13,1,1,3,1,0,4.907,4.907,0,0,226.0,10.933333333333334,1,0,0,0.0,0.3774615384615384,normal,0.688,1.8346,1.5738,0.0,0.0,0.0,0.0,1.5564,0.0,0.6281,16,1.0,personal,26.95,31.42,34.57,34.77,40.0,11.53,30.3
session_fa323c844619,user_055,analyst,2026-06-30 10:57:18,2026-06-30 15:29:18,21,6,0,21,1,1,4,5,0,59.032,24.952,0,0,272.0,10.95,1,0,0,0.0,2.8110476190476192,normal,0.9198,0.0237,1.0117,0.0,0.0,0.0,0.0,0.7581,0.0,0.3015,15,1.0,personal,13.99,16.62,20.47,25.18,20.0,0.0,16.51
session_638571f96d21,user_079,developer,2026-06-30 11:32:24,2026-06-30 16:18:24,18,4,0,18,1,1,5,0,0,0.0,0.0,0,0,286.0,11.533333333333331,1,0,0,0.0,0.0,normal,1.0851,0.4895,0.3372,0.0,0.0,0.0,0.0,0.0,0.0,0.2124,15,1.0,personal,10.08,29.19,23.94,25.07,20.0,34.68,19.7
session_3770b3ade58c,user_060,developer,2026-06-30 11:34:08,2026-06-30 13:49:08,11,4,0,11,1,1,5,0,0,0.0,0.0,0,0,135.0,11.566666666666666,1,0,0,0.0,0.0,normal,1.2317,1.1764,0.6745,0.0,0.0,0.0,0.0,0.0,0.0,0.3425,16,1.0,personal,15.74,11.18,19.69,21.07,20.0,0.0,15.59
session_a01b6e223e8d,user_025,hr,2026-06-30 13:53:11,2026-06-30 13:53:11,1,0,0,1,1,1,1,1,0,5.9,5.9,0,1,0.0,13.883333333333333,1,0,0,0.0,5.9,low_slow_exfiltration,5.3959,2.4752,2.698,0.0,0.0,0.0,2.0,0.3375,0.0,1.4341,18,1.0,personal,51.18,43.19,44.36,42.06,100.0,0.0,49.97
session_540ddeef7803,user_079,developer,2026-06-30 16:03:27,2026-06-30 16:03:27,1,0,0,1,1,1,1,0,0,3.347,3.347,0,1,0.0,16.05,1,0,0,0.0,3.347,insider_drift,6.985,2.4181,2.1584,0.0,0.0,0.0,4.0,3.347,0.0,2.1009,16,1.0,personal,65.02,47.23,35.08,29.81,40.0,75.17,51.46
session_434d817a2e9f,user_062,hr,2026-06-30 23:30:11,2026-06-30 23:36:51,21,21,21,21,4,1,1,0,0,0.0,0.0,0,1,6.666666666666667,23.5,1,0,1,1.0,0.0,brute_force,16.6006,4.4975,0.6745,1.0,3.0,0.0,2.0,1.5921,0.0,2.5293,13,0.8667,hybrid,71.77,45.45,32.98,28.44,40.0,9.19,50.05
session_848022696289,user_064,finance,2026-07-01 01:54:35,2026-07-01 02:04:35,6,1,0,6,1,1,6,0,0,0.0,0.0,1,1,10.0,1.9,2,0,1,0.0,0.0,lateral_movement,9.1616,2.2495,1.1766,0.0,0.0,0.0,3.0,2.0494,1.0,2.0708,13,0.8667,hybrid,64.49,40.29,29.31,27.68,20.0,48.04,45.42
session_a5d8962c39ac,user_039,developer,2026-07-01 07:25:16,2026-07-01 13:42:16,19,3,0,19,1,1,5,0,0,0.0,0.0,0,0,377.0,7.416666666666667,2,0,0,0.0,0.0,normal,3.4137,0.7636,0.2023,0.0,0.0,0.0,0.0,0.0,0.0,0.4866,14,0.9333,hybrid,21.6,16.96,25.42,21.79,20.0,0.0,20.02
session_75346c952e46,user_069,hr,2026-07-01 07:31:07,2026-07-01 11:42:07,16,3,0,16,1,1,3,6,0,78.328,16.702,0,0,251.0,7.516666666666667,2,0,0,0.0,4.8955,normal,0.4783,0.2018,0.2001,0.0,0.0,0.0,0.0,0.5837,0.0,0.1627,14,0.9333,hybrid,7.81,10.41,19.1,21.87,40.0,0.0,14.26
session_4745b0354c54,user_022,developer,2026-07-01 07:31:16,2026-07-01 11:56:16,19,5,0,19,1,1,4,0,0,0.0,0.0,0,0,265.0,7.516666666666667,2,0,0,0.0,0.0,normal,1.2971,0.51,0.2248,0.0,0.0,0.0,1.0,0.0,0.0,0.3369,16,1.0,personal,15.5,11.3,11.5,16.86,0.0,0.0,11.87
session_4abfd08c61fc,user_043,hr,2026-07-01 07:42:49,2026-07-01 12:32:49,21,8,0,21,1,1,3,5,0,53.614,15.831,0,0,290.0,7.7,2,0,0,0.0,2.553047619047619,normal,0.9811,0.5359,0.8431,0.0,0.0,0.0,0.0,0.2394,0.0,0.2888,17,1.0,personal,13.45,14.51,21.44,24.7,40.0,0.0,17.96
session_6f3f95fea860,user_064,finance,2026-07-01 07:56:59,2026-07-01 13:55:59,24,3,0,24,1,1,3,5,3,109.318,23.034,0,0,359.0,7.933333333333334,2,0,0,0.0,4.554916666666666,normal,0.6323,0.8864,0.9818,0.0,0.0,0.0,0.0,0.3998,0.0,0.3223,13,0.8667,hybrid,14.88,31.34,26.9,25.99,20.0,21.59,21.94
session_863e73f1ba51,user_013,hr,2026-07-01 08:01:36,2026-07-01 11:30:36,12,3,0,12,1,1,3,2,0,9.51,5.927,0,0,209.0,8.016666666666667,2,0,0,0.0,0.7925,normal,1.31,1.2052,2.1584,0.0,0.0,0.0,0.0,0.9866,0.0,0.6289,13,0.8667,hybrid,26.98,20.81,21.21,20.08,20.0,0.0,22.14
session_c080ee7ca0d5,user_009,developer,2026-07-01 08:01:50,2026-07-01 13:10:50,20,3,0,20,1,1,5,0,0,0.0,0.0,0,0,309.0,8.016666666666667,2,0,0,0.0,0.0,normal,1.7122,0.0949,0.0,0.0,0.0,0.0,0.0,0.0,0.0,0.2008,16,1.0,personal,9.55,21.23,23.54,21.24,20.0,13.62,16.4
session_6de279afa6d4,user_007,developer,2026-07-01 08:12:48,2026-07-01 11:12:48,10,2,0,10,1,1,5,0,0,0.0,0.0,0,0,180.0,8.2,2,0,0,0.0,0.0,normal,0.3256,1.0067,0.6745,0.0,0.0,0.0,0.0,0.0,0.0,0.223,15,1.0,personal,10.55,12.46,20.38,23.12,20.0,2.65,14.21
session_00344e4f0f8a,user_044,developer,2026-07-01 08:14:33,2026-07-01 12:20:33,15,5,0,15,1,1,5,0,0,0.0,0.0,0,0,246.0,8.233333333333333,2,0,0,0.0,0.0,normal,1.0286,0.2998,0.6745,0.0,0.0,0.0,0.0,0.0,0.0,0.2225,16,1.0,personal,10.53,9.42,11.0,12.93,0.0,0.0,9.04
session_25b2af111204,user_032,hr,2026-07-01 08:21:39,2026-07-01 15:33:39,24,7,0,24,1,1,3,3,0,13.796,5.777,0,0,432.0,8.35,2,0,0,0.0,0.5748333333333333,normal,0.4755,1.6394,0.7981,0.0,0.0,0.0,0.0,0.2985,0.0,0.3568,14,0.9333,hybrid,16.34,18.44,19.36,20.2,0.0,8.17,15.56
session_376f86cb0621,user_040,finance,2026-07-01 08:23:46,2026-07-01 10:51:46,9,2,0,9,1,1,3,0,1,18.078,18.078,0,0,148.0,8.383333333333333,2,0,0,0.0,2.0086666666666666,normal,0.0259,0.7994,1.1804,0.0,0.0,0.0,0.0,2.5908,0.0,0.5107,17,1.0,personal,22.54,18.78,21.53,21.17,20.0,4.66,20.35
session_1a98e2bfa79f,user_031,developer,2026-07-01 08:23:53,2026-07-01 13:53:53,21,5,0,21,1,1,5,0,0,0.0,0.0,0,0,330.0,8.383333333333333,2,0,0,0.0,0.0,normal,1.168,0.5038,0.2698,0.0,0.0,0.0,0.0,0.0,0.0,0.2157,17,1.0,personal,10.22,30.75,25.63,21.79,20.0,47.35,20.63
session_f80c5e0692ab,user_045,admin,2026-07-01 08:25:04,2026-07-01 13:14:04,18,3,0,18,1,1,4,0,0,0.0,0.0,4,0,289.0,8.416666666666666,2,0,0,0.0,0.0,normal,0.0519,0.1012,0.3372,0.0,0.0,0.0,1.0,0.0,0.6745,0.2405,15,1.0,personal,11.33,23.36,33.4,29.97,40.0,8.72,21.65
session_8d529cc2999f,user_021,finance,2026-07-01 08:25:44,2026-07-01 12:45:44,19,4,0,19,1,1,3,2,5,33.911,10.755,0,0,260.0,8.416666666666666,2,0,0,0.0,1.7847894736842107,normal,0.6152,0.0868,0.6745,0.0,0.0,0.0,0.0,0.3716,0.0,0.1942,11,0.7333,hybrid,9.25,19.86,28.98,29.09,40.0,3.42,19.1
session_739f1daa8165,user_050,developer,2026-07-01 08:28:25,2026-07-01 11:25:25,10,2,0,10,1,1,4,0,0,0.0,0.0,0,0,177.0,8.466666666666667,2,0,0,0.0,0.0,normal,0.4985,1.0181,1.349,0.0,0.0,0.0,1.0,0.0,0.0,0.4295,17,1.0,personal,19.33,14.88,14.27,19.68,0.0,0.03,14.82
session_af4707c5b9c4,user_012,analyst,2026-07-01 08:29:42,2026-07-01 10:41:42,11,4,0,11,1,1,4,4,0,16.131,5.306,0,0,132.0,8.483333333333333,2,0,0,0.0,1.4664545454545457,normal,0.4252,2.1638,1.4333,0.0,0.0,0.0,0.0,0.4216,0.0,0.4938,18,1.0,personal,21.88,18.79,15.74,16.07,0.0,11.61,17.06
session_d633ec70ac40,user_038,developer,2026-07-01 08:29:50,2026-07-01 13:19:50,17,5,0,17,1,1,5,0,0,0.0,0.0,0,0,290.0,8.483333333333333,2,0,0,0.0,0.0,normal,0.9314,0.3571,0.0,0.0,0.0,0.0,0.0,0.0,0.0,0.1432,16,1.0,personal,6.91,8.21,8.58,13.24,0.0,0.0,7.02
session_b246953c5229,user_051,analyst,2026-07-01 08:31:18,2026-07-01 13:01:18,20,4,0,20,1,1,4,6,0,33.34,7.878,0,0,270.0,8.516666666666667,2,0,0,0.0,1.6670000000000005,normal,0.9711,0.26,0.6083,0.0,0.0,0.0,0.0,0.784,0.0,0.2915,14,0.9333,hybrid,13.56,15.92,16.46,18.34,0.0,0.91,12.96
session_71755b9402c3,user_063,finance,2026-07-01 08:32:27,2026-07-01 13:00:27,17,5,0,17,1,1,3,3,3,37.969,7.157,0,0,268.0,8.533333333333333,2,0,0,0.0,2.2334705882352943,normal,1.6422,0.0581,0.0,0.0,0.0,0.0,0.0,0.3613,0.0,0.2291,15,1.0,personal,10.82,13.18,13.64,16.37,0.0,0.0,10.65
session_6fc285c1560b,user_080,hr,2026-07-01 08:33:20,2026-07-01 12:22:20,16,4,0,16,1,1,3,5,0,88.055,26.905,0,0,229.0,8.55,2,0,0,0.0,5.5034375,normal,1.1089,0.529,0.4309,0.0,0.0,0.0,0.0,0.6682,0.0,0.3041,14,0.9333,hybrid,14.11,16.65,23.33,24.17,20.0,0.0,16.89
session_81f2dbfcb7e6,user_074,finance,2026-07-01 08:36:11,2026-07-01 11:11:11,10,4,0,10,1,1,3,3,0,9.6,3.826,0,0,155.0,8.6,2,0,0,0.0,0.96,normal,0.3325,0.6238,0.7419,0.0,0.0,0.0,0.0,1.0723,0.0,0.3078,16,1.0,personal,14.26,16.49,14.42,17.75,0.0,0.0,12.94
session_a0035b2a2414,user_059,analyst,2026-07-01 08:38:24,2026-07-01 13:19:24,19,6,0,19,1,1,4,3,0,28.033,11.349,0,0,281.0,8.633333333333333,2,0,0,0.0,1.475421052631579,normal,3.4136,0.3048,0.2316,0.0,0.0,0.0,0.0,0.2613,0.0,0.4679,11,0.7333,hybrid,20.86,17.92,22.96,23.45,20.0,19.97,20.72
session_7e08434989fb,user_061,analyst,2026-07-01 08:39:25,2026-07-01 11:41:25,14,5,0,14,1,1,4,4,0,20.886,6.753,0,0,182.0,8.65,2,0,0,0.0,1.4918571428571428,normal,2.4282,0.9685,0.4497,0.0,0.0,0.0,0.0,0.0478,0.0,0.4327,16,1.0,personal,19.45,22.59,24.95,25.86,20.0,16.02,21.43
session_308928c213c0,user_029,admin,2026-07-01 08:40:23,2026-07-01 13:52:23,21,3,0,21,1,1,5,0,0,0.0,0.0,4,0,312.0,8.666666666666666,2,0,0,0.0,0.0,normal,0.6597,0.7268,0.8881,0.0,0.0,0.0,0.0,0.0,0.6745,0.3277,12,0.8,hybrid,15.11,16.59,26.64,28.26,20.0,0.0,18.19
session_0f2282da057a,user_054,developer,2026-07-01 08:43:53,2026-07-01 14:31:53,22,5,0,22,1,1,5,0,0,0.0,0.0,0,0,348.0,8.716666666666667,2,0,0,0.0,0.0,normal,3.6916,1.9629,2.7429,0.0,0.0,0.0,0.0,0.0,0.0,0.933,13,0.8667,hybrid,37.28,27.01,25.8,24.07,40.0,0.0,30.59
session_e019fd183aea,user_070,admin,2026-07-01 08:56:59,2026-07-01 14:44:59,18,3,0,18,1,1,5,0,0,0.0,0.0,4,0,348.0,8.933333333333334,2,0,0,0.0,0.0,normal,0.5121,1.3796,0.1686,0.0,0.0,0.0,0.0,0.0,0.6745,0.3039,18,1.0,personal,14.1,13.9,15.88,16.88,0.0,0.0,12.49
session_9e1627df461e,user_006,analyst,2026-07-01 08:59:30,2026-07-01 12:06:30,11,4,0,11,1,1,4,0,0,0.0,0.0,0,0,187.0,8.983333333333333,2,0,0,0.0,0.0,normal,0.8944,0.2832,0.4292,0.0,0.0,0.0,0.0,2.3445,0.0,0.439,16,1.0,personal,19.71,15.19,15.7,20.42,0.0,0.0,15.32
session_99632b73784e,user_078,developer,2026-07-01 09:00:10,2026-07-01 11:29:10,9,2,0,9,1,1,4,0,0,0.0,0.0,0,0,149.0,9.0,2,0,0,0.0,0.0,normal,1.3653,0.8433,1.0567,0.0,0.0,0.0,1.0,0.0,0.0,0.4739,13,0.8667,hybrid,21.1,17.16,19.25,20.36,20.0,0.0,18.79
session_cbf66ee16911,user_018,developer,2026-07-01 09:02:57,2026-07-01 15:00:57,23,7,0,23,1,1,5,0,0,0.0,0.0,0,0,358.0,9.033333333333331,2,0,0,0.0,0.0,normal,0.0964,2.0172,2.0235,0.0,0.0,0.0,0.0,0.0,0.0,0.4597,16,1.0,personal,20.53,20.81,23.98,25.27,40.0,0.0,22.5
session_af7262977193,user_028,developer,2026-07-01 09:03:18,2026-07-01 11:38:18,13,3,0,13,1,1,5,0,0,0.0,0.0,0,0,155.0,9.05,2,0,0,0.0,0.0,normal,0.6359,0.4729,0.1686,0.0,0.0,0.0,0.0,0.0,0.0,0.1419,16,1.0,personal,6.85,8.18,18.98,23.71,20.0,0.0,11.59
session_cf84bc4b88c5,user_075,developer,2026-07-01 09:03:23,2026-07-01 11:52:23,12,1,0,12,1,1,5,0,0,0.0,0.0,0,0,169.0,9.05,2,0,0,0.0,0.0,normal,0.6416,1.2643,0.9668,0.0,0.0,0.0,0.0,0.0,0.0,0.3192,11,0.7333,hybrid,14.75,19.74,26.91,22.87,40.0,7.21,20.53
session_cbfdb07aa958,user_030,hr,2026-07-01 09:04:05,2026-07-01 14:07:05,20,2,0,20,1,1,3,10,0,128.457,17.181,0,0,303.0,9.066666666666666,2,0,0,0.0,6.42285,normal,1.5474,0.3009,0.3372,0.0,0.0,0.0,0.0,1.414,0.0,0.3999,17,1.0,personal,18.12,20.18,26.31,25.37,20.0,16.84,20.61
session_3d823d64a794,user_036,developer,2026-07-01 09:05:53,2026-07-01 11:22:53,12,3,0,12,1,1,4,0,0,0.0,0.0,0,0,137.0,9.083333333333334,2,0,0,0.0,0.0,normal,0.7307,1.1285,0.6745,0.0,0.0,0.0,1.0,0.0,0.0,0.3926,19,1.0,personal,17.82,19.57,24.55,23.9,40.0,0.0,21.11
session_6e0074b980b2,user_073,hr,2026-07-01 09:08:09,2026-07-01 13:48:09,19,9,0,19,1,1,3,3,0,17.098,6.534,0,0,280.0,9.133333333333333,2,0,0,0.0,0.8998947368421052,normal,1.6753,0.1441,0.1799,0.0,0.0,0.0,0.0,0.3002,0.0,0.2555,14,0.9333,hybrid,11.99,14.6,16.57,17.36,0.0,0.0,11.94
session_ea8650de892e,user_015,finance,2026-07-01 09:08:42,2026-07-01 10:58:42,9,2,0,9,1,1,2,2,1,9.637,4.369,0,0,110.0,9.133333333333333,2,0,0,0.0,1.0707777777777778,normal,0.7076,1.2256,1.0467,0.0,0.0,0.0,1.0,0.7877,0.0,0.5297,14,0.9333,hybrid,23.27,20.71,26.47,25.26,20.0,16.84,22.79
session_1ab9f8749b8a,user_011,analyst,2026-07-01 09:12:54,2026-07-01 12:21:54,14,4,0,14,1,1,4,0,0,0.0,0.0,0,0,189.0,9.2,2,0,0,0.0,0.0,normal,1.3026,0.4309,0.1709,0.0,0.0,0.0,0.0,2.5121,0.0,0.4907,11,0.7333,hybrid,21.76,26.14,29.79,29.45,40.0,12.69,25.98
session_64b6eda0e0f9,user_004,developer,2026-07-01 09:13:03,2026-07-01 14:13:03,17,5,0,17,1,1,5,0,0,0.0,0.0,0,0,300.0,9.216666666666669,2,0,0,0.0,0.0,normal,0.9423,0.4579,0.2518,0.0,0.0,0.0,0.0,0.0,0.0,0.1836,14,0.9333,hybrid,8.77,11.99,13.72,12.92,0.0,0.0,9.26
session_80775f203bfc,user_023,developer,2026-07-01 09:13:57,2026-07-01 15:16:57,23,3,0,23,1,1,5,0,0,0.0,0.0,0,0,363.0,9.216666666666669,2,0,0,0.0,0.0,normal,0.0482,0.9161,1.5738,0.0,0.0,0.0,0.0,0.0,0.0,0.282,17,1.0,personal,13.15,14.14,22.07,22.32,20.0,0.0,15.63
session_36aaf9def506,user_020,finance,2026-07-01 09:20:24,2026-07-01 11:25:24,9,1,0,9,1,1,3,4,1,95.492,26.141,0,0,125.0,9.333333333333334,2,0,0,0.0,10.61022222222222,normal,0.2968,1.9294,1.0117,0.0,0.0,0.0,0.0,0.2137,0.0,0.3835,15,1.0,personal,17.45,18.03,18.32,19.58,0.0,0.0,15.29
session_15c4b329f32e,user_037,developer,2026-07-01 09:21:19,2026-07-01 14:03:19,21,4,0,21,1,1,5,0,0,0.0,0.0,0,0,282.0,9.35,2,0,0,0.0,0.0,normal,0.6205,0.4227,0.2248,0.0,0.0,0.0,0.0,0.0,0.0,0.1409,15,1.0,personal,6.8,22.41,22.25,19.57,20.0,11.3,15.06
session_cdcbdcbadfdd,user_027,developer,2026-07-01 09:23:39,2026-07-01 11:57:39,10,4,0,10,1,1,4,0,0,0.0,0.0,0,0,154.0,9.383333333333333,2,0,0,0.0,0.0,normal,0.2234,0.7691,0.978,0.0,0.0,0.0,1.0,0.0,0.0,0.3301,14,0.9333,hybrid,15.21,17.07,15.09,16.03,0.0,0.8,13.41
session_6cc8e0659373,user_058,hr,2026-07-01 09:23:43,2026-07-01 15:21:43,24,5,0,24,1,1,3,7,0,90.325,16.882,0,0,358.0,9.383333333333333,2,0,0,0.0,3.763541666666667,normal,1.2831,0.9818,1.4277,0.0,0.0,0.0,0.0,1.5778,0.0,0.5856,14,0.9333,hybrid,25.38,24.82,26.09,22.72,20.0,0.0,23.3
session_5e873bc52f58,user_003,developer,2026-07-01 09:25:15,2026-07-01 12:36:15,15,5,0,15,1,1,5,0,0,0.0,0.0,0,0,191.0,9.416666666666666,2,0,0,0.0,0.0,normal,1.1155,0.6677,0.5059,0.0,0.0,0.0,0.0,0.0,0.0,0.2543,15,1.0,personal,11.94,10.66,12.99,20.28,20.0,0.0,12.88
session_c6404549c06d,user_001,finance,2026-07-01 09:27:45,2026-07-01 13:18:45,14,3,0,14,1,1,3,4,1,60.502,21.569,0,0,231.0,9.45,2,0,0,0.0,4.321571428571429,normal,0.1189,0.3257,0.5149,0.0,0.0,0.0,0.0,0.6028,0.0,0.1736,14,0.9333,hybrid,8.31,8.74,19.74,20.51,20.0,0.0,12.08
session_57a85eaa65ab,user_052,finance,2026-07-01 09:27:48,2026-07-01 12:48:48,15,3,0,15,1,1,3,2,6,59.758,10.698,0,0,201.0,9.45,2,0,0,0.0,3.983866666666666,normal,0.3106,0.6132,0.4197,0.0,0.0,0.0,0.0,1.3659,0.0,0.301,14,0.9333,hybrid,13.97,17.1,16.21,16.92,0.0,0.0,13.13
session_560b4f956c57,user_014,hr,2026-07-01 09:28:10,2026-07-01 15:45:10,25,7,0,25,1,1,3,9,0,89.106,21.805,0,0,377.0,9.466666666666669,2,0,0,0.0,3.56424,normal,0.9233,1.081,1.2018,0.0,0.0,0.0,0.0,20.1164,0.0,1.4673,12,0.8,hybrid,51.98,33.34,29.87,29.06,60.0,0.0,40.85
session_8c7ae38c14ab,user_001,finance,2026-07-01 09:28:46,2026-07-01 09:30:06,4,4,3,4,1,1,1,0,0,0.0,0.0,0,0,1.3333333333333333,9.466666666666669,2,0,0,0.75,0.0,normal,0.0225,2.9616,1.8886,0.75,0.0,0.0,2.0,1.7164,0.0,1.0377,15,1.0,personal,40.48,24.7,24.12,22.97,40.0,0.0,31.05
session_a2b4204e62fb,user_047,developer,2026-07-01 09:29:23,2026-07-01 14:37:23,22,5,0,22,1,1,5,0,0,0.0,0.0,0,0,308.0,9.483333333333333,2,0,0,0.0,0.0,normal,0.4154,0.3192,0.7907,0.0,0.0,0.0,0.0,0.0,0.0,0.1695,14,0.9333,hybrid,8.13,9.77,14.82,20.05,0.0,0.0,9.43
session_52fb4c3ee083,user_035,admin,2026-07-01 09:29:32,2026-07-01 14:26:32,20,6,0,20,1,1,5,0,0,0.0,0.0,1,0,297.0,9.483333333333333,2,0,0,0.0,0.0,normal,1.7087,0.7462,1.1242,0.0,0.0,0.0,0.0,0.0,0.6745,0.4726,15,1.0,personal,21.05,17.44,25.6,25.93,20.0,0.0,20.34
session_4d08e1c9f877,user_065,hr,2026-07-01 09:35:35,2026-07-01 16:10:35,25,5,0,25,1,1,3,8,0,103.424,22.964,0,0,395.0,9.583333333333334,2,0,0,0.0,4.136959999999999,normal,0.2075,1.3379,0.6745,0.0,0.0,0.0,0.0,1.8935,0.0,0.457,17,1.0,personal,20.43,24.91,24.35,21.94,20.0,12.48,21.62
session_6e13b5fedbdb,user_072,hr,2026-07-01 09:39:08,2026-07-01 13:49:08,18,4,0,18,1,1,3,5,0,88.404,24.845,0,0,250.0,9.65,2,0,0,0.0,4.911333333333333,normal,0.424,0.1349,0.1686,0.0,0.0,0.0,0.0,0.9577,0.0,0.1872,16,1.0,personal,8.94,12.01,16.21,19.69,20.0,0.0,12.38
session_a71d7e6832fc,user_008,developer,2026-07-01 09:40:35,2026-07-01 15:34:35,24,5,0,24,1,1,5,0,0,0.0,0.0,0,0,354.0,9.666666666666666,2,0,0,0.0,0.0,normal,0.5287,0.5919,0.6745,0.0,0.0,0.0,0.0,0.0,0.0,0.1995,15,1.0,personal,9.49,12.13,12.93,18.21,0.0,0.0,9.98
session_b1e65d940081,user_013,hr,2026-07-01 09:42:51,2026-07-01 09:57:51,6,4,0,6,1,6,3,2,0,56.057,17.829,0,1,15.0,9.7,2,0,0,0.0,9.342833333333331,device_spoofing,1.0041,4.0882,3.2713,0.0,0.0,5.0,0.0,3.4085,0.0,1.8636,14,0.9333,hybrid,60.62,40.89,30.62,25.51,40.0,13.58,44.25
session_1d6df7fb2088,user_034,finance,2026-07-01 09:42:56,2026-07-01 13:42:56,16,6,0,16,1,1,3,5,2,50.915,9.839,0,0,240.0,9.7,2,0,0,0.0,3.1821875,normal,1.349,0.014,0.0,0.0,0.0,0.0,0.0,0.2581,0.0,0.1801,16,1.0,personal,8.61,14.31,21.97,21.9,20.0,0.0,13.79
session_672a63708d77,user_067,analyst,2026-07-01 09:44:01,2026-07-01 12:50:01,15,3,0,15,1,1,4,5,0,61.882000000000005,16.326,0,0,186.0,9.733333333333333,2,0,0,0.0,4.125466666666667,normal,0.9125,0.0818,0.1686,0.0,0.0,0.0,0.0,0.915,0.0,0.2309,15,1.0,personal,10.9,15.33,22.09,23.24,20.0,1.01,15.11
session_434ac9f3a864,user_033,developer,2026-07-01 09:45:00,2026-07-01 15:14:00,20,7,0,20,1,1,5,0,0,0.0,0.0,0,0,329.0,9.75,2,0,0,0.0,0.0,normal,0.5019,0.6045,0.4572,0.0,0.0,0.0,0.0,0.0,0.0,0.1737,13,0.8667,hybrid,8.32,15.64,14.5,13.97,0.0,5.14,10.28
session_f7aa3bd559d1,user_019,developer,2026-07-01 09:48:41,2026-07-01 13:49:41,16,3,0,16,1,1,5,0,0,0.0,0.0,0,0,241.0,9.8,2,0,0,0.0,0.0,normal,0.5216,0.7522,1.5851,0.0,0.0,0.0,0.0,0.0,0.0,0.3177,14,0.9333,hybrid,14.69,17.15,14.72,14.72,0.0,5.14,13.24
session_f5cbee0b0f2b,user_025,hr,2026-07-01 09:49:05,2026-07-01 14:26:05,17,7,0,17,1,1,3,2,0,3.365,2.59,0,0,277.0,9.816666666666666,2,0,0,0.0,0.1979411764705882,normal,0.2529,0.953,0.8993,0.0,0.0,0.0,0.0,1.2551,0.0,0.3734,18,1.0,personal,17.03,28.29,37.36,39.75,80.0,0.0,30.05
session_bb60e4f8c13a,user_057,developer,2026-07-01 09:50:24,2026-07-01 13:16:24,14,5,0,14,1,1,5,0,0,0.0,0.0,0,0,206.0,9.833333333333334,2,0,0,0.0,0.0,normal,1.1601,0.1271,0.0674,0.0,0.0,0.0,0.0,0.0,0.0,0.1505,13,0.8667,hybrid,7.25,10.32,11.56,16.5,0.0,0.0,8.35
session_3e6c535ed2a0,user_062,hr,2026-07-01 09:50:31,2026-07-01 15:09:31,22,6,0,22,1,1,3,11,0,141.782,27.095,0,0,319.0,9.833333333333334,2,0,0,0.0,6.444636363636364,normal,0.5892,0.59,0.8431,0.0,0.0,0.0,0.0,2.226,0.0,0.472,13,0.8667,hybrid,21.02,38.3,30.22,27.97,20.0,50.82,27.94
session_3d7bd2fe8134,user_005,hr,2026-07-01 09:52:59,2026-07-01 13:44:59,16,4,0,16,1,1,3,5,0,14.391,3.908,0,0,232.0,9.866666666666667,2,0,0,0.0,0.8994375,normal,0.6745,0.1542,0.3372,0.0,0.0,0.0,0.0,0.4667,0.0,0.1814,15,1.0,personal,8.67,12.63,13.47,16.89,0.0,0.0,9.7
session_f77358f41993,user_002,finance,2026-07-01 09:54:28,2026-07-01 16:08:28,23,10,0,23,1,1,3,2,3,31.512,10.39,0,0,374.0,9.9,2,0,0,0.0,1.370086956521739,normal,0.6628,1.7333,1.5851,0.0,0.0,0.0,0.0,0.5706,0.0,0.5058,14,0.9333,hybrid,22.35,16.66,17.91,21.95,0.0,0.0,17.15
session_922080f388ec,user_017,admin,2026-07-01 09:56:45,2026-07-01 15:12:45,17,4,0,17,1,1,5,0,0,0.0,0.0,2,0,316.0,9.933333333333334,2,0,0,0.0,0.0,normal,0.7588,0.815,0.6745,0.0,0.0,0.0,0.0,0.0,0.0,0.2498,15,1.0,personal,11.74,13.3,17.75,26.66,20.0,0.0,14.68
session_2115e493fdeb,user_053,hr,2026-07-01 09:56:56,2026-07-01 12:21:56,12,7,0,12,1,1,3,1,0,2.591,2.591,0,0,145.0,9.933333333333334,2,0,0,0.0,0.2159166666666666,normal,0.9443,2.9612,1.7986,0.0,0.0,0.0,0.0,1.3841,0.0,0.7876,17,1.0,personal,32.55,27.98,34.35,34.75,40.0,0.0,31.24
session_e37f1cadf278,user_075,developer,2026-07-01 09:59:45,2026-07-01 10:59:45,5,0,0,5,1,1,1,2,0,102.104,29.36,0,0,60.0,9.983333333333333,2,0,0,0.0,20.4208,normal,0.4185,1.9192,1.9036,0.0,0.0,0.0,3.6622,83.3105,0.0,1.9893,12,0.8,hybrid,63.01,38.87,36.12,28.23,60.0,22.11,48.32
session_6bfdd3831a57,user_041,finance,2026-07-01 10:00:24,2026-07-01 14:09:24,14,6,0,14,1,1,3,2,2,72.63900000000001,36.218,0,0,249.0,10.0,2,0,0,0.0,5.1885,normal,0.2123,0.5743,0.1349,0.0,0.0,0.0,0.0,0.9976,0.0,0.2132,18,1.0,personal,10.11,20.15,25.66,26.16,60.0,0.0,20.54
session_333c8e43d042,user_056,hr,2026-07-01 10:04:57,2026-07-01 15:07:57,19,4,0,19,1,1,3,8,0,252.108,44.845,0,0,303.0,10.066666666666666,2,0,0,0.0,13.268842105263158,normal,0.5034,0.2796,0.0749,0.0,0.0,0.0,0.0,2.3479,0.0,0.3562,16,1.0,personal,16.31,19.96,21.65,23.99,20.0,0.0,18.16
session_c10d10f92a19,user_046,hr,2026-07-01 10:07:25,2026-07-01 16:37:25,24,5,0,24,1,1,3,4,0,20.784,8.145,0,0,390.0,10.116666666666667,2,0,0,0.0,0.866,normal,0.2072,1.1514,1.1804,0.0,0.0,0.0,0.0,0.7061,0.0,0.3606,13,0.8667,hybrid,16.5,16.63,14.67,16.41,0.0,13.38,14.44
session_ba9b68eef81a,user_049,analyst,2026-07-01 10:10:49,2026-07-01 13:27:49,11,2,0,11,1,1,3,2,0,7.602,3.853,0,0,197.0,10.166666666666666,2,0,0,0.0,0.6910909090909091,normal,1.1491,1.116,1.259,0.0,0.0,0.0,1.0,1.2277,0.0,0.6391,13,0.8667,hybrid,27.35,19.86,25.35,26.11,20.0,0.0,23.33
session_031349f37ec8,user_010,finance,2026-07-01 10:14:26,2026-07-01 16:31:26,25,6,0,25,1,1,3,9,5,116.733,14.951,0,0,377.0,10.233333333333333,2,0,0,0.0,4.66932,normal,0.5396,0.9179,1.349,0.0,0.0,0.0,0.0,5.3508,0.0,0.9064,15,1.0,personal,36.44,29.17,24.14,22.52,20.0,15.59,29.06
session_d73cd54e4998,user_060,developer,2026-07-01 10:20:20,2026-07-01 12:38:20,11,3,0,11,1,1,4,0,0,0.0,0.0,0,0,138.0,10.333333333333334,2,0,0,0.0,0.0,normal,0.2005,1.1037,0.6745,0.0,0.0,0.0,1.0,0.0,0.0,0.331,17,1.0,personal,15.25,14.18,18.25,20.19,20.0,0.0,15.69
session_3dba08c6f2c2,user_049,analyst,2026-07-01 10:21:36,2026-07-01 10:45:36,9,2,0,9,1,9,4,3,0,136.065,19.931,0,1,24.0,10.35,2,0,0,0.0,15.118333333333332,device_spoofing,1.0908,2.5875,1.4794,0.0,0.0,8.0,0.0,11.7288,0.0,2.5731,14,0.9333,hybrid,72.38,47.3,36.75,32.12,40.0,42.97,53.28
session_d0cb8c9c7ae6,user_055,analyst,2026-07-01 10:33:12,2026-07-01 13:13:12,9,2,0,9,1,1,4,2,0,59.589,33.709,0,0,160.0,10.55,2,0,0,0.0,6.621,normal,0.1686,1.3612,2.4282,0.0,0.0,0.0,0.0,0.3754,0.0,0.4815,16,1.0,personal,21.4,17.35,19.45,24.68,0.0,0.0,17.41
session_4bddec0a9d73,user_048,developer,2026-07-01 10:41:30,2026-07-01 13:57:30,12,3,0,12,1,1,5,0,0,0.0,0.0,0,0,196.0,10.683333333333334,2,0,0,0.0,0.0,normal,1.2696,0.5413,1.0117,0.0,0.0,0.0,0.0,0.0,0.0,0.3136,17,1.0,personal,14.51,14.42,17.07,20.5,20.0,0.0,15.3
session_e4620d5c6843,user_048,developer,2026-07-01 10:43:00,2026-07-01 11:07:00,9,2,0,9,1,9,5,5,0,82.357,18.72,0,1,24.0,10.716666666666669,2,0,0,0.0,9.150777777777778,device_spoofing,1.0278,1.9982,1.0792,0.0,0.0,8.0,0.0,6.0888,0.0,2.0216,18,1.0,personal,63.61,38.67,27.25,25.64,20.0,36.35,43.65
session_8c8a001266e9,user_071,analyst,2026-07-01 10:55:06,2026-07-01 16:57:06,24,8,0,24,1,1,4,4,0,59.075,20.209,0,0,362.0,10.916666666666666,2,0,0,0.0,2.4614583333333333,normal,1.7159,1.2335,1.4591,0.0,0.0,0.0,0.0,0.4886,0.0,0.5441,13,0.8667,hybrid,23.82,21.39,23.89,24.24,20.0,3.12,21.97
session_3cf603306da4,user_026,analyst,2026-07-01 11:11:09,2026-07-01 15:01:09,15,5,0,15,1,1,4,3,0,22.049,8.488,0,0,230.0,11.183333333333334,2,0,0,0.0,1.469933333333333,normal,2.1748,0.0413,0.009,0.0,0.0,0.0,0.0,0.4528,0.0,0.2975,14,0.9333,hybrid,13.82,10.4,19.25,23.71,20.0,0.0,14.87
session_950746c19b24,user_076,analyst,2026-07-01 11:11:38,2026-07-01 15:33:38,17,7,0,17,1,1,4,3,0,14.953,6.489,0,0,262.0,11.183333333333334,2,0,0,0.0,0.8795882352941176,normal,1.3374,0.0246,0.0674,0.0,0.0,0.0,0.0,0.5568,0.0,0.2207,16,1.0,personal,10.45,11.72,13.51,16.7,0.0,0.0,10.22
session_6a2aac452841,user_017,admin,2026-07-01 11:23:23,2026-07-01 11:23:23,1,0,0,1,1,1,1,1,0,72.247,72.247,0,0,0.0,11.383333333333333,2,0,0,0.0,72.247,normal,3.3125,2.406,3.6423,0.0,0.0,0.0,3.7712,5.1718,1.349,2.1836,16,1.0,personal,66.44,39.95,27.88,31.02,20.0,31.04,45.4
session_77bff32ace5c,user_079,developer,2026-07-01 11:28:03,2026-07-01 16:12:03,20,6,0,20,1,1,5,0,0,0.0,0.0,0,0,284.0,11.466666666666669,2,0,0,0.0,0.0,normal,0.6974,0.1881,0.4047,0.0,0.0,0.0,0.0,0.0,0.0,0.1434,16,1.0,personal,6.92,26.81,29.92,26.96,40.0,25.32,20.58
session_7b1fb2bc934a,user_027,developer,2026-07-01 12:22:41,2026-07-01 12:22:41,1,0,0,1,1,1,1,1,0,9.493,9.493,0,1,0.0,12.366666666666667,2,0,0,0.0,9.493,low_slow_exfiltration,7.914,2.2417,2.9228,0.0,0.0,0.0,4.0,9.493,0.0,2.9524,15,1.0,personal,77.15,47.64,30.63,23.74,20.0,66.54,52.68
session_f355419121eb,user_025,hr,2026-07-01 13:45:11,2026-07-01 13:45:11,1,0,0,1,1,1,1,1,0,6.6,6.6,0,1,0.0,13.75,2,0,0,0.0,6.6,low_slow_exfiltration,6.6909,2.2708,2.698,0.0,0.0,0.0,2.0,0.0065,0.0,1.5185,19,1.0,personal,53.2,40.81,40.62,41.94,80.0,1.38,47.8
session_0fdaf8e487d7,user_079,developer,2026-07-01 16:12:31,2026-07-01 16:12:31,1,0,0,1,1,1,1,0,0,4.016,4.016,0,1,0.0,16.2,2,0,0,0.0,4.016,insider_drift,7.5158,2.1523,2.8666,0.0,0.0,0.0,4.0,4.016,0.0,2.2834,17,1.0,personal,68.07,47.18,40.09,32.27,60.0,51.91,54.5
session_389be4b7882f,user_029,admin,2026-07-01 21:42:41,2026-07-01 23:02:41,11,3,0,11,1,1,5,0,0,81.886,16.513,0,0,80.0,21.7,2,0,0,0.0,7.444181818181818,normal,26.9068,1.336,0.5801,0.0,0.0,0.0,0.0,72.1369,1.9785,2.655,13,0.8667,hybrid,73.49,44.65,38.17,34.18,40.0,27.72,52.85
session_d2d929dfc58c,user_050,developer,2026-07-02 02:30:14,2026-07-02 02:40:22,33,33,33,33,4,1,1,0,0,0.0,0.0,0,1,10.133333333333333,2.5,3,0,1,1.0,0.0,brute_force,9.4566,2.6407,3.3725,1.0,3.0,0.0,4.7214,0.0,0.0,2.6879,18,1.0,personal,73.92,44.77,29.19,25.89,20.0,61.88,50.58
session_e62097893f01,user_016,developer,2026-07-02 06:43:17,2026-07-02 12:59:17,21,4,0,21,1,1,5,0,0,0.0,0.0,0,0,376.0,6.716666666666667,3,0,0,0.0,0.0,normal,5.1008,1.8096,1.349,0.0,0.0,0.0,0.0,0.0,0.0,0.9177,15,1.0,personal,36.8,32.5,25.79,20.83,20.0,38.16,31.08
session_93b03515636a,user_007,developer,2026-07-02 07:03:22,2026-07-02 10:36:22,13,2,0,13,1,1,5,0,0,0.0,0.0,0,0,213.0,7.05,3,0,0,0.0,0.0,normal,1.9643,0.4663,0.3372,0.0,0.0,0.0,0.0,0.0,0.0,0.3075,16,1.0,personal,14.25,12.66,18.91,21.87,20.0,0.0,15.26
session_8eb284bab4d3,user_020,finance,2026-07-02 07:06:45,2026-07-02 10:13:45,11,1,0,11,1,1,3,0,3,54.309,22.442,0,0,187.0,7.1,3,0,0,0.0,4.937181818181818,normal,3.5447,0.655,0.6745,0.0,0.0,0.0,0.0,0.8923,0.0,0.6407,16,1.0,personal,27.41,22.44,20.5,20.38,0.0,8.1,20.97
session_4c4011b0d6fc,user_064,finance,2026-07-02 07:49:41,2026-07-02 12:42:41,19,4,0,19,1,1,3,4,6,169.6,24.406,0,0,293.0,7.816666666666666,3,0,0,0.0,8.926315789473684,normal,0.6874,0.1155,0.045,0.0,0.0,0.0,0.0,1.0909,0.0,0.2154,14,0.9333,hybrid,10.21,20.81,23.27,23.68,20.0,0.0,16.11
session_0483f4c776d0,user_058,hr,2026-07-02 07:50:49,2026-07-02 15:01:49,25,9,0,25,1,1,3,6,0,66.051,17.223,0,0,431.0,7.833333333333333,3,0,0,0.0,2.64204,normal,0.5565,1.5019,1.349,0.0,0.0,0.0,0.0,0.5758,0.0,0.4426,15,1.0,personal,19.85,22.68,24.43,22.68,20.0,0.0,20.41
session_ccfc0c662089,user_077,admin,2026-07-02 07:51:44,2026-07-02 13:48:44,23,3,0,23,1,1,5,0,0,0.0,0.0,3,0,357.0,7.85,3,0,0,0.0,0.0,normal,1.1155,1.5686,1.5738,0.0,0.0,0.0,0.0,0.0,0.6745,0.548,15,1.0,personal,23.97,19.01,18.95,24.45,0.0,0.0,18.68
session_6ab286293592,user_069,hr,2026-07-02 07:55:39,2026-07-02 14:35:39,21,3,0,21,1,1,3,7,0,75.441,14.932,0,0,400.0,7.916666666666667,3,0,0,0.0,3.5924285714285715,normal,0.2848,1.349,0.5396,0.0,0.0,0.0,0.0,0.2187,0.0,0.2658,15,1.0,personal,12.44,11.16,16.38,20.68,40.0,0.0,15.74
session_65b20a1d58ce,user_018,developer,2026-07-02 08:05:54,2026-07-02 11:47:54,15,3,0,15,1,1,5,0,0,0.0,0.0,0,0,222.0,8.083333333333334,3,0,0,0.0,0.0,normal,1.4787,0.3066,0.3372,0.0,0.0,0.0,0.0,0.0,0.0,0.2358,17,1.0,personal,11.12,13.98,20.23,23.51,40.0,0.0,16.63
session_576c8aad115a,user_043,hr,2026-07-02 08:06:06,2026-07-02 11:15:06,15,8,0,15,1,1,3,2,0,11.816,6.441,0,0,189.0,8.1,3,0,0,0.0,0.7877333333333333,normal,0.4678,0.4428,0.1499,0.0,0.0,0.0,0.0,1.2504,0.0,0.2568,18,1.0,personal,12.05,13.47,17.84,23.15,20.0,0.0,14.51
session_bc967c8cbe1d,user_040,finance,2026-07-02 08:06:38,2026-07-02 11:14:38,12,2,0,12,1,1,3,3,4,95.334,25.523,0,0,188.0,8.1,3,0,0,0.0,7.944500000000001,normal,0.454,0.309,0.5246,0.0,0.0,0.0,0.0,0.0227,0.0,0.1456,18,1.0,personal,7.02,13.47,18.02,19.21,20.0,0.0,12.13
session_132beef1fa3c,user_029,admin,2026-07-02 08:08:15,2026-07-02 11:48:15,15,3,0,15,1,1,5,0,0,0.0,0.0,4,0,220.0,8.133333333333333,3,0,0,0.0,0.0,normal,0.4993,0.0837,0.0112,0.0,0.0,0.0,0.0,0.0,0.697,0.1435,14,0.9333,hybrid,6.92,30.48,31.05,31.17,40.0,0.0,20.64
session_fb76ce874977,user_042,developer,2026-07-02 08:09:36,2026-07-02 14:40:36,23,5,0,23,1,1,5,0,0,0.0,0.0,0,0,391.0,8.15,3,0,0,0.0,0.0,normal,0.0562,0.5059,0.5059,0.0,0.0,0.0,0.0,0.0,0.0,0.1187,15,1.0,personal,5.76,12.16,18.3,22.28,20.0,0.0,11.71
session_fa0c213b55f8,user_032,hr,2026-07-02 08:15:19,2026-07-02 09:55:19,9,4,0,9,1,1,3,1,0,5.212,5.212,0,0,100.0,8.25,3,0,0,0.0,0.5791111111111111,normal,0.5967,2.0663,2.698,0.0,0.0,0.0,0.0,1.5111,0.0,0.7636,15,1.0,personal,31.74,25.4,22.66,21.74,0.0,18.58,24.28
session_3ad112ee66b6,user_070,admin,2026-07-02 08:16:28,2026-07-02 12:24:28,16,3,0,16,1,1,5,0,0,0.0,0.0,2,0,248.0,8.266666666666667,3,0,0,0.0,0.0,normal,1.63,0.2748,0.1686,0.0,0.0,0.0,0.0,0.0,0.6745,0.3053,19,1.0,personal,14.16,13.58,15.2,16.44,0.0,0.0,12.3
session_4ab9e5523c8a,user_006,analyst,2026-07-02 08:21:39,2026-07-02 10:46:39,11,3,0,11,1,1,4,2,0,25.344,13.556,0,0,145.0,8.35,3,0,0,0.0,2.3040000000000003,normal,0.2498,0.5572,0.4047,0.0,0.0,0.0,0.0,1.074,0.0,0.254,17,1.0,personal,11.93,13.82,14.18,19.18,0.0,0.0,11.58
session_e097a59f8783,user_012,analyst,2026-07-02 08:23:50,2026-07-02 10:28:50,10,3,0,10,1,1,4,5,0,21.461,7.724,0,0,125.0,8.383333333333333,3,0,0,0.0,2.1461,normal,0.5865,2.0848,1.5176,0.0,0.0,0.0,0.0,0.1583,0.0,0.483,19,1.0,personal,21.46,21.32,17.46,16.72,0.0,21.04,18.19
session_7c335c2d89ce,user_011,analyst,2026-07-02 08:29:13,2026-07-02 13:32:13,20,5,0,20,1,1,4,3,0,29.067,11.78,0,0,303.0,8.483333333333333,3,0,0,0.0,1.45335,normal,0.4775,1.0776,0.7674,0.0,0.0,0.0,0.0,0.3354,0.0,0.2953,12,0.8,hybrid,13.73,18.07,26.09,27.36,40.0,0.0,19.75
session_54a8e19bfad8,user_065,hr,2026-07-02 08:39:08,2026-07-02 14:31:08,22,3,0,22,1,1,3,6,0,67.264,30.144,0,0,352.0,8.65,3,0,0,0.0,3.057454545454545,normal,1.7865,0.7783,0.3066,0.0,0.0,0.0,0.0,0.5283,0.0,0.3777,18,1.0,personal,17.21,19.04,22.88,21.54,20.0,0.72,18.31
session_f67423a305fb,user_074,finance,2026-07-02 08:41:01,2026-07-02 13:16:01,17,4,0,17,1,1,3,3,5,23.053,3.784,0,0,275.0,8.683333333333334,3,0,0,0.0,1.3560588235294118,normal,0.05,0.3576,0.2698,0.0,0.0,0.0,0.0,0.0192,0.0,0.0774,17,1.0,personal,3.8,9.81,11.76,15.75,0.0,1.32,6.89
session_56c078b2e429,user_072,hr,2026-07-02 08:41:39,2026-07-02 14:15:39,23,10,0,23,1,1,3,6,0,92.157,25.186,0,0,334.0,8.683333333333334,3,0,0,0.0,4.006826086956521,normal,2.7376,0.5911,0.6745,0.0,0.0,0.0,0.0,1.0413,0.0,0.5605,17,1.0,personal,24.44,17.22,16.75,20.2,0.0,9.8,18.24
session_3125e22fad17,user_019,developer,2026-07-02 08:42:04,2026-07-02 11:48:04,16,3,0,16,1,1,5,0,0,0.0,0.0,0,0,186.0,8.7,3,0,0,0.0,0.0,normal,2.445,1.3272,1.6862,0.0,0.0,0.0,0.0,0.0,0.0,0.6065,15,1.0,personal,26.16,21.81,17.71,16.19,0.0,27.92,20.5
session_e79da7e9321d,user_033,developer,2026-07-02 08:48:28,2026-07-02 13:50:28,21,4,0,21,1,1,5,0,0,0.0,0.0,0,0,302.0,8.8,3,0,0,0.0,0.0,normal,1.3143,0.1398,0.4646,0.0,0.0,0.0,0.0,0.0,0.0,0.2132,14,0.9333,hybrid,10.11,12.09,13.53,13.48,0.0,0.04,9.84
session_45b75b81ba7c,user_009,developer,2026-07-02 08:52:17,2026-07-02 13:42:17,19,4,0,19,1,1,5,0,0,0.0,0.0,0,0,290.0,8.866666666666667,3,0,0,0.0,0.0,normal,0.3372,0.5004,0.2248,0.0,0.0,0.0,0.0,0.0,0.0,0.118,17,1.0,personal,5.73,7.75,19.43,19.57,20.0,0.0,10.71
session_2839e09120cd,user_061,analyst,2026-07-02 08:52:24,2026-07-02 13:05:24,16,5,0,16,1,1,4,1,0,6.203,6.203,0,0,253.0,8.866666666666667,3,0,0,0.0,0.3876875,normal,1.8678,0.2303,0.2248,0.0,0.0,0.0,0.0,0.8374,0.0,0.3511,17,1.0,personal,16.1,15.67,23.13,24.42,20.0,0.0,17.49
session_0c601131a70a,user_041,finance,2026-07-02 08:53:39,2026-07-02 13:08:39,17,4,0,17,1,1,3,3,6,216.354,34.838,0,0,255.0,8.883333333333333,3,0,0,0.0,12.726705882352942,normal,1.442,0.5936,0.6745,0.0,0.0,0.0,0.0,1.7237,0.0,0.4926,19,1.0,personal,21.83,20.15,24.65,25.32,60.0,0.0,24.99
session_c61570c20a39,user_073,hr,2026-07-02 09:00:32,2026-07-02 13:28:32,18,5,0,18,1,1,3,4,0,30.063,11.438,0,0,268.0,9.0,3,0,0,0.0,1.6701666666666666,normal,1.3783,0.1972,0.1686,0.0,0.0,0.0,0.0,0.4907,0.0,0.2483,15,1.0,personal,11.68,13.43,14.86,16.8,0.0,0.0,11.27
session_4e674a440cef,user_008,developer,2026-07-02 09:00:56,2026-07-02 13:23:56,19,2,0,19,1,1,5,0,0,0.0,0.0,0,0,263.0,9.0,3,0,0,0.0,0.0,normal,0.2529,0.2456,0.1124,0.0,0.0,0.0,0.0,0.0,0.0,0.0679,16,1.0,personal,3.34,7.38,10.46,16.09,0.0,0.0,5.99
session_79b6311cf4a6,user_067,analyst,2026-07-02 09:02:51,2026-07-02 15:31:51,25,12,0,25,1,1,4,3,0,28.456,14.985,0,0,389.0,9.033333333333331,3,0,0,0.0,1.13824,normal,0.9115,2.1987,2.1198,0.0,0.0,0.0,0.0,0.7037,0.0,0.6593,16,1.0,personal,28.08,21.11,23.61,23.76,20.0,0.0,23.37
session_128c364d45e3,user_059,analyst,2026-07-02 09:04:19,2026-07-02 15:40:19,22,7,0,22,1,1,4,4,0,37.385,15.183,0,0,396.0,9.066666666666666,3,0,0,0.0,1.6993181818181815,normal,1.7246,1.9159,0.7786,0.0,0.0,0.0,0.0,0.7423,0.0,0.5735,12,0.8,hybrid,24.93,20.88,23.95,23.64,20.0,11.1,22.66
session_ea2acee27886,user_057,developer,2026-07-02 09:05:27,2026-07-02 13:44:27,18,6,0,18,1,1,5,0,0,0.0,0.0,0,0,279.0,9.083333333333334,3,0,0,0.0,0.0,normal,0.0438,1.14,1.0185,0.0,0.0,0.0,0.0,0.0,0.0,0.2447,14,0.9333,hybrid,11.52,10.8,11.41,15.58,0.0,0.0,10.04
session_93abd2330b55,user_005,hr,2026-07-02 09:05:33,2026-07-02 11:57:33,11,6,0,11,1,1,3,1,0,2.082,2.082,0,0,172.0,9.083333333333334,3,0,0,0.0,0.1892727272727272,normal,1.1715,0.5258,0.6745,0.0,0.0,0.0,0.0,1.3534,0.0,0.4139,16,1.0,personal,18.69,15.52,14.54,16.76,0.0,3.69,14.62
session_8c4a446cbcb0,user_022,developer,2026-07-02 09:08:35,2026-07-02 12:19:35,16,6,0,16,1,1,5,0,0,0.0,0.0,0,0,191.0,9.133333333333333,3,0,0,0.0,0.0,normal,1.1017,1.1777,0.8993,0.0,0.0,0.0,0.0,0.0,0.0,0.3532,17,1.0,personal,16.19,13.94,12.49,16.41,0.0,0.0,12.78
session_cf1aaa0c8bb5,user_039,developer,2026-07-02 09:12:53,2026-07-02 14:41:53,20,8,0,20,1,1,5,0,0,0.0,0.0,0,0,329.0,9.2,3,0,0,0.0,0.0,normal,0.0397,0.1349,0.1686,0.0,0.0,0.0,0.0,0.0,0.0,0.0381,15,1.0,personal,1.89,9.31,19.48,19.72,20.0,0.0,9.51
session_3f724317d00e,user_044,developer,2026-07-02 09:13:01,2026-07-02 13:05:01,17,6,0,17,1,1,5,0,0,0.0,0.0,0,0,232.0,9.216666666666669,3,0,0,0.0,0.0,normal,0.8504,0.4701,0.1349,0.0,0.0,0.0,0.0,0.0,0.0,0.1617,17,1.0,personal,7.77,9.18,9.59,12.16,0.0,0.0,7.6
session_7b8435d4aa97,user_001,finance,2026-07-02 09:13:45,2026-07-02 11:10:45,10,2,0,10,1,1,3,3,0,30.359,12.182,0,0,117.0,9.216666666666669,3,0,0,0.0,3.0359000000000003,normal,0.3556,1.3865,0.8768,0.0,0.0,0.0,0.0,1.0986,0.0,0.4131,16,1.0,personal,18.66,24.21,22.53,22.51,40.0,0.0,21.94
session_1088afa7ea48,user_010,finance,2026-07-02 09:19:48,2026-07-02 15:14:48,23,5,0,23,1,1,3,5,4,91.548,14.571,0,0,355.0,9.316666666666666,3,0,0,0.0,3.9803478260869567,normal,0.5356,0.7757,0.6745,0.0,0.0,0.0,0.0,3.0318,0.0,0.5575,16,1.0,personal,24.33,27.82,24.58,23.01,20.0,18.43,24.2
session_87ff252b3887,user_028,developer,2026-07-02 09:22:53,2026-07-02 12:00:53,9,3,0,9,1,1,4,0,0,0.0,0.0,0,0,158.0,9.366666666666667,3,0,0,0.0,0.0,normal,0.2453,0.3765,1.1242,0.0,0.0,0.0,1.0,0.0,0.0,0.3051,17,1.0,personal,14.15,10.17,16.91,22.47,20.0,0.0,14.48
session_5d2800867ed1,user_015,finance,2026-07-02 09:23:21,2026-07-02 13:47:21,18,7,0,18,1,1,3,1,4,17.368000000000002,5.197,0,0,264.0,9.383333333333333,3,0,0,0.0,0.964888888888889,normal,0.1686,0.3324,0.5059,0.0,0.0,0.0,0.0,0.0381,0.0,0.1161,15,1.0,personal,5.64,13.15,21.68,22.85,20.0,0.0,12.42
session_dec04c20fdfc,user_068,developer,2026-07-02 09:32:45,2026-07-02 14:03:45,18,5,0,18,1,1,4,0,0,0.0,0.0,0,0,271.0,9.533333333333331,3,0,0,0.0,0.0,normal,0.0218,0.5723,0.2998,0.0,0.0,0.0,1.0,0.0,0.0,0.2104,16,1.0,personal,9.99,11.35,13.45,20.78,0.0,0.0,10.36
session_66c165d35c45,user_023,developer,2026-07-02 09:33:38,2026-07-02 14:23:38,15,2,0,15,1,1,5,0,0,0.0,0.0,0,0,290.0,9.55,3,0,0,0.0,0.0,normal,0.5572,0.1711,0.2529,0.0,0.0,0.0,0.0,0.0,0.0,0.109,18,1.0,personal,5.3,9.36,17.74,20.38,20.0,0.0,10.69
session_8d4b09ccc6be,user_025,hr,2026-07-02 09:34:11,2026-07-02 15:45:11,25,7,0,25,1,1,3,3,0,7.253,2.65,0,0,371.0,9.566666666666666,3,0,0,0.0,0.29012,normal,0.0809,1.8998,2.698,0.0,0.0,0.0,0.0,0.2158,0.0,0.5438,19,1.0,personal,23.81,32.48,36.45,40.08,80.0,0.0,33.49
session_dd94457c5706,user_031,developer,2026-07-02 09:35:12,2026-07-02 13:38:12,16,5,0,16,1,1,5,0,0,0.0,0.0,0,0,243.0,9.583333333333334,3,0,0,0.0,0.0,normal,0.0537,0.2529,0.4497,0.0,0.0,0.0,0.0,0.0,0.0,0.084,18,1.0,personal,4.11,16.52,21.44,19.61,20.0,6.53,12.45
session_5a8db32b4aad,user_051,analyst,2026-07-02 09:37:09,2026-07-02 14:33:09,20,5,0,20,1,1,4,3,0,27.712,15.601,0,0,296.0,9.616666666666667,3,0,0,0.0,1.3856,normal,0.4599,0.2016,0.6745,0.0,0.0,0.0,0.0,0.2104,0.0,0.1718,15,1.0,personal,8.23,11.24,14.42,16.87,0.0,0.0,9.39
session_ef07cdfd6dca,user_018,developer,2026-07-02 09:37:24,2026-07-02 12:13:24,14,4,0,14,1,1,4,0,0,117.334,13.748,0,0,156.0,9.616666666666667,3,0,0,0.0,8.381,normal,0.8117,0.5674,0.1686,0.0,0.0,0.0,1.0,6.1324,0.0,0.9645,18,1.0,personal,38.26,26.26,23.31,25.18,40.0,21.36,31.64
session_594730432451,user_027,developer,2026-07-02 09:44:19,2026-07-02 14:36:19,18,6,0,18,1,1,5,0,0,0.0,0.0,0,0,292.0,9.733333333333333,3,0,0,0.0,0.0,normal,0.8094,0.6547,0.8993,0.0,0.0,0.0,0.0,0.0,0.0,0.2626,15,1.0,personal,12.3,34.4,27.71,22.86,20.0,44.7,22.48
session_d03f2d83faec,user_038,developer,2026-07-02 09:44:40,2026-07-02 13:04:40,14,2,0,14,1,1,5,0,0,0.0,0.0,0,0,200.0,9.733333333333333,3,0,0,0.0,0.0,normal,1.437,1.1804,1.0117,0.0,0.0,0.0,0.0,0.0,0.0,0.4032,17,1.0,personal,18.26,12.47,10.9,13.66,0.0,10.49,13.32
session_e707b4e8749e,user_024,hr,2026-07-02 09:44:49,2026-07-02 13:08:49,13,4,0,13,1,1,3,5,0,88.584,22.399,0,0,204.0,9.733333333333333,3,0,0,0.0,6.814153846153847,normal,1.4386,0.9499,1.1054,0.0,0.0,0.0,0.0,0.7369,0.0,0.4701,14,0.9333,hybrid,20.95,19.89,19.37,19.02,0.0,7.11,17.52
session_effc0fbf59f8,user_078,developer,2026-07-02 09:45:17,2026-07-02 14:33:17,17,4,0,17,1,1,5,0,0,0.0,0.0,0,0,288.0,9.75,3,0,0,0.0,0.0,normal,0.1177,0.781,1.5788,0.0,0.0,0.0,0.0,0.0,0.0,0.2753,14,0.9333,hybrid,12.86,15.0,16.08,19.53,0.0,0.0,12.51
session_ca7d60bbc91c,user_080,hr,2026-07-02 09:45:33,2026-07-02 13:01:33,13,6,0,13,1,1,3,1,0,7.007,7.007,0,0,196.0,9.75,3,0,0,0.0,0.5389999999999999,normal,0.6995,0.7961,0.8431,0.0,0.0,0.0,0.0,1.8365,0.0,0.4639,15,1.0,personal,20.7,18.28,22.59,23.71,20.0,0.0,19.69
session_22a7daed1c6c,user_075,developer,2026-07-02 09:48:24,2026-07-02 13:57:24,16,4,0,16,1,1,5,0,0,0.0,0.0,0,0,249.0,9.8,3,0,0,0.0,0.0,normal,0.1475,0.0558,0.1394,0.0,0.0,0.0,0.0,0.0,0.0,0.0381,13,0.8667,hybrid,1.89,24.41,28.11,24.93,60.0,0.0,18.35
session_5b49d079fcc4,user_017,admin,2026-07-02 09:48:49,2026-07-02 12:26:49,12,4,0,12,1,1,4,0,0,0.0,0.0,1,0,158.0,9.8,3,0,0,0.0,0.0,normal,0.3519,0.6651,0.4497,0.0,0.0,0.0,0.7587,0.0,0.6745,0.3222,17,1.0,personal,14.88,31.54,25.41,28.96,20.0,26.01,22.27
session_fa6c0143005b,user_008,developer,2026-07-02 09:49:24,2026-07-02 11:04:24,6,0,0,6,1,1,1,2,0,65.918,26.501,0,0,75.0,9.816666666666666,3,0,0,0.0,10.986333333333334,normal,0.8838,1.342,1.349,0.0,0.0,0.0,4.0,21.8834,0.0,1.9528,17,1.0,personal,62.33,33.86,23.33,21.42,20.0,43.0,41.5
session_bb59b8829686,user_056,hr,2026-07-02 09:52:51,2026-07-02 14:29:51,16,6,0,16,1,1,3,5,0,174.41,53.507,0,0,277.0,9.866666666666667,3,0,0,0.0,10.900625,normal,0.2529,0.0298,0.4047,0.0,0.0,0.0,0.0,0.9672,0.0,0.1838,17,1.0,personal,8.78,13.67,17.85,22.03,0.0,0.0,11.13
session_007b7473dba7,user_054,developer,2026-07-02 09:54:13,2026-07-02 14:53:13,22,3,0,22,1,1,5,0,0,0.0,0.0,0,0,299.0,9.9,3,0,0,0.0,0.0,normal,0.1302,1.1937,1.7349,0.0,0.0,0.0,0.0,0.0,0.0,0.3399,14,0.9333,hybrid,15.63,22.16,23.16,23.02,20.0,12.05,19.06
session_76baa831a793,user_053,hr,2026-07-02 09:55:11,2026-07-02 14:00:11,16,6,0,16,1,1,3,3,0,12.572,5.337,0,0,245.0,9.916666666666666,3,0,0,0.0,0.78575,normal,0.8868,0.8168,0.6745,0.0,0.0,0.0,0.0,0.5214,0.0,0.3222,18,1.0,personal,14.88,22.78,28.97,32.42,40.0,0.0,22.1
session_c78928e65e90,user_036,developer,2026-07-02 09:58:58,2026-07-02 12:42:58,12,3,0,12,1,1,5,0,0,0.0,0.0,0,0,164.0,9.966666666666669,3,0,0,0.0,0.0,normal,0.7285,0.7312,0.6745,0.0,0.0,0.0,0.0,0.0,0.0,0.2371,20,1.0,personal,11.18,14.51,20.44,22.33,20.0,0.0,14.67
session_97bfc99734fa,user_063,finance,2026-07-02 10:00:20,2026-07-02 12:20:20,11,3,0,11,1,1,3,3,1,19.363,6.332,0,0,140.0,10.0,3,0,0,0.0,1.7602727272727272,normal,0.8947,1.6927,1.6188,0.0,0.0,0.0,0.0,1.4402,0.0,0.6274,16,1.0,personal,26.93,20.05,16.72,17.43,0.0,6.7,19.37
session_c0b2e30ddef9,user_013,hr,2026-07-02 10:06:11,2026-07-02 14:36:11,19,8,0,19,1,1,3,4,0,12.64,4.041,0,0,270.0,10.1,3,0,0,0.0,0.6652631578947369,normal,1.5521,0.2725,0.1484,0.0,0.0,0.0,0.0,0.4199,0.0,0.2659,14,0.9333,hybrid,12.45,30.93,26.42,24.42,20.0,34.24,21.28
session_59d2a7dcb57b,user_037,developer,2026-07-02 10:07:05,2026-07-02 14:32:05,14,5,0,14,1,1,4,0,0,0.0,0.0,0,0,265.0,10.116666666666667,3,0,0,0.0,0.0,normal,0.9475,0.6006,2.0235,0.0,0.0,0.0,1.0,0.0,0.0,0.508,16,1.0,personal,22.43,16.81,22.58,19.81,20.0,20.77,20.74
session_d27abf25e416,user_071,analyst,2026-07-02 10:08:52,2026-07-02 17:01:52,23,8,0,23,1,1,4,5,0,70.83500000000001,19.594,0,0,413.0,10.133333333333333,3,0,0,0.0,3.0797826086956523,normal,0.6418,1.39,0.8813,0.0,0.0,0.0,0.0,0.2683,0.0,0.3535,14,0.9333,hybrid,16.2,19.64,22.05,23.2,20.0,0.0,18.04
session_76cf02d5f05b,user_052,finance,2026-07-02 10:09:33,2026-07-02 16:35:33,24,3,0,24,1,1,3,6,6,76.795,11.117,0,0,386.0,10.15,3,0,0,0.0,3.1997916666666666,normal,1.4103,1.2161,1.0117,0.0,0.0,0.0,0.0,2.6125,0.0,0.6945,15,1.0,personal,29.34,22.72,19.29,18.31,0.0,11.39,21.57
session_9f5b04343998,user_004,developer,2026-07-02 10:13:19,2026-07-02 14:58:19,20,4,0,20,1,1,5,0,0,0.0,0.0,0,0,285.0,10.216666666666669,3,0,0,0.0,0.0,normal,0.7708,0.1861,0.6745,0.0,0.0,0.0,0.0,0.0,0.0,0.1813,15,1.0,personal,8.67,10.52,12.27,12.43,0.0,0.0,8.65
session_c61d3a0fcb4b,user_047,developer,2026-07-02 10:14:40,2026-07-02 15:13:40,18,4,0,18,1,1,5,0,0,0.0,0.0,0,0,299.0,10.233333333333333,3,0,0,0.0,0.0,normal,0.7949,0.2218,0.3372,0.0,0.0,0.0,0.0,0.0,0.0,0.1504,15,1.0,personal,7.24,8.73,12.54,18.28,0.0,0.0,8.35
session_9c64d66d7454,user_046,hr,2026-07-02 10:15:34,2026-07-02 11:45:34,7,0,0,7,1,1,1,2,0,124.689,28.377,0,0,90.0,10.25,3,0,0,0.0,17.812714285714286,normal,0.0941,1.4822,1.6862,0.0,0.0,0.0,2.0,7.0352,0.0,1.3664,14,0.9333,hybrid,49.5,32.58,23.72,20.44,20.0,49.75,36.4
session_934f2436644b,user_014,hr,2026-07-02 10:28:25,2026-07-02 16:48:25,23,5,0,23,1,1,3,7,0,79.361,16.567,0,0,380.0,10.466666666666669,3,0,0,0.0,3.450478260869565,normal,2.1443,1.004,0.8169,0.0,0.0,0.0,0.0,17.7742,0.0,1.5517,13,0.8667,hybrid,53.97,45.64,35.79,32.18,60.0,41.79,47.39
session_e369f0b7d2a0,user_048,developer,2026-07-02 10:30:46,2026-07-02 15:36:46,19,5,0,19,1,1,5,0,0,0.0,0.0,0,0,306.0,10.5,3,0,0,0.0,0.0,normal,0.6103,0.3794,0.2698,0.0,0.0,0.0,0.0,0.0,0.0,0.1399,18,1.0,personal,6.76,27.0,23.04,23.55,20.0,24.01,17.11
session_5581c50ce98b,user_030,hr,2026-07-02 10:32:52,2026-07-02 16:35:52,24,12,0,24,1,1,3,4,0,43.51,15.941,0,0,363.0,10.533333333333331,3,0,0,0.0,1.8129166666666665,normal,2.0631,0.9853,1.2366,0.0,0.0,0.0,0.0,0.4572,0.0,0.5269,18,1.0,personal,23.16,21.15,25.94,24.87,20.0,0.0,21.87
session_50cc50717dd9,user_076,analyst,2026-07-02 10:35:28,2026-07-02 16:06:28,22,6,0,22,1,1,4,3,0,16.637,6.84,0,0,331.0,10.583333333333334,3,0,0,0.0,0.7562272727272727,normal,0.4247,0.7051,0.6745,0.0,0.0,0.0,0.0,0.4559,0.0,0.2511,17,1.0,personal,11.8,10.85,12.85,15.65,0.0,0.0,10.38
session_e4b85db0748f,user_055,analyst,2026-07-02 10:44:39,2026-07-02 13:52:39,15,5,0,15,1,1,4,4,0,58.649,21.298,0,0,188.0,10.733333333333333,3,0,0,0.0,3.9099333333333335,normal,0.4905,0.9703,0.6745,0.0,0.0,0.0,0.0,0.1393,0.0,0.2527,17,1.0,personal,11.87,15.4,17.41,23.03,0.0,0.0,12.74
session_8fdb881ac361,user_046,hr,2026-07-02 10:48:49,2026-07-02 16:12:49,23,3,0,23,1,1,3,7,0,59.686,13.06,0,0,324.0,10.8,3,0,0,0.0,2.5950434782608696,normal,0.6035,0.5429,1.0117,0.0,0.0,0.0,0.0,1.7698,0.0,0.4364,15,1.0,personal,19.6,29.05,23.93,20.5,20.0,34.7,23.03
session_146da1ccecce,user_060,developer,2026-07-02 10:49:41,2026-07-02 12:52:41,9,3,0,9,1,1,5,0,0,0.0,0.0,0,0,123.0,10.816666666666666,3,0,0,0.0,0.0,normal,0.3519,0.9158,1.0117,0.0,0.0,0.0,0.0,0.0,0.0,0.2533,18,1.0,personal,11.9,13.65,16.11,18.82,20.0,0.0,13.79
session_ca34a3754221,user_003,developer,2026-07-02 11:07:40,2026-07-02 16:50:40,24,5,0,24,1,1,5,0,0,0.0,0.0,0,0,343.0,11.116666666666667,3,0,0,0.0,0.0,normal,1.7193,0.5022,0.9743,0.0,0.0,0.0,0.0,0.0,0.0,0.3551,16,1.0,personal,16.27,13.26,12.25,19.22,0.0,0.0,12.92
session_6dba2aa17ca4,user_026,analyst,2026-07-02 11:15:35,2026-07-02 15:22:35,16,2,0,16,1,1,4,8,0,58.264,13.645,0,0,247.0,11.25,3,0,0,0.0,3.6415,normal,1.7457,0.2085,0.3372,0.0,0.0,0.0,0.0,3.7486,0.0,0.6711,15,1.0,personal,28.51,19.27,21.08,24.46,20.0,0.0,22.86
session_6470b7206ae4,user_002,finance,2026-07-02 11:36:53,2026-07-02 15:19:53,15,3,0,15,1,1,3,5,3,69.473,12.639,0,0,223.0,11.6,3,0,0,0.0,4.6315333333333335,normal,1.5448,0.0,0.1349,0.0,0.0,0.0,0.0,0.7609,0.0,0.2712,15,1.0,personal,12.68,15.96,16.2,20.44,0.0,0.0,12.74
session_2b50d8355a48,user_027,developer,2026-07-02 11:47:28,2026-07-02 11:47:28,1,0,0,1,1,1,1,1,0,12.261,12.261,0,1,0.0,11.783333333333331,3,0,0,0.0,12.261,low_slow_exfiltration,6.6726,2.2933,2.698,0.0,0.0,0.0,4.0,12.261,0.0,2.8515,16,1.0,personal,75.97,54.94,40.89,29.9,40.0,99.48,59.47
session_08d508a6454e,user_048,developer,2026-07-02 15:14:28,2026-07-02 15:14:28,1,0,0,1,1,1,1,0,0,10.082,10.082,0,1,0.0,15.233333333333333,3,0,0,0.0,10.082,insider_drift,9.6677,2.2284,2.8666,0.0,0.0,0.0,4.0,0.7646,0.0,2.1697,19,1.0,personal,66.2,45.96,34.43,28.94,40.0,69.9,51.23
session_9061b896b2ae,user_079,developer,2026-07-02 16:21:46,2026-07-02 16:21:46,1,0,0,1,1,1,1,0,0,4.686,4.686,0,1,0.0,16.35,3,0,0,0.0,4.686,insider_drift,7.7326,2.1523,2.8666,0.0,0.0,0.0,4.0,4.686,0.0,2.3819,17,1.0,personal,69.61,58.65,48.77,37.44,80.0,64.19,61.84
session_d6fb2f6bef3d,user_057,developer,2026-07-03 03:37:03,2026-07-03 03:47:03,6,1,0,6,1,1,6,0,0,0.0,0.0,1,1,10.0,3.616666666666666,4,0,1,0.0,0.0,lateral_movement,7.3744,2.8845,1.7986,0.0,0.0,0.0,0.9232,0.0,1.0,1.5534,15,1.0,personal,54.01,32.05,21.64,19.95,20.0,36.95,37.1
session_63c8412412a1,user_050,developer,2026-07-03 06:42:50,2026-07-03 10:54:50,16,3,0,16,1,1,5,0,0,0.0,0.0,0,0,252.0,6.7,4,0,0,0.0,0.0,normal,2.519,0.0557,0.0964,0.0,0.0,0.0,0.6745,0.0,0.0,0.3717,18,1.0,personal,16.96,36.34,27.68,24.96,20.0,51.38,25.27
session_1652edc4a4ef,user_042,developer,2026-07-03 07:10:33,2026-07-03 12:24:33,19,4,0,19,1,1,5,0,0,0.0,0.0,0,0,314.0,7.166666666666667,4,0,0,0.0,0.0,normal,1.7365,0.1734,0.1927,0.0,0.0,0.0,0.0,0.0,0.0,0.2336,16,1.0,personal,11.02,10.44,15.97,20.75,20.0,0.0,12.97
session_5c3f91a7fbd1,user_069,hr,2026-07-03 07:18:03,2026-07-03 12:16:03,22,3,0,22,1,1,3,7,0,88.136,18.686,0,0,298.0,7.3,4,0,0,0.0,4.006181818181818,normal,0.4946,0.2759,0.7588,0.0,0.0,0.0,0.0,0.9656,0.0,0.2772,16,1.0,personal,12.94,11.92,14.23,19.58,20.0,0.0,13.65
session_6ca191dded79,user_031,developer,2026-07-03 07:51:33,2026-07-03 10:17:33,9,2,0,9,1,1,5,0,0,0.0,0.0,0,0,146.0,7.85,4,0,0,0.0,0.0,normal,1.6945,1.0827,1.6862,0.0,0.0,0.0,0.0,0.0,0.0,0.4959,19,1.0,personal,21.96,14.05,21.73,19.7,20.0,0.0,18.82
session_0ecf49452c81,user_045,admin,2026-07-03 07:55:46,2026-07-03 10:40:46,15,4,0,15,1,1,5,0,0,0.0,0.0,1,0,165.0,7.916666666666667,4,0,0,0.0,0.0,normal,0.7824,1.2263,0.7588,0.0,0.0,0.0,0.0,0.0,3.3725,0.6822,16,1.0,personal,28.9,21.14,32.5,30.23,40.0,0.0,27.69
session_b7dc4a56e741,user_022,developer,2026-07-03 08:00:38,2026-07-03 11:16:38,15,5,0,15,1,1,5,0,0,0.0,0.0,0,0,196.0,8.0,4,0,0,0.0,0.0,normal,0.4644,1.0091,0.8672,0.0,0.0,0.0,0.0,0.0,0.0,0.2601,18,1.0,personal,12.19,14.08,12.28,15.38,0.0,11.74,11.66
session_d4697b32c5bf,user_020,finance,2026-07-03 08:00:45,2026-07-03 10:00:45,11,4,0,11,1,1,3,2,3,78.298,14.92,0,0,120.0,8.0,4,0,0,0.0,7.118,normal,1.8616,1.5689,0.6745,0.0,0.0,0.0,0.0,0.1586,0.0,0.4737,17,1.0,personal,21.09,22.59,20.85,20.4,0.0,6.13,18.43
session_d4f8aa671652,user_016,developer,2026-07-03 08:04:05,2026-07-03 12:42:05,20,3,0,20,1,1,5,0,0,0.0,0.0,0,0,278.0,8.066666666666666,4,0,0,0.0,0.0,normal,1.2553,0.0,0.8431,0.0,0.0,0.0,0.0,0.0,0.0,0.2332,16,1.0,personal,11.01,22.0,23.05,19.79,20.0,22.69,17.37
session_e23925ef8b68,user_057,developer,2026-07-03 08:10:56,2026-07-03 10:30:56,13,4,0,13,1,1,4,0,0,0.0,0.0,0,0,140.0,8.166666666666666,4,0,0,0.0,0.0,normal,1.2366,1.0189,0.2248,0.0,0.0,0.0,0.9232,0.0,0.0,0.3782,15,1.0,personal,17.23,28.54,21.46,19.46,20.0,44.02,21.97
session_b7310f417efd,user_009,developer,2026-07-03 08:13:50,2026-07-03 10:39:50,9,2,0,9,1,1,4,0,0,0.0,0.0,0,0,146.0,8.216666666666667,4,0,0,0.0,0.0,normal,1.3349,3.7097,2.9678,0.0,0.0,0.0,1.0,0.0,0.0,1.0014,18,1.0,personal,39.39,23.2,23.79,22.06,40.0,0.0,30.17
session_04a081870289,user_022,developer,2026-07-03 08:14:27,2026-07-03 08:32:27,2,2,0,2,2,2,1,0,0,0.0,0.0,0,1,18.0,8.233333333333333,4,0,0,0.0,0.0,impossible_travel,0.1124,2.7184,2.8666,0.0,1.0,1.0,4.0,0.0,0.0,1.2997,19,1.0,personal,47.79,30.66,21.45,18.83,20.0,42.59,34.48
session_8f87c20f14de,user_029,admin,2026-07-03 08:15:10,2026-07-03 11:37:10,16,7,0,16,1,1,5,0,0,0.0,0.0,1,0,202.0,8.25,4,0,0,0.0,0.0,normal,0.213,0.1964,0.1686,0.0,0.0,0.0,0.0,0.0,1.349,0.2141,15,1.0,personal,10.15,19.63,25.2,28.71,40.0,0.0,18.64
session_beffbfc5455d,user_043,hr,2026-07-03 08:16:19,2026-07-03 14:46:19,19,6,0,19,1,1,3,6,0,59.644,14.641,0,0,390.0,8.266666666666667,4,0,0,0.0,3.139157894736842,normal,0.2093,1.8374,0.5059,0.0,0.0,0.0,0.0,0.4404,0.0,0.3326,19,1.0,personal,15.32,13.92,16.34,22.21,20.0,0.0,15.58
session_a60d4fb12a2a,user_064,finance,2026-07-03 08:20:11,2026-07-03 12:55:11,18,1,0,18,1,1,3,5,3,179.583,39.314,0,0,275.0,8.333333333333334,4,0,0,0.0,9.976833333333332,normal,0.2346,0.1734,0.1686,0.0,0.0,0.0,0.0,0.9775,0.0,0.1727,15,1.0,personal,8.27,10.02,19.48,21.36,20.0,0.0,12.37
session_3ca99b7fe71c,user_007,developer,2026-07-03 08:22:36,2026-07-03 14:44:36,21,4,0,21,1,1,5,0,0,0.0,0.0,0,0,382.0,8.366666666666667,4,0,0,0.0,0.0,normal,0.093,1.1075,0.5621,0.0,0.0,0.0,0.0,0.0,0.0,0.1958,17,1.0,personal,9.33,11.17,15.99,20.05,20.0,0.0,12.37
session_10ba310f0f72,user_020,finance,2026-07-03 08:27:50,2026-07-03 13:21:50,18,4,0,18,1,1,3,5,3,130.024,30.85,0,0,294.0,8.45,4,0,0,0.0,7.2235555555555555,normal,0.7337,1.0009,1.2141,0.0,0.0,0.0,0.0,1.0165,0.0,0.4406,18,1.0,personal,19.77,21.48,20.73,20.14,0.0,9.33,17.8
session_9e1501f495ae,user_006,analyst,2026-07-03 08:32:26,2026-07-03 10:17:26,8,0,0,8,1,1,1,3,0,177.518,29.828,0,0,105.0,8.533333333333333,4,0,0,0.0,22.18975,normal,0.1026,0.8367,0.8993,0.0,0.0,0.0,3.0,4.2228,0.0,1.0068,18,1.0,personal,39.55,27.04,20.26,21.42,20.0,27.41,29.78
session_e4b6a872d9aa,user_039,developer,2026-07-03 08:34:40,2026-07-03 12:49:40,16,2,0,16,1,1,5,0,0,0.0,0.0,0,0,255.0,8.566666666666666,4,0,0,0.0,0.0,normal,1.5329,0.9173,0.6745,0.0,0.0,0.0,0.0,0.0,0.0,0.3472,16,1.0,personal,15.94,12.2,17.61,19.48,20.0,0.0,15.4
session_411f11fe8a8f,user_052,finance,2026-07-03 08:36:27,2026-07-03 16:08:27,25,6,0,25,1,1,3,5,4,72.281,15.306,0,0,452.0,8.6,4,0,0,0.0,2.8912400000000003,normal,1.437,1.6074,1.0492,0.0,0.0,0.0,0.0,1.7308,0.0,0.6472,16,1.0,personal,27.65,25.93,21.66,19.38,0.0,28.43,22.85
session_fa75418922d5,user_016,developer,2026-07-03 08:37:20,2026-07-03 08:58:20,2,2,0,2,2,2,1,0,0,0.0,0.0,0,1,21.0,8.616666666666667,4,0,0,0.0,0.0,impossible_travel,0.184,5.0984,5.3959,0.0,1.0,1.0,4.0,0.0,0.0,1.8531,17,1.0,personal,60.41,40.01,32.95,24.9,40.0,47.78,45.99
session_6f1ba67257b5,user_011,analyst,2026-07-03 08:41:39,2026-07-03 12:43:39,15,5,0,15,1,1,4,5,0,68.275,30.65,0,0,242.0,8.683333333333334,4,0,0,0.0,4.551666666666667,normal,0.2679,0.1086,0.018,0.0,0.0,0.0,0.0,1.7316,0.0,0.2362,13,0.8667,hybrid,11.14,13.77,21.76,25.33,40.0,0.0,17.01
session_ddc3b32f34ea,user_008,developer,2026-07-03 08:42:40,2026-07-03 11:43:40,12,1,0,12,1,1,5,0,0,0.0,0.0,0,0,181.0,8.7,4,0,0,0.0,0.0,normal,0.6323,0.5999,0.6745,0.0,0.0,0.0,0.0,0.0,0.0,0.2119,18,1.0,personal,10.05,26.36,21.09,19.77,20.0,21.84,17.52
session_eaf44d684ed2,user_049,analyst,2026-07-03 08:45:27,2026-07-03 15:12:27,24,7,0,24,1,1,4,6,0,23.708,7.457,0,0,387.0,8.75,4,0,0,0.0,0.9878333333333332,normal,0.7194,0.8963,1.0162,0.0,0.0,0.0,0.0,0.6302,0.0,0.3625,14,0.9333,hybrid,16.58,36.97,32.78,30.66,40.0,4.33,26.23
session_98debb04b7b7,user_071,analyst,2026-07-03 08:47:35,2026-07-03 13:39:35,15,3,0,15,1,1,4,4,0,82.906,30.43,0,0,292.0,8.783333333333333,4,0,0,0.0,5.527066666666667,normal,1.0713,0.1705,0.3372,0.0,0.0,0.0,0.0,0.1344,0.0,0.1904,15,1.0,personal,9.08,13.91,18.15,21.41,20.0,0.0,13.28
session_7e2b5fe627cb,user_021,finance,2026-07-03 08:48:23,2026-07-03 12:27:23,13,2,0,13,1,1,3,4,3,27.474,6.077,0,0,219.0,8.8,4,0,0,0.0,2.113384615384615,normal,0.2998,0.2274,0.4108,0.0,0.0,0.0,0.0,0.2508,0.0,0.1321,12,0.8,hybrid,6.39,9.58,23.42,26.27,40.0,0.0,14.61
session_f7e416a72d7a,user_056,hr,2026-07-03 08:58:01,2026-07-03 13:51:01,18,5,0,18,1,1,3,5,0,123.439,37.758,0,0,293.0,8.966666666666667,4,0,0,0.0,6.857722222222223,normal,1.3777,0.1951,0.0,0.0,0.0,0.0,0.0,0.1863,0.0,0.1955,18,1.0,personal,9.31,10.3,15.41,20.18,0.0,0.0,10.11
session_ea4954f2c2ff,user_073,hr,2026-07-03 08:58:43,2026-07-03 12:47:43,17,4,0,17,1,1,3,4,0,24.809,7.309,0,0,229.0,8.966666666666667,4,0,0,0.0,1.4593529411764707,normal,1.4584,0.557,0.2891,0.0,0.0,0.0,0.0,0.1632,0.0,0.2742,16,1.0,personal,12.81,12.3,13.66,16.29,0.0,0.0,11.26
session_41c999f19168,user_044,developer,2026-07-03 08:59:16,2026-07-03 16:05:16,24,5,0,24,1,1,5,0,0,0.0,0.0,0,0,426.0,8.983333333333333,4,0,0,0.0,0.0,normal,0.3762,4.0126,1.1242,0.0,0.0,0.0,0.0,0.0,0.0,0.6126,18,1.0,personal,26.38,17.54,13.35,13.78,0.0,16.22,18.25
session_3d02f9499d03,user_047,developer,2026-07-03 09:02:53,2026-07-03 09:04:13,4,4,3,4,1,1,1,0,0,0.0,0.0,0,0,1.3333333333333333,9.033333333333331,4,0,0,0.75,0.0,normal,1.116,3.0721,1.5329,0.75,0.0,0.0,3.6003,0.0,0.0,1.119,16,1.0,personal,42.85,25.19,19.16,21.05,20.0,6.28,29.47
session_d3681d2c2070,user_010,finance,2026-07-03 09:03:04,2026-07-03 11:01:04,9,1,0,9,1,1,3,2,2,23.803,8.177,0,0,118.0,9.05,4,0,0,0.0,2.6447777777777777,normal,0.8789,1.4857,1.2141,0.0,0.0,0.0,0.0,0.588,0.0,0.463,17,1.0,personal,20.67,24.52,24.06,22.95,20.0,12.59,21.7
session_2c6897963cab,user_049,analyst,2026-07-03 09:04:30,2026-07-03 09:04:30,1,0,0,1,1,1,1,1,0,15.234,15.234,0,0,0.0,9.066666666666666,4,0,0,0.0,15.234,normal,0.0992,2.6634,2.4282,0.0,0.0,0.0,3.0,0.3261,0.0,0.9463,15,1.0,personal,37.7,36.44,34.12,31.85,60.0,1.71,36.75
session_b68c823e13cd,user_067,analyst,2026-07-03 09:07:42,2026-07-03 15:45:42,24,9,0,24,1,1,4,3,0,40.671,14.974,0,0,398.0,9.116666666666667,4,0,0,0.0,1.694625,normal,0.497,1.9323,1.6862,0.0,0.0,0.0,0.0,0.1118,0.0,0.4697,17,1.0,personal,20.93,21.64,22.85,23.29,20.0,0.0,20.46
session_26b2ca812f93,user_080,hr,2026-07-03 09:07:44,2026-07-03 13:18:44,17,5,0,17,1,1,3,6,0,98.742,22.714,0,0,251.0,9.116666666666667,4,0,0,0.0,5.80835294117647,normal,0.2623,0.0061,0.0,0.0,0.0,0.0,0.0,0.8441,0.0,0.1236,16,1.0,personal,5.99,12.25,18.16,21.32,20.0,0.0,11.7
session_2c2fb3ca78c5,user_028,developer,2026-07-03 09:09:19,2026-07-03 13:35:19,21,5,0,21,1,1,5,0,0,0.0,0.0,0,0,266.0,9.15,4,0,0,0.0,0.0,normal,0.4946,1.3725,1.4453,0.0,0.0,0.0,0.0,0.0,0.0,0.368,18,1.0,personal,16.81,14.26,15.86,21.54,20.0,0.0,16.11
session_92790c4d48ee,user_058,hr,2026-07-03 09:13:36,2026-07-03 10:52:36,10,3,0,10,1,1,3,3,0,32.182,13.461,0,0,99.0,9.216666666666669,4,0,0,0.0,3.2182000000000004,normal,1.173,1.5663,1.0792,0.0,0.0,0.0,0.0,0.6872,0.0,0.5006,16,1.0,personal,22.14,21.92,23.3,22.91,20.0,0.0,21.03
session_80c4bd092c53,user_065,hr,2026-07-03 09:15:48,2026-07-03 14:56:48,19,8,0,19,1,1,3,5,0,50.84,15.369,0,0,341.0,9.25,4,0,0,0.0,2.6757894736842105,normal,0.3113,0.5963,0.3372,0.0,0.0,0.0,0.0,0.0309,0.0,0.1417,19,1.0,personal,6.84,12.56,18.89,19.84,20.0,0.0,12.07
session_b1eecc2d3cdf,user_004,developer,2026-07-03 09:16:05,2026-07-03 11:04:05,10,2,0,10,1,1,4,0,0,0.0,0.0,0,0,108.0,9.266666666666667,4,0,0,0.0,0.0,normal,0.8121,4.5098,2.698,0.0,0.0,0.0,1.0,0.0,0.0,1.0022,16,1.0,personal,39.41,24.06,18.42,15.87,20.0,17.84,27.82
session_73c826680a79,user_025,hr,2026-07-03 09:16:10,2026-07-03 13:52:10,17,3,0,17,1,1,3,5,0,11.592,3.434,0,0,276.0,9.266666666666667,4,0,0,0.0,0.6818823529411765,normal,0.6909,0.8016,0.5781,0.0,0.0,0.0,0.0,1.7227,0.0,0.4215,20,1.0,personal,19.0,26.3,31.04,37.51,60.0,0.0,27.27
session_74a647cd6268,user_054,developer,2026-07-03 09:17:34,2026-07-03 16:06:34,25,8,0,25,1,1,5,0,0,0.0,0.0,0,0,409.0,9.283333333333331,4,0,0,0.0,0.0,normal,1.7826,2.3158,1.349,0.0,0.0,0.0,0.0,0.0,0.0,0.6053,15,1.0,personal,26.11,24.48,24.2,23.56,20.0,0.0,23.33
session_03a4cd7ebf31,user_024,hr,2026-07-03 09:17:39,2026-07-03 16:16:39,25,5,0,25,1,1,3,7,0,163.214,38.588,0,0,419.0,9.283333333333331,4,0,0,0.0,6.52856,normal,0.8544,1.5176,1.5738,0.0,0.0,0.0,0.0,1.6891,0.0,0.6261,15,1.0,personal,26.88,22.76,21.43,19.94,0.0,16.44,21.33
session_5f29a3ca82d8,user_035,admin,2026-07-03 09:18:01,2026-07-03 13:58:01,17,2,0,17,1,1,5,0,0,0.0,0.0,5,0,280.0,9.3,4,0,0,0.0,0.0,normal,1.0628,0.4292,0.2891,0.0,0.0,0.0,0.0,0.0,2.0235,0.4227,16,1.0,personal,19.05,18.92,23.57,25.02,20.0,0.0,19.44
session_00a2ed45086c,user_018,developer,2026-07-03 09:18:59,2026-07-03 14:24:59,19,2,0,19,1,1,4,0,0,0.0,0.0,0,0,306.0,9.3,4,0,0,0.0,0.0,normal,0.3372,1.3872,1.0117,0.0,0.0,0.0,1.0,0.0,0.0,0.4151,19,1.0,personal,18.74,23.98,22.7,24.26,40.0,0.0,22.12
session_1c41192e64a9,user_053,hr,2026-07-03 09:19:25,2026-07-03 12:10:25,11,1,0,11,1,1,2,3,0,15.562,5.804,0,0,171.0,9.316666666666666,4,0,0,0.0,1.4147272727272728,normal,1.7103,1.2498,1.349,0.0,0.0,0.0,1.0,0.2836,0.0,0.6214,19,1.0,personal,26.71,23.74,26.9,31.59,20.0,0.0,24.62
session_2f2e8382b900,user_061,analyst,2026-07-03 09:22:56,2026-07-03 13:30:56,14,2,0,14,1,1,4,2,0,12.789,10.744,0,0,248.0,9.366666666666667,4,0,0,0.0,0.9135,normal,0.7767,0.1482,0.4047,0.0,0.0,0.0,0.0,0.4456,0.0,0.1972,18,1.0,personal,9.39,13.3,19.59,22.13,20.0,0.0,13.57
session_5ca9b495e10e,user_036,developer,2026-07-03 09:23:30,2026-07-03 16:06:30,25,7,0,25,1,1,5,0,0,0.0,0.0,0,0,403.0,9.383333333333333,4,0,0,0.0,0.0,normal,0.2075,2.2442,2.2483,0.0,0.0,0.0,0.0,0.0,0.0,0.5222,21,1.0,personal,22.98,18.19,20.85,22.58,20.0,0.0,20.21
session_3a5d03fd3c0d,user_070,admin,2026-07-03 09:23:55,2026-07-03 13:53:55,19,2,0,19,1,1,4,0,0,0.0,0.0,9,0,270.0,9.383333333333333,4,0,0,0.0,0.0,normal,0.2248,0.1686,0.3854,0.0,0.0,0.0,1.0,0.0,4.0469,0.6473,20,1.0,personal,27.65,20.89,18.13,17.66,0.0,9.91,20.22
session_cbfc1c71fc15,user_040,finance,2026-07-03 09:24:44,2026-07-03 14:11:44,21,5,0,21,1,1,3,4,6,164.798,23.392,0,0,287.0,9.4,4,0,0,0.0,7.84752380952381,normal,1.6458,0.6565,1.0117,0.0,0.0,0.0,0.0,2.4704,0.0,0.6427,19,1.0,personal,27.48,19.84,19.74,19.9,20.0,0.0,21.91
session_438edca7ba61,user_037,developer,2026-07-03 09:27:28,2026-07-03 14:23:28,19,6,0,19,1,1,5,0,0,0.0,0.0,0,0,296.0,9.45,4,0,0,0.0,0.0,normal,0.4985,0.2937,0.4497,0.0,0.0,0.0,0.0,0.0,0.0,0.138,17,1.0,personal,6.67,11.94,19.12,18.44,20.0,0.0,11.77
session_4377b5a033ae,user_068,developer,2026-07-03 09:28:54,2026-07-03 15:02:54,19,3,0,19,1,1,5,0,0,0.0,0.0,0,0,334.0,9.466666666666669,4,0,0,0.0,0.0,normal,0.1799,1.6862,0.5059,0.0,0.0,0.0,0.0,0.0,0.0,0.2636,17,1.0,personal,12.35,10.59,12.88,19.09,0.0,0.0,10.9
session_3fca2a1e9530,user_006,analyst,2026-07-03 09:31:42,2026-07-03 13:21:42,19,9,0,19,1,1,4,4,0,70.676,27.827,0,0,230.0,9.516666666666667,4,0,0,0.0,3.7197894736842105,normal,2.13,0.0984,0.6745,0.0,0.0,0.0,0.0,0.5004,0.0,0.3781,19,1.0,personal,17.23,23.78,20.18,20.74,20.0,23.03,19.9
session_b31739fe8f31,user_013,hr,2026-07-03 09:31:48,2026-07-03 14:48:48,22,7,0,22,1,1,3,3,0,8.280999999999999,3.19,0,0,317.0,9.516666666666667,4,0,0,0.0,0.3764090909090908,normal,0.6745,0.51,1.0117,0.0,0.0,0.0,0.0,0.6842,0.0,0.32,15,1.0,personal,14.79,21.65,24.36,23.58,20.0,9.48,18.73
session_9de60f613274,user_027,developer,2026-07-03 09:33:00,2026-07-03 16:39:00,23,6,0,23,1,1,5,0,0,0.0,0.0,0,0,426.0,9.55,4,0,0,0.0,0.0,normal,0.2168,1.9635,1.5417,0.0,0.0,0.0,0.0,0.0,0.0,0.4136,16,1.0,personal,18.68,36.71,37.83,29.26,40.0,46.6,29.74
session_8d4de2569e34,user_023,developer,2026-07-03 09:33:52,2026-07-03 12:43:52,12,4,0,12,1,1,5,0,0,0.0,0.0,0,0,190.0,9.55,4,0,0,0.0,0.0,normal,0.6745,0.8233,0.8993,0.0,0.0,0.0,0.0,0.0,0.0,0.2663,19,1.0,personal,12.47,10.19,15.6,19.4,20.0,0.0,13.31
session_63b143805881,user_062,hr,2026-07-03 09:35:37,2026-07-03 10:15:37,2,2,0,2,2,2,1,0,0,0.0,0.0,0,1,40.0,9.583333333333334,4,0,0,0.0,0.0,impossible_travel,0.1944,4.9717,2.3482,0.0,1.0,1.0,2.0,1.5203,0.0,1.4483,14,0.9333,hybrid,51.53,44.73,36.82,31.25,40.0,55.81,44.99
session_36439b61226e,user_030,hr,2026-07-03 09:37:04,2026-07-03 14:42:04,19,5,0,19,1,1,3,3,0,37.965,19.041,0,0,305.0,9.616666666666667,4,0,0,0.0,1.9981578947368424,normal,0.2381,0.0293,0.0,0.0,0.0,0.0,0.0,0.5976,0.0,0.0961,19,1.0,personal,4.69,13.09,20.49,22.12,20.0,0.0,11.78
session_023279f981c1,user_014,hr,2026-07-03 09:38:44,2026-07-03 15:26:44,19,6,0,19,1,1,3,4,0,54.561,17.329,0,0,348.0,9.633333333333333,4,0,0,0.0,2.8716315789473685,normal,0.9143,0.5157,0.2735,0.0,0.0,0.0,0.0,3.0178,0.0,0.5246,14,0.9333,hybrid,23.07,38.19,33.66,31.39,60.0,5.71,31.34
session_c7b718c0e778,user_034,finance,2026-07-03 09:39:36,2026-07-03 12:06:36,10,3,0,10,1,1,3,1,0,4.005,4.005,0,0,147.0,9.65,4,0,0,0.0,0.4004999999999999,normal,0.9791,0.9262,1.0117,0.0,0.0,0.0,0.0,1.2894,0.0,0.4674,17,1.0,personal,20.84,17.18,21.36,21.88,20.0,0.0,19.16
session_e6ef66046442,user_001,finance,2026-07-03 09:39:43,2026-07-03 12:22:43,11,3,0,11,1,1,3,0,3,43.714,22.85,0,0,163.0,9.65,4,0,0,0.0,3.974,normal,0.3238,0.6745,0.5396,0.0,0.0,0.0,0.0,0.7846,0.0,0.2581,17,1.0,personal,12.11,19.02,19.34,21.38,40.0,0.0,17.69
session_36403e501ac6,user_062,hr,2026-07-03 09:41:50,2026-07-03 15:26:50,19,6,0,19,1,1,3,5,0,60.265,16.243,0,0,345.0,9.683333333333334,4,0,0,0.0,3.171842105263158,normal,0.3257,1.1424,0.2211,0.0,0.0,0.0,0.0,0.2118,0.0,0.2112,14,0.9333,hybrid,10.02,25.69,31.51,29.06,40.0,18.23,21.69
session_f20fa3cd77c3,user_072,hr,2026-07-03 09:42:20,2026-07-03 13:22:20,13,6,0,13,1,1,3,3,0,37.888,15.975,0,0,220.0,9.7,4,0,0,0.0,2.914461538461538,normal,0.1641,0.4151,1.0117,0.0,0.0,0.0,0.0,0.5357,0.0,0.2363,18,1.0,personal,11.14,15.21,15.59,19.02,0.0,0.0,11.74
session_7c793998be7e,user_019,developer,2026-07-03 09:42:27,2026-07-03 12:26:27,11,2,0,11,1,1,5,0,0,0.0,0.0,0,0,164.0,9.7,4,0,0,0.0,0.0,normal,0.6745,1.5464,2.5631,0.0,0.0,0.0,0.0,0.0,0.0,0.5316,16,1.0,personal,23.34,22.84,19.81,17.18,0.0,25.13,19.85
session_f4b380877b24,user_005,hr,2026-07-03 09:42:34,2026-07-03 13:45:34,21,9,0,21,1,1,3,4,0,17.378,8.888,0,0,243.0,9.7,4,0,0,0.0,0.8275238095238096,normal,0.3372,0.3195,1.5738,0.0,0.0,0.0,0.0,0.9038,0.0,0.3483,17,1.0,personal,15.98,15.67,14.99,16.34,0.0,5.03,13.66
session_375744b3523e,user_075,developer,2026-07-03 09:44:12,2026-07-03 15:55:12,23,6,0,23,1,1,5,0,0,0.0,0.0,0,0,371.0,9.733333333333333,4,0,0,0.0,0.0,normal,0.139,1.0572,0.8858,0.0,0.0,0.0,0.0,0.0,0.0,0.2313,14,0.9333,hybrid,10.92,16.59,23.32,23.66,60.0,0.0,19.55
session_2d05335214e5,user_017,admin,2026-07-03 09:47:28,2026-07-03 16:09:28,21,6,0,21,1,1,5,0,0,0.0,0.0,3,0,382.0,9.783333333333331,4,0,0,0.0,0.0,normal,0.2428,1.5816,1.4453,0.0,0.0,0.0,0.0,0.0,0.6745,0.4382,18,1.0,personal,19.68,25.87,24.62,27.57,20.0,29.85,22.99
session_612e0743cf57,user_032,hr,2026-07-03 09:56:08,2026-07-03 14:25:08,17,6,0,17,1,1,3,4,0,17.412,5.876,0,0,269.0,9.933333333333334,4,0,0,0.0,1.024235294117647,normal,2.522,0.1449,0.5059,0.0,0.0,0.0,0.0,0.3779,0.0,0.3945,16,1.0,personal,17.9,22.25,21.94,21.42,0.0,4.32,17.26
session_8b72f0666ac2,user_074,finance,2026-07-03 09:56:27,2026-07-03 15:52:27,20,4,0,20,1,1,3,3,5,30.507,7.46,0,0,356.0,9.933333333333334,4,0,0,0.0,1.52535,normal,1.8361,0.9833,0.607,0.0,0.0,0.0,0.0,0.5424,0.0,0.441,18,1.0,personal,19.79,13.54,13.8,15.88,0.0,1.28,14.34
session_bbbdce4b933f,user_076,analyst,2026-07-03 09:56:58,2026-07-03 12:08:58,12,1,0,12,1,1,4,4,0,66.75,12.969,0,0,132.0,9.933333333333334,4,0,0,0.0,5.5625,normal,0.7478,1.4667,0.6745,0.0,0.0,0.0,0.0,2.4776,0.0,0.5963,18,1.0,personal,25.78,18.57,16.05,16.36,0.0,7.23,18.43
session_12f06c3c6af2,user_002,finance,2026-07-03 09:59:44,2026-07-03 14:06:44,17,4,0,17,1,1,3,3,4,56.973,12.504,0,0,247.0,9.983333333333333,4,0,0,0.0,3.3513529411764704,normal,0.5174,0.2218,0.3747,0.0,0.0,0.0,0.0,0.2835,0.0,0.1553,16,1.0,personal,7.47,11.69,13.53,18.36,0.0,0.0,9.19
session_f5c086761c03,user_055,analyst,2026-07-03 10:05:05,2026-07-03 13:11:05,12,4,0,12,1,1,3,3,0,99.487,55.879,0,0,186.0,10.083333333333334,4,0,0,0.0,8.290583333333332,normal,0.8,0.6988,1.2366,0.0,0.0,0.0,1.0,1.8046,0.0,0.6156,18,1.0,personal,26.49,20.77,19.46,23.31,0.0,0.0,20.0
session_61e872161f95,user_003,developer,2026-07-03 10:07:11,2026-07-03 16:24:11,25,8,0,25,1,1,5,0,0,0.0,0.0,0,0,377.0,10.116666666666667,4,0,0,0.0,0.0,normal,0.0241,0.6057,1.1804,0.0,0.0,0.0,0.0,0.0,0.0,0.2011,17,1.0,personal,9.57,12.2,11.54,17.34,0.0,3.11,9.89
session_75635d5074b6,user_048,developer,2026-07-03 10:11:11,2026-07-03 14:41:11,16,3,0,16,1,1,5,0,0,0.0,0.0,0,0,270.0,10.183333333333334,4,0,0,0.0,0.0,normal,0.0642,0.0768,0.3372,0.0,0.0,0.0,0.0,0.0,0.0,0.0531,19,1.0,personal,2.62,24.5,28.22,25.96,40.0,18.68,17.71
session_0fa5e268381b,user_033,developer,2026-07-03 10:14:34,2026-07-03 16:49:34,24,4,0,24,1,1,5,0,0,0.0,0.0,0,0,395.0,10.233333333333333,4,0,0,0.0,0.0,normal,1.2491,2.0235,1.349,0.0,0.0,0.0,0.0,0.0,0.0,0.5135,15,1.0,personal,22.64,16.08,15.81,14.59,0.0,9.45,16.58
session_59382ab956a5,user_066,developer,2026-07-03 10:14:52,2026-07-03 13:45:52,14,6,0,14,1,1,5,0,0,0.0,0.0,0,0,211.0,10.233333333333333,4,0,0,0.0,0.0,normal,1.268,0.2146,0.1686,0.0,0.0,0.0,0.0,0.0,0.0,0.1835,15,1.0,personal,8.77,11.29,12.46,12.79,0.0,0.0,8.91
session_04f475fb620e,user_046,hr,2026-07-03 10:17:31,2026-07-03 13:31:31,14,5,0,14,1,1,3,4,0,36.663,13.301,0,0,194.0,10.283333333333331,4,0,0,0.0,2.618785714285714,normal,0.0475,0.5817,0.4497,0.0,0.0,0.0,0.0,0.302,0.0,0.1534,16,1.0,personal,7.38,18.47,20.66,18.98,20.0,8.86,14.09
session_a180225cb2a6,user_076,analyst,2026-07-03 10:23:21,2026-07-03 17:25:21,25,9,0,25,1,1,4,5,0,16.999,4.89,0,0,422.0,10.383333333333333,4,0,0,0.0,0.6799599999999999,normal,0.1533,1.564,1.0792,0.0,0.0,0.0,0.0,0.4341,0.0,0.359,19,1.0,personal,16.43,18.78,16.33,15.86,0.0,3.05,14.52
session_92b9b92f1c5b,user_060,developer,2026-07-03 10:24:39,2026-07-03 15:41:39,19,4,0,19,1,1,5,0,0,0.0,0.0,0,0,317.0,10.4,4,0,0,0.0,0.0,normal,0.1475,1.8308,1.5738,0.0,0.0,0.0,0.0,0.0,0.0,0.3947,19,1.0,personal,17.91,15.46,15.56,18.65,20.0,0.0,16.45
session_b6f03d11b128,user_059,analyst,2026-07-03 10:27:58,2026-07-03 12:30:58,9,2,0,9,1,1,4,3,0,29.596,12.197,0,0,123.0,10.45,4,0,0,0.0,3.2884444444444445,normal,3.0577,1.9016,1.4412,0.0,0.0,0.0,0.0,0.1686,0.0,0.7299,13,0.8667,hybrid,30.58,27.08,25.89,24.68,20.0,0.0,26.0
session_12bcb29b0571,user_078,developer,2026-07-03 10:28:15,2026-07-03 15:24:15,21,2,0,21,1,1,5,0,0,0.0,0.0,0,0,296.0,10.466666666666669,4,0,0,0.0,0.0,normal,1.261,0.7588,3.0352,0.0,0.0,0.0,0.0,0.0,0.0,0.5617,15,1.0,personal,24.49,20.05,17.93,20.21,0.0,3.39,18.68
session_e444f4b8647d,user_026,analyst,2026-07-03 10:41:24,2026-07-03 14:10:24,18,4,0,18,1,1,4,4,0,46.017,14.674,0,0,209.0,10.683333333333334,4,0,0,0.0,2.5565,normal,1.0671,0.3238,1.0117,0.0,0.0,0.0,0.0,1.7061,0.0,0.4565,16,1.0,personal,20.41,22.01,20.91,24.0,20.0,0.0,20.1
session_41733cfe2cf9,user_079,developer,2026-07-03 10:50:27,2026-07-03 18:02:27,22,5,0,22,1,1,5,0,0,0.0,0.0,0,0,432.0,10.833333333333334,4,0,0,0.0,0.0,normal,0.2409,1.1216,0.6745,0.0,0.0,0.0,0.0,0.0,0.0,0.2263,17,1.0,personal,10.7,39.9,40.86,34.75,80.0,0.0,29.86
session_6f7d382ddffb,user_047,developer,2026-07-03 10:50:39,2026-07-03 17:48:39,24,6,0,24,1,1,5,0,0,0.0,0.0,0,0,418.0,10.833333333333334,4,0,0,0.0,0.0,normal,1.4544,1.3213,1.0117,0.0,0.0,0.0,0.0,0.0,0.0,0.4208,17,1.0,personal,18.97,24.98,19.27,20.6,20.0,15.64,20.32
session_ff3544d5a2b5,user_063,finance,2026-07-03 11:03:22,2026-07-03 16:03:22,20,3,0,20,1,1,3,5,3,45.567,9.09,0,0,300.0,11.05,4,0,0,0.0,2.27835,normal,2.4645,0.4072,0.6745,0.0,0.0,0.0,0.0,0.0932,0.0,0.4044,17,1.0,personal,18.31,19.93,17.29,17.26,0.0,9.89,16.12
session_37ca1dfa0f27,user_027,developer,2026-07-03 14:09:39,2026-07-03 14:09:39,1,0,0,1,1,1,1,1,0,15.03,15.03,0,1,0.0,14.15,4,0,0,0.0,15.03,low_slow_exfiltration,14.4237,2.1237,2.0235,0.0,0.0,0.0,4.0,15.03,0.0,3.1275,17,1.0,personal,79.07,58.42,49.3,36.1,60.0,61.11,63.37
session_808bbe6afc7f,user_030,hr,2026-07-03 15:17:53,2026-07-03 16:17:53,7,2,0,7,1,1,3,0,0,82.119,17.647,0,0,60.0,15.283333333333331,4,0,0,0.0,11.731285714285717,normal,13.3708,3.9185,2.698,0.0,0.0,0.0,0.0,0.7821,0.0,1.9332,20,1.0,personal,61.96,36.4,29.67,26.8,40.0,0.0,43.2
session_b2bb45af3c01,user_048,developer,2026-07-03 15:23:29,2026-07-03 15:23:29,1,0,0,1,1,1,1,0,0,12.603,12.603,0,1,0.0,15.383333333333333,4,0,0,0.0,12.603,insider_drift,11.0403,2.4872,2.3982,0.0,0.0,0.0,4.0,0.9793,0.0,2.2072,20,1.0,personal,66.83,45.32,38.34,31.18,60.0,50.99,53.22
session_02d5889fab4d,user_079,developer,2026-07-03 16:30:32,2026-07-03 16:30:32,1,0,0,1,1,1,1,0,0,5.355,5.355,0,1,0.0,16.5,4,0,0,0.0,5.355,insider_drift,8.0096,2.1359,2.8666,0.0,0.0,0.0,4.0,5.355,0.0,2.4852,18,1.0,personal,71.14,50.74,47.98,39.75,80.0,49.01,60.22
session_5a50d5f59115,user_066,developer,2026-07-03 22:56:05,2026-07-03 23:28:05,5,2,0,5,1,1,3,0,0,57.291,17.613,0,0,32.0,22.933333333333334,4,0,1,0.0,11.4582,normal,23.6072,2.698,1.4333,0.0,0.0,0.0,2.0,57.291,0.0,2.9035,16,1.0,personal,76.58,43.85,28.41,20.76,20.0,66.85,51.08
session_7d7bb0620284,user_066,developer,2026-07-04 01:18:22,2026-07-04 01:28:22,6,1,0,6,1,1,6,0,0,0.0,0.0,1,1,10.0,1.3,5,1,1,0.0,0.0,lateral_movement,15.9629,2.8666,1.1804,0.0,0.0,0.0,1.0,0.0,1.0,1.783,17,1.0,personal,59.0,56.49,37.73,25.99,40.0,88.99,51.6
session_6405e9a9c781,user_022,developer,2026-07-04 04:23:01,2026-07-04 04:33:01,6,1,0,6,1,1,6,0,0,0.0,0.0,1,1,10.0,4.383333333333334,5,1,1,0.0,0.0,lateral_movement,5.306,2.8002,2.1921,0.0,0.0,0.0,1.0,0.0,1.0,1.3665,19,1.0,personal,49.5,42.71,29.53,22.66,40.0,69.02,42.49
session_942c99d5c410,user_012,analyst,2026-07-04 07:26:30,2026-07-04 13:01:30,23,7,0,23,1,1,4,4,0,21.352,8.473,0,0,335.0,7.433333333333334,5,1,0,0.0,0.9283478260869564,normal,1.7103,0.2485,0.5995,0.0,0.0,0.0,0.0,0.0697,0.0,0.292,20,1.0,personal,13.58,17.59,17.02,16.31,0.0,1.36,13.2
session_20b02bbb550e,user_050,developer,2026-07-04 07:34:25,2026-07-04 11:27:25,17,4,0,17,1,1,5,0,0,0.0,0.0,0,0,233.0,7.566666666666666,5,1,0,0.0,0.0,normal,1.0851,0.2373,0.2248,0.0,0.0,0.0,0.0,0.0,0.0,0.1719,19,1.0,personal,8.24,22.09,24.1,22.98,20.0,18.69,16.56
session_8d7a5fcf721c,user_042,developer,2026-07-04 07:42:40,2026-07-04 12:15:40,17,4,0,17,1,1,5,0,0,0.0,0.0,0,0,273.0,7.7,5,1,0,0.0,0.0,normal,0.7869,0.5314,0.6745,0.0,0.0,0.0,0.0,0.0,0.0,0.2214,17,1.0,personal,10.48,9.87,13.42,19.14,0.0,0.0,10.09
session_6297b487f199,user_022,developer,2026-07-04 08:20:08,2026-07-04 13:39:08,20,5,0,20,1,1,5,0,0,0.0,0.0,0,0,319.0,8.333333333333334,5,1,0,0.0,0.0,normal,0.0225,0.3577,0.1686,0.0,0.0,0.0,0.0,0.0,0.0,0.061,19,1.0,personal,3.0,25.97,24.62,20.39,40.0,34.4,17.85
session_36752c8b9490,user_013,hr,2026-07-04 08:20:10,2026-07-04 16:08:10,25,5,0,25,1,1,3,5,0,19.024,5.64,0,0,468.0,8.333333333333334,5,1,0,0.0,0.7609600000000001,normal,0.9907,3.0183,2.0235,0.0,0.0,0.0,0.0,0.6532,0.0,0.7429,16,1.0,personal,31.03,22.52,26.27,24.78,20.0,5.24,25.59
session_bb20f5c5404e,user_006,analyst,2026-07-04 08:26:15,2026-07-04 14:36:15,24,8,0,24,1,1,4,1,0,30.093,30.093,0,0,370.0,8.433333333333334,5,1,0,0.0,1.253875,normal,0.1613,1.1168,1.349,0.0,0.0,0.0,0.0,1.1227,0.0,0.4166,20,1.0,personal,18.8,21.74,20.42,20.28,20.0,16.26,19.77
session_cb8f77652f06,user_018,developer,2026-07-04 08:42:20,2026-07-04 12:39:20,15,6,0,15,1,1,5,0,0,0.0,0.0,0,0,237.0,8.7,5,1,0,0.0,0.0,normal,0.5902,0.2998,0.2248,0.0,0.0,0.0,0.0,0.0,0.0,0.1239,20,1.0,personal,6.01,15.63,18.4,21.63,40.0,0.0,14.45
session_bd93159d0539,user_063,finance,2026-07-04 08:43:58,2026-07-04 14:57:58,25,5,0,25,1,1,3,6,6,60.064,8.233,0,0,374.0,8.716666666666667,5,1,0,0.0,2.40256,normal,1.2472,1.3425,1.7986,0.0,0.0,0.0,0.0,0.9209,0.0,0.5899,18,1.0,personal,25.54,23.36,19.6,18.02,0.0,28.58,21.06
session_9e156b40416f,user_038,developer,2026-07-04 08:45:42,2026-07-04 12:01:42,14,2,0,14,1,1,4,0,0,0.0,0.0,0,0,196.0,8.75,5,1,0,0.0,0.0,normal,0.3248,1.1347,0.8094,0.0,0.0,0.0,1.0,0.0,0.0,0.3632,18,1.0,personal,16.61,15.54,12.59,13.85,0.0,14.64,13.76
session_b50f0ec28185,user_008,developer,2026-07-04 08:59:19,2026-07-04 11:05:19,9,3,0,9,1,1,5,0,0,0.0,0.0,0,0,126.0,8.983333333333333,5,1,0,0.0,0.0,normal,0.2791,1.0044,1.0117,0.0,0.0,0.0,0.0,0.0,0.0,0.255,19,1.0,personal,11.97,19.72,19.35,18.36,20.0,13.25,16.13
session_8dc19d48ea15,user_017,admin,2026-07-04 09:01:04,2026-07-04 13:49:04,17,1,0,17,1,1,5,0,0,0.0,0.0,7,0,288.0,9.016666666666667,5,1,0,0.0,0.0,normal,0.9743,0.5527,0.6745,0.0,0.0,0.0,0.0,0.0,3.3725,0.6193,19,1.0,personal,26.63,22.35,25.87,27.04,20.0,20.1,24.71
session_51cf868aa5a0,user_016,developer,2026-07-04 09:04:14,2026-07-04 11:13:14,9,2,0,9,1,1,5,0,0,0.0,0.0,0,0,129.0,9.066666666666666,5,1,0,0.0,0.0,normal,1.0117,2.9559,3.0352,0.0,0.0,0.0,0.0,0.0,0.0,0.7781,17,1.0,personal,32.23,38.09,33.97,26.04,40.0,30.2,33.72
session_ba083e50e692,user_071,analyst,2026-07-04 09:14:44,2026-07-04 15:03:44,23,5,0,23,1,1,4,6,0,93.611,24.147,0,0,349.0,9.233333333333333,5,1,0,0.0,4.070043478260869,normal,0.3415,0.386,0.8768,0.0,0.0,0.0,0.0,0.2763,0.0,0.209,16,1.0,personal,9.92,10.69,14.76,19.79,0.0,0.0,10.3
session_27f5ee20e0df,user_049,analyst,2026-07-04 09:16:27,2026-07-04 11:57:27,11,3,0,11,1,1,4,6,0,33.182,10.678,0,0,161.0,9.266666666666667,5,1,0,0.0,3.016545454545455,normal,0.1972,1.1717,1.0492,0.0,0.0,0.0,0.0,1.6985,0.0,0.4574,16,1.0,personal,20.44,25.55,30.74,30.69,40.0,22.34,26.09
session_c2dad23afd17,user_052,finance,2026-07-04 09:22:49,2026-07-04 16:04:49,25,5,0,25,1,1,3,9,5,90.178,18.89,0,0,402.0,9.366666666666667,5,1,0,0.0,3.60712,normal,0.0281,1.0474,0.9443,0.0,0.0,0.0,0.0,2.9482,0.0,0.552,17,1.0,personal,24.12,26.17,22.99,19.87,0.0,28.75,21.75
session_aac12c95b9e6,user_005,hr,2026-07-04 09:25:26,2026-07-04 14:43:26,18,7,0,18,1,1,3,2,0,5.399,3.312,0,0,318.0,9.416666666666666,5,1,0,0.0,0.2999444444444444,normal,0.4497,1.1623,0.6745,0.0,0.0,0.0,0.0,0.817,0.0,0.3448,18,1.0,personal,15.84,16.36,15.33,15.9,0.0,5.13,13.75
session_db3a36c78b8c,user_080,hr,2026-07-04 09:26:05,2026-07-04 13:37:05,16,4,0,16,1,1,3,4,0,104.4,39.023,0,0,251.0,9.433333333333334,5,1,0,0.0,6.525,normal,0.2248,0.0,0.1686,0.0,0.0,0.0,0.0,0.8123,0.0,0.134,17,1.0,personal,6.48,8.69,14.26,19.03,20.0,0.0,10.37
session_5cf6082f2a6f,user_037,developer,2026-07-04 09:37:55,2026-07-04 10:27:55,6,0,0,6,1,1,4,0,0,65.309,19.666,0,0,50.0,9.616666666666667,5,1,0,0.0,10.884833333333331,normal,0.0161,2.3494,3.3725,0.0,0.0,0.0,1.0,65.309,0.0,1.8598,18,1.0,personal,60.54,36.23,29.17,23.91,40.0,11.62,42.81
session_6c7140c17263,user_001,finance,2026-07-04 09:45:21,2026-07-04 13:46:21,15,5,0,15,1,1,3,2,2,52.601,15.622,0,0,241.0,9.75,5,1,0,0.0,3.506733333333333,normal,0.4918,0.0547,0.0843,0.0,0.0,0.0,0.0,0.4712,0.0,0.1224,18,1.0,personal,5.94,10.11,15.07,19.43,20.0,3.74,10.79
session_f024e4edf06f,user_030,hr,2026-07-04 09:45:25,2026-07-04 15:48:25,23,5,0,23,1,1,3,5,0,59.672,16.437,0,0,363.0,9.75,5,1,0,0.0,2.594434782608696,normal,0.0794,0.8798,0.8993,0.0,0.0,0.0,0.0,0.1222,0.0,0.2201,21,1.0,personal,10.42,26.65,24.35,24.66,20.0,9.43,18.09
session_7c103ec2c224,user_060,developer,2026-07-04 09:46:54,2026-07-04 10:13:54,10,4,0,10,1,10,5,5,0,78.899,17.033,0,1,27.0,9.766666666666667,5,1,0,0.0,7.8899,device_spoofing,1.2141,2.0116,0.6745,0.0,0.0,9.0,0.0,3.2584,0.0,1.7954,20,1.0,personal,59.25,37.58,25.35,23.54,20.0,64.84,42.61
session_894b11ebccb0,user_076,analyst,2026-07-04 09:51:12,2026-07-04 16:23:12,24,8,0,24,1,1,4,4,0,18.212,6.846,0,0,392.0,9.85,5,1,0,0.0,0.7588333333333334,normal,0.8651,1.2111,0.9443,0.0,0.0,0.0,0.0,0.2423,0.0,0.3625,20,1.0,personal,16.58,18.06,16.47,15.77,0.0,5.73,14.58
session_52e27518786f,user_026,analyst,2026-07-04 09:55:24,2026-07-04 14:02:24,18,6,0,18,1,1,4,3,0,28.377,10.571,0,0,247.0,9.916666666666666,5,1,0,0.0,1.5765000000000002,normal,0.1226,0.2548,1.0117,0.0,0.0,0.0,0.0,0.028,0.0,0.1575,17,1.0,personal,7.57,15.34,16.96,21.89,20.0,0.0,12.83
session_5327544059b7,user_019,developer,2026-07-04 10:00:23,2026-07-04 13:50:23,16,4,0,16,1,1,5,0,0,0.0,0.0,0,0,230.0,10.0,5,1,0,0.0,0.0,normal,0.1226,0.7833,0.8993,0.0,0.0,0.0,0.0,0.0,0.0,0.2006,17,1.0,personal,9.54,16.91,17.87,16.4,0.0,8.79,11.96
session_48bd068e2509,user_019,developer,2026-07-04 10:01:08,2026-07-04 10:42:08,2,2,0,2,2,2,1,0,0,0.0,0.0,0,1,41.0,10.016666666666667,5,1,0,0.0,0.0,impossible_travel,0.0314,2.5822,3.3725,0.0,1.0,1.0,4.0,0.0,0.0,1.3318,18,1.0,personal,48.62,31.38,25.78,20.5,20.0,31.82,35.23
session_9f8637949bdf,user_048,developer,2026-07-04 10:09:25,2026-07-04 14:33:25,16,3,0,16,1,1,5,0,0,0.0,0.0,0,0,264.0,10.15,5,1,0,0.0,0.0,normal,0.1065,0.0141,0.1499,0.0,0.0,0.0,0.0,0.0,0.0,0.0301,20,1.0,personal,1.49,23.46,30.41,27.87,60.0,0.0,18.64
session_4946a31bf9b0,user_072,hr,2026-07-04 10:34:31,2026-07-04 10:35:31,3,3,2,3,1,1,1,0,0,0.0,0.0,0,0,1.0,10.566666666666666,5,1,0,0.6666666666666666,0.0,normal,1.638,2.0975,2.698,0.6667,0.0,0.0,2.0,1.568,0.0,1.1854,19,1.0,personal,44.72,30.15,22.71,22.1,20.0,24.18,32.74
session_4c44b926b3be,user_070,admin,2026-07-04 10:44:10,2026-07-04 15:11:10,16,4,0,16,1,1,5,0,0,0.0,0.0,1,0,267.0,10.733333333333333,5,1,0,0.0,0.0,normal,2.5293,0.0397,0.2248,0.0,0.0,0.0,0.0,0.0,1.349,0.4603,21,1.0,personal,20.56,21.86,18.98,18.04,0.0,4.29,17.46
session_7770d52045f3,user_046,hr,2026-07-04 10:47:18,2026-07-04 13:51:18,15,4,0,15,1,1,3,4,0,36.082,11.249,0,0,184.0,10.783333333333331,5,1,0,0.0,2.405466666666667,normal,0.6541,0.6399,0.3372,0.0,0.0,0.0,0.0,0.2575,0.0,0.2099,17,1.0,personal,9.96,10.71,18.21,17.9,20.0,0.0,12.65
session_1f88a6b98515,user_053,hr,2026-07-04 10:53:20,2026-07-04 13:28:20,13,4,0,13,1,1,3,5,0,23.939,9.077,0,0,155.0,10.883333333333333,5,1,0,0.0,1.8414615384615385,normal,0.6183,1.3538,0.6745,0.0,0.0,0.0,0.0,0.4286,0.0,0.3417,20,1.0,personal,15.71,19.24,23.69,29.47,20.0,0.0,18.63
session_825cf7af408c,user_027,developer,2026-07-04 12:36:48,2026-07-04 12:36:48,1,0,0,1,1,1,1,1,0,17.799,17.799,0,1,0.0,12.6,5,1,0,0.0,17.799,low_slow_exfiltration,9.5985,2.1237,2.0235,0.0,0.0,0.0,4.0,17.799,0.0,3.0829,17,1.0,personal,78.59,68.77,58.15,42.28,80.0,71.56,69.72
session_adb1ef1b842c,user_052,finance,2026-07-04 12:58:33,2026-07-04 12:58:33,1,0,0,1,1,1,1,1,0,7.055,7.055,0,1,0.0,12.966666666666669,5,1,0,0.0,7.055,low_slow_exfiltration,6.3197,2.3173,2.3607,0.0,0.0,0.0,2.0,3.1239,0.0,1.7913,18,1.0,personal,59.17,42.23,32.75,25.02,20.0,49.59,44.01
session_85ff57d51a76,user_048,developer,2026-07-04 15:32:07,2026-07-04 15:32:07,1,0,0,1,1,1,1,0,0,15.123,15.123,0,1,0.0,15.533333333333331,5,1,0,0.0,15.123,insider_drift,11.3953,2.508,2.5293,0.0,0.0,0.0,4.0,1.2026,0.0,2.2489,21,1.0,personal,67.52,45.39,39.35,32.94,80.0,0.65,53.31
session_8eb9ec1ac7fc,user_079,developer,2026-07-04 16:39:42,2026-07-04 16:39:42,1,0,0,1,1,1,1,0,0,6.025,6.025,0,1,0.0,16.65,5,1,0,0.0,6.025,insider_drift,8.2264,2.1359,2.8666,0.0,0.0,0.0,4.0,6.025,0.0,2.5838,18,1.0,personal,72.53,61.76,55.34,44.51,100.0,33.42,65.79
session_9f886ac4f239,user_020,finance,2026-07-05 02:30:47,2026-07-05 02:35:32,16,16,16,16,4,1,1,0,0,0.0,0.0,0,1,4.75,2.5,6,1,1,1.0,0.0,brute_force,9.0815,3.1895,0.4497,1.0,3.0,0.0,2.0,1.8538,0.0,2.2861,19,1.0,personal,68.12,44.16,32.81,26.28,20.0,53.57,48.31
session_cd017b929925,user_069,hr,2026-07-05 07:19:35,2026-07-05 12:41:35,18,6,0,18,1,1,3,5,0,57.754,16.817,0,0,322.0,7.316666666666666,6,1,0,0.0,3.2085555555555554,normal,0.3475,0.468,0.0,0.0,0.0,0.0,0.0,0.5643,0.0,0.1533,17,1.0,personal,7.38,10.08,11.65,17.88,20.0,0.0,10.5
session_0009127f5075,user_069,hr,2026-07-05 07:45:28,2026-07-05 07:45:28,1,0,0,1,1,1,1,1,0,82.182,82.182,0,0,0.0,7.75,6,1,0,0.0,82.182,normal,0.2355,4.4915,2.8666,0.0,0.0,0.0,2.0,0.557,0.0,1.1278,18,1.0,personal,43.1,26.17,18.68,20.75,20.0,31.49,30.92
session_798d8eab820c,user_058,hr,2026-07-05 07:48:23,2026-07-05 10:19:23,10,4,0,10,1,1,3,3,0,23.41,9.391,0,0,151.0,7.8,6,1,0,0.0,2.341,normal,0.5902,1.0162,0.9443,0.0,0.0,0.0,0.0,1.0092,0.0,0.3955,17,1.0,personal,17.94,19.66,21.33,22.55,0.0,0.0,16.56
session_1b3c0fefbe53,user_029,admin,2026-07-05 07:56:49,2026-07-05 13:45:49,23,6,0,23,1,1,5,0,0,0.0,0.0,6,0,349.0,7.933333333333334,6,1,0,0.0,0.0,normal,0.9443,1.1376,1.349,0.0,0.0,0.0,0.0,0.0,2.0235,0.606,16,1.0,personal,26.14,17.61,24.0,28.37,20.0,0.0,22.41
session_4747572fa7d9,user_012,analyst,2026-07-05 08:06:06,2026-07-05 09:16:06,8,4,0,8,1,1,4,1,0,92.108,21.338,0,0,70.0,8.1,6,1,0,0.0,11.5135,normal,0.511,2.6469,1.8548,0.0,0.0,0.0,0.0,8.5025,0.0,1.5017,21,1.0,personal,52.8,34.51,26.0,20.85,20.0,53.34,38.67
session_adde52376b6f,user_043,hr,2026-07-05 08:14:17,2026-07-05 14:03:17,25,4,0,25,1,1,3,11,0,132.978,21.913,0,0,349.0,8.233333333333333,6,1,0,0.0,5.319120000000001,normal,0.2529,1.2048,1.7344,0.0,0.0,0.0,0.0,2.8874,0.0,0.6755,20,1.0,personal,28.66,21.45,18.69,22.91,20.0,0.0,22.85
session_56098550f31d,user_034,finance,2026-07-05 08:18:18,2026-07-05 11:10:18,12,2,0,12,1,1,3,3,3,56.424,14.449,0,0,172.0,8.3,6,1,0,0.0,4.702,normal,0.8846,0.6187,0.5902,0.0,0.0,0.0,0.0,0.4549,0.0,0.2832,18,1.0,personal,13.2,14.98,18.99,20.82,20.0,0.0,15.21
session_d67659a71f4d,user_045,admin,2026-07-05 08:20:32,2026-07-05 11:19:32,11,3,0,11,1,1,4,0,0,0.0,0.0,3,0,179.0,8.333333333333334,6,1,0,0.0,0.0,normal,0.0778,1.045,1.349,0.0,0.0,0.0,1.0,0.0,0.0,0.3858,17,1.0,personal,17.54,20.29,28.21,28.91,40.0,0.0,22.2
session_262e9262d942,user_011,analyst,2026-07-05 08:23:32,2026-07-05 11:12:32,13,4,0,13,1,1,4,3,0,24.461,9.344,0,0,169.0,8.383333333333333,6,1,0,0.0,1.8816153846153845,normal,0.7735,0.6664,0.3068,0.0,0.0,0.0,0.0,0.5729,0.0,0.2577,14,0.9333,hybrid,12.09,12.05,17.78,23.81,20.0,0.0,14.29
session_57558bb84f48,user_013,hr,2026-07-05 08:39:24,2026-07-05 12:09:24,10,2,0,10,1,1,3,4,0,18.24,4.977,0,0,210.0,8.65,6,1,0,0.0,1.8240000000000005,normal,0.4216,1.2862,3.0352,0.0,0.0,0.0,0.0,0.4788,0.0,0.5802,17,1.0,personal,25.18,25.4,26.13,25.05,20.0,3.26,23.74
session_91e17d6a4ac9,user_036,developer,2026-07-05 08:50:19,2026-07-05 14:11:19,21,3,0,21,1,1,5,0,0,0.0,0.0,0,0,321.0,8.833333333333334,6,1,0,0.0,0.0,normal,1.1062,1.1924,1.349,0.0,0.0,0.0,0.0,0.0,0.0,0.4053,22,1.0,personal,18.34,18.7,19.7,22.12,20.0,0.0,18.24
session_184eef2b4c71,user_049,analyst,2026-07-05 09:01:29,2026-07-05 11:46:29,11,3,0,11,1,1,3,2,0,8.266,5.963,0,0,165.0,9.016666666666667,6,1,0,0.0,0.7514545454545455,normal,0.1799,0.9636,0.8094,0.0,0.0,0.0,1.0,1.1489,0.0,0.4558,17,1.0,personal,20.38,23.29,28.71,29.44,40.0,0.0,24.06
session_41a524d48539,user_054,developer,2026-07-05 09:11:51,2026-07-05 14:29:51,19,5,0,19,1,1,5,0,0,0.0,0.0,0,0,318.0,9.183333333333334,6,1,0,0.0,0.0,normal,1.6267,0.9525,0.4905,0.0,0.0,0.0,0.0,0.0,0.0,0.3411,16,1.0,personal,15.68,19.15,22.01,22.77,20.0,0.0,17.68
session_57e0db907859,user_028,developer,2026-07-05 09:16:31,2026-07-05 10:28:31,7,2,0,7,1,1,4,0,0,69.129,12.488,0,0,72.0,9.266666666666667,6,1,0,0.0,9.87557142857143,normal,0.2998,1.7254,0.9443,0.0,0.0,0.0,1.0,69.129,0.0,1.5522,19,1.0,personal,53.98,34.95,24.51,25.28,40.0,0.0,38.79
session_1d02ee39eaa8,user_014,hr,2026-07-05 09:32:44,2026-07-05 14:47:44,19,7,0,19,1,1,3,3,0,22.502,8.166,0,0,315.0,9.533333333333331,6,1,0,0.0,1.1843157894736844,normal,0.7918,0.1016,0.2698,0.0,0.0,0.0,0.0,0.1643,0.0,0.1475,15,1.0,personal,7.11,20.24,27.16,28.75,40.0,5.02,18.09
session_80ba86c83432,user_051,analyst,2026-07-05 09:40:50,2026-07-05 11:55:50,9,2,0,9,1,1,4,4,0,17.211,4.979,0,0,135.0,9.666666666666666,6,1,0,0.0,1.9123333333333328,normal,0.3035,1.0632,1.1242,0.0,0.0,0.0,0.0,0.8015,0.0,0.3658,16,1.0,personal,16.71,13.36,14.68,16.62,0.0,0.0,13.22
session_d999e78d2408,user_028,developer,2026-07-05 09:42:25,2026-07-05 09:43:45,4,4,3,4,1,1,1,0,0,0.0,0.0,0,0,1.3333333333333333,9.7,6,1,0,0.75,0.0,normal,0.441,2.5425,1.4239,0.75,0.0,0.0,4.0,0.0,0.0,1.0175,20,1.0,personal,39.88,40.73,28.31,26.97,40.0,61.24,38.1
session_f6c28840ce76,user_063,finance,2026-07-05 09:45:21,2026-07-05 15:14:21,21,7,0,21,1,1,3,4,5,66.664,15.288,0,0,329.0,9.75,6,1,0,0.0,3.1744761904761907,normal,0.4095,0.6512,0.8993,0.0,0.0,0.0,0.0,1.2051,0.0,0.3517,19,1.0,personal,16.13,19.63,19.44,17.91,0.0,13.82,15.77
session_f5146fb9f8db,user_010,finance,2026-07-05 10:49:49,2026-07-05 10:49:49,1,0,0,1,1,1,1,1,0,28.591,28.591,0,0,0.0,10.816666666666666,6,1,0,0.0,28.591,normal,1.5046,2.0508,1.6084,0.0,0.0,0.0,2.0,0.3732,0.0,0.8374,18,1.0,personal,34.21,28.05,26.92,24.55,20.0,22.44,28.91
session_dfaa4afb4e81,user_062,hr,2026-07-05 10:54:24,2026-07-05 13:30:24,11,2,0,11,1,1,3,2,0,33.004000000000005,22.861,0,0,156.0,10.9,6,1,0,0.0,3.000363636363637,normal,1.561,2.7178,1.1804,0.0,0.0,0.0,0.0,0.8078,0.0,0.6963,15,1.0,personal,29.4,26.63,31.44,29.37,40.0,3.1,28.89
session_d5443a6e4c79,user_026,analyst,2026-07-05 11:01:00,2026-07-05 13:45:00,13,3,0,13,1,1,4,2,0,14.478,7.584,0,0,164.0,11.016666666666667,6,1,0,0.0,1.1136923076923078,normal,1.5339,1.2088,0.5396,0.0,0.0,0.0,0.0,1.0803,0.0,0.4847,18,1.0,personal,21.52,16.69,16.95,21.52,0.0,11.9,17.24
session_4591da0aee56,user_033,developer,2026-07-05 11:20:19,2026-07-05 15:13:19,21,3,0,21,1,1,5,0,0,0.0,0.0,0,0,233.0,11.333333333333334,6,1,0,0.0,0.0,normal,2.6355,1.6536,0.1349,0.0,0.0,0.0,0.0,0.0,0.0,0.4916,16,1.0,personal,21.79,20.13,17.54,15.58,0.0,14.1,17.64
session_39f80e1cc8d7,user_040,finance,2026-07-05 13:15:04,2026-07-05 13:15:04,1,0,0,1,1,1,1,0,0,14.17,14.17,0,1,0.0,13.25,6,1,0,0.0,14.17,insider_drift,7.5621,1.8172,2.1734,0.0,0.0,0.0,2.0,2.7337,0.0,1.8096,20,1.0,personal,59.54,40.1,29.29,24.92,40.0,28.86,44.16
session_1a7d1fc0082b,user_027,developer,2026-07-05 13:39:20,2026-07-05 13:39:20,1,0,0,1,1,1,1,1,0,20.567,20.567,0,1,0.0,13.65,6,1,0,0.0,20.567,low_slow_exfiltration,12.8672,2.1237,2.0235,0.0,0.0,0.0,4.0,20.567,0.0,3.1275,17,1.0,personal,79.07,78.91,65.17,47.93,100.0,50.51,74.5
session_0e3dda79e761,user_052,finance,2026-07-05 14:21:55,2026-07-05 14:21:55,1,0,0,1,1,1,1,1,0,9.112,9.112,0,1,0.0,14.35,6,1,0,0.0,9.112,low_slow_exfiltration,8.7537,2.3173,2.3607,0.0,0.0,0.0,2.0,2.9798,0.0,2.0457,18,1.0,personal,64.04,55.76,41.82,30.35,40.0,77.22,53.94
session_73d4d0bb1e45,user_048,developer,2026-07-05 15:41:40,2026-07-05 15:41:40,1,0,0,1,1,1,1,0,0,17.644,17.644,0,1,0.0,15.683333333333334,6,1,0,0.0,17.644,insider_drift,11.7148,2.508,2.5293,0.0,0.0,0.0,4.0,1.4031,0.0,2.2712,21,1.0,personal,67.88,56.69,46.5,37.69,80.0,66.02,60.54
session_ee5de16cfb90,user_048,developer,2026-07-06 03:30:57,2026-07-06 03:37:11,23,23,23,23,4,1,1,0,0,0.0,0.0,0,1,6.233333333333333,3.5,0,0,1,1.0,0.0,brute_force,14.2353,2.4487,1.1804,1.0,3.0,0.0,4.0,0.0,0.0,2.4032,21,1.0,personal,69.93,68.84,54.01,42.24,100.0,50.86,66.61
session_b2da87e82665,user_022,developer,2026-07-06 07:10:02,2026-07-06 10:45:02,16,3,0,16,1,1,5,0,0,0.0,0.0,0,0,215.0,7.166666666666667,0,0,0,0.0,0.0,normal,1.7362,0.8104,0.6745,0.0,0.0,0.0,0.0,0.0,0.0,0.3579,20,1.0,personal,16.39,17.44,23.42,19.91,40.0,4.85,19.79
session_4746fe118d3d,user_042,developer,2026-07-06 07:18:53,2026-07-06 12:08:53,19,4,0,19,1,1,4,0,0,0.0,0.0,0,0,290.0,7.3,0,0,0,0.0,0.0,normal,1.4473,0.3372,0.1124,0.0,0.0,0.0,1.0,0.0,0.0,0.3219,18,1.0,personal,14.87,12.76,12.85,18.08,0.0,0.0,12.23
session_74decc24fe41,user_040,finance,2026-07-06 07:24:04,2026-07-06 14:13:04,22,8,0,22,1,1,3,1,5,69.627,15.117,0,0,409.0,7.4,0,0,0,0.0,3.164863636363636,normal,1.5435,1.4283,0.9743,0.0,0.0,0.0,0.0,0.8835,0.0,0.5366,20,1.0,personal,23.53,36.19,28.58,25.09,20.0,42.21,27.56
session_a0f28e2a10e7,user_024,hr,2026-07-06 07:30:06,2026-07-06 09:42:06,12,2,0,12,1,1,3,3,0,66.411,23.771,0,0,132.0,7.5,0,0,0,0.0,5.53425,normal,1.4581,1.7368,1.1563,0.0,0.0,0.0,0.0,1.3612,0.0,0.6347,16,1.0,personal,27.19,26.05,23.28,20.84,0.0,12.3,22.28
session_7c09b1c36696,user_058,hr,2026-07-06 07:40:24,2026-07-06 10:42:24,13,2,0,13,1,1,3,4,0,50.642,22.465,0,0,182.0,7.666666666666667,0,0,0,0.0,3.895538461538461,normal,0.6452,0.6623,0.4721,0.0,0.0,0.0,0.0,0.1857,0.0,0.2184,18,1.0,personal,10.34,14.84,18.54,21.18,0.0,0.0,12.01
session_030a36bdb52c,user_029,admin,2026-07-06 07:44:19,2026-07-06 10:39:19,12,4,0,12,1,1,5,0,0,0.0,0.0,2,0,175.0,7.733333333333333,0,0,0,0.0,0.0,normal,1.2141,0.4269,0.5059,0.0,0.0,0.0,0.0,0.0,0.6745,0.3135,17,1.0,personal,14.51,17.66,21.6,26.5,20.0,0.0,17.23
session_d8bf553ff0b0,user_050,developer,2026-07-06 07:46:31,2026-07-06 12:10:31,17,6,0,17,1,1,5,0,0,0.0,0.0,0,0,264.0,7.766666666666667,0,0,0,0.0,0.0,normal,0.6132,0.2192,0.2248,0.0,0.0,0.0,0.0,0.0,0.0,0.1175,20,1.0,personal,5.71,8.43,19.97,20.73,20.0,0.0,11.04
session_1a8351d12776,user_012,analyst,2026-07-06 07:49:45,2026-07-06 11:12:45,14,4,0,14,1,1,3,6,0,22.281,4.678,0,0,203.0,7.816666666666666,0,0,0,0.0,1.5915,normal,0.9703,0.6887,0.7494,0.0,0.0,0.0,1.0,0.083,0.0,0.3879,22,1.0,personal,17.63,28.68,25.24,20.68,20.0,31.45,22.21
session_f350f9635733,user_078,developer,2026-07-06 07:56:33,2026-07-06 14:35:33,24,5,0,24,1,1,5,0,0,0.0,0.0,0,0,399.0,7.933333333333334,0,0,0,0.0,0.0,normal,2.7998,1.7315,2.4731,0.0,0.0,0.0,0.0,0.0,0.0,0.7783,16,1.0,personal,32.24,26.43,21.59,21.85,0.0,24.03,24.8
session_4e0fb15c1836,user_039,developer,2026-07-06 08:03:13,2026-07-06 13:41:13,21,5,0,21,1,1,5,0,0,0.0,0.0,0,0,338.0,8.05,0,0,0,0.0,0.0,normal,2.698,0.2361,0.3372,0.0,0.0,0.0,0.0,0.0,0.0,0.3635,17,1.0,personal,16.62,13.94,15.92,19.34,20.0,0.0,15.76
session_b9df860141e3,user_020,finance,2026-07-06 08:04:57,2026-07-06 08:22:57,7,2,0,7,1,7,2,3,0,72.75,18.781,0,1,18.0,8.066666666666666,0,0,0,0.0,10.392857142857142,device_spoofing,1.0358,2.9993,1.5738,0.0,0.0,6.0,1.0,0.2787,0.0,1.432,19,1.0,personal,51.13,51.57,38.73,29.78,40.0,69.5,47.03
session_5c7634ea9e19,user_043,hr,2026-07-06 08:08:42,2026-07-06 13:03:42,21,3,0,21,1,1,3,5,0,43.413,11.864,0,0,295.0,8.133333333333333,0,0,0,0.0,2.067285714285714,normal,0.3997,0.5821,0.8431,0.0,0.0,0.0,0.0,0.2101,0.0,0.2261,21,1.0,personal,10.69,17.45,16.38,21.27,0.0,7.97,12.75
session_adb3e0d11834,user_064,finance,2026-07-06 08:10:47,2026-07-06 13:18:47,19,4,0,19,1,1,3,4,0,73.429,27.661,0,0,308.0,8.166666666666666,0,0,0,0.0,3.864684210526316,normal,0.1079,0.2398,0.0749,0.0,0.0,0.0,0.0,0.9639,0.0,0.1541,16,1.0,personal,7.42,8.17,16.21,19.06,20.0,0.0,10.94
session_c869e5cbf552,user_077,admin,2026-07-06 08:12:52,2026-07-06 10:26:52,11,4,0,11,1,1,5,0,0,0.0,0.0,2,0,134.0,8.2,0,0,0,0.0,0.0,normal,0.4344,1.8267,0.8431,0.0,0.0,0.0,0.0,0.0,0.0,0.3449,16,1.0,personal,15.84,18.3,18.06,23.12,0.0,0.0,15.02
session_878952bf623d,user_045,admin,2026-07-06 08:13:23,2026-07-06 10:50:23,10,4,0,10,1,1,5,0,0,0.0,0.0,1,0,157.0,8.216666666666667,0,0,0,0.0,0.0,normal,0.2293,1.2104,1.638,0.0,0.0,0.0,0.0,0.0,1.349,0.4919,18,1.0,personal,21.8,21.57,25.25,28.19,40.0,0.0,23.64
session_2a0ee32d6225,user_069,hr,2026-07-06 08:23:15,2026-07-06 15:19:15,24,6,0,24,1,1,3,6,0,74.041,16.562,0,0,416.0,8.383333333333333,0,0,0,0.0,3.0850416666666667,normal,1.0567,1.7619,1.0117,0.0,0.0,0.0,0.0,0.1784,0.0,0.4454,19,1.0,personal,19.96,25.58,19.78,20.53,20.0,29.77,21.61
session_7d9f1a2891ae,user_005,hr,2026-07-06 08:25:09,2026-07-06 11:07:09,10,4,0,10,1,1,3,2,0,7.663,5.442,0,0,162.0,8.416666666666666,0,0,0,0.0,0.7663,normal,2.2595,0.7431,0.8431,0.0,0.0,0.0,0.0,0.4282,0.0,0.4749,19,1.0,personal,21.14,18.51,16.91,16.08,0.0,11.44,16.87
session_64519e4a9ae2,user_020,finance,2026-07-06 08:25:34,2026-07-06 11:42:34,16,2,0,16,1,1,3,4,4,133.043,31.667,0,0,197.0,8.416666666666666,0,0,0,0.0,8.3151875,normal,0.53,0.4305,0.4497,0.0,0.0,0.0,0.0,1.0267,0.0,0.2708,19,1.0,personal,12.66,34.73,33.95,28.2,40.0,28.61,25.35
session_ea725698699b,user_023,developer,2026-07-06 08:33:50,2026-07-06 12:41:50,18,4,0,18,1,1,5,0,0,0.0,0.0,0,0,248.0,8.55,0,0,0,0.0,0.0,normal,1.5578,0.2395,0.5621,0.0,0.0,0.0,0.0,0.0,0.0,0.2622,20,1.0,personal,12.29,11.18,13.66,18.36,20.0,0.0,13.04
session_0567c2ce3739,user_018,developer,2026-07-06 08:34:59,2026-07-06 13:34:59,18,7,0,18,1,1,5,0,0,0.0,0.0,0,0,300.0,8.566666666666666,0,0,0,0.0,0.0,normal,0.7264,0.8198,0.6745,0.0,0.0,0.0,0.0,0.0,0.0,0.2467,21,1.0,personal,11.6,10.93,16.0,20.21,20.0,0.0,13.25
session_8687db9a7b6c,user_052,finance,2026-07-06 08:36:17,2026-07-06 13:19:17,17,1,0,17,1,1,3,7,5,69.309,8.645,0,0,283.0,8.6,0,0,0,0.0,4.077,normal,1.3636,0.0248,0.2023,0.0,0.0,0.0,0.0,1.2377,0.0,0.3143,18,1.0,personal,14.54,38.48,36.93,29.09,40.0,36.66,27.79
session_0613d9acda82,user_009,developer,2026-07-06 08:37:51,2026-07-06 11:55:51,14,2,0,14,1,1,5,0,0,0.0,0.0,0,0,198.0,8.616666666666667,0,0,0,0.0,0.0,normal,0.4818,2.1391,1.349,0.0,0.0,0.0,0.0,0.0,0.0,0.4411,19,1.0,personal,19.79,23.98,22.59,21.83,40.0,0.0,22.29
session_462d2e545203,user_021,finance,2026-07-06 08:38:39,2026-07-06 14:04:39,21,6,0,21,1,1,3,6,3,42.824000000000005,7.397,0,0,326.0,8.633333333333333,0,0,0,0.0,2.039238095238096,normal,0.1899,0.523,0.9083,0.0,0.0,0.0,0.0,0.8553,0.0,0.2752,13,0.8667,hybrid,12.86,10.1,19.87,24.27,40.0,0.0,16.57
session_14252fef3fa0,user_006,analyst,2026-07-06 08:38:43,2026-07-06 11:17:43,13,3,0,13,1,1,4,3,0,40.41,14.762,0,0,159.0,8.633333333333333,0,0,0,0.0,3.108461538461538,normal,0.2485,0.4545,0.1349,0.0,0.0,0.0,0.0,0.522,0.0,0.1511,21,1.0,personal,7.28,12.78,17.54,18.42,20.0,0.77,11.98
session_fc496dff2a5c,user_051,analyst,2026-07-06 08:38:52,2026-07-06 12:38:52,13,4,0,13,1,1,4,1,0,6.083,6.083,0,0,240.0,8.633333333333333,0,0,0,0.0,0.4679230769230769,normal,1.2436,0.2326,0.5059,0.0,0.0,0.0,0.0,1.6187,0.0,0.4001,17,1.0,personal,18.13,16.01,15.44,16.54,0.0,0.0,14.42
session_ff50ccded7ae,user_007,developer,2026-07-06 08:39:25,2026-07-06 15:12:25,25,7,0,25,1,1,5,0,0,0.0,0.0,0,0,393.0,8.65,0,0,0,0.0,0.0,normal,0.3818,1.1634,1.1037,0.0,0.0,0.0,0.0,0.0,0.0,0.2943,18,1.0,personal,13.68,12.33,14.37,18.86,20.0,0.0,13.98
session_43abee8a01c9,user_034,finance,2026-07-06 08:39:31,2026-07-06 13:13:31,17,4,0,17,1,1,3,2,2,29.648000000000003,13.755,0,0,274.0,8.65,0,0,0,0.0,1.7440000000000002,normal,0.3162,0.3679,0.3372,0.0,0.0,0.0,0.0,0.5573,0.0,0.1754,19,1.0,personal,8.4,12.07,15.38,19.19,20.0,0.0,12.0
session_e69b301ad5f3,user_030,hr,2026-07-06 08:43:20,2026-07-06 12:56:20,15,6,0,15,1,1,3,3,0,34.466,14.594,0,0,253.0,8.716666666666667,0,0,0,0.0,2.2977333333333334,normal,2.4936,0.6615,0.7708,0.0,0.0,0.0,0.0,0.7203,0.0,0.5162,22,1.0,personal,22.75,25.17,24.19,24.57,20.0,10.04,22.72
session_85b53b377a4b,user_015,finance,2026-07-06 08:45:39,2026-07-06 10:24:39,9,4,0,9,1,1,3,2,0,7.475,4.118,0,0,99.0,8.75,0,0,0,0.0,0.8305555555555556,normal,1.8938,1.3389,1.0492,0.0,0.0,0.0,0.0,0.9004,0.0,0.5758,16,1.0,personal,25.02,18.27,21.92,22.99,20.0,0.0,21.25
session_96ebdbcaa4f2,user_057,developer,2026-07-06 08:51:24,2026-07-06 12:49:24,21,5,0,21,1,1,5,0,0,0.0,0.0,0,0,238.0,8.85,0,0,0,0.0,0.0,normal,0.284,0.3469,1.8886,0.0,0.0,0.0,0.0,0.0,0.0,0.2799,16,1.0,personal,13.06,21.27,20.46,18.39,20.0,22.48,17.51
session_64f499823c43,user_026,analyst,2026-07-06 08:53:31,2026-07-06 13:10:31,18,5,0,18,1,1,4,3,0,25.895,13.012,0,0,257.0,8.883333333333333,0,0,0,0.0,1.438611111111111,normal,1.3265,0.4047,1.0117,0.0,0.0,0.0,0.0,0.1543,0.0,0.3219,19,1.0,personal,14.87,15.87,16.73,20.27,0.0,11.3,14.22
session_a9a11fd08f4f,user_017,admin,2026-07-06 08:58:45,2026-07-06 14:17:45,20,4,0,20,1,1,5,0,0,0.0,0.0,3,0,319.0,8.966666666666667,0,0,0,0.0,0.0,normal,1.0792,0.7547,1.4839,0.0,0.0,0.0,0.0,0.0,0.6745,0.4436,20,1.0,personal,19.89,22.1,24.88,25.56,20.0,0.0,20.67
session_d30c8cb7c5e7,user_001,finance,2026-07-06 09:05:34,2026-07-06 11:39:34,11,5,0,11,1,1,3,1,1,24.038,13.738,0,0,154.0,9.083333333333334,0,0,0,0.0,2.185272727272728,normal,0.6464,0.7565,0.6745,0.0,0.0,0.0,0.0,0.8095,0.0,0.3208,19,1.0,personal,14.82,11.41,15.1,18.79,20.0,0.0,14.35
session_d680351d10fe,user_056,hr,2026-07-06 09:08:12,2026-07-06 15:02:12,21,8,0,21,1,1,3,4,0,102.694,38.105,0,0,354.0,9.133333333333333,0,0,0,0.0,4.890190476190476,normal,0.6745,0.9274,0.4047,0.0,0.0,0.0,0.0,0.2466,0.0,0.2504,19,1.0,personal,11.77,10.45,13.87,18.71,0.0,0.0,10.75
session_e81932c87f4c,user_070,admin,2026-07-06 09:08:55,2026-07-06 14:05:55,19,8,0,19,1,1,5,0,0,0.0,0.0,4,0,297.0,9.133333333333333,0,0,0,0.0,0.0,normal,0.2123,0.3923,0.5396,0.0,0.0,0.0,0.0,0.0,0.6745,0.2021,22,1.0,personal,9.61,16.27,16.75,17.07,0.0,1.19,11.38
session_bd6f8486edbe,user_067,analyst,2026-07-06 09:08:55,2026-07-06 11:39:55,12,2,0,12,1,1,4,5,0,69.606,21.528,0,0,151.0,9.133333333333333,0,0,0,0.0,5.8005,normal,0.4684,0.319,0.4216,0.0,0.0,0.0,0.0,1.331,0.0,0.2822,18,1.0,personal,13.16,18.24,20.06,22.2,20.0,0.0,16.14
session_e77c25f42aff,user_025,hr,2026-07-06 09:12:13,2026-07-06 11:29:13,11,1,0,11,1,1,3,2,0,3.233,1.853,0,0,137.0,9.2,0,0,0,0.0,0.2939090909090909,normal,0.803,0.7056,0.6745,0.0,0.0,0.0,0.0,1.1658,0.0,0.3721,21,1.0,personal,16.98,18.79,26.23,34.62,40.0,0.0,21.95
session_e372ec08450d,user_010,finance,2026-07-06 09:17:04,2026-07-06 15:30:04,24,9,0,24,1,1,3,4,5,68.738,11.679,0,0,373.0,9.283333333333331,0,0,0,0.0,2.8640833333333333,normal,0.5589,0.7994,1.0117,0.0,0.0,0.0,0.0,2.0639,0.0,0.4927,19,1.0,personal,21.84,25.77,26.21,24.35,20.0,1.9,22.35
session_832b19bee4f3,user_016,developer,2026-07-06 09:23:55,2026-07-06 13:05:55,14,3,0,14,1,1,4,0,0,0.0,0.0,0,0,222.0,9.383333333333333,0,0,0,0.0,0.0,normal,1.5738,0.7843,0.9443,0.0,0.0,0.0,1.0,0.0,0.0,0.478,18,1.0,personal,21.26,31.44,31.55,26.06,40.0,0.0,26.13
session_b2f2dfdc91bf,user_037,developer,2026-07-06 09:25:41,2026-07-06 14:27:41,20,4,0,20,1,1,5,0,0,0.0,0.0,0,0,302.0,9.416666666666666,0,0,0,0.0,0.0,normal,0.4047,0.0562,0.2248,0.0,0.0,0.0,0.0,0.0,0.0,0.0762,19,1.0,personal,3.74,23.16,23.11,21.84,40.0,0.0,15.78
session_62bc764a7e4a,user_072,hr,2026-07-06 09:28:52,2026-07-06 13:39:52,16,3,0,16,1,1,3,2,0,33.487,21.414,0,0,251.0,9.466666666666669,0,0,0,0.0,2.0929375,normal,0.6745,0.0237,0.3747,0.0,0.0,0.0,0.0,0.4862,0.0,0.1732,20,1.0,personal,8.3,20.91,19.71,20.4,20.0,10.43,15.02
session_3d650b62f393,user_059,analyst,2026-07-06 09:29:58,2026-07-06 14:05:58,21,5,0,21,1,1,4,6,0,68.399,17.987,0,0,276.0,9.483333333333333,0,0,0,0.0,3.2570952380952383,normal,0.1168,0.168,0.5171,0.0,0.0,0.0,0.0,2.7397,0.0,0.3935,14,0.9333,hybrid,17.86,23.28,23.73,24.1,20.0,0.0,19.77
session_cb56716d99db,user_075,developer,2026-07-06 09:30:48,2026-07-06 14:56:48,17,6,0,17,1,1,5,0,0,0.0,0.0,0,0,326.0,9.5,0,0,0,0.0,0.0,normal,0.3113,0.6492,0.0,0.0,0.0,0.0,0.0,0.0,0.0,0.1067,15,1.0,personal,5.2,6.55,17.21,21.68,40.0,0.0,12.14
session_3dd891374a58,user_011,analyst,2026-07-06 09:31:09,2026-07-06 13:58:09,16,8,0,16,1,1,3,0,0,0.0,0.0,0,0,267.0,9.516666666666667,0,0,0,0.0,0.0,normal,2.6016,0.4025,0.1686,0.0,0.0,0.0,1.0,1.9009,0.0,0.6748,15,1.0,personal,28.64,20.21,19.3,24.26,20.0,0.0,22.82
session_25d893a41237,user_044,developer,2026-07-06 09:32:27,2026-07-06 12:45:27,14,2,0,14,1,1,5,0,0,0.0,0.0,0,0,193.0,9.533333333333331,0,0,0,0.0,0.0,normal,1.3209,1.2672,0.5059,0.0,0.0,0.0,0.0,0.0,0.0,0.3438,19,1.0,personal,15.79,17.99,14.37,13.94,0.0,17.92,14.36
session_92068801f632,user_061,analyst,2026-07-06 09:34:11,2026-07-06 14:57:11,22,6,0,22,1,1,4,6,0,28.586,7.341,0,0,323.0,9.566666666666666,0,0,0,0.0,1.2993636363636365,normal,0.4364,0.5621,0.8094,0.0,0.0,0.0,0.0,0.4227,0.0,0.2478,19,1.0,personal,11.65,11.64,16.96,20.26,20.0,0.0,13.56
session_d57d954c2c9f,user_065,hr,2026-07-06 09:37:52,2026-07-06 12:53:52,11,1,0,11,1,1,3,2,0,16.822000000000003,8.624,0,0,196.0,9.616666666666667,0,0,0,0.0,1.5292727272727276,normal,0.3978,1.1314,1.2141,0.0,0.0,0.0,0.0,1.1979,0.0,0.4379,20,1.0,personal,19.66,14.98,18.42,19.78,20.0,0.0,17.6
session_68a8d64f56e1,user_019,developer,2026-07-06 09:41:03,2026-07-06 15:44:03,22,9,0,22,1,1,5,0,0,0.0,0.0,0,0,363.0,9.683333333333334,0,0,0,0.0,0.0,normal,0.6588,0.6594,0.4818,0.0,0.0,0.0,0.0,0.0,0.0,0.2,18,1.0,personal,9.52,22.55,22.51,19.37,20.0,3.84,15.82
session_5b25f9212d4d,user_060,developer,2026-07-06 09:41:33,2026-07-06 13:53:33,16,3,0,16,1,1,5,0,0,0.0,0.0,0,0,252.0,9.683333333333334,0,0,0,0.0,0.0,normal,1.349,0.6508,0.4818,0.0,0.0,0.0,0.0,0.0,0.0,0.2757,20,1.0,personal,12.88,29.17,23.85,22.24,20.0,37.41,20.66
session_0707093385b9,user_013,hr,2026-07-06 09:43:23,2026-07-06 14:19:23,16,6,0,16,1,1,3,2,0,6.9670000000000005,4.448,0,0,276.0,9.716666666666669,0,0,0,0.0,0.4354375,normal,0.9696,0.1993,0.8094,0.0,0.0,0.0,0.0,1.0316,0.0,0.3344,18,1.0,personal,15.4,21.26,23.53,24.0,20.0,0.0,18.34
session_add94bf23db2,user_054,developer,2026-07-06 09:43:29,2026-07-06 09:55:29,2,2,0,2,2,2,1,0,0,0.0,0.0,0,1,12.0,9.716666666666669,0,0,0,0.0,0.0,impossible_travel,0.2777,1.7874,1.7537,0.0,1.0,1.0,4.0,0.0,0.0,1.091,17,1.0,personal,42.04,30.6,26.55,25.23,40.0,14.87,34.19
session_bb3ec5bc8e5a,user_031,developer,2026-07-06 09:45:59,2026-07-06 11:08:59,9,1,0,9,1,1,4,0,0,0.0,0.0,0,0,83.0,9.75,0,0,0,0.0,0.0,normal,0.2069,1.4121,1.1466,0.0,0.0,0.0,1.0,0.0,0.0,0.4184,20,1.0,personal,18.88,17.44,20.73,19.81,20.0,0.0,18.13
session_bd71067a064d,user_048,developer,2026-07-06 09:47:00,2026-07-06 14:16:00,17,10,0,17,1,1,5,0,0,0.0,0.0,0,0,269.0,9.783333333333331,0,0,0,0.0,0.0,normal,0.852,0.0475,0.1686,0.0,0.0,0.0,0.0,0.0,0.0,0.1187,21,1.0,personal,5.76,37.5,43.22,38.68,80.0,29.29,29.62
session_d20c2ff8f6a3,user_033,developer,2026-07-06 09:49:07,2026-07-06 15:13:07,25,6,0,25,1,1,5,0,0,0.0,0.0,0,0,324.0,9.816666666666666,0,0,0,0.0,0.0,normal,0.0899,0.4787,1.349,0.0,0.0,0.0,0.0,0.0,0.0,0.2131,17,1.0,personal,10.11,16.09,16.03,15.09,0.0,0.0,11.17
session_81c1c1461a1b,user_049,analyst,2026-07-06 09:49:17,2026-07-06 11:10:17,9,2,0,9,1,1,3,2,0,5.636,3.687,0,0,81.0,9.816666666666666,0,0,0,0.0,0.6262222222222222,normal,0.91,1.3082,0.8768,0.0,0.0,0.0,1.0,1.1983,0.0,0.5881,18,1.0,personal,25.48,22.94,27.7,28.76,40.0,0.0,25.81
session_c4eebe09a8d6,user_004,developer,2026-07-06 09:55:39,2026-07-06 15:20:39,23,7,0,23,1,1,5,0,0,0.0,0.0,0,0,325.0,9.916666666666666,0,0,0,0.0,0.0,normal,0.3372,1.1164,1.6862,0.0,0.0,0.0,0.0,0.0,0.0,0.3489,17,1.0,personal,16.01,22.59,18.27,16.11,20.0,23.08,18.43
session_5ebd37fd33df,user_014,hr,2026-07-06 10:03:00,2026-07-06 16:33:00,23,8,0,23,1,1,3,7,0,67.789,12.098,0,0,390.0,10.05,0,0,0,0.0,2.947347826086957,normal,1.3939,0.9783,0.7494,0.0,0.0,0.0,0.0,4.5914,0.0,0.857,16,1.0,personal,34.85,23.64,29.21,29.65,40.0,0.0,30.02
session_3ab3beb281e9,user_038,developer,2026-07-06 10:03:48,2026-07-06 12:50:48,11,3,0,11,1,1,5,0,0,0.0,0.0,0,0,167.0,10.05,0,0,0,0.0,0.0,normal,1.9941,1.4689,1.349,0.0,0.0,0.0,0.0,0.0,0.0,0.5347,19,1.0,personal,23.46,20.31,15.67,14.86,0.0,24.27,18.5
session_3dacf9d836ae,user_036,developer,2026-07-06 10:04:49,2026-07-06 13:11:49,13,4,0,13,1,1,5,0,0,0.0,0.0,0,0,187.0,10.066666666666666,0,0,0,0.0,0.0,normal,0.8561,0.4378,0.4497,0.0,0.0,0.0,0.0,0.0,0.0,0.1937,23,1.0,personal,9.23,14.56,16.13,20.54,0.0,0.0,11.08
session_d33b2999f664,user_055,analyst,2026-07-06 10:20:12,2026-07-06 13:19:12,12,6,0,12,1,1,4,1,0,15.705,15.705,0,0,179.0,10.333333333333334,0,0,0,0.0,1.30875,normal,0.2453,0.6847,1.1242,0.0,0.0,0.0,0.0,2.1434,0.0,0.4664,19,1.0,personal,20.8,21.21,19.62,22.75,0.0,0.0,17.78
session_7d4b7da8dd6d,user_041,finance,2026-07-06 10:21:27,2026-07-06 13:25:27,11,6,0,11,1,1,3,2,2,84.66300000000001,28.076,0,0,184.0,10.35,0,0,0,0.0,7.696636363636364,normal,0.7369,0.4162,0.6745,0.0,0.0,0.0,0.0,0.7218,0.0,0.2833,20,1.0,personal,13.21,15.57,21.33,23.38,60.0,0.0,19.93
session_4e4bdc47e2bd,user_047,developer,2026-07-06 10:25:13,2026-07-06 16:31:13,24,4,0,24,1,1,5,0,0,0.0,0.0,0,0,366.0,10.416666666666666,0,0,0,0.0,0.0,normal,0.8875,0.782,0.8431,0.0,0.0,0.0,0.0,0.0,0.0,0.2792,18,1.0,personal,13.03,19.98,18.1,19.3,20.0,23.76,17.04
session_fe9cf6e72aec,user_054,developer,2026-07-06 10:29:05,2026-07-06 13:59:05,16,7,0,16,1,1,5,0,0,0.0,0.0,0,0,210.0,10.483333333333333,0,0,0,0.0,0.0,normal,1.5474,0.118,0.1349,0.0,0.0,0.0,0.0,0.0,0.0,0.2,17,1.0,personal,9.52,21.38,22.67,23.46,40.0,1.3,17.89
session_ff6d1f91bd78,user_028,developer,2026-07-06 10:31:15,2026-07-06 12:33:15,10,3,0,10,1,1,5,0,0,0.0,0.0,0,0,122.0,10.516666666666667,0,0,0,0.0,0.0,normal,1.6343,0.7009,0.5059,0.0,0.0,0.0,0.0,0.0,0.0,0.3157,21,1.0,personal,14.6,29.59,26.42,25.23,40.0,48.25,24.66
session_ba3d6875124b,user_032,hr,2026-07-06 10:36:06,2026-07-06 14:36:06,17,4,0,17,1,1,3,1,0,1.525,1.525,0,0,240.0,10.6,0,0,0,0.0,0.0897058823529411,normal,3.0612,0.3324,0.3372,0.0,0.0,0.0,0.0,2.0787,0.0,0.6455,17,1.0,personal,27.58,25.05,23.46,22.26,0.0,0.07,21.79
session_8dd9f741925a,user_002,finance,2026-07-06 10:50:56,2026-07-06 14:15:56,14,3,0,14,1,1,3,6,2,81.832,14.985,0,0,205.0,10.833333333333334,0,0,0,0.0,5.845142857142856,normal,0.5439,0.1663,0.1686,0.0,0.0,0.0,0.0,1.126,0.0,0.2228,17,1.0,personal,10.54,9.87,12.41,16.67,0.0,0.0,9.72
session_00f4552a973d,user_068,developer,2026-07-06 10:55:22,2026-07-06 17:33:22,24,4,0,24,1,1,5,0,0,0.0,0.0,0,0,398.0,10.916666666666666,0,0,0,0.0,0.0,normal,3.9539,2.2687,1.5417,0.0,0.0,0.0,0.0,0.0,0.0,0.8627,18,1.0,personal,35.04,23.3,18.14,20.35,20.0,23.27,26.59
session_89e68e974e13,user_053,hr,2026-07-06 11:08:32,2026-07-06 15:52:32,17,5,0,17,1,1,3,2,0,7.771999999999999,4.316,0,0,284.0,11.133333333333333,0,0,0,0.0,0.4571764705882352,normal,0.9154,0.0739,0.0,0.0,0.0,0.0,0.0,0.9685,0.0,0.2175,21,1.0,personal,10.3,14.84,18.83,26.66,0.0,0.0,12.58
session_4ffaddce8527,user_046,hr,2026-07-06 11:10:59,2026-07-06 15:03:59,15,5,0,15,1,1,3,3,0,17.54,6.034,0,0,233.0,11.166666666666666,0,0,0,0.0,1.1693333333333331,normal,1.1037,0.1154,0.3372,0.0,0.0,0.0,0.0,0.9864,0.0,0.2825,18,1.0,personal,13.17,11.14,16.53,17.24,20.0,0.0,13.7
session_eb0fbbd78b09,user_076,analyst,2026-07-06 11:25:58,2026-07-06 14:53:58,13,6,0,13,1,1,4,3,0,12.944,5.616,0,0,208.0,11.416666666666666,0,0,0,0.0,0.9956923076923077,normal,2.0541,0.5733,0.5396,0.0,0.0,0.0,0.0,0.4457,0.0,0.4014,21,1.0,personal,18.18,17.36,17.04,16.11,0.0,16.11,15.72
session_147551a33ed2,user_003,developer,2026-07-06 11:29:27,2026-07-06 16:15:27,20,5,0,20,1,1,5,0,0,0.0,0.0,0,0,286.0,11.483333333333333,0,0,0,0.0,0.0,normal,2.0744,0.0408,0.2998,0.0,0.0,0.0,0.0,0.0,0.0,0.2683,18,1.0,personal,12.55,12.18,11.87,15.83,0.0,4.16,11.03
session_8e3403970cde,user_079,developer,2026-07-06 11:57:31,2026-07-06 17:47:31,22,5,0,22,1,1,5,0,0,0.0,0.0,0,0,350.0,11.95,0,0,0,0.0,0.0,normal,1.4333,0.4871,0.6745,0.0,0.0,0.0,0.0,0.0,0.0,0.2883,18,1.0,personal,13.42,42.75,45.7,41.41,80.0,10.7,33.45
session_0ba50f83f39b,user_027,developer,2026-07-06 12:50:30,2026-07-06 12:50:30,1,0,0,1,1,1,1,1,0,23.336,23.336,0,1,0.0,12.833333333333334,0,0,0,0.0,23.336,low_slow_exfiltration,10.3249,2.1237,2.0235,0.0,0.0,0.0,4.0,23.336,0.0,3.1275,17,1.0,personal,79.07,78.99,69.91,53.16,100.0,95.14,77.98
session_cf93848345ba,user_040,finance,2026-07-06 13:24:14,2026-07-06 13:24:14,1,0,0,1,1,1,1,0,0,17.713,17.713,0,1,0.0,13.4,0,0,0,0.0,17.713,insider_drift,7.5193,2.0318,2.0235,0.0,0.0,0.0,2.0,2.6286,0.0,1.8004,21,1.0,personal,59.35,47.44,37.32,29.68,40.0,67.32,49.16
session_ff9c6653025e,user_052,finance,2026-07-06 13:40:46,2026-07-06 13:40:46,1,0,0,1,1,1,1,1,0,11.17,11.17,0,1,0.0,13.666666666666666,0,0,0,0.0,11.17,low_slow_exfiltration,7.566,2.3566,2.2933,0.0,0.0,0.0,2.0,2.6455,0.0,1.8735,19,1.0,personal,60.81,45.93,43.81,33.71,60.0,38.61,51.38
session_639b716e7df6,user_048,developer,2026-07-06 15:50:34,2026-07-06 15:50:34,1,0,0,1,1,1,1,0,0,20.165,20.165,0,1,0.0,15.833333333333334,0,0,0,0.0,20.165,insider_drift,12.0698,2.5864,2.3232,0.0,0.0,0.0,4.0,1.6394,0.0,2.2832,22,1.0,personal,68.07,47.61,50.16,43.08,100.0,5.24,58.84
session_9be438746c94,user_037,developer,2026-07-06 22:59:29,2026-07-07 00:27:29,12,1,0,12,1,1,4,0,0,118.271,19.806,0,0,88.0,22.98333333333333,0,0,1,0.0,9.855916666666667,normal,31.9391,2.0045,1.638,0.0,0.0,0.0,1.0,8.3092,0.0,2.5502,20,1.0,personal,72.06,47.37,34.18,28.38,40.0,67.26,53.62
session_66ad162fb4f0,user_036,developer,2026-07-06 23:30:30,2026-07-06 23:38:50,27,27,27,27,4,1,1,0,0,0.0,0.0,0,1,8.333333333333334,23.5,0,0,1,1.0,0.0,brute_force,21.3546,2.5735,2.698,1.0,3.0,0.0,4.0,0.0,0.0,2.5857,24,1.0,personal,72.55,42.41,29.78,26.91,20.0,54.97,49.41
session_b9c52a419177,user_040,finance,2026-07-07 06:36:27,2026-07-07 10:14:27,11,3,0,11,1,1,3,1,1,25.685,13.247,0,0,218.0,6.6,1,0,0,0.0,2.3350000000000004,normal,2.673,0.2165,0.6745,0.0,0.0,0.0,0.0,2.3587,0.0,0.6581,21,1.0,personal,28.04,37.72,36.69,30.03,40.0,41.86,33.36
session_2978f46c488f,user_064,finance,2026-07-07 07:35:19,2026-07-07 09:51:19,9,3,0,9,1,1,3,0,0,0.0,0.0,0,0,136.0,7.583333333333333,1,0,0,0.0,0.0,normal,1.0851,1.6045,1.6862,0.0,0.0,0.0,0.0,2.0127,0.0,0.7098,17,1.0,personal,29.88,18.79,18.71,20.02,20.0,0.0,22.52
session_b7fde2c85c0e,user_058,hr,2026-07-07 07:41:02,2026-07-07 11:38:02,14,4,0,14,1,1,3,4,0,54.821,18.968,0,0,237.0,7.683333333333334,1,0,0,0.0,3.915785714285714,normal,0.4122,0.2165,0.3372,0.0,0.0,0.0,0.0,0.1894,0.0,0.1284,19,1.0,personal,6.22,9.55,15.0,19.35,0.0,0.0,8.58
session_9ca849e78c2e,user_077,admin,2026-07-07 07:44:23,2026-07-07 11:39:23,16,3,0,16,1,1,5,0,0,0.0,0.0,1,0,235.0,7.733333333333333,1,0,0,0.0,0.0,normal,1.0234,0.2748,0.0,0.0,0.0,0.0,0.0,0.0,0.6745,0.2192,17,1.0,personal,10.38,14.47,15.8,21.05,0.0,0.0,11.52
session_d475e9c83c3d,user_032,hr,2026-07-07 07:48:58,2026-07-07 13:30:58,22,6,0,22,1,1,3,4,0,16.207,4.506,0,0,342.0,7.8,1,0,0,0.0,0.7366818181818182,normal,1.2188,0.8199,0.6745,0.0,0.0,0.0,0.0,0.2038,0.0,0.3241,18,1.0,personal,14.96,19.66,21.33,21.39,0.0,5.2,15.51
session_314447cc9aa4,user_007,developer,2026-07-07 08:04:45,2026-07-07 13:54:45,20,8,0,20,1,1,5,0,0,0.0,0.0,0,0,350.0,8.066666666666666,1,0,0,0.0,0.0,normal,0.53,0.5902,0.4497,0.0,0.0,0.0,0.0,0.0,0.0,0.1744,19,1.0,personal,8.35,10.29,11.39,16.99,0.0,0.0,8.81
session_742ddfc0cf01,user_021,finance,2026-07-07 08:10:30,2026-07-07 10:21:30,9,3,0,9,1,1,3,0,2,5.681,3.557,0,0,131.0,8.166666666666666,1,0,0,0.0,0.6312222222222222,normal,1.1825,0.832,0.9234,0.0,0.0,0.0,0.0,1.4722,0.0,0.49,14,0.9333,hybrid,21.73,16.22,18.71,23.45,40.0,0.0,21.09
session_85bec9af83da,user_029,admin,2026-07-07 08:11:20,2026-07-07 11:01:20,12,1,0,12,1,1,5,0,0,0.0,0.0,2,0,170.0,8.183333333333334,1,0,0,0.0,0.0,normal,0.1993,0.4721,0.5059,0.0,0.0,0.0,0.0,0.0,0.6745,0.2058,18,1.0,personal,9.78,14.08,18.2,24.07,20.0,0.0,13.87
session_4dfebabb1ee8,user_023,developer,2026-07-07 08:15:11,2026-07-07 11:19:11,13,5,0,13,1,1,5,0,0,0.0,0.0,0,0,184.0,8.25,1,0,0,0.0,0.0,normal,2.2483,0.8859,0.6745,0.0,0.0,0.0,0.0,0.0,0.0,0.4232,21,1.0,personal,19.07,15.71,13.41,18.16,0.0,0.24,14.61
session_b698e8f0cffb,user_051,analyst,2026-07-07 08:16:23,2026-07-07 12:44:23,14,4,0,14,1,1,4,4,0,35.39,11.238,0,0,268.0,8.266666666666667,1,0,0,0.0,2.527857142857143,normal,1.1129,0.1103,0.1349,0.0,0.0,0.0,0.0,1.0049,0.0,0.2626,18,1.0,personal,12.3,14.98,14.53,15.71,0.0,0.0,11.67
session_65384206e6b6,user_044,developer,2026-07-07 08:18:01,2026-07-07 12:50:01,17,4,0,17,1,1,5,0,0,0.0,0.0,0,0,272.0,8.3,1,0,0,0.0,0.0,normal,0.7004,0.4329,0.0749,0.0,0.0,0.0,0.0,0.0,0.0,0.1342,20,1.0,personal,6.49,12.9,12.85,12.98,0.0,12.49,9.03
session_0e2c72afb8a9,user_006,analyst,2026-07-07 08:19:04,2026-07-07 14:02:04,21,7,0,21,1,1,4,3,0,30.99,14.73,0,0,343.0,8.316666666666666,1,0,0,0.0,1.4757142857142858,normal,0.4557,0.9177,0.9443,0.0,0.0,0.0,0.0,0.8283,0.0,0.3496,22,1.0,personal,16.04,13.58,17.18,17.71,20.0,0.0,15.48
session_261db4634926,user_042,developer,2026-07-07 08:19:29,2026-07-07 12:19:29,16,4,0,16,1,1,5,0,0,0.0,0.0,0,0,240.0,8.316666666666666,1,0,0,0.0,0.0,normal,0.2698,0.9599,0.6745,0.0,0.0,0.0,0.0,0.0,0.0,0.2116,19,1.0,personal,10.04,11.72,11.75,16.45,0.0,0.0,9.77
session_a9581bcd116a,user_069,hr,2026-07-07 08:21:03,2026-07-07 12:39:03,19,5,0,19,1,1,3,3,0,36.159,14.72,0,0,258.0,8.35,1,0,0,0.0,1.9031052631578944,normal,0.8672,0.3902,0.1686,0.0,0.0,0.0,0.0,1.93,0.0,0.3729,20,1.0,personal,17.01,22.34,19.83,19.88,20.0,26.0,19.54
session_dbe61438b06f,user_022,developer,2026-07-07 08:22:29,2026-07-07 12:53:29,14,2,0,14,1,1,5,0,0,0.0,0.0,0,0,271.0,8.366666666666667,1,0,0,0.0,0.0,normal,0.0674,0.1329,1.1242,0.0,0.0,0.0,0.0,0.0,0.0,0.1472,21,1.0,personal,7.1,9.51,19.46,18.23,40.0,0.0,13.48
session_307d6e8bf9b2,user_005,hr,2026-07-07 08:24:23,2026-07-07 13:33:23,21,10,0,21,1,1,3,5,0,14.132,4.119,0,0,309.0,8.4,1,0,0,0.0,0.672952380952381,normal,2.0081,0.9675,1.2526,0.0,0.0,0.0,0.0,0.432,0.0,0.5178,20,1.0,personal,22.81,21.09,18.67,16.9,0.0,11.2,18.39
session_bff8fa755af9,user_071,analyst,2026-07-07 08:25:55,2026-07-07 14:36:55,25,8,0,25,1,1,4,4,0,69.639,31.857,0,0,371.0,8.416666666666666,1,0,0,0.0,2.78556,normal,1.0455,0.5396,0.7869,0.0,0.0,0.0,0.0,0.2641,0.0,0.2929,17,1.0,personal,13.62,11.63,14.05,18.72,0.0,0.0,11.75
session_9868b32c0f6f,user_073,hr,2026-07-07 08:29:04,2026-07-07 11:15:04,10,3,0,10,1,1,3,4,0,28.628,10.155,0,0,166.0,8.483333333333333,1,0,0,0.0,2.8628,normal,0.1927,1.2402,1.7986,0.0,0.0,0.0,0.0,0.4109,0.0,0.4047,17,1.0,personal,18.32,15.38,14.59,16.54,0.0,2.74,14.38
session_d18568e44e5d,user_050,developer,2026-07-07 08:38:22,2026-07-07 14:39:22,23,4,0,23,1,1,5,0,0,0.0,0.0,0,0,361.0,8.633333333333333,1,0,0,0.0,0.0,normal,1.0398,1.3872,1.5738,0.0,0.0,0.0,0.0,0.0,0.0,0.4445,21,1.0,personal,19.93,13.24,19.69,20.35,20.0,0.0,17.61
session_bcb51184e233,user_012,analyst,2026-07-07 08:39:37,2026-07-07 13:19:37,16,5,0,16,1,1,4,3,0,13.883,7.38,0,0,280.0,8.65,1,0,0,0.0,0.8676875000000001,normal,0.2108,0.0646,0.4047,0.0,0.0,0.0,0.0,0.9287,0.0,0.1788,23,1.0,personal,8.55,18.95,21.85,19.35,20.0,0.0,14.42
session_8c436202db3b,user_024,hr,2026-07-07 08:41:46,2026-07-07 12:10:46,13,6,0,13,1,1,3,1,0,48.566,48.566,0,0,209.0,8.683333333333334,1,0,0,0.0,3.735846153846154,normal,0.0355,0.6644,0.8431,0.0,0.0,0.0,0.0,1.848,0.0,0.3768,17,1.0,personal,17.17,22.13,22.06,20.46,0.0,3.69,16.83
session_3f4c94861617,user_039,developer,2026-07-07 08:42:58,2026-07-07 14:18:58,24,5,0,24,1,1,4,0,0,0.0,0.0,0,0,336.0,8.7,1,0,0,0.0,0.0,normal,0.7708,0.1754,0.8672,0.0,0.0,0.0,1.0,0.0,0.0,0.3126,18,1.0,personal,14.47,15.43,13.93,18.87,0.0,0.0,12.85
session_77403c687f0d,user_009,developer,2026-07-07 08:46:54,2026-07-07 15:13:54,25,5,0,25,1,1,5,0,0,0.0,0.0,0,0,387.0,8.766666666666667,1,0,0,0.0,0.0,normal,0.2248,1.4541,1.2366,0.0,0.0,0.0,0.0,0.0,0.0,0.3239,20,1.0,personal,14.95,20.64,20.38,20.99,40.0,0.0,19.26
session_a16354f5ad51,user_054,developer,2026-07-07 08:47:37,2026-07-07 15:12:37,25,4,0,25,1,1,5,0,0,0.0,0.0,0,0,385.0,8.783333333333333,1,0,0,0.0,0.0,normal,2.2483,1.4621,1.4989,0.0,0.0,0.0,0.0,0.0,0.0,0.5788,18,1.0,personal,25.13,22.74,23.31,23.67,40.0,0.0,24.46
session_cec7fd44f932,user_045,admin,2026-07-07 08:54:01,2026-07-07 12:37:01,15,2,0,15,1,1,5,0,0,0.0,0.0,3,0,223.0,8.9,1,0,0,0.0,0.0,normal,0.9971,0.5606,0.5059,0.0,0.0,0.0,0.0,0.0,0.0,0.2293,19,1.0,personal,10.83,15.61,19.64,26.07,20.0,0.0,15.01
session_f263a4e58453,user_034,finance,2026-07-07 08:56:56,2026-07-07 12:46:56,17,3,0,17,1,1,3,5,3,60.131,10.337,0,0,230.0,8.933333333333334,1,0,0,0.0,3.537117647058824,normal,0.1657,0.0862,0.2891,0.0,0.0,0.0,0.0,0.6541,0.0,0.1328,20,1.0,personal,6.42,8.21,11.81,17.52,0.0,0.0,7.73
session_c791738628b8,user_057,developer,2026-07-07 09:00:41,2026-07-07 09:30:41,2,2,0,2,2,2,1,0,0,0.0,0.0,0,1,30.0,9.0,1,0,0,0.0,0.0,impossible_travel,0.0259,2.5975,2.698,0.0,1.0,1.0,3.8747,0.0,0.0,1.244,17,1.0,personal,46.31,30.38,27.48,21.44,40.0,38.91,36.81
session_b4f8dd5378a7,user_074,finance,2026-07-07 09:04:03,2026-07-07 13:33:03,20,4,0,20,1,1,3,6,5,31.581,5.178,0,0,269.0,9.066666666666666,1,0,0,0.0,1.57905,normal,0.5246,0.2409,0.6745,0.0,0.0,0.0,0.0,0.7037,0.0,0.2382,19,1.0,personal,11.23,12.84,13.19,14.92,0.0,4.98,10.78
session_c64d9eec3f03,user_016,developer,2026-07-07 09:04:44,2026-07-07 14:59:44,23,4,0,23,1,1,5,0,0,0.0,0.0,0,0,355.0,9.066666666666666,1,0,0,0.0,0.0,normal,0.5396,1.4641,1.349,0.0,0.0,0.0,0.0,0.0,0.0,0.3725,19,1.0,personal,16.99,20.96,27.9,25.52,40.0,0.0,21.73
session_58a1195f6dc3,user_059,analyst,2026-07-07 09:05:13,2026-07-07 12:17:13,14,5,0,14,1,1,4,1,0,6.217,6.217,0,0,192.0,9.083333333333334,1,0,0,0.0,0.4440714285714285,normal,1.6188,1.0874,0.6745,0.0,0.0,0.0,0.0,1.4209,0.0,0.5335,15,1.0,personal,23.41,22.76,22.54,24.15,0.0,5.68,20.0
session_d15902bba883,user_015,finance,2026-07-07 09:05:56,2026-07-07 13:23:56,15,3,0,15,1,1,3,1,5,22.863,5.068,0,0,258.0,9.083333333333334,1,0,0,0.0,1.5242,normal,0.8431,0.2737,0.0,0.0,0.0,0.0,0.0,0.5445,0.0,0.1846,17,1.0,personal,8.82,13.69,17.58,21.06,20.0,0.0,13.01
session_0824fbc8b625,user_020,finance,2026-07-07 09:07:17,2026-07-07 13:24:17,15,2,0,15,1,1,3,3,2,68.222,16.187,0,0,257.0,9.116666666666667,1,0,0,0.0,4.548133333333333,normal,0.5496,0.4642,0.0964,0.0,0.0,0.0,0.0,0.4705,0.0,0.1756,20,1.0,personal,8.41,16.94,28.28,26.1,40.0,0.0,17.6
session_8561c9fede23,user_065,hr,2026-07-07 09:08:27,2026-07-07 15:07:27,25,11,0,25,1,1,3,4,0,37.762,14.782,0,0,359.0,9.133333333333333,1,0,0,0.0,1.51048,normal,0.9858,0.7722,0.6745,0.0,0.0,0.0,0.0,0.4563,0.0,0.321,21,1.0,personal,14.83,15.11,16.94,19.2,20.0,0.0,15.41
session_8906898d8161,user_047,developer,2026-07-07 09:11:58,2026-07-07 14:55:58,21,7,0,21,1,1,5,0,0,0.0,0.0,0,0,344.0,9.183333333333334,1,0,0,0.0,0.0,normal,1.0742,0.4953,0.4047,0.0,0.0,0.0,0.0,0.0,0.0,0.2194,19,1.0,personal,10.39,12.7,16.77,17.63,20.0,3.41,13.14
session_cef9da18f167,user_078,developer,2026-07-07 09:14:07,2026-07-07 14:44:07,21,4,0,21,1,1,5,0,0,0.0,0.0,0,0,330.0,9.233333333333333,1,0,0,0.0,0.0,normal,0.6534,0.9919,1.1804,0.0,0.0,0.0,0.0,0.0,0.0,0.314,17,1.0,personal,14.53,22.09,20.43,21.09,0.0,10.49,15.93
session_e577bfc7cf53,user_038,developer,2026-07-07 09:14:25,2026-07-07 14:08:25,18,7,0,18,1,1,5,0,0,0.0,0.0,0,0,294.0,9.233333333333333,1,0,0,0.0,0.0,normal,0.3997,0.6147,0.4047,0.0,0.0,0.0,0.0,0.0,0.0,0.1577,20,1.0,personal,7.58,14.38,14.26,13.78,0.0,6.73,9.76
session_ce1f87feb625,user_052,finance,2026-07-07 09:16:09,2026-07-07 14:21:09,18,4,0,18,1,1,3,5,1,38.095,9.232,0,0,305.0,9.266666666666667,1,0,0,0.0,2.116388888888889,normal,0.176,0.1832,0.0,0.0,0.0,0.0,0.0,0.8877,0.0,0.1385,19,1.0,personal,6.69,26.04,35.5,31.16,60.0,0.0,22.32
session_0dc225931227,user_030,hr,2026-07-07 09:16:26,2026-07-07 09:34:26,7,1,0,7,1,7,2,4,0,58.677,12.838,0,1,18.0,9.266666666666667,1,0,0,0.0,8.382428571428571,device_spoofing,1.0713,3.8446,2.0235,0.0,0.0,6.0,1.0,0.0266,0.0,1.5518,23,1.0,personal,53.97,36.31,31.88,28.43,40.0,40.17,42.48
session_f6fcc09d0f96,user_030,hr,2026-07-07 09:17:29,2026-07-07 15:03:29,24,7,0,24,1,1,3,2,0,23.394,14.311,0,0,346.0,9.283333333333331,1,0,0,0.0,0.97475,normal,1.0316,0.5801,0.8431,0.0,0.0,0.0,0.0,0.9708,0.0,0.3806,23,1.0,personal,17.33,30.45,29.25,27.45,40.0,14.95,24.9
session_83d6f1be0fbc,user_033,developer,2026-07-07 09:18:00,2026-07-07 14:05:00,20,3,0,20,1,1,5,0,0,0.0,0.0,0,0,287.0,9.3,1,0,0,0.0,0.0,normal,0.6402,0.4787,0.2698,0.0,0.0,0.0,0.0,0.0,0.0,0.1543,18,1.0,personal,7.42,10.71,13.74,14.23,0.0,0.0,8.6
session_9ebd186d4da3,user_067,analyst,2026-07-07 09:18:26,2026-07-07 15:54:26,20,5,0,20,1,1,4,2,0,23.149,15.758,0,0,396.0,9.3,1,0,0,0.0,1.15745,normal,0.0749,1.9141,1.0117,0.0,0.0,0.0,0.0,0.919,0.0,0.4355,19,1.0,personal,19.57,17.66,18.74,21.89,0.0,0.0,16.36
session_7d27df5ceef2,user_035,admin,2026-07-07 09:21:21,2026-07-07 15:21:21,19,3,0,19,1,1,5,0,0,0.0,0.0,2,0,360.0,9.35,1,0,0,0.0,0.0,normal,1.0492,1.4569,0.6745,0.0,0.0,0.0,0.0,0.0,0.0,0.3534,17,1.0,personal,16.2,17.96,20.95,23.72,20.0,0.0,17.58
session_09acda3576c6,user_010,finance,2026-07-07 09:23:02,2026-07-07 15:37:02,23,2,0,23,1,1,3,5,6,101.596,20.601,0,0,374.0,9.383333333333333,1,0,0,0.0,4.417217391304348,normal,0.2802,0.7413,0.6745,0.0,0.0,0.0,0.0,3.4725,0.0,0.5743,20,1.0,personal,24.96,25.46,25.94,24.51,20.0,0.0,23.42
session_a4f1fde9a64a,user_072,hr,2026-07-07 09:25:35,2026-07-07 17:25:35,25,7,0,25,1,1,3,5,0,56.574,15.025,0,0,480.0,9.416666666666666,1,0,0,0.0,2.26296,normal,0.5781,1.8092,0.9443,0.0,0.0,0.0,0.0,0.1569,0.0,0.3876,21,1.0,personal,17.62,19.03,19.45,20.0,20.0,12.71,18.41
session_3056edde44e7,user_061,analyst,2026-07-07 09:28:02,2026-07-07 16:01:02,24,7,0,24,1,1,4,7,0,29.0,7.842,0,0,393.0,9.466666666666669,1,0,0,0.0,1.2083333333333333,normal,0.5602,1.0896,0.9443,0.0,0.0,0.0,0.0,0.4485,0.0,0.3381,20,1.0,personal,15.55,13.22,15.2,19.25,20.0,0.0,15.07
session_3f03dfe8fd12,user_062,hr,2026-07-07 09:28:04,2026-07-07 12:18:04,12,3,0,12,1,1,3,5,0,73.51400000000001,27.462,0,0,170.0,9.466666666666669,1,0,0,0.0,6.126166666666667,normal,0.1557,1.926,0.8244,0.0,0.0,0.0,0.0,0.3225,0.0,0.3587,16,1.0,personal,16.42,19.68,27.76,28.02,40.0,0.0,21.47
session_29f59a8ee3bf,user_049,analyst,2026-07-07 09:33:43,2026-07-07 13:36:43,17,4,0,17,1,1,4,4,0,18.104,7.4,0,0,243.0,9.55,1,0,0,0.0,1.0649411764705885,normal,0.5396,0.0868,0.4047,0.0,0.0,0.0,0.0,0.1316,0.0,0.1292,19,1.0,personal,6.26,15.02,21.39,26.01,40.0,0.0,15.32
session_d75e103995fa,user_013,hr,2026-07-07 09:37:01,2026-07-07 14:24:01,21,6,0,21,1,1,3,6,0,25.672,6.188,0,0,287.0,9.616666666666667,1,0,0,0.0,1.2224761904761905,normal,0.801,0.0165,0.4497,0.0,0.0,0.0,0.0,1.3466,0.0,0.2904,19,1.0,personal,13.52,16.09,20.25,22.74,20.0,0.0,15.93
session_18e8eba54f0d,user_080,hr,2026-07-07 09:43:04,2026-07-07 14:36:04,18,7,0,18,1,1,3,1,0,13.182,13.182,0,0,293.0,9.716666666666669,1,0,0,0.0,0.7323333333333334,normal,0.649,0.5666,0.2891,0.0,0.0,0.0,0.0,1.6155,0.0,0.3467,18,1.0,personal,15.92,11.12,12.96,18.39,0.0,0.0,12.37
session_1897483499df,user_008,developer,2026-07-07 09:44:04,2026-07-07 11:42:04,9,3,0,9,1,1,4,0,0,0.0,0.0,0,0,118.0,9.733333333333333,1,0,0,0.0,0.0,normal,0.8954,0.975,0.8431,0.0,0.0,0.0,0.8312,0.0,0.0,0.3939,20,1.0,personal,17.88,14.6,19.31,18.12,20.0,6.96,17.13
session_33a24af22504,user_011,analyst,2026-07-07 09:48:44,2026-07-07 15:47:44,20,7,0,20,1,1,4,6,0,72.872,20.211,0,0,359.0,9.8,1,0,0,0.0,3.6436,normal,3.3965,1.2382,0.8431,0.0,0.0,0.0,0.0,1.4493,0.0,0.7697,16,1.0,personal,31.94,27.53,21.75,25.0,0.0,13.17,24.71
session_de09e7e71976,user_025,hr,2026-07-07 09:50:42,2026-07-07 13:27:42,14,7,0,14,1,1,3,1,0,3.86,3.86,0,0,217.0,9.833333333333334,1,0,0,0.0,0.2757142857142857,normal,0.4549,0.1401,0.0,0.0,0.0,0.0,0.0,0.8689,0.0,0.1627,22,1.0,personal,7.81,12.73,21.13,30.55,40.0,0.0,15.9
session_7c144741755b,user_075,developer,2026-07-07 09:52:46,2026-07-07 14:33:46,21,5,0,21,1,1,5,0,0,0.0,0.0,0,0,281.0,9.866666666666667,1,0,0,0.0,0.0,normal,0.1109,0.1399,0.5396,0.0,0.0,0.0,0.0,0.0,0.0,0.0878,16,1.0,personal,4.3,5.7,12.74,19.67,20.0,0.0,8.74
session_6bc1643d91bb,user_068,developer,2026-07-07 09:54:57,2026-07-07 13:21:57,13,5,0,13,1,1,4,0,0,0.0,0.0,0,0,207.0,9.9,1,0,0,0.0,0.0,normal,0.9893,0.3436,0.5059,0.0,0.0,0.0,1.0,0.0,0.0,0.3154,19,1.0,personal,14.59,21.03,17.83,19.17,20.0,8.25,17.05
session_56f28035bfea,user_063,finance,2026-07-07 09:55:40,2026-07-07 13:31:40,15,5,0,15,1,1,3,4,3,36.713,6.938,0,0,216.0,9.916666666666666,1,0,0,0.0,2.4475333333333333,normal,0.5854,0.6922,0.6745,0.0,0.0,0.0,0.0,0.4684,0.0,0.2689,20,1.0,personal,12.58,15.92,18.07,17.3,0.0,0.0,12.66
session_95052d861eef,user_056,hr,2026-07-07 09:58:01,2026-07-07 14:44:01,22,7,0,22,1,1,3,6,0,226.595,76.481,0,0,286.0,9.966666666666669,1,0,0,0.0,10.299772727272726,normal,0.4005,0.0105,0.5246,0.0,0.0,0.0,0.0,1.9709,0.0,0.3229,20,1.0,personal,14.91,12.93,13.44,17.69,0.0,0.0,12.33
session_aff8b03437c2,user_070,admin,2026-07-07 09:58:13,2026-07-07 15:17:13,16,4,0,16,1,1,5,0,0,0.0,0.0,2,0,319.0,9.966666666666669,1,0,0,0.0,0.0,normal,1.2366,0.7032,0.3372,0.0,0.0,0.0,0.0,0.0,0.6745,0.3279,23,1.0,personal,15.12,14.19,16.37,16.81,0.0,3.72,13.21
session_87fcacd2daf4,user_031,developer,2026-07-07 10:00:45,2026-07-07 13:17:45,13,2,0,13,1,1,5,0,0,0.0,0.0,0,0,197.0,10.0,1,0,0,0.0,0.0,normal,0.4277,0.4234,0.4047,0.0,0.0,0.0,0.0,0.0,0.0,0.1395,21,1.0,personal,6.74,13.32,16.83,18.34,20.0,0.0,11.72
session_74d1d2ca31ed,user_048,developer,2026-07-07 10:01:48,2026-07-07 12:43:48,12,4,0,12,1,1,4,0,0,0.0,0.0,0,0,162.0,10.016666666666667,1,0,0,0.0,0.0,normal,0.3195,1.0142,0.6745,0.0,0.0,0.0,1.0,0.0,0.0,0.3342,22,1.0,personal,15.39,31.34,41.6,40.48,80.0,0.0,30.71
session_cce55d0ad301,user_027,developer,2026-07-07 10:02:39,2026-07-07 14:06:39,14,4,0,14,1,1,5,0,0,0.0,0.0,0,0,244.0,10.033333333333331,1,0,0,0.0,0.0,normal,1.6084,0.1003,0.2698,0.0,0.0,0.0,0.0,0.0,0.0,0.2198,17,1.0,personal,10.41,44.74,57.41,49.42,100.0,0.0,36.66
session_91eb8597dff8,user_076,analyst,2026-07-07 10:03:26,2026-07-07 16:57:26,22,8,0,22,1,1,4,4,0,18.974,8.246,0,0,414.0,10.05,1,0,0,0.0,0.8624545454545455,normal,0.4818,1.4278,0.6745,0.0,0.0,0.0,0.0,0.0404,0.0,0.2916,22,1.0,personal,13.57,15.61,16.57,15.81,0.0,4.61,12.85
session_454584592164,user_001,finance,2026-07-07 10:03:54,2026-07-07 15:33:54,22,4,0,22,1,1,3,2,6,93.698,18.64,0,0,330.0,10.05,1,0,0,0.0,4.259,normal,1.0411,0.8659,1.4453,0.0,0.0,0.0,0.0,0.6854,0.0,0.4486,20,1.0,personal,20.09,15.98,16.18,18.76,20.0,0.0,17.54
session_a7d780250865,user_037,developer,2026-07-07 10:04:30,2026-07-07 13:01:30,11,4,0,11,1,1,5,0,0,0.0,0.0,0,0,177.0,10.066666666666666,1,0,0,0.0,0.0,normal,0.9106,1.1148,1.5176,0.0,0.0,0.0,0.0,0.0,0.0,0.3937,21,1.0,personal,17.87,33.58,31.78,27.59,40.0,46.26,27.7
session_65315daf1deb,user_041,finance,2026-07-07 10:05:12,2026-07-07 15:44:12,21,5,0,21,1,1,3,4,6,219.507,41.597,0,0,339.0,10.083333333333334,1,0,0,0.0,10.452714285714286,normal,0.2326,1.9622,1.5738,0.0,0.0,0.0,0.0,1.7504,0.0,0.6132,21,1.0,personal,26.41,21.24,21.49,23.59,40.0,0.0,24.39
session_953542dc24d6,user_026,analyst,2026-07-07 10:06:05,2026-07-07 15:34:05,19,7,0,19,1,1,4,4,0,26.029,12.032,0,0,328.0,10.1,1,0,0,0.0,1.3699473684210526,normal,0.303,1.6643,1.0792,0.0,0.0,0.0,0.0,0.097,0.0,0.3493,20,1.0,personal,16.02,16.56,16.83,19.19,0.0,0.0,14.16
session_1c2c98375a2c,user_017,admin,2026-07-07 10:10:00,2026-07-07 13:38:00,11,2,0,11,1,1,4,0,0,0.0,0.0,2,0,208.0,10.166666666666666,1,0,0,0.0,0.0,normal,0.9971,0.4127,0.8993,0.0,0.0,0.0,0.8237,0.0,0.0,0.3481,21,1.0,personal,15.97,19.06,22.58,24.0,20.0,0.0,17.99
session_54ca8f658a17,user_079,developer,2026-07-07 10:14:06,2026-07-07 14:15:06,19,5,0,19,1,1,5,0,0,0.0,0.0,0,0,241.0,10.233333333333333,1,0,0,0.0,0.0,normal,1.1081,0.3489,0.1686,0.0,0.0,0.0,0.0,0.0,0.0,0.1806,19,1.0,personal,8.63,20.88,36.7,38.15,80.0,0.0,24.95
session_6ff3f4326f7a,user_002,finance,2026-07-07 10:19:18,2026-07-07 13:16:18,14,6,0,14,1,1,3,2,1,28.894,10.495,0,0,177.0,10.316666666666666,1,0,0,0.0,2.0638571428571426,normal,0.1769,0.4666,0.0843,0.0,0.0,0.0,0.0,0.8996,0.0,0.1808,18,1.0,personal,8.64,9.08,11.13,15.22,0.0,0.0,8.47
session_d98243b00ef6,user_004,developer,2026-07-07 10:24:18,2026-07-07 15:11:18,20,6,0,20,1,1,5,0,0,0.0,0.0,0,0,287.0,10.4,1,0,0,0.0,0.0,normal,1.0599,0.1571,0.5396,0.0,0.0,0.0,0.0,0.0,0.0,0.1952,18,1.0,personal,9.3,16.55,16.6,15.48,20.0,11.37,13.64
session_b2c56f4ee02f,user_019,developer,2026-07-07 10:28:12,2026-07-07 13:31:12,10,4,0,10,1,1,4,0,0,0.0,0.0,0,0,183.0,10.466666666666669,1,0,0,0.0,0.0,normal,0.994,1.2946,2.2483,0.0,0.0,0.0,1.0,0.0,0.0,0.6152,19,1.0,personal,26.48,24.52,23.6,20.44,20.0,9.77,23.57
session_3bffe7e395f7,user_028,developer,2026-07-07 10:29:51,2026-07-07 14:34:51,14,4,0,14,1,1,5,0,0,0.0,0.0,0,0,245.0,10.483333333333333,1,0,0,0.0,0.0,normal,1.3261,0.9626,0.2891,0.0,0.0,0.0,0.0,0.0,0.0,0.2864,22,1.0,personal,13.34,18.18,24.35,23.74,40.0,15.52,19.78
session_869b4ee3f8c8,user_046,hr,2026-07-07 10:32:54,2026-07-07 17:01:54,20,5,0,20,1,1,3,4,0,40.82,17.127,0,0,389.0,10.533333333333331,1,0,0,0.0,2.041,normal,0.2891,1.6862,0.5059,0.0,0.0,0.0,0.0,0.5557,0.0,0.3374,19,1.0,personal,15.52,13.81,15.76,16.89,20.0,0.0,15.03
session_741bc05665fc,user_003,developer,2026-07-07 10:37:53,2026-07-07 15:18:53,19,6,0,19,1,1,5,0,0,0.0,0.0,0,0,281.0,10.616666666666667,1,0,0,0.0,0.0,normal,0.6986,0.0613,0.1686,0.0,0.0,0.0,0.0,0.0,0.0,0.1032,19,1.0,personal,5.03,8.29,10.26,13.86,0.0,0.0,6.6
session_6cfe29963d88,user_053,hr,2026-07-07 10:39:16,2026-07-07 18:35:16,23,9,0,23,1,1,3,7,0,28.92,7.665,0,0,476.0,10.65,1,0,0,0.0,1.2573913043478262,normal,0.1943,1.8245,0.8993,0.0,0.0,0.0,0.0,0.8159,0.0,0.4149,22,1.0,personal,18.73,15.42,18.39,25.15,0.0,0.0,15.85
session_cf039e210522,user_036,developer,2026-07-07 10:40:21,2026-07-07 16:20:21,22,5,0,22,1,1,5,0,0,0.0,0.0,0,0,340.0,10.666666666666666,1,0,0,0.0,0.0,normal,1.7562,1.4212,1.5738,0.0,0.0,0.0,0.0,0.0,0.0,0.5279,24,1.0,personal,23.2,37.32,29.51,26.63,20.0,44.69,28.07
session_4fb7b1a66ee1,user_066,developer,2026-07-07 10:44:32,2026-07-07 15:09:32,20,7,0,20,1,1,5,0,0,0.0,0.0,0,0,265.0,10.733333333333333,1,0,0,0.0,0.0,normal,2.2162,1.0424,1.1804,0.0,0.0,0.0,0.0,0.0,0.0,0.4932,17,1.0,personal,21.85,43.36,35.99,26.25,40.0,63.59,32.62
session_78e1aa44c3fb,user_057,developer,2026-07-07 10:50:07,2026-07-07 13:56:07,13,3,0,13,1,1,4,0,0,0.0,0.0,0,0,186.0,10.833333333333334,1,0,0,0.0,0.0,normal,2.8277,0.3588,0.2248,0.0,0.0,0.0,0.9687,0.0,0.0,0.4867,17,1.0,personal,21.6,28.41,26.99,21.53,40.0,25.6,25.8
session_1d4d7030cdd2,user_027,developer,2026-07-07 11:17:18,2026-07-07 11:17:18,1,0,0,1,1,1,1,1,0,26.105,26.105,0,1,0.0,11.283333333333331,1,0,0,0.0,26.105,low_slow_exfiltration,5.1069,2.3832,2.698,0.0,0.0,0.0,4.0,26.105,0.0,2.6876,18,1.0,personal,73.91,53.61,60.86,53.65,100.0,10.31,65.3
session_89057e5ed742,user_052,finance,2026-07-07 11:59:28,2026-07-07 11:59:28,1,0,0,1,1,1,1,1,0,13.228,13.228,0,1,0.0,11.983333333333333,1,0,0,0.0,13.228,low_slow_exfiltration,4.7964,2.526,2.5481,0.0,0.0,0.0,2.0,2.4952,0.0,1.5962,20,1.0,personal,54.98,39.86,40.06,34.65,80.0,0.0,47.44
session_142ff8c438a9,user_043,hr,2026-07-07 12:55:12,2026-07-07 13:55:12,7,3,0,7,1,1,3,1,0,79.253,22.394,0,0,60.0,12.916666666666666,1,0,0,0.0,11.321857142857144,normal,8.2288,1.8548,1.349,0.0,0.0,0.0,0.0,1.0527,0.0,1.3873,22,1.0,personal,50.03,33.35,24.99,24.62,20.0,38.5,36.82
session_8b8434b8171c,user_040,finance,2026-07-07 13:33:50,2026-07-07 13:33:50,1,0,0,1,1,1,1,0,0,21.256,21.256,0,1,0.0,13.55,1,0,0,0.0,21.256,insider_drift,7.2566,1.833,2.1734,0.0,0.0,0.0,2.0,2.3615,0.0,1.7361,22,1.0,personal,58.02,48.25,43.07,34.02,60.0,54.98,51.47
session_084252c4d8e5,user_048,developer,2026-07-07 15:59:36,2026-07-07 15:59:36,1,0,0,1,1,1,1,0,0,22.685,22.685,0,1,0.0,15.983333333333333,1,0,0,0.0,22.685,insider_drift,13.8866,2.508,2.5293,0.0,0.0,0.0,4.0,1.8838,0.0,2.3246,23,1.0,personal,68.72,50.84,48.21,44.51,100.0,0.0,59.34
session_94e5dd523c87,user_066,developer,2026-07-07 23:37:03,2026-07-08 00:17:03,6,1,0,6,1,1,4,0,0,50.349,18.925,0,0,40.0,23.616666666666667,1,0,1,0.0,8.3915,normal,21.8172,2.2347,1.1242,0.0,0.0,0.0,1.0,3.8367,0.0,2.0217,18,1.0,personal,63.61,48.92,44.48,31.6,60.0,79.87,55.05
session_a58f1621c86a,user_076,analyst,2026-07-08 01:30:24,2026-07-08 01:32:48,13,13,13,13,4,1,1,0,0,0.0,0.0,0,1,2.4,1.5,2,0,1,1.0,0.0,brute_force,16.1878,2.3068,0.5396,1.0,3.0,0.0,3.0,1.661,0.0,2.3897,23,1.0,personal,69.73,42.42,29.98,22.57,20.0,53.97,47.83
session_1f5202e0f937,user_062,hr,2026-07-08 03:51:21,2026-07-08 03:51:21,1,1,0,1,1,1,1,0,0,0.0,0.0,0,1,0.0,3.85,2,0,1,0.0,0.0,credential_stuffing,6.5907,3.6143,2.698,0.0,0.0,0.0,2.0,1.6758,0.0,1.8421,17,1.0,personal,60.19,40.47,34.83,32.06,60.0,0.0,46.6
session_477cb755ca95,user_027,developer,2026-07-08 03:51:41,2026-07-08 03:51:41,1,1,1,1,1,1,1,0,0,0.0,0.0,0,1,0.0,3.85,2,0,1,1.0,0.0,credential_stuffing,16.3805,2.3832,2.698,1.0,0.0,0.0,4.0,0.0,0.0,2.2312,18,1.0,personal,67.23,59.99,62.71,56.58,100.0,0.0,63.95
session_a1a875fdb1ca,user_078,developer,2026-07-08 03:52:01,2026-07-08 03:52:01,1,1,1,1,1,1,1,0,0,0.0,0.0,0,1,0.0,3.866666666666666,2,0,1,1.0,0.0,credential_stuffing,7.9453,2.0673,2.1921,1.0,0.0,0.0,4.0,0.0,0.0,1.9116,18,1.0,personal,61.55,40.99,30.97,26.16,20.0,58.31,44.99
session_65906caf2336,user_047,developer,2026-07-08 03:52:21,2026-07-08 03:52:21,1,1,1,1,1,1,1,0,0,0.0,0.0,0,1,0.0,3.866666666666666,2,0,1,1.0,0.0,credential_stuffing,8.2683,3.4539,2.698,1.0,0.0,0.0,3.1524,0.0,0.0,2.0636,20,1.0,personal,64.36,37.82,28.75,23.17,40.0,51.85,46.53
session_45b148a1fcc5,user_037,developer,2026-07-08 03:52:41,2026-07-08 03:52:41,1,1,1,1,1,1,1,0,0,0.0,0.0,0,1,0.0,3.866666666666666,2,0,1,1.0,0.0,credential_stuffing,10.4471,2.2535,2.7729,1.0,0.0,0.0,4.0,0.0,0.0,2.2252,22,1.0,personal,67.13,51.53,41.78,32.97,60.0,60.01,55.72
session_2eca478c7d5e,user_008,developer,2026-07-08 03:53:01,2026-07-08 03:53:01,1,1,0,1,1,1,1,0,0,0.0,0.0,0,1,0.0,3.883333333333333,2,0,1,0.0,0.0,credential_stuffing,7.3961,1.6664,1.5738,0.0,0.0,0.0,3.39,0.0,0.0,1.5585,21,1.0,personal,54.13,35.02,28.19,22.44,40.0,40.22,41.14
session_8816b5e829cf,user_073,hr,2026-07-08 03:53:21,2026-07-08 03:53:21,1,1,1,1,1,1,1,0,0,0.0,0.0,0,1,0.0,3.883333333333333,2,0,1,1.0,0.0,credential_stuffing,8.1688,2.8002,3.1797,1.0,0.0,0.0,2.0,1.7275,0.0,2.0974,18,1.0,personal,64.96,40.72,27.25,22.62,20.0,58.53,45.4
session_f6dc53f76af5,user_018,developer,2026-07-08 03:53:41,2026-07-08 03:53:41,1,1,1,1,1,1,1,0,0,0.0,0.0,0,1,0.0,3.883333333333333,2,0,1,1.0,0.0,credential_stuffing,7.7067,2.1496,2.6016,1.0,0.0,0.0,4.0,0.0,0.0,1.9398,22,1.0,personal,62.09,35.91,27.38,25.16,40.0,33.35,44.31
session_7e3250d015dd,user_063,finance,2026-07-08 03:54:01,2026-07-08 03:54:01,1,1,1,1,1,1,1,0,0,0.0,0.0,0,1,0.0,3.9,2,0,1,1.0,0.0,credential_stuffing,9.6115,3.2305,3.5973,1.0,0.0,0.0,2.0,2.4339,0.0,2.4304,21,1.0,personal,70.33,42.05,31.08,23.91,20.0,52.74,48.23
session_dcb9859b059a,user_075,developer,2026-07-08 03:54:21,2026-07-08 03:54:21,1,1,0,1,1,1,1,0,0,0.0,0.0,0,1,0.0,3.9,2,0,1,0.0,0.0,credential_stuffing,6.4532,3.2124,2.1584,0.0,0.0,0.0,3.1102,0.0,0.0,1.6594,17,1.0,personal,56.38,30.49,22.74,24.21,40.0,3.85,38.68
session_2fd36e4c772e,user_030,hr,2026-07-08 04:47:21,2026-07-08 04:57:21,6,1,0,6,1,1,6,0,0,0.0,0.0,1,1,10.0,4.783333333333333,2,0,1,0.0,0.0,lateral_movement,11.2929,4.0469,2.1921,0.0,0.0,0.0,3.0,1.4423,1.0,2.409,24,1.0,personal,70.02,49.78,39.81,33.05,60.0,53.67,55.92
session_0bf997d44574,user_007,developer,2026-07-08 04:50:29,2026-07-08 05:00:29,6,1,0,6,1,1,6,0,0,0.0,0.0,1,1,10.0,4.833333333333333,2,0,1,0.0,0.0,lateral_movement,5.5516,2.4372,1.7237,0.0,0.0,0.0,1.0,0.0,1.0,1.3014,20,1.0,personal,47.83,28.98,20.24,20.5,20.0,36.51,33.84
session_f5cacf628dd0,user_043,hr,2026-07-08 06:56:51,2026-07-08 10:32:51,15,3,0,15,1,1,3,6,0,51.996,12.756,0,0,216.0,6.933333333333334,2,0,0,0.0,3.4664,normal,2.1983,0.1478,0.1349,0.0,0.0,0.0,0.0,0.0469,0.0,0.2809,23,1.0,personal,13.1,25.01,22.98,23.04,20.0,25.1,19.25
session_d1579180af26,user_011,analyst,2026-07-08 07:05:54,2026-07-08 10:39:54,12,5,0,12,1,1,4,4,0,36.117,10.083,0,0,214.0,7.083333333333333,2,0,0,0.0,3.0097500000000004,normal,4.1818,0.2587,0.5059,0.0,0.0,0.0,0.0,0.0563,0.0,0.5559,17,1.0,personal,24.27,27.55,22.7,24.71,0.0,21.94,22.19
session_7774b7bfb9f0,user_045,admin,2026-07-08 07:19:10,2026-07-08 12:09:10,17,2,0,17,1,1,5,0,0,0.0,0.0,4,0,290.0,7.316666666666666,2,0,0,0.0,0.0,normal,1.6862,0.0819,0.0,0.0,0.0,0.0,0.0,0.0,0.6745,0.2714,20,1.0,personal,12.69,13.59,16.42,24.21,0.0,0.0,12.68
session_5ef8f16f726b,user_064,finance,2026-07-08 07:27:27,2026-07-08 10:24:27,13,2,0,13,1,1,3,4,3,146.788,35.021,0,0,177.0,7.45,2,0,0,0.0,11.291384615384615,normal,1.349,1.0692,0.8244,0.0,0.0,0.0,0.0,0.4595,0.0,0.4113,18,1.0,personal,18.59,20.49,18.02,19.81,20.0,0.0,18.22
session_b7a8f50ee035,user_042,developer,2026-07-08 07:32:13,2026-07-08 10:01:13,11,2,0,11,1,1,5,0,0,0.0,0.0,0,0,149.0,7.533333333333333,2,0,0,0.0,0.0,normal,1.0539,1.638,1.7986,0.0,0.0,0.0,0.0,0.0,0.0,0.4989,20,1.0,personal,22.08,16.86,14.06,16.81,0.0,8.76,16.43
session_9ec335be52c1,user_069,hr,2026-07-08 07:43:40,2026-07-08 12:58:40,18,7,0,18,1,1,3,5,0,61.806,15.243,0,0,315.0,7.716666666666667,2,0,0,0.0,3.4336666666666664,normal,0.0375,0.3717,0.0,0.0,0.0,0.0,0.0,0.4623,0.0,0.0968,21,1.0,personal,4.72,11.36,16.71,17.71,20.0,0.0,10.44
session_345299ab368b,user_035,admin,2026-07-08 07:45:50,2026-07-08 13:52:50,24,4,0,24,1,1,5,0,0,0.0,0.0,2,0,367.0,7.75,2,0,0,0.0,0.0,normal,2.2033,1.3865,1.7986,0.0,0.0,0.0,0.0,0.0,0.0,0.5987,18,1.0,personal,25.87,21.51,21.31,23.62,20.0,0.0,22.21
session_c613f47fa789,user_040,finance,2026-07-08 07:50:27,2026-07-08 14:18:27,23,6,0,23,1,1,3,4,6,132.019,23.561,0,0,388.0,7.833333333333333,2,0,0,0.0,5.73995652173913,normal,0.721,1.2458,1.1242,0.0,0.0,0.0,0.0,1.1742,0.0,0.4739,22,1.0,personal,21.1,34.56,38.95,33.05,60.0,0.0,30.5
session_b750a2a90e1f,user_034,finance,2026-07-08 07:50:57,2026-07-08 09:47:57,10,2,0,10,1,1,3,4,3,49.368,11.53,0,0,117.0,7.833333333333333,2,0,0,0.0,4.9368,normal,1.3925,1.2366,1.0117,0.0,0.0,0.0,0.0,0.0065,0.0,0.4053,21,1.0,personal,18.34,12.71,13.03,17.38,0.0,0.0,13.57
session_8730a9bff5e9,user_050,developer,2026-07-08 07:53:24,2026-07-08 12:18:24,19,4,0,19,1,1,5,0,0,0.0,0.0,0,0,265.0,7.883333333333333,2,0,0,0.0,0.0,normal,0.3986,0.1389,0.6745,0.0,0.0,0.0,0.0,0.0,0.0,0.1347,22,1.0,personal,6.51,10.85,15.88,18.2,20.0,0.0,10.98
session_ffebdd7fa61a,user_027,developer,2026-07-08 07:53:49,2026-07-08 10:55:49,15,4,0,15,1,1,5,0,0,0.0,0.0,0,0,182.0,7.883333333333333,2,0,0,0.0,0.0,normal,4.7214,0.5646,0.0,0.0,0.0,0.0,0.0,0.0,0.0,0.5873,18,1.0,personal,25.45,47.45,52.38,53.9,100.0,0.0,42.92
session_9c769d1fe0e3,user_018,developer,2026-07-08 08:10:02,2026-07-08 11:04:02,13,3,0,13,1,1,4,0,0,0.0,0.0,0,0,174.0,8.166666666666666,2,0,0,0.0,0.0,normal,1.2865,0.461,0.2891,0.0,0.0,0.0,1.0,0.0,0.0,0.3374,22,1.0,personal,15.52,30.39,25.25,23.94,40.0,19.19,23.43
session_02a88e5a7e23,user_029,admin,2026-07-08 08:11:33,2026-07-08 12:22:33,17,4,0,17,1,1,5,0,0,0.0,0.0,3,0,251.0,8.183333333333334,2,0,0,0.0,0.0,normal,0.1285,0.2826,0.3372,0.0,0.0,0.0,0.0,0.0,0.0,0.0831,19,1.0,personal,4.07,7.71,13.64,20.94,20.0,0.0,9.31
session_747fb2bdb6c8,user_024,hr,2026-07-08 08:24:13,2026-07-08 14:22:13,25,7,0,25,1,1,3,2,0,51.072,40.471,0,0,358.0,8.4,2,0,0,0.0,2.04288,normal,0.3174,1.1109,1.1804,0.0,0.0,0.0,0.0,1.0539,0.0,0.407,18,1.0,personal,18.41,19.46,21.24,20.33,0.0,0.0,16.48
session_da1287414ed1,user_007,developer,2026-07-08 08:30:24,2026-07-08 08:30:24,1,0,0,1,1,1,1,1,0,101.393,101.393,0,0,0.0,8.5,2,0,0,0.0,101.393,normal,0.1557,2.5271,2.4731,0.0,0.0,0.0,4.0,3.6837,0.0,1.4266,20,1.0,personal,51.0,42.83,28.84,24.15,40.0,66.97,43.06
session_2dce9c5b7a61,user_062,hr,2026-07-08 08:30:36,2026-07-08 11:50:36,19,5,0,19,1,1,3,5,0,65.789,19.149,0,0,200.0,8.5,2,0,0,0.0,3.462578947368421,normal,1.2141,1.069,0.3372,0.0,0.0,0.0,0.0,0.0544,0.0,0.2972,17,1.0,personal,13.81,29.7,28.99,30.0,40.0,0.74,22.85
session_e1ae62908710,user_006,analyst,2026-07-08 08:31:48,2026-07-08 11:40:48,12,4,0,12,1,1,4,5,0,53.462,14.407,0,0,189.0,8.516666666666667,2,0,0,0.0,4.455166666666667,normal,0.0,0.2346,0.2698,0.0,0.0,0.0,0.0,0.0223,0.0,0.0585,23,1.0,personal,2.88,8.0,13.24,15.57,20.0,0.0,8.3
session_22c64fe69145,user_020,finance,2026-07-08 08:33:16,2026-07-08 10:27:16,10,4,0,10,1,1,3,2,1,40.237,16.429,0,0,114.0,8.55,2,0,0,0.0,4.0237,normal,0.3632,1.6569,0.8431,0.0,0.0,0.0,0.0,0.9826,0.0,0.4273,21,1.0,personal,19.24,14.53,25.64,25.45,40.0,0.0,20.99
session_fe7a35d584a3,user_021,finance,2026-07-08 08:34:43,2026-07-08 08:36:43,6,6,5,6,1,1,1,0,0,0.0,0.0,0,0,2.0,8.566666666666666,2,0,0,0.8333333333333334,0.0,normal,0.2023,1.6084,1.0792,0.8333,0.0,0.0,2.0,1.3541,0.0,0.7864,15,1.0,personal,32.51,25.64,20.25,24.02,20.0,0.0,25.57
session_ebfdf5f7cbcd,user_039,developer,2026-07-08 08:35:00,2026-07-08 12:56:00,15,6,0,15,1,1,5,0,0,0.0,0.0,0,0,261.0,8.583333333333334,2,0,0,0.0,0.0,normal,0.7015,1.1466,1.1242,0.0,0.0,0.0,0.0,0.0,0.0,0.3303,19,1.0,personal,15.22,15.21,14.15,18.41,0.0,8.96,13.54
session_1fd5e71bfb66,user_048,developer,2026-07-08 08:36:05,2026-07-08 12:11:05,14,4,0,14,1,1,4,0,0,0.0,0.0,0,0,215.0,8.6,2,0,0,0.0,0.0,normal,3.6899,0.4655,0.3372,0.0,0.0,0.0,1.0,0.0,0.0,0.6103,23,1.0,personal,26.3,38.62,41.81,42.82,80.0,0.0,36.8
session_a9cd5300bcb8,user_032,hr,2026-07-08 08:37:42,2026-07-08 13:00:42,16,5,0,16,1,1,3,3,0,9.485,4.791,0,0,263.0,8.616666666666667,2,0,0,0.0,0.5928125,normal,0.0218,0.1091,0.6745,0.0,0.0,0.0,0.0,0.8532,0.0,0.1843,19,1.0,personal,8.8,13.98,18.33,19.72,0.0,0.0,11.04
session_bd0eb1f0db50,user_016,developer,2026-07-08 08:38:52,2026-07-08 13:08:52,21,4,0,21,1,1,5,0,0,0.0,0.0,0,0,270.0,8.633333333333333,2,0,0,0.0,0.0,normal,0.1993,0.029,0.9443,0.0,0.0,0.0,0.0,0.0,0.0,0.1303,20,1.0,personal,6.31,12.36,22.19,23.59,40.0,0.0,14.68
session_56680bb6002d,user_038,developer,2026-07-08 08:45:26,2026-07-08 12:43:26,16,3,0,16,1,1,5,0,0,0.0,0.0,0,0,238.0,8.75,2,0,0,0.0,0.0,normal,0.3721,0.4047,0.2248,0.0,0.0,0.0,0.0,0.0,0.0,0.1113,21,1.0,personal,5.41,9.14,12.21,12.47,0.0,1.44,7.15
session_32f50db9bb5e,user_022,developer,2026-07-08 08:46:20,2026-07-08 11:33:20,12,2,0,12,1,1,4,0,0,0.0,0.0,0,0,167.0,8.766666666666667,2,0,0,0.0,0.0,normal,0.662,1.2526,1.349,0.0,0.0,0.0,1.0,0.0,0.0,0.4737,22,1.0,personal,21.09,15.64,19.3,18.74,40.0,0.0,20.33
session_19f741969249,user_058,hr,2026-07-08 08:50:34,2026-07-08 13:44:34,18,6,0,18,1,1,3,6,0,90.845,27.039,0,0,294.0,8.833333333333334,2,0,0,0.0,5.046944444444445,normal,1.0268,0.3931,0.5059,0.0,0.0,0.0,0.0,1.623,0.0,0.3943,20,1.0,personal,17.89,12.74,14.91,19.02,0.0,0.0,13.84
session_ab16aa6faf0f,user_073,hr,2026-07-08 08:53:31,2026-07-08 11:35:31,12,2,0,12,1,1,3,4,0,18.411,5.24,0,0,162.0,8.883333333333333,2,0,0,0.0,1.53425,normal,0.8244,1.1446,1.0599,0.0,0.0,0.0,0.0,0.4004,0.0,0.381,18,1.0,personal,17.35,33.38,26.24,22.24,20.0,35.66,23.56
session_5873a57d9560,user_056,hr,2026-07-08 08:54:53,2026-07-08 14:34:53,20,5,0,20,1,1,3,3,0,60.994,29.349,0,0,340.0,8.9,2,0,0,0.0,3.0497,normal,0.9696,0.5603,0.1686,0.0,0.0,0.0,0.0,0.8678,0.0,0.2851,21,1.0,personal,13.29,13.57,12.88,16.83,0.0,0.0,11.64
session_50d75f7a8a5d,user_074,finance,2026-07-08 08:54:53,2026-07-08 14:16:53,22,8,0,22,1,1,3,3,1,10.966,4.114,0,0,322.0,8.9,2,0,0,0.0,0.4984545454545454,normal,0.0107,0.5798,0.8244,0.0,0.0,0.0,0.0,1.0941,0.0,0.2788,20,1.0,personal,13.01,13.55,13.27,14.25,0.0,0.0,11.33
session_d1586e11e9e1,user_008,developer,2026-07-08 08:55:43,2026-07-08 11:43:43,10,2,0,10,1,1,5,0,0,0.0,0.0,0,0,168.0,8.916666666666666,2,0,0,0.0,0.0,normal,0.3721,0.5555,0.5621,0.0,0.0,0.0,0.0,0.0,0.0,0.1655,21,1.0,personal,7.94,24.99,24.14,20.69,40.0,1.87,17.96
session_a916df163f85,user_021,finance,2026-07-08 08:55:50,2026-07-08 10:51:50,9,1,0,9,1,1,3,3,1,19.66,8.013,0,0,116.0,8.916666666666666,2,0,0,0.0,2.1844444444444444,normal,0.6167,0.8326,0.607,0.0,0.0,0.0,0.0,0.3346,0.0,0.2657,16,1.0,personal,12.44,20.68,17.85,22.34,0.0,14.21,14.73
session_b7b736378a1c,user_055,analyst,2026-07-08 08:59:40,2026-07-08 14:33:40,16,3,0,16,1,1,4,5,0,94.353,25.801,0,0,334.0,8.983333333333333,2,0,0,0.0,5.8970625,normal,2.7764,0.9078,0.0964,0.0,0.0,0.0,0.0,1.4986,0.0,0.5866,20,1.0,personal,25.42,24.06,20.96,22.71,0.0,21.13,21.45
session_4bf8a302a5e7,user_037,developer,2026-07-08 09:00:09,2026-07-08 15:28:09,24,5,0,24,1,1,5,0,0,0.0,0.0,0,0,388.0,9.0,2,0,0,0.0,0.0,normal,1.2141,0.772,0.6745,0.0,0.0,0.0,0.0,0.0,0.0,0.2956,22,1.0,personal,13.74,32.22,36.27,31.27,60.0,17.33,27.37
session_a16d590c9215,user_071,analyst,2026-07-08 09:00:22,2026-07-08 12:15:22,15,4,0,15,1,1,4,3,0,59.416,22.597,0,0,195.0,9.0,2,0,0,0.0,3.9610666666666665,normal,0.4413,1.5903,0.3935,0.0,0.0,0.0,0.0,0.4629,0.0,0.3209,18,1.0,personal,14.82,13.61,13.9,17.79,0.0,0.0,12.51
session_68efc331b7a9,user_026,analyst,2026-07-08 09:03:05,2026-07-08 14:43:05,18,6,0,18,1,1,4,4,0,23.483,8.705,0,0,340.0,9.05,2,0,0,0.0,1.3046111111111112,normal,1.1017,1.4316,0.6745,0.0,0.0,0.0,0.0,0.3193,0.0,0.3919,21,1.0,personal,17.79,16.72,16.9,18.37,0.0,0.0,14.83
session_63f042952c20,user_009,developer,2026-07-08 09:08:44,2026-07-08 12:51:44,17,1,0,17,1,1,5,0,0,0.0,0.0,0,0,223.0,9.133333333333333,2,0,0,0.0,0.0,normal,0.4692,1.5265,0.6745,0.0,0.0,0.0,0.0,0.0,0.0,0.2967,21,1.0,personal,13.79,15.18,17.47,20.02,20.0,12.7,15.81
session_f2d59eedd9ba,user_036,developer,2026-07-08 09:09:52,2026-07-08 12:44:52,12,3,0,12,1,1,5,0,0,0.0,0.0,0,0,215.0,9.15,2,0,0,0.0,0.0,normal,0.5496,0.1065,0.6745,0.0,0.0,0.0,0.0,0.0,0.0,0.1478,25,1.0,personal,7.12,23.39,25.03,24.34,20.0,15.17,16.47
session_43f74d275d4e,user_013,hr,2026-07-08 09:12:10,2026-07-08 13:49:10,19,5,0,19,1,1,3,2,0,11.872,8.42,0,0,277.0,9.2,2,0,0,0.0,0.6248421052631579,normal,0.1054,0.1602,0.0,0.0,0.0,0.0,0.0,0.4501,0.0,0.0795,20,1.0,personal,3.9,9.02,15.04,20.25,0.0,0.0,7.65
session_2713bbcbe59a,user_015,finance,2026-07-08 09:14:36,2026-07-08 14:11:36,22,3,0,22,1,1,3,4,3,21.213,4.887,0,0,297.0,9.233333333333333,2,0,0,0.0,0.9642272727272726,normal,0.1557,0.6544,1.1804,0.0,0.0,0.0,0.0,0.3766,0.0,0.263,18,1.0,personal,12.32,13.27,14.68,19.61,0.0,0.0,11.75
session_91c2585c4935,user_001,finance,2026-07-08 09:15:05,2026-07-08 14:24:05,24,2,0,24,1,1,3,6,1,90.753,18.726,0,0,309.0,9.25,2,0,0,0.0,3.781375,normal,0.3653,0.6563,1.5176,0.0,0.0,0.0,0.0,0.6119,0.0,0.3501,21,1.0,personal,16.06,17.2,15.89,18.3,20.0,0.0,16.08
session_3c4aac651bf4,user_023,developer,2026-07-08 09:15:28,2026-07-08 16:00:28,24,6,0,24,1,1,5,0,0,0.0,0.0,0,0,405.0,9.25,2,0,0,0.0,0.0,normal,0.0293,1.5354,2.2933,0.0,0.0,0.0,0.0,0.0,0.0,0.4287,22,1.0,personal,19.29,18.05,14.89,17.89,0.0,12.48,15.97
session_4a1322070c67,user_080,hr,2026-07-08 09:15:46,2026-07-08 13:00:46,13,3,0,13,1,1,3,6,0,123.944,40.786,0,0,225.0,9.25,2,0,0,0.0,9.534153846153846,normal,0.0778,0.3897,0.8993,0.0,0.0,0.0,0.0,1.1314,0.0,0.2776,19,1.0,personal,12.96,12.87,12.58,17.44,0.0,0.0,11.39
session_b66d1510b557,user_051,analyst,2026-07-08 09:17:14,2026-07-08 15:57:14,25,7,0,25,1,1,4,6,0,40.847,11.711,0,0,400.0,9.283333333333331,2,0,0,0.0,1.63388,normal,0.1606,1.127,1.4839,0.0,0.0,0.0,0.0,1.2935,0.0,0.4517,19,1.0,personal,20.22,17.23,15.72,15.9,0.0,7.57,15.86
session_61bdae7ab39a,user_049,analyst,2026-07-08 09:18:05,2026-07-08 12:56:05,14,8,0,14,1,1,4,2,0,9.571,6.566,0,0,218.0,9.3,2,0,0,0.0,0.6836428571428571,normal,0.1374,0.1313,0.2023,0.0,0.0,0.0,0.0,0.7965,0.0,0.1408,20,1.0,personal,6.8,9.73,15.98,23.38,20.0,0.0,11.4
session_7dcbaa4d7a7b,user_061,analyst,2026-07-08 09:18:26,2026-07-08 11:51:26,11,3,0,11,1,1,4,1,0,7.567,7.567,0,0,153.0,9.3,2,0,0,0.0,0.6879090909090909,normal,0.721,1.0792,0.9443,0.0,0.0,0.0,0.0,0.8316,0.0,0.3973,21,1.0,personal,18.02,16.13,14.62,18.93,0.0,7.62,14.9
session_b8182df8521d,user_067,analyst,2026-07-08 09:24:54,2026-07-08 15:49:54,24,7,0,24,1,1,4,6,0,101.536,24.809,0,0,385.0,9.4,2,0,0,0.0,4.230666666666667,normal,0.1823,1.8138,1.6019,0.0,0.0,0.0,0.0,2.728,0.0,0.7029,20,1.0,personal,29.63,23.53,21.46,22.85,0.0,10.55,22.59
session_61c667167334,user_059,analyst,2026-07-08 09:25:27,2026-07-08 12:00:27,10,3,0,10,1,1,3,2,0,15.982,11.078,0,0,155.0,9.416666666666666,2,0,0,0.0,1.5981999999999998,normal,0.1395,1.3366,1.349,0.0,0.0,0.0,1.0,0.5896,0.0,0.4905,16,1.0,personal,21.75,21.65,22.49,23.89,0.0,13.22,19.45
session_cd420a749ed5,user_010,finance,2026-07-08 09:25:42,2026-07-08 12:56:42,12,3,0,12,1,1,3,2,2,32.064,16.476,0,0,211.0,9.416666666666666,2,0,0,0.0,2.672,normal,0.045,0.5132,0.6745,0.0,0.0,0.0,0.0,0.2048,0.0,0.1597,21,1.0,personal,7.67,15.8,21.31,22.5,20.0,0.0,13.68
session_afabe218212d,user_031,developer,2026-07-08 09:26:43,2026-07-08 11:35:43,9,2,0,9,1,1,4,0,0,0.0,0.0,0,0,129.0,9.433333333333334,2,0,0,0.0,0.0,normal,0.1638,0.9191,0.9443,0.0,0.0,0.0,1.0,0.0,0.0,0.3364,22,1.0,personal,15.48,13.13,15.36,18.01,20.0,0.0,14.92
session_0d02450b0865,user_044,developer,2026-07-08 09:27:01,2026-07-08 14:41:01,21,5,0,21,1,1,5,0,0,0.0,0.0,0,0,314.0,9.45,2,0,0,0.0,0.0,normal,1.0492,1.2059,0.6745,0.0,0.0,0.0,0.0,0.0,0.0,0.3255,21,1.0,personal,15.02,12.3,13.7,13.2,0.0,4.57,12.07
session_bc6e384ad4f3,user_078,developer,2026-07-08 09:29:14,2026-07-08 13:25:14,15,3,0,15,1,1,5,0,0,0.0,0.0,0,0,236.0,9.483333333333333,2,0,0,0.0,0.0,normal,0.2401,0.0,0.1686,0.0,0.0,0.0,0.0,0.0,0.0,0.0454,18,1.0,personal,2.24,24.06,25.25,23.39,20.0,11.02,14.39
session_753c0dd47733,user_076,analyst,2026-07-08 09:31:40,2026-07-08 12:23:40,12,2,0,12,1,1,4,6,0,31.789,7.323,0,0,172.0,9.516666666666667,2,0,0,0.0,2.649083333333333,normal,1.441,0.8768,0.6745,0.0,0.0,0.0,0.0,1.1218,0.0,0.4571,23,1.0,personal,20.43,35.72,28.94,22.74,20.0,31.27,25.5
session_6f3e6a29c5ce,user_065,hr,2026-07-08 09:35:57,2026-07-08 14:29:57,19,4,0,19,1,1,3,8,0,89.245,19.399,0,0,294.0,9.583333333333334,2,0,0,0.0,4.697105263157895,normal,0.4005,0.0637,0.1349,0.0,0.0,0.0,0.0,1.3911,0.0,0.2211,22,1.0,personal,10.47,13.45,14.36,18.15,0.0,0.0,10.85
session_414ae0c81c62,user_052,finance,2026-07-08 09:38:19,2026-07-08 13:19:19,11,3,0,11,1,1,3,1,3,20.332,8.089,0,0,221.0,9.633333333333333,2,0,0,0.0,1.8483636363636364,normal,0.5696,0.5775,1.0492,0.0,0.0,0.0,0.0,2.0338,0.0,0.47,20,1.0,personal,20.94,29.91,35.14,33.61,80.0,0.0,30.99
session_e873ce855e66,user_017,admin,2026-07-08 09:38:24,2026-07-08 14:31:24,22,2,0,22,1,1,5,0,0,0.0,0.0,3,0,293.0,9.633333333333333,2,0,0,0.0,0.0,normal,0.0,0.5094,2.0235,0.0,0.0,0.0,0.0,0.0,0.6745,0.3564,22,1.0,personal,16.32,16.8,20.4,22.49,20.0,0.0,17.2
session_4dbed831ddbd,user_054,developer,2026-07-08 09:46:39,2026-07-08 12:06:39,11,4,0,11,1,1,5,0,0,0.0,0.0,0,0,140.0,9.766666666666667,2,0,0,0.0,0.0,normal,0.1226,0.7082,0.5396,0.0,0.0,0.0,0.0,0.0,0.0,0.1523,19,1.0,personal,7.33,13.63,19.03,21.59,20.0,0.0,12.67
session_20b0a066ca75,user_047,developer,2026-07-08 09:48:27,2026-07-08 14:11:27,14,3,0,14,1,1,5,0,0,0.0,0.0,0,0,263.0,9.8,2,0,0,0.0,0.0,normal,0.0116,0.3954,0.7494,0.0,0.0,0.0,0.0,0.0,0.0,0.1285,20,1.0,personal,6.22,26.3,24.42,21.03,40.0,11.21,18.07
session_c7426eeb9580,user_070,admin,2026-07-08 09:48:53,2026-07-08 16:13:53,23,6,0,23,1,1,5,0,0,0.0,0.0,5,0,385.0,9.8,2,0,0,0.0,0.0,normal,0.7869,1.616,2.0235,0.0,0.0,0.0,0.0,0.0,1.349,0.6417,24,1.0,personal,27.45,20.37,19.23,18.1,0.0,8.54,20.17
session_071c2243c750,user_007,developer,2026-07-08 09:50:39,2026-07-08 15:12:39,18,3,0,18,1,1,5,0,0,0.0,0.0,0,0,322.0,9.833333333333334,2,0,0,0.0,0.0,normal,2.3607,0.3541,0.2248,0.0,0.0,0.0,0.0,0.0,0.0,0.3266,21,1.0,personal,15.07,32.5,27.07,23.0,40.0,42.84,25.03
session_fd36a3859aed,user_005,hr,2026-07-08 09:50:40,2026-07-08 13:00:40,16,5,0,16,1,1,3,4,0,11.667,3.842,0,0,190.0,9.833333333333334,2,0,0,0.0,0.7291875,normal,0.6745,0.3839,0.1686,0.0,0.0,0.0,0.0,0.0682,0.0,0.1439,21,1.0,personal,6.94,14.6,16.02,15.72,0.0,2.93,9.82
session_04af819494de,user_066,developer,2026-07-08 09:54:35,2026-07-08 13:37:35,15,5,0,15,1,1,4,0,0,0.0,0.0,0,0,223.0,9.9,2,0,0,0.0,0.0,normal,0.3954,0.3132,0.3372,0.0,0.0,0.0,1.0,0.0,0.0,0.2273,19,1.0,personal,10.74,30.22,38.04,29.87,60.0,14.2,25.74
session_48890c99795b,user_063,finance,2026-07-08 09:55:50,2026-07-08 11:51:50,10,2,0,10,1,1,3,2,3,36.623,12.347,0,0,116.0,9.916666666666666,2,0,0,0.0,3.6623,normal,0.534,1.8578,1.5738,0.0,0.0,0.0,0.0,0.4347,0.0,0.4889,21,1.0,personal,21.69,36.38,30.05,23.93,20.0,26.91,26.2
session_5d6f0e6560e1,user_028,developer,2026-07-08 09:57:57,2026-07-08 13:00:57,10,4,0,10,1,1,4,0,0,0.0,0.0,0,0,183.0,9.95,2,0,0,0.0,0.0,normal,0.4848,0.1018,0.5059,0.0,0.0,0.0,0.8872,0.0,0.0,0.22,23,1.0,personal,10.42,12.09,21.26,21.98,40.0,0.0,15.97
session_e8801c319f27,user_077,admin,2026-07-08 10:02:21,2026-07-08 15:35:21,25,5,0,25,1,1,5,0,0,0.0,0.0,2,0,333.0,10.033333333333331,2,0,0,0.0,0.0,normal,1.9826,1.052,1.5176,0.0,0.0,0.0,0.0,0.0,0.0,0.5058,18,1.0,personal,22.35,17.27,17.23,20.53,0.0,2.21,17.14
session_eef9ff1b7c44,user_041,finance,2026-07-08 10:02:34,2026-07-08 13:14:34,12,2,0,12,1,1,3,4,3,151.505,40.878,0,0,192.0,10.033333333333331,2,0,0,0.0,12.625416666666666,normal,0.1163,0.3014,0.4497,0.0,0.0,0.0,0.0,0.4814,0.0,0.1499,22,1.0,personal,7.22,14.62,17.26,21.37,20.0,0.0,12.54
session_5a114c32fcc7,user_057,developer,2026-07-08 10:05:12,2026-07-08 14:59:12,20,5,0,20,1,1,5,0,0,0.0,0.0,0,0,294.0,10.083333333333334,2,0,0,0.0,0.0,normal,1.4673,1.4732,1.6188,0.0,0.0,0.0,0.0,0.0,0.0,0.5066,18,1.0,personal,22.38,26.11,26.47,22.05,40.0,0.0,24.35
session_954857448292,user_014,hr,2026-07-08 10:07:50,2026-07-08 16:23:50,23,7,0,23,1,1,3,7,0,95.169,29.489,0,0,376.0,10.116666666666667,2,0,0,0.0,4.137782608695652,normal,1.0522,0.6636,0.6745,0.0,0.0,0.0,0.0,4.3352,0.0,0.7473,17,1.0,personal,31.18,28.39,29.61,29.87,40.0,0.0,29.58
session_00e3d725f5b6,user_003,developer,2026-07-08 10:21:52,2026-07-08 13:49:52,14,1,0,14,1,1,5,0,0,0.0,0.0,0,0,208.0,10.35,2,0,0,0.0,0.0,normal,0.1958,0.646,0.7588,0.0,0.0,0.0,0.0,0.0,0.0,0.1778,20,1.0,personal,8.51,8.02,9.65,12.47,0.0,0.0,7.7
session_58b0db1d0b77,user_012,analyst,2026-07-08 10:22:54,2026-07-08 14:24:54,17,3,0,17,1,1,4,4,0,17.461,5.32,0,0,242.0,10.366666666666667,2,0,0,0.0,1.0271176470588237,normal,2.6506,0.2417,0.0613,0.0,0.0,0.0,0.0,0.4068,0.0,0.3734,24,1.0,personal,17.03,14.3,20.55,19.16,20.0,0.0,16.67
session_f1420457e034,user_072,hr,2026-07-08 10:28:10,2026-07-08 14:01:10,12,8,0,12,1,1,3,1,0,8.744,8.744,0,0,213.0,10.466666666666669,2,0,0,0.0,0.7286666666666667,normal,1.497,0.3234,0.9743,0.0,0.0,0.0,0.0,1.185,0.0,0.4422,22,1.0,personal,19.84,17.17,19.86,19.86,20.0,5.79,18.62
session_a3cfdc1db2fa,user_075,developer,2026-07-08 10:29:47,2026-07-08 16:03:47,21,6,0,21,1,1,5,0,0,0.0,0.0,0,0,334.0,10.483333333333333,2,0,0,0.0,0.0,normal,0.7474,0.6059,0.5396,0.0,0.0,0.0,0.0,0.0,0.0,0.2103,17,1.0,personal,9.98,24.5,19.64,22.57,40.0,0.0,18.1
session_65910bb5e535,user_019,developer,2026-07-08 10:48:48,2026-07-08 13:16:48,11,4,0,11,1,1,4,0,0,0.0,0.0,0,0,148.0,10.8,2,0,0,0.0,0.0,normal,1.4103,1.505,1.638,0.0,0.0,0.0,1.0,0.0,0.0,0.617,20,1.0,personal,26.55,23.69,24.58,21.51,20.0,2.65,23.33
session_a5d76183f9f7,user_002,finance,2026-07-08 10:49:04,2026-07-08 15:42:04,16,5,0,16,1,1,3,1,3,36.896,16.691,0,0,293.0,10.816666666666666,2,0,0,0.0,2.306,normal,0.5396,0.7869,0.4497,0.0,0.0,0.0,0.0,0.4883,0.0,0.2516,19,1.0,personal,11.82,10.55,11.18,14.19,0.0,0.0,9.93
session_91a5339e97df,user_060,developer,2026-07-08 10:54:15,2026-07-08 14:38:15,14,2,0,14,1,1,4,0,0,0.0,0.0,0,0,224.0,10.9,2,0,0,0.0,0.0,normal,0.4848,0.2146,0.1686,0.0,0.0,0.0,1.0,0.0,0.0,0.2076,21,1.0,personal,9.86,19.1,21.29,20.65,20.0,8.92,15.47
session_0afa30e73e77,user_053,hr,2026-07-08 11:06:53,2026-07-08 15:07:53,13,6,0,13,1,1,3,4,0,20.556,7.287,0,0,241.0,11.1,2,0,0,0.0,1.5812307692307692,normal,0.814,0.4712,0.5396,0.0,0.0,0.0,0.0,0.0613,0.0,0.2096,23,1.0,personal,9.95,12.93,15.67,22.55,0.0,0.0,11.17
session_0125ad920145,user_046,hr,2026-07-08 11:08:34,2026-07-08 15:52:34,17,4,0,17,1,1,3,2,0,19.065,11.513,0,0,284.0,11.133333333333333,2,0,0,0.0,1.121470588235294,normal,1.0424,0.3372,0.0,0.0,0.0,0.0,0.0,0.8952,0.0,0.2528,20,1.0,personal,11.87,13.31,14.03,16.1,20.0,0.0,13.12
session_61d7f5cdea7e,user_030,hr,2026-07-08 11:21:27,2026-07-08 17:39:27,20,10,0,20,1,1,3,3,0,26.538,9.794,0,0,378.0,11.35,2,0,0,0.0,1.3269,normal,3.8928,1.0186,0.1686,0.0,0.0,0.0,0.0,0.7004,0.0,0.6423,24,1.0,personal,27.47,39.96,38.07,32.84,60.0,3.68,34.16
session_8e89c13f33b2,user_040,finance,2026-07-08 13:42:53,2026-07-08 13:42:53,1,0,0,1,1,1,1,0,0,24.798,24.798,0,1,0.0,13.7,2,0,0,0.0,24.798,insider_drift,7.5124,2.0318,2.0235,0.0,0.0,0.0,2.0,2.1106,0.0,1.742,23,1.0,personal,58.15,45.78,43.59,36.72,80.0,0.0,50.62
session_d38ef036c534,user_052,finance,2026-07-08 14:17:29,2026-07-08 14:17:29,1,0,0,1,1,1,1,1,0,15.285,15.285,0,1,0.0,14.283333333333331,2,0,0,0.0,15.285,low_slow_exfiltration,8.6511,2.6511,2.2933,0.0,0.0,0.0,2.0,2.3465,0.0,1.9936,21,1.0,personal,63.09,47.69,40.88,37.85,80.0,1.48,52.77
session_759bc7753312,user_007,developer,2026-07-08 22:30:00,2026-07-08 22:36:20,27,27,27,27,4,1,1,0,0,0.0,0.0,0,1,6.333333333333333,22.5,2,0,1,1.0,0.0,brute_force,21.895,2.4701,1.4989,1.0,3.0,0.0,3.457,0.0,0.0,2.3807,22,1.0,personal,69.59,48.32,38.77,29.07,60.0,80.79,56.26
session_2cd9a20d9695,user_033,developer,2026-07-08 23:43:49,2026-07-09 00:15:49,5,1,0,5,1,1,3,0,0,54.132,17.13,0,0,32.0,23.716666666666665,2,0,1,0.0,10.8264,normal,19.4905,5.8746,5.3959,0.0,0.0,0.0,2.0,54.132,0.0,3.6967,19,1.0,personal,84.25,46.28,31.02,23.0,20.0,74.96,55.66
session_239e53c48a72,user_043,hr,2026-07-09 07:41:52,2026-07-09 11:48:52,16,5,0,16,1,1,3,6,0,86.501,23.964,0,0,247.0,7.683333333333334,3,0,0,0.0,5.4063125,normal,1.1101,0.1488,0.0,0.0,0.0,0.0,0.0,1.1733,0.0,0.2702,24,1.0,personal,12.64,19.02,21.02,21.41,20.0,6.68,16.49
session_89c909d3619d,user_042,developer,2026-07-09 07:43:52,2026-07-09 12:50:52,17,3,0,17,1,1,5,0,0,0.0,0.0,0,0,307.0,7.716666666666667,3,0,0,0.0,0.0,normal,0.7015,0.1509,0.4497,0.0,0.0,0.0,0.0,0.0,0.0,0.1447,21,1.0,personal,6.98,12.52,12.51,15.24,0.0,9.05,9.15
session_a11c4f05704a,user_064,finance,2026-07-09 07:52:40,2026-07-09 12:48:40,20,7,0,20,1,1,3,1,5,101.248,22.678,0,0,296.0,7.866666666666667,3,0,0,0.0,5.0624,normal,0.5781,0.2179,0.2698,0.0,0.0,0.0,0.0,0.3657,0.0,0.1591,19,1.0,personal,7.65,15.0,14.44,18.24,0.0,5.95,10.35
session_378e9036a0ac,user_045,admin,2026-07-09 07:55:32,2026-07-09 12:27:32,17,3,0,17,1,1,5,0,0,0.0,0.0,3,0,272.0,7.916666666666667,3,0,0,0.0,0.0,normal,0.6745,0.1466,0.0,0.0,0.0,0.0,0.0,0.0,0.0,0.0912,21,1.0,personal,4.46,8.26,13.23,21.31,0.0,0.0,7.55
session_4126fe5b7a95,user_050,developer,2026-07-09 07:58:09,2026-07-09 11:24:09,15,3,0,15,1,1,5,0,0,0.0,0.0,0,0,206.0,7.966666666666667,3,0,0,0.0,0.0,normal,0.0843,0.702,0.2248,0.0,0.0,0.0,0.0,0.0,0.0,0.1123,23,1.0,personal,5.46,8.22,11.87,16.43,20.0,0.0,9.25
session_6fdb9e88c0a5,user_059,analyst,2026-07-09 07:59:12,2026-07-09 10:20:12,9,4,0,9,1,1,4,2,0,21.17,15.859,0,0,141.0,7.983333333333333,3,0,0,0.0,2.352222222222222,normal,4.9463,1.3731,1.5176,0.0,0.0,0.0,0.0,0.3463,0.0,0.9093,17,1.0,personal,36.53,29.42,26.33,25.4,20.0,11.96,29.58
session_842874588548,user_073,hr,2026-07-09 08:03:30,2026-07-09 13:14:30,19,7,0,19,1,1,3,2,0,16.066,9.503,0,0,311.0,8.05,3,0,0,0.0,0.845578947368421,normal,0.6745,0.3671,0.4497,0.0,0.0,0.0,0.0,0.5463,0.0,0.2264,19,1.0,personal,10.7,21.96,23.25,20.99,20.0,21.3,17.32
session_bcae2f544059,user_015,finance,2026-07-09 08:06:00,2026-07-09 12:00:00,13,2,0,13,1,1,2,6,1,26.587,5.008,0,0,234.0,8.1,3,0,0,0.0,2.045153846153846,normal,3.2761,0.0,0.3372,0.0,0.0,0.0,1.0,0.8642,0.0,0.6086,19,1.0,personal,26.24,18.69,17.17,20.35,0.0,4.88,19.09
session_a40c12917b75,user_022,developer,2026-07-09 08:10:02,2026-07-09 14:28:02,23,10,0,23,1,1,5,0,0,0.0,0.0,0,0,378.0,8.166666666666666,3,0,0,0.0,0.0,normal,0.2594,1.164,0.6745,0.0,0.0,0.0,0.0,0.0,0.0,0.2331,23,1.0,personal,11.0,13.71,16.44,17.96,40.0,0.0,15.41
session_3eea10881c4d,user_058,hr,2026-07-09 08:10:21,2026-07-09 14:03:21,23,7,0,23,1,1,3,4,0,63.395,31.812,0,0,353.0,8.166666666666666,3,0,0,0.0,2.756304347826087,normal,0.1312,0.7987,1.5738,0.0,0.0,0.0,0.0,0.4854,0.0,0.3321,21,1.0,personal,15.3,14.65,14.46,18.4,0.0,0.0,13.06
session_48d6d239fc2a,user_034,finance,2026-07-09 08:11:05,2026-07-09 15:12:05,24,6,0,24,1,1,3,2,5,55.043,13.189,0,0,421.0,8.183333333333334,3,0,0,0.0,2.293458333333333,normal,0.8993,2.0344,1.638,0.0,0.0,0.0,0.0,0.1917,0.0,0.5293,22,1.0,personal,23.25,18.81,15.3,17.86,0.0,11.48,17.72
session_7fca68c9c060,user_024,hr,2026-07-09 08:11:06,2026-07-09 13:07:06,25,5,0,25,1,1,3,7,0,189.941,41.886,0,0,296.0,8.183333333333334,3,0,0,0.0,7.59764,normal,0.6295,0.2114,1.1804,0.0,0.0,0.0,0.0,2.1649,0.0,0.4651,19,1.0,personal,20.75,19.37,20.96,20.43,0.0,1.92,17.46
session_03061d5501b9,user_039,developer,2026-07-09 08:11:22,2026-07-09 12:58:22,18,4,0,18,1,1,5,0,0,0.0,0.0,0,0,287.0,8.183333333333334,3,0,0,0.0,0.0,normal,1.3225,0.4856,0.2891,0.0,0.0,0.0,0.0,0.0,0.0,0.233,20,1.0,personal,11.0,12.98,13.58,17.38,0.0,0.0,10.77
session_7afcf7692f5a,user_021,finance,2026-07-09 08:20:22,2026-07-09 14:51:22,24,6,0,24,1,1,3,6,4,45.737,7.047,0,0,391.0,8.333333333333334,3,0,0,0.0,1.905708333333333,normal,0.8993,1.3183,1.8548,0.0,0.0,0.0,0.0,0.8874,0.0,0.5511,17,1.0,personal,24.08,21.61,19.76,22.54,0.0,27.23,20.54
session_3e3f40a8bc6b,user_049,analyst,2026-07-09 08:20:52,2026-07-09 11:30:52,13,7,0,13,1,1,4,2,0,6.98,4.318,0,0,190.0,8.333333333333334,3,0,0,0.0,0.5369230769230768,normal,1.3989,0.2725,0.1349,0.0,0.0,0.0,0.0,0.9459,0.0,0.3058,21,1.0,personal,14.18,10.4,14.75,21.87,20.0,0.0,14.15
session_2beacb8ca13e,user_032,hr,2026-07-09 08:21:01,2026-07-09 14:07:01,21,4,0,21,1,1,3,9,0,30.886,5.011,0,0,346.0,8.35,3,0,0,0.0,1.4707619047619047,normal,0.3905,0.8664,0.4818,0.0,0.0,0.0,0.0,2.3244,0.0,0.4515,20,1.0,personal,20.21,15.53,18.32,19.58,0.0,0.0,15.89
session_66ddb7a9a02e,user_035,admin,2026-07-09 08:21:13,2026-07-09 12:08:13,15,2,0,15,1,1,4,0,0,0.0,0.0,5,0,227.0,8.35,3,0,0,0.0,0.0,normal,0.8993,0.3838,0.2248,0.0,0.0,0.0,1.0,0.0,2.0235,0.5035,19,1.0,personal,22.26,22.45,20.46,23.45,0.0,16.47,19.63
session_ed60810468a9,user_069,hr,2026-07-09 08:25:38,2026-07-09 13:34:38,23,11,0,23,1,1,3,5,0,54.684,16.127,0,0,309.0,8.416666666666666,3,0,0,0.0,2.377565217391304,normal,0.8779,0.2453,0.8431,0.0,0.0,0.0,0.0,0.877,0.0,0.3159,22,1.0,personal,14.61,11.71,16.16,17.04,20.0,0.0,14.31
session_a636dbeeb8ac,user_009,developer,2026-07-09 08:27:45,2026-07-09 08:29:45,6,6,5,6,1,1,1,0,0,0.0,0.0,0,0,2.0,8.45,3,0,0,0.8333333333333334,0.0,normal,0.7729,4.9083,3.0352,0.8333,0.0,0.0,4.0,0.0,0.0,1.5055,22,1.0,personal,52.89,33.53,26.65,24.25,40.0,43.47,40.46
session_28588d80d34e,user_052,finance,2026-07-09 08:27:57,2026-07-09 13:34:57,19,5,0,19,1,1,3,7,3,57.574,8.664,0,0,307.0,8.45,3,0,0,0.0,3.030210526315789,normal,1.6129,0.2248,0.1349,0.0,0.0,0.0,0.0,0.3864,0.0,0.2621,21,1.0,personal,12.28,30.66,33.76,35.35,60.0,4.3,25.86
session_9c270d25db9d,user_040,finance,2026-07-09 08:29:12,2026-07-09 14:32:12,20,2,0,20,1,1,3,9,4,216.798,30.949,0,0,363.0,8.483333333333333,3,0,0,0.0,10.8399,normal,0.2326,0.9909,0.5396,0.0,0.0,0.0,0.0,3.6345,0.0,0.5997,23,1.0,personal,25.91,35.85,39.08,35.97,60.0,0.0,32.99
session_f514e88a14d8,user_020,finance,2026-07-09 08:29:44,2026-07-09 15:02:44,23,5,0,23,1,1,3,8,1,168.47,41.283,0,0,393.0,8.483333333333333,3,0,0,0.0,7.324782608695652,normal,0.4232,2.4369,1.638,0.0,0.0,0.0,0.0,1.8084,0.0,0.7007,22,1.0,personal,29.56,22.59,25.87,26.15,40.0,0.0,26.84
session_52d129a3b607,user_028,developer,2026-07-09 08:31:01,2026-07-09 12:41:01,16,7,0,16,1,1,5,0,0,0.0,0.0,0,0,250.0,8.516666666666667,3,0,0,0.0,0.0,normal,1.3087,0.9274,0.6745,0.0,0.0,0.0,0.0,0.0,0.0,0.3234,24,1.0,personal,14.93,13.16,19.16,20.77,40.0,0.0,17.56
session_1f7a4551783e,user_012,analyst,2026-07-09 08:43:01,2026-07-09 11:51:01,12,4,0,12,1,1,4,3,0,12.245,5.2,0,0,188.0,8.716666666666667,3,0,0,0.0,1.0204166666666667,normal,0.2453,0.602,0.5621,0.0,0.0,0.0,0.0,1.0944,0.0,0.2782,25,1.0,personal,12.99,13.59,18.33,18.57,20.0,0.0,14.52
session_20ea367650b1,user_017,admin,2026-07-09 08:43:49,2026-07-09 13:33:49,21,5,0,21,1,1,5,0,0,0.0,0.0,5,0,290.0,8.716666666666667,3,0,0,0.0,0.0,normal,1.4839,0.4609,1.349,0.0,0.0,0.0,0.0,0.0,2.0235,0.5908,23,1.0,personal,25.58,20.89,20.37,22.59,0.0,5.25,19.99
session_fd0dc86229d6,user_037,developer,2026-07-09 08:44:25,2026-07-09 08:45:45,4,4,3,4,1,1,1,0,0,0.0,0.0,0,0,1.3333333333333333,8.733333333333333,3,0,0,0.75,0.0,normal,1.6249,2.2845,2.698,0.75,0.0,0.0,4.0,0.0,0.0,1.2619,23,1.0,personal,46.79,39.16,39.33,33.68,80.0,0.0,43.82
session_73118d080db8,user_011,analyst,2026-07-09 08:44:59,2026-07-09 09:56:59,7,1,0,7,1,1,3,0,0,66.96,14.022,0,0,72.0,8.733333333333333,3,0,0,0.0,9.565714285714284,normal,0.2657,1.651,1.349,0.0,0.0,0.0,1.0,1.2102,0.0,0.6084,18,1.0,personal,26.23,26.53,24.13,24.64,0.0,29.86,23.37
session_08e8befedb4f,user_044,developer,2026-07-09 08:45:54,2026-07-09 14:43:54,23,4,0,23,1,1,5,0,0,0.0,0.0,0,0,358.0,8.75,3,0,0,0.0,0.0,normal,0.0,1.4998,1.0117,0.0,0.0,0.0,0.0,0.0,0.0,0.2791,22,1.0,personal,13.03,12.6,13.65,13.17,0.0,0.75,11.13
session_4ea1e1047d1f,user_009,developer,2026-07-09 08:47:28,2026-07-09 11:25:28,14,4,0,14,1,1,5,0,0,0.0,0.0,0,0,158.0,8.783333333333333,3,0,0,0.0,0.0,normal,0.1466,1.9813,1.1242,0.0,0.0,0.0,0.0,0.0,0.0,0.3613,23,1.0,personal,16.53,28.19,25.2,23.6,40.0,19.07,23.34
session_80273e2ca7ed,user_038,developer,2026-07-09 08:55:05,2026-07-09 14:07:05,19,8,0,19,1,1,5,0,0,0.0,0.0,0,0,312.0,8.916666666666666,3,0,0,0.0,0.0,normal,0.0964,0.9844,0.6745,0.0,0.0,0.0,0.0,0.0,0.0,0.195,22,1.0,personal,9.29,7.71,11.52,11.78,0.0,0.0,8.16
session_2a887d84b6d8,user_018,developer,2026-07-09 08:56:05,2026-07-09 14:45:05,24,2,0,24,1,1,5,0,0,0.0,0.0,0,0,349.0,8.933333333333334,3,0,0,0.0,0.0,normal,0.1249,1.3282,1.6862,0.0,0.0,0.0,0.0,0.0,0.0,0.3488,23,1.0,personal,16.0,23.52,23.42,23.02,40.0,0.0,20.92
session_8a1fd05d56e5,user_075,developer,2026-07-09 08:56:39,2026-07-09 11:20:39,10,2,0,10,1,1,5,0,0,0.0,0.0,0,0,144.0,8.933333333333334,3,0,0,0.0,0.0,normal,0.9585,1.7046,1.1242,0.0,0.0,0.0,0.0,0.0,0.0,0.4208,18,1.0,personal,18.97,22.21,18.97,22.08,20.0,35.91,20.88
session_f2b3f1b5df09,user_065,hr,2026-07-09 08:59:22,2026-07-09 11:11:22,9,4,0,9,1,1,3,2,0,14.431,7.826,0,0,132.0,8.983333333333333,3,0,0,0.0,1.6034444444444444,normal,1.4527,1.7624,1.1242,0.0,0.0,0.0,0.0,1.2702,0.0,0.6233,23,1.0,personal,26.78,19.35,17.09,19.15,0.0,4.84,19.3
session_df97dcc6cd72,user_047,developer,2026-07-09 09:00:37,2026-07-09 14:47:37,22,5,0,22,1,1,5,0,0,0.0,0.0,0,0,347.0,9.0,3,0,0,0.0,0.0,normal,1.1563,0.6485,0.6745,0.0,0.0,0.0,0.0,0.0,0.0,0.2755,21,1.0,personal,12.87,19.23,21.81,20.28,40.0,0.0,18.29
session_e7c024f0754b,user_027,developer,2026-07-09 09:01:03,2026-07-09 14:36:03,24,8,0,24,1,1,5,0,0,0.0,0.0,0,0,335.0,9.016666666666667,3,0,0,0.0,0.0,normal,1.349,1.1278,2.0235,0.0,0.0,0.0,0.0,0.0,0.0,0.5,19,1.0,personal,22.12,30.75,43.13,50.63,80.0,0.0,34.53
session_86ec53a5c4b8,user_078,developer,2026-07-09 09:01:07,2026-07-09 12:32:07,13,4,0,13,1,1,5,0,0,0.0,0.0,0,0,211.0,9.016666666666667,3,0,0,0.0,0.0,normal,0.6745,0.2279,0.1686,0.0,0.0,0.0,0.0,0.0,0.0,0.119,19,1.0,personal,5.78,13.89,20.65,21.14,20.0,0.0,12.3
session_a5ef7abe0da8,user_016,developer,2026-07-09 09:06:57,2026-07-09 14:31:57,21,5,0,21,1,1,5,0,0,0.0,0.0,0,0,325.0,9.1,3,0,0,0.0,0.0,normal,0.7419,0.8431,1.0117,0.0,0.0,0.0,0.0,0.0,0.0,0.2885,21,1.0,personal,13.43,11.65,18.94,22.58,20.0,0.0,14.8
session_a3e565128ac7,user_062,hr,2026-07-09 09:11:59,2026-07-09 13:40:59,15,6,0,15,1,1,3,4,0,69.714,20.408,0,0,269.0,9.183333333333334,3,0,0,0.0,4.6476,normal,0.3812,0.1486,0.3747,0.0,0.0,0.0,0.0,0.144,0.0,0.1165,18,1.0,personal,5.66,17.46,23.17,26.97,40.0,0.0,15.93
session_8f87074c2653,user_023,developer,2026-07-09 09:14:15,2026-07-09 15:07:15,23,7,0,23,1,1,5,0,0,0.0,0.0,0,0,353.0,9.233333333333333,3,0,0,0.0,0.0,normal,0.0375,0.7805,1.5738,0.0,0.0,0.0,0.0,0.0,0.0,0.2658,23,1.0,personal,12.44,15.83,14.59,17.06,0.0,11.59,12.62
session_d3a82316bb23,user_071,analyst,2026-07-09 09:16:26,2026-07-09 14:16:26,18,4,0,18,1,1,3,6,0,103.22,25.115,0,0,300.0,9.266666666666667,3,0,0,0.0,5.734444444444445,normal,0.1729,0.1445,0.0,0.0,0.0,0.0,1.0,0.7402,0.0,0.2286,19,1.0,personal,10.8,12.61,12.71,16.49,0.0,0.0,10.4
session_3310934492c4,user_080,hr,2026-07-09 09:16:31,2026-07-09 15:47:31,25,10,0,25,1,1,3,6,0,98.841,25.378,0,0,391.0,9.266666666666667,3,0,0,0.0,3.953640000000001,normal,0.0389,2.1708,1.638,0.0,0.0,0.0,0.0,0.4846,0.0,0.4814,20,1.0,personal,21.39,17.67,14.52,17.67,0.0,5.82,16.33
session_90816a65b8ef,user_074,finance,2026-07-09 09:17:16,2026-07-09 11:43:16,11,3,0,11,1,1,3,2,0,7.514,4.78,0,0,146.0,9.283333333333331,3,0,0,0.0,0.6830909090909091,normal,0.554,0.8683,0.8094,0.0,0.0,0.0,0.0,1.2967,0.0,0.392,21,1.0,personal,17.8,15.11,14.17,14.15,0.0,0.51,13.71
session_0db7f6ace6b8,user_025,hr,2026-07-09 09:22:24,2026-07-09 13:59:24,17,2,0,17,1,1,3,6,0,13.666,4.223,0,0,277.0,9.366666666666667,3,0,0,0.0,0.8038823529411765,normal,0.4818,0.7471,0.6745,0.0,0.0,0.0,0.0,1.8052,0.0,0.4121,23,1.0,personal,18.62,14.74,19.03,28.27,20.0,0.0,18.08
session_e0a1ed62a96c,user_070,admin,2026-07-09 09:23:45,2026-07-09 13:37:45,13,3,0,13,1,1,5,0,0,0.0,0.0,2,0,254.0,9.383333333333333,3,0,0,0.0,0.0,normal,0.093,0.2202,1.349,0.0,0.0,0.0,0.0,0.0,0.6745,0.2596,25,1.0,personal,12.17,17.76,17.68,17.42,0.0,0.0,12.81
session_6ade6165f19e,user_006,analyst,2026-07-09 09:24:02,2026-07-09 16:03:02,25,8,0,25,1,1,4,6,0,84.76400000000001,19.859,0,0,399.0,9.4,3,0,0,0.0,3.39056,normal,2.1665,1.3306,1.4839,0.0,0.0,0.0,0.0,1.0918,0.0,0.6748,24,1.0,personal,28.64,17.95,16.34,16.97,20.0,0.0,21.19
session_f352b3fc42c6,user_008,developer,2026-07-09 09:24:55,2026-07-09 15:45:55,20,4,0,20,1,1,5,0,0,0.0,0.0,0,0,381.0,9.4,3,0,0,0.0,0.0,normal,0.4303,1.0711,0.6745,0.0,0.0,0.0,0.0,0.0,0.0,0.2418,22,1.0,personal,11.39,17.36,21.0,19.85,40.0,0.0,17.16
session_a131b8a0b8ab,user_011,analyst,2026-07-09 09:25:01,2026-07-09 12:58:01,14,4,0,14,1,1,4,2,0,20.001,12.664,0,0,213.0,9.416666666666666,3,0,0,0.0,1.4286428571428569,normal,2.1134,0.1849,0.1686,0.0,0.0,0.0,0.0,0.5612,0.0,0.3365,19,1.0,personal,15.49,20.53,22.72,23.15,0.0,13.2,16.68
session_039c28e91331,user_061,analyst,2026-07-09 09:29:06,2026-07-09 16:08:06,23,3,0,23,1,1,4,4,0,24.658,8.365,0,0,399.0,9.483333333333333,3,0,0,0.0,1.0720869565217392,normal,0.3264,1.0293,0.8094,0.0,0.0,0.0,0.0,0.198,0.0,0.2626,22,1.0,personal,12.3,14.75,14.23,17.94,0.0,0.0,11.8
session_3e8ffab47bcd,user_026,analyst,2026-07-09 09:29:55,2026-07-09 16:04:55,25,5,0,25,1,1,4,9,0,73.956,11.055,0,0,395.0,9.483333333333333,3,0,0,0.0,2.95824,normal,0.4203,2.0977,2.5631,0.0,0.0,0.0,0.0,5.6352,0.0,1.1907,22,1.0,personal,44.86,31.03,23.59,21.43,20.0,31.54,33.41
session_e56595680d6a,user_036,developer,2026-07-09 09:36:27,2026-07-09 12:39:27,11,1,0,11,1,1,5,0,0,0.0,0.0,0,0,183.0,9.6,3,0,0,0.0,0.0,normal,0.1273,0.4697,0.8993,0.0,0.0,0.0,0.0,0.0,0.0,0.1663,26,1.0,personal,7.98,10.23,21.15,22.17,20.0,0.0,12.63
session_45480b45e2b8,user_030,hr,2026-07-09 09:37:24,2026-07-09 12:36:24,11,3,0,11,1,1,3,0,0,0.0,0.0,0,0,179.0,9.616666666666667,3,0,0,0.0,0.0,normal,0.2248,1.6343,1.349,0.0,0.0,0.0,0.0,1.2807,0.0,0.4988,25,1.0,personal,22.07,31.86,34.16,31.82,40.0,21.59,28.59
session_3316987704ef,user_055,analyst,2026-07-09 09:38:00,2026-07-09 11:50:00,11,1,0,11,1,1,4,6,0,107.755,27.414,0,0,132.0,9.633333333333333,3,0,0,0.0,9.795909090909092,normal,1.5023,1.1476,0.8431,0.0,0.0,0.0,0.0,2.0366,0.0,0.6144,21,1.0,personal,26.45,25.16,22.86,22.7,0.0,19.41,22.28
session_637a36921823,user_004,developer,2026-07-09 09:38:47,2026-07-09 12:48:47,11,2,0,11,1,1,4,0,0,0.0,0.0,0,0,190.0,9.633333333333333,3,0,0,0.0,0.0,normal,0.3519,2.3348,2.3607,0.0,0.0,0.0,1.0,0.0,0.0,0.6719,19,1.0,personal,28.53,20.04,19.87,17.23,20.0,12.62,22.75
session_e34b6037feb1,user_048,developer,2026-07-09 09:39:15,2026-07-09 11:40:15,9,1,0,9,1,1,5,0,0,0.0,0.0,0,0,121.0,9.65,3,0,0,0.0,0.0,normal,1.065,1.3732,1.1804,0.0,0.0,0.0,0.0,0.0,0.0,0.4021,24,1.0,personal,18.21,29.33,34.86,40.0,60.0,0.0,28.38
session_7778092205d7,user_057,developer,2026-07-09 09:39:36,2026-07-09 15:48:36,24,7,0,24,1,1,5,0,0,0.0,0.0,0,0,369.0,9.65,3,0,0,0.0,0.0,normal,0.7398,2.2674,2.2483,0.0,0.0,0.0,0.0,0.0,0.0,0.5839,19,1.0,personal,25.32,23.72,26.16,22.9,40.0,0.0,25.08
session_e06180e07d33,user_001,finance,2026-07-09 09:40:10,2026-07-09 13:26:10,17,3,0,17,1,1,3,7,3,109.268,20.434,0,0,226.0,9.666666666666666,3,0,0,0.0,6.427529411764706,normal,0.3666,0.1185,0.2998,0.0,0.0,0.0,0.0,0.7624,0.0,0.1719,22,1.0,personal,8.24,12.82,13.37,16.82,0.0,0.0,9.55
session_945454f52857,user_060,developer,2026-07-09 09:42:12,2026-07-09 12:13:12,12,6,0,12,1,1,5,0,0,0.0,0.0,0,0,151.0,9.7,3,0,0,0.0,0.0,normal,1.2018,0.9044,0.4818,0.0,0.0,0.0,0.0,0.0,0.0,0.2876,22,1.0,personal,13.39,12.13,19.54,19.87,20.0,0.0,14.7
session_859278d4fabe,user_054,developer,2026-07-09 09:45:57,2026-07-09 15:24:57,22,5,0,22,1,1,4,0,0,0.0,0.0,0,0,339.0,9.75,3,0,0,0.0,0.0,normal,0.1038,1.0416,1.0492,0.0,0.0,0.0,1.0,0.0,0.0,0.355,20,1.0,personal,16.26,14.76,18.04,20.74,20.0,0.0,16.24
session_5e322e7ce350,user_041,finance,2026-07-09 09:49:27,2026-07-09 15:05:27,18,3,0,18,1,1,3,6,5,220.183,34.922,0,0,316.0,9.816666666666666,3,0,0,0.0,12.232388888888888,normal,0.2248,1.6096,0.8993,0.0,0.0,0.0,0.0,1.75,0.0,0.4982,23,1.0,personal,22.05,17.83,17.98,21.39,20.0,0.0,19.22
session_45b2f4250cd4,user_056,hr,2026-07-09 09:51:52,2026-07-09 13:20:52,16,7,0,16,1,1,3,3,0,85.637,36.416,0,0,209.0,9.85,3,0,0,0.0,5.3523125,normal,0.2529,0.9281,0.6745,0.0,0.0,0.0,0.0,0.3747,0.0,0.2478,22,1.0,personal,11.65,12.74,12.31,15.82,0.0,0.23,10.65
session_ec485e2237d4,user_063,finance,2026-07-09 09:53:57,2026-07-09 14:50:57,20,5,0,20,1,1,3,3,4,38.812,7.815,0,0,297.0,9.883333333333333,3,0,0,0.0,1.9406,normal,0.4324,0.3136,0.6745,0.0,0.0,0.0,0.0,0.3119,0.0,0.1925,22,1.0,personal,9.18,23.54,25.5,22.51,20.0,6.82,16.8
session_7199e8b0386f,user_066,developer,2026-07-09 09:57:15,2026-07-09 14:26:15,16,3,0,16,1,1,5,0,0,0.0,0.0,0,0,269.0,9.95,3,0,0,0.0,0.0,normal,0.2907,0.8857,0.3747,0.0,0.0,0.0,0.0,0.0,0.0,0.1723,20,1.0,personal,8.25,18.31,30.95,27.92,60.0,0.0,20.4
session_94ba0c9e20b5,user_010,finance,2026-07-09 09:58:41,2026-07-09 14:04:41,19,5,0,19,1,1,3,1,4,46.594,19.691,0,0,246.0,9.966666666666669,3,0,0,0.0,2.452315789473684,normal,0.7573,0.1135,0.2594,0.0,0.0,0.0,0.0,0.5752,0.0,0.1895,22,1.0,personal,9.04,11.24,17.49,20.76,0.0,0.0,10.56
session_72b5597cd391,user_033,developer,2026-07-09 10:00:29,2026-07-09 15:55:29,20,7,0,20,1,1,5,0,0,0.0,0.0,0,0,355.0,10.0,3,0,0,0.0,0.0,normal,0.3201,1.1311,0.1349,0.0,0.0,0.0,0.0,0.0,0.0,0.1762,20,1.0,personal,8.43,33.54,27.24,21.67,20.0,37.08,20.19
session_d2a1b4a40e93,user_048,developer,2026-07-09 10:04:14,2026-07-09 11:49:14,8,0,0,8,1,1,1,0,0,94.439,21.836,0,0,105.0,10.066666666666666,3,0,0,0.0,11.804875,normal,0.1606,1.4219,1.349,0.0,0.0,0.0,4.0,8.1614,0.0,1.677,25,1.0,personal,56.76,38.84,39.32,41.97,60.0,22.93,47.71
session_f805f28e390f,user_019,developer,2026-07-09 10:10:48,2026-07-09 13:54:48,14,3,0,14,1,1,5,0,0,0.0,0.0,0,0,224.0,10.166666666666666,3,0,0,0.0,0.0,normal,0.176,0.6555,1.1242,0.0,0.0,0.0,0.0,0.0,0.0,0.2173,21,1.0,personal,10.3,18.41,21.08,20.39,20.0,0.0,15.0
session_23da76db6717,user_003,developer,2026-07-09 10:11:04,2026-07-09 13:29:04,12,2,0,12,1,1,5,0,0,0.0,0.0,0,0,198.0,10.183333333333334,3,0,0,0.0,0.0,normal,0.0992,0.761,1.0117,0.0,0.0,0.0,0.0,0.0,0.0,0.208,21,1.0,personal,9.88,8.61,9.6,11.79,0.0,0.0,8.29
session_cfcf3eba6d41,user_067,analyst,2026-07-09 10:11:19,2026-07-09 14:03:19,16,7,0,16,1,1,4,2,0,20.018,10.156,0,0,232.0,10.183333333333334,3,0,0,0.0,1.251125,normal,1.9111,0.4193,0.1349,0.0,0.0,0.0,0.0,0.9975,0.0,0.3848,21,1.0,personal,17.5,21.89,20.74,22.12,0.0,7.7,17.09
session_3ecd60923e23,user_007,developer,2026-07-09 10:11:32,2026-07-09 12:43:32,11,2,0,11,1,1,4,0,0,0.0,0.0,0,0,152.0,10.183333333333334,3,0,0,0.0,0.0,normal,2.7239,1.1601,0.8993,0.0,0.0,0.0,0.8642,0.0,0.0,0.6275,22,1.0,personal,26.93,39.17,37.83,29.36,60.0,46.24,35.53
session_4e78e252bd13,user_051,analyst,2026-07-09 10:17:46,2026-07-09 16:21:46,22,6,0,22,1,1,4,6,0,46.801,12.73,0,0,364.0,10.283333333333331,3,0,0,0.0,2.127318181818182,normal,1.096,0.772,0.9443,0.0,0.0,0.0,0.0,1.7033,0.0,0.5017,20,1.0,personal,22.19,19.88,17.53,16.67,0.0,16.23,17.96
session_da03153d0930,user_014,hr,2026-07-09 10:21:03,2026-07-09 16:13:03,24,4,0,24,1,1,3,6,0,65.444,16.303,0,0,352.0,10.35,3,0,0,0.0,2.726833333333333,normal,1.2767,0.3767,0.8431,0.0,0.0,0.0,0.0,2.1601,0.0,0.5174,18,1.0,personal,22.79,27.6,27.8,28.94,40.0,0.0,25.7
session_e5951832a326,user_005,hr,2026-07-09 10:23:15,2026-07-09 13:54:15,15,5,0,15,1,1,3,3,0,9.706,5.562,0,0,211.0,10.383333333333333,3,0,0,0.0,0.6470666666666667,normal,1.6402,0.1161,0.0,0.0,0.0,0.0,0.0,0.2538,0.0,0.2233,22,1.0,personal,10.56,11.4,14.73,15.04,0.0,0.0,10.22
session_5a527a4aae8d,user_076,analyst,2026-07-09 10:27:01,2026-07-09 17:45:01,24,7,0,24,1,1,4,3,0,25.62,11.98,0,0,438.0,10.45,3,0,0,0.0,1.0675,normal,0.3717,1.3986,0.9443,0.0,0.0,0.0,0.0,0.3894,0.0,0.3449,24,1.0,personal,15.84,26.35,26.45,22.27,20.0,20.53,20.83
session_c929e6ca1c1d,user_013,hr,2026-07-09 10:28:03,2026-07-09 16:58:03,24,10,0,24,1,1,3,5,0,17.596,6.943,0,0,390.0,10.466666666666669,3,0,0,0.0,0.7331666666666666,normal,1.6536,1.7986,1.6862,0.0,0.0,0.0,0.0,0.4036,0.0,0.6158,21,1.0,personal,26.5,16.8,17.52,20.75,0.0,0.0,18.66
session_4db563740d1e,user_031,developer,2026-07-09 10:30:59,2026-07-09 13:24:59,13,4,0,13,1,1,4,0,0,0.0,0.0,0,0,174.0,10.5,3,0,0,0.0,0.0,normal,1.259,0.5453,0.4047,0.0,0.0,0.0,1.0,0.0,0.0,0.3566,23,1.0,personal,16.33,14.45,14.31,17.76,0.0,9.23,13.81
session_b3ac67f90461,user_068,developer,2026-07-09 10:36:00,2026-07-09 16:10:00,20,5,0,20,1,1,5,0,0,0.0,0.0,0,0,334.0,10.6,3,0,0,0.0,0.0,normal,2.3045,1.3967,0.7708,0.0,0.0,0.0,0.0,0.0,0.0,0.4969,20,1.0,personal,22.0,21.7,19.08,18.91,20.0,11.35,20.46
session_0a6c5d74b48c,user_002,finance,2026-07-09 10:58:23,2026-07-09 17:03:23,23,6,0,23,1,1,3,5,3,83.914,18.922,0,0,365.0,10.966666666666669,3,0,0,0.0,3.648434782608696,normal,0.7468,1.4735,1.638,0.0,0.0,0.0,0.0,1.2451,0.0,0.567,20,1.0,personal,24.69,17.72,14.26,15.09,0.0,2.31,17.18
session_0cc16058239c,user_046,hr,2026-07-09 11:04:58,2026-07-09 13:51:58,10,3,0,10,1,1,3,2,0,13.971,7.823,0,0,167.0,11.066666666666666,3,0,0,0.0,1.3971,normal,0.9057,0.8294,1.1804,0.0,0.0,0.0,0.0,1.1342,0.0,0.45,21,1.0,personal,20.15,16.62,14.53,16.62,0.0,5.78,15.51
session_4691c880d74b,user_079,developer,2026-07-09 11:32:25,2026-07-09 17:47:25,22,7,0,22,1,1,5,0,0,0.0,0.0,0,0,375.0,11.533333333333331,3,0,0,0.0,0.0,normal,0.7272,0.727,0.6745,0.0,0.0,0.0,0.0,0.0,0.0,0.2365,20,1.0,personal,11.15,10.69,28.27,35.26,60.0,0.0,20.37
session_aeee66dd9ffd,user_052,finance,2026-07-09 11:50:07,2026-07-09 11:50:07,1,0,0,1,1,1,1,1,0,17.343,17.343,0,1,0.0,11.833333333333334,3,0,0,0.0,17.343,low_slow_exfiltration,4.5266,2.6839,2.5481,0.0,0.0,0.0,2.0,2.228,0.0,1.5541,22,1.0,personal,54.02,41.62,38.94,38.0,80.0,0.0,47.57
session_364187302cc1,user_040,finance,2026-07-09 13:51:14,2026-07-09 13:51:14,1,0,0,1,1,1,1,0,0,28.341,28.341,0,1,0.0,13.85,3,0,0,0.0,28.341,insider_drift,7.6752,2.0639,2.1584,0.0,0.0,0.0,2.0,1.8357,0.0,1.7481,24,1.0,personal,58.27,47.47,43.86,39.23,80.0,0.0,51.3
session_f759fddf62c8,user_036,developer,2026-07-09 16:00:44,2026-07-09 17:50:44,12,3,0,12,1,1,4,0,0,181.467,22.349,0,0,110.0,16.0,3,0,0,0.0,15.12225,normal,10.0914,1.349,0.6745,0.0,0.0,0.0,1.0,7.4864,0.0,2.2789,27,1.0,personal,68.0,37.85,32.38,27.62,40.0,28.95,47.84
session_ac4b28b7f82c,user_027,developer,2026-07-09 16:38:56,2026-07-09 18:18:56,11,3,0,11,1,1,5,0,0,97.874,18.799,0,0,100.0,16.633333333333333,3,0,0,0.0,8.897636363636364,normal,17.0408,1.3738,0.7588,0.0,0.0,0.0,0.0,97.874,0.0,2.4592,20,1.0,personal,70.76,46.99,48.07,53.32,80.0,0.0,58.24
session_36db27477740,user_007,developer,2026-07-10 00:34:10,2026-07-10 00:44:10,6,1,0,6,1,1,6,0,0,0.0,0.0,1,1,10.0,0.5666666666666667,4,0,1,0.0,0.0,lateral_movement,11.37,2.2764,1.349,0.0,0.0,0.0,0.8807,0.0,1.0,1.7229,23,1.0,personal,57.75,49.45,43.97,33.34,80.0,44.63,53.15
session_36cf9577137d,user_039,developer,2026-07-10 04:40:09,2026-07-10 04:50:09,6,1,0,6,1,1,6,0,0,0.0,0.0,1,1,10.0,4.666666666666667,4,0,1,0.0,0.0,lateral_movement,6.7708,3.9821,2.1921,0.0,0.0,0.0,1.0,0.0,1.0,1.6606,21,1.0,personal,56.41,34.41,24.23,22.02,20.0,54.38,40.0
session_00bdcb1eb57b,user_012,analyst,2026-07-10 06:51:13,2026-07-10 12:59:13,25,6,0,25,1,1,4,4,0,14.716,4.024,0,0,368.0,6.85,4,0,0,0.0,0.58864,normal,2.4189,0.8264,1.0424,0.0,0.0,0.0,0.0,0.6029,0.0,0.5434,26,1.0,personal,23.79,19.06,19.14,19.33,20.0,0.0,20.13
session_adee423acf52,user_050,developer,2026-07-10 07:09:38,2026-07-10 11:47:38,18,5,0,18,1,1,5,0,0,0.0,0.0,0,0,278.0,7.15,4,0,0,0.0,0.0,normal,1.4809,0.3139,0.4497,0.0,0.0,0.0,0.0,0.0,0.0,0.2494,24,1.0,personal,11.72,8.77,9.92,15.54,0.0,0.0,9.48
session_6dc109135cbf,user_073,hr,2026-07-10 07:26:48,2026-07-10 10:07:48,11,6,0,11,1,1,3,2,0,13.254,6.971,0,0,161.0,7.433333333333334,4,0,0,0.0,1.204909090909091,normal,1.7449,1.1548,1.2526,0.0,0.0,0.0,0.0,0.7973,0.0,0.55,20,1.0,personal,24.04,18.48,23.98,21.45,20.0,11.39,21.62
session_d0f5722635b4,user_045,admin,2026-07-10 07:27:57,2026-07-10 10:31:57,12,4,0,12,1,1,5,0,0,0.0,0.0,1,0,184.0,7.45,4,0,0,0.0,0.0,normal,1.5176,1.0607,0.8431,0.0,0.0,0.0,0.0,0.0,1.349,0.53,22,1.0,personal,23.28,15.24,15.21,21.27,0.0,0.0,16.77
session_39138cc68fbc,user_008,developer,2026-07-10 07:40:45,2026-07-10 10:53:45,11,4,0,11,1,1,5,0,0,0.0,0.0,0,0,193.0,7.666666666666667,4,0,0,0.0,0.0,normal,2.1165,0.3901,0.5396,0.0,0.0,0.0,0.0,0.0,0.0,0.3385,23,1.0,personal,15.57,12.91,18.61,19.53,20.0,1.95,15.65
session_b9b8eb45a397,user_024,hr,2026-07-10 07:50:14,2026-07-10 11:23:14,13,2,0,13,1,1,3,3,0,71.007,32.293,0,0,213.0,7.833333333333333,4,0,0,0.0,5.462076923076923,normal,1.0975,0.7245,0.7494,0.0,0.0,0.0,0.0,0.6002,0.0,0.3524,20,1.0,personal,16.15,18.06,19.81,19.99,0.0,0.0,15.04
session_102a99290555,user_040,finance,2026-07-10 07:51:45,2026-07-10 10:39:45,12,3,0,12,1,1,3,1,1,12.806,7.834,0,0,168.0,7.85,4,0,0,0.0,1.0671666666666668,normal,0.6977,0.7068,0.6745,0.0,0.0,0.0,0.0,2.2566,0.0,0.4817,24,1.0,personal,21.4,34.44,38.18,37.59,60.0,0.0,30.94
session_ffb2a5c7c994,user_042,developer,2026-07-10 07:53:14,2026-07-10 13:38:14,22,7,0,22,1,1,5,0,0,0.0,0.0,0,0,345.0,7.883333333333333,4,0,0,0.0,0.0,normal,0.4047,0.4752,0.6745,0.0,0.0,0.0,0.0,0.0,0.0,0.1727,22,1.0,personal,8.27,10.14,11.68,14.07,0.0,0.0,8.5
session_f47a11ef5dbb,user_018,developer,2026-07-10 07:58:25,2026-07-10 10:43:25,9,3,0,9,1,1,5,0,0,0.0,0.0,0,0,165.0,7.966666666666667,4,0,0,0.0,0.0,normal,1.5114,0.5483,1.0599,0.0,0.0,0.0,0.0,0.0,0.0,0.3466,24,1.0,personal,15.91,15.88,21.39,21.99,20.0,5.51,17.22
session_83c358d4d78c,user_050,developer,2026-07-10 08:08:30,2026-07-10 08:42:30,2,2,0,2,2,2,1,0,0,0.0,0.0,0,1,34.0,8.133333333333333,4,0,0,0.0,0.0,impossible_travel,0.281,3.0696,3.1476,0.0,1.0,1.0,4.0,0.0,0.0,1.3887,25,1.0,personal,50.06,29.85,19.77,19.73,20.0,43.93,35.13
session_1dce6e75a3b3,user_032,hr,2026-07-10 08:11:29,2026-07-10 14:44:29,24,9,0,24,1,1,3,4,0,15.987,6.315,0,0,393.0,8.183333333333334,4,0,0,0.0,0.666125,normal,0.7015,1.1804,1.1242,0.0,0.0,0.0,0.0,0.1306,0.0,0.3485,21,1.0,personal,15.99,16.2,17.4,18.9,0.0,0.0,14.14
session_8aababf9513c,user_069,hr,2026-07-10 08:16:28,2026-07-10 13:41:28,20,5,0,20,1,1,3,5,0,59.628,15.496,0,0,325.0,8.266666666666667,4,0,0,0.0,2.9814,normal,0.5808,0.4139,0.3372,0.0,0.0,0.0,0.0,0.5753,0.0,0.2119,23,1.0,personal,10.05,10.68,14.4,15.83,20.0,0.0,11.9
session_5daa88f2b370,user_028,developer,2026-07-10 08:18:53,2026-07-10 11:33:53,14,5,0,14,1,1,5,0,0,0.0,0.0,0,0,195.0,8.3,4,0,0,0.0,0.0,normal,1.6019,0.1461,0.2248,0.0,0.0,0.0,0.0,0.0,0.0,0.2192,25,1.0,personal,10.38,11.9,15.9,19.28,40.0,0.0,14.85
session_b99a4c71b667,user_009,developer,2026-07-10 08:19:52,2026-07-10 08:21:32,5,5,4,5,1,1,1,0,0,0.0,0.0,0,0,1.6666666666666667,8.316666666666666,4,0,0,0.8,0.0,normal,1.0035,3.4054,2.698,0.8,0.0,0.0,3.5802,0.0,0.0,1.2763,24,1.0,personal,47.17,37.91,31.17,26.78,60.0,19.56,40.78
session_f1d26a661f31,user_011,analyst,2026-07-10 08:23:07,2026-07-10 11:16:07,12,2,0,12,1,1,4,4,0,53.788,18.299,0,0,173.0,8.383333333333333,4,0,0,0.0,4.482333333333334,normal,0.6016,0.6178,0.4818,0.0,0.0,0.0,0.0,0.601,0.0,0.2558,20,1.0,personal,12.01,15.54,20.37,21.63,0.0,0.0,13.13
session_085aac551314,user_035,admin,2026-07-10 08:23:47,2026-07-10 12:22:47,16,3,0,16,1,1,5,0,0,0.0,0.0,1,0,239.0,8.383333333333333,4,0,0,0.0,0.0,normal,0.7671,0.2123,0.0,0.0,0.0,0.0,0.0,0.0,0.6745,0.1838,20,1.0,personal,8.78,16.12,17.95,21.59,0.0,0.0,11.59
session_978135d84775,user_064,finance,2026-07-10 08:33:33,2026-07-10 14:10:33,18,5,0,18,1,1,3,5,4,133.048,29.689,0,0,337.0,8.55,4,0,0,0.0,7.391555555555556,normal,1.0391,0.5296,0.0749,0.0,0.0,0.0,0.0,0.2688,0.0,0.2125,20,1.0,personal,10.08,10.69,13.5,17.12,0.0,3.41,10.08
session_5add2d50351b,user_009,developer,2026-07-10 08:36:54,2026-07-10 15:24:54,23,7,0,23,1,1,5,0,0,0.0,0.0,0,0,408.0,8.6,4,0,0,0.0,0.0,normal,0.3226,1.349,0.6745,0.0,0.0,0.0,0.0,0.0,0.0,0.2607,25,1.0,personal,12.22,24.59,26.92,25.26,40.0,15.88,21.17
session_acf6fb237b50,user_025,hr,2026-07-10 08:38:09,2026-07-10 12:48:09,18,9,0,18,1,1,3,4,0,10.053,3.414,0,0,250.0,8.633333333333333,4,0,0,0.0,0.5585,normal,2.2162,0.4016,0.6745,0.0,0.0,0.0,0.0,0.8057,0.0,0.4553,24,1.0,personal,20.36,17.69,18.54,26.46,20.0,0.0,19.11
session_e10d9b177d26,user_044,developer,2026-07-10 08:42:15,2026-07-10 11:27:15,11,3,0,11,1,1,4,0,0,0.0,0.0,0,0,165.0,8.7,4,0,0,0.0,0.0,normal,0.0749,1.7183,1.0117,0.0,0.0,0.0,1.0,0.0,0.0,0.4228,23,1.0,personal,19.05,16.37,15.02,13.86,0.0,2.28,14.65
session_5f1893699b79,user_051,analyst,2026-07-10 08:44:19,2026-07-10 13:36:19,20,5,0,20,1,1,4,2,0,12.679,8.939,0,0,292.0,8.733333333333333,4,0,0,0.0,0.63395,normal,0.53,0.1706,0.6745,0.0,0.0,0.0,0.0,1.0388,0.0,0.2682,21,1.0,personal,12.55,17.04,16.69,16.17,0.0,9.29,13.01
session_730282b0da62,user_043,hr,2026-07-10 08:44:26,2026-07-10 16:04:26,24,7,0,24,1,1,3,2,0,16.314,11.833,0,0,440.0,8.733333333333333,4,0,0,0.0,0.67975,normal,0.7285,2.2269,1.349,0.0,0.0,0.0,0.0,1.1485,0.0,0.6059,25,1.0,personal,26.14,19.46,22.47,21.49,20.0,1.01,21.92
session_fc44bafac3d7,user_022,developer,2026-07-10 08:46:27,2026-07-10 14:09:27,17,5,0,17,1,1,5,0,0,0.0,0.0,0,0,323.0,8.766666666666667,4,0,0,0.0,0.0,normal,0.7009,0.4685,0.3372,0.0,0.0,0.0,0.0,0.0,0.0,0.1674,24,1.0,personal,8.03,11.2,12.88,16.8,20.0,0.0,11.06
session_64145600c2a1,user_006,analyst,2026-07-10 08:47:08,2026-07-10 13:55:08,21,7,0,21,1,1,4,7,0,88.96000000000001,33.133,0,0,308.0,8.783333333333333,4,0,0,0.0,4.236190476190477,normal,0.5995,0.6378,0.9443,0.0,0.0,0.0,0.0,1.0928,0.0,0.3638,25,1.0,personal,16.63,18.34,15.84,16.81,0.0,4.82,14.62
session_0ddb6b418524,user_038,developer,2026-07-10 08:52:21,2026-07-10 12:11:21,14,4,0,14,1,1,5,0,0,0.0,0.0,0,0,199.0,8.866666666666667,4,0,0,0.0,0.0,normal,0.1065,0.9893,1.0117,0.0,0.0,0.0,0.0,0.0,0.0,0.2342,23,1.0,personal,11.05,9.52,11.15,11.29,0.0,0.0,9.13
session_87c8686b3339,user_052,finance,2026-07-10 08:55:12,2026-07-10 11:55:12,10,2,0,10,1,1,3,2,3,27.731,7.471,0,0,180.0,8.916666666666666,4,0,0,0.0,2.7731000000000003,normal,0.7195,0.9977,1.1991,0.0,0.0,0.0,0.0,1.5532,0.0,0.4966,22,1.0,personal,21.99,31.05,34.69,36.36,60.0,12.61,30.47
session_4805c41db7ab,user_007,developer,2026-07-10 08:57:12,2026-07-10 13:39:12,15,5,0,15,1,1,5,0,0,0.0,0.0,0,0,282.0,8.95,4,0,0,0.0,0.0,normal,0.7468,0.0169,0.1349,0.0,0.0,0.0,0.0,0.0,0.0,0.0998,23,1.0,personal,4.87,26.17,35.31,30.35,80.0,0.0,23.51
session_5fa46a8f8a7b,user_041,finance,2026-07-10 08:57:19,2026-07-10 11:40:19,12,4,0,12,1,1,3,2,1,52.709,22.104,0,0,163.0,8.95,4,0,0,0.0,4.392416666666667,normal,1.4453,0.7175,0.4497,0.0,0.0,0.0,0.0,1.3171,0.0,0.4366,24,1.0,personal,19.61,18.36,18.03,21.07,0.0,8.2,16.74
session_952bfd27fd28,user_074,finance,2026-07-10 09:01:46,2026-07-10 14:01:46,19,3,0,19,1,1,3,3,5,24.079,4.676,0,0,300.0,9.016666666666667,4,0,0,0.0,1.2673157894736842,normal,0.0482,0.4063,0.3372,0.0,0.0,0.0,0.0,0.0631,0.0,0.095,22,1.0,personal,4.64,10.42,11.8,12.85,0.0,0.0,7.0
session_1782ee5244cf,user_072,hr,2026-07-10 09:06:31,2026-07-10 13:25:31,17,5,0,17,1,1,3,5,0,60.622,18.798,0,0,259.0,9.1,4,0,0,0.0,3.566,normal,1.1884,0.0555,0.1349,0.0,0.0,0.0,0.0,0.2568,0.0,0.1817,23,1.0,personal,8.68,13.89,17.21,18.25,20.0,0.0,12.66
session_14a9781483eb,user_031,developer,2026-07-10 09:07:20,2026-07-10 13:03:20,15,2,0,15,1,1,4,0,0,0.0,0.0,0,0,236.0,9.116666666666667,4,0,0,0.0,0.0,normal,0.53,0.0791,0.0,0.0,0.0,0.0,1.0,0.0,0.0,0.1788,24,1.0,personal,8.55,12.3,13.1,16.57,0.0,0.0,9.5
session_5973724d1ccd,user_076,analyst,2026-07-10 09:09:27,2026-07-10 13:15:27,16,6,0,16,1,1,4,5,0,30.592,8.283,0,0,246.0,9.15,4,0,0,0.0,1.912,normal,2.1154,0.2438,0.1349,0.0,0.0,0.0,0.0,0.6826,0.0,0.353,25,1.0,personal,16.18,16.78,24.39,21.9,20.0,0.35,17.69
session_1c9536447565,user_067,analyst,2026-07-10 09:11:55,2026-07-10 16:09:55,24,13,0,24,1,1,4,2,0,25.101,15.448,0,0,418.0,9.183333333333334,4,0,0,0.0,1.045875,normal,0.3662,1.7621,1.274,0.0,0.0,0.0,0.0,0.7393,0.0,0.4602,22,1.0,personal,20.55,21.05,20.88,21.71,0.0,0.0,17.74
session_d7bb0a78581e,user_027,developer,2026-07-10 09:12:14,2026-07-10 13:32:14,18,5,0,18,1,1,5,0,0,0.0,0.0,0,0,260.0,9.2,4,0,0,0.0,0.0,normal,0.7538,0.2461,0.5059,0.0,0.0,0.0,0.0,0.0,0.0,0.1673,21,1.0,personal,8.02,31.29,37.61,47.78,60.0,0.0,25.89
session_c181f2840a0b,user_023,developer,2026-07-10 09:13:22,2026-07-10 11:45:22,11,2,0,11,1,1,5,0,0,0.0,0.0,0,0,152.0,9.216666666666669,4,0,0,0.0,0.0,normal,0.0547,1.0765,0.9274,0.0,0.0,0.0,0.0,0.0,0.0,0.2287,24,1.0,personal,10.81,12.76,13.93,16.02,0.0,8.38,10.99
session_cffd417d8687,user_078,developer,2026-07-10 09:14:38,2026-07-10 13:13:38,15,2,0,15,1,1,5,0,0,0.0,0.0,0,0,239.0,9.233333333333333,4,0,0,0.0,0.0,normal,0.4005,0.0604,0.1927,0.0,0.0,0.0,0.0,0.0,0.0,0.0726,20,1.0,personal,3.56,4.08,16.06,18.72,20.0,0.0,8.52
session_c918e1e513c2,user_001,finance,2026-07-10 09:15:27,2026-07-10 13:03:27,16,4,0,16,1,1,3,4,1,84.483,23.23,0,0,228.0,9.25,4,0,0,0.0,5.2801875,normal,0.3812,0.082,0.1686,0.0,0.0,0.0,0.0,0.0465,0.0,0.0754,23,1.0,personal,3.7,7.27,10.87,14.81,0.0,0.0,6.05
session_b4ad046d8390,user_005,hr,2026-07-10 09:18:02,2026-07-10 13:13:02,14,3,0,14,1,1,3,2,0,6.247999999999999,3.247,0,0,235.0,9.3,4,0,0,0.0,0.4462857142857142,normal,0.4721,0.2373,0.1686,0.0,0.0,0.0,0.0,0.8132,0.0,0.1879,23,1.0,personal,8.97,9.16,12.97,14.23,0.0,0.0,8.79
session_af3ecf3ea1df,user_056,hr,2026-07-10 09:22:19,2026-07-10 12:36:19,14,5,0,14,1,1,3,5,0,125.787,37.165,0,0,194.0,9.366666666666667,4,0,0,0.0,8.984785714285715,normal,0.3794,0.9547,0.8431,0.0,0.0,0.0,0.0,0.3735,0.0,0.2834,23,1.0,personal,13.21,12.7,12.54,15.1,0.0,6.96,11.57
session_11f1d3cbe146,user_063,finance,2026-07-10 09:24:18,2026-07-10 14:40:18,15,2,0,15,1,1,3,2,3,38.656,10.099,0,0,316.0,9.4,4,0,0,0.0,2.5770666666666666,normal,0.8332,0.5088,0.4497,0.0,0.0,0.0,0.0,0.3178,0.0,0.2344,23,1.0,personal,11.06,12.2,22.06,21.37,20.0,0.0,14.31
session_127f3d89dcc2,user_016,developer,2026-07-10 09:26:02,2026-07-10 12:13:02,12,3,0,12,1,1,5,0,0,0.0,0.0,0,0,167.0,9.433333333333334,4,0,0,0.0,0.0,normal,1.3654,1.5194,1.6188,0.0,0.0,0.0,0.0,0.0,0.0,0.5004,22,1.0,personal,22.14,16.6,18.7,22.63,20.0,0.0,19.24
session_7cd2d3fffb33,user_020,finance,2026-07-10 09:26:22,2026-07-10 14:36:22,20,4,0,20,1,1,3,1,4,55.927,16.18,0,0,310.0,9.433333333333334,4,0,0,0.0,2.79635,normal,1.1155,1.1911,0.8431,0.0,0.0,0.0,0.0,0.6396,0.0,0.421,23,1.0,personal,18.98,22.55,23.16,25.46,40.0,0.0,22.12
session_14de75b2045c,user_057,developer,2026-07-10 09:27:04,2026-07-10 12:26:04,10,1,0,10,1,1,4,0,0,0.0,0.0,0,0,179.0,9.45,4,0,0,0.0,0.0,normal,0.4358,0.4575,1.1242,0.0,0.0,0.0,1.0,0.0,0.0,0.3353,20,1.0,personal,15.44,19.89,22.88,22.36,20.0,0.0,17.82
session_b383eb8977e6,user_017,admin,2026-07-10 09:27:56,2026-07-10 12:37:56,10,2,0,10,1,1,4,0,0,0.0,0.0,5,0,190.0,9.45,4,0,0,0.0,0.0,normal,0.2453,0.7312,1.0117,0.0,0.0,0.0,0.8683,0.0,2.0235,0.5422,24,1.0,personal,23.75,23.12,21.35,22.33,0.0,2.33,19.67
session_9635624c5c96,user_077,admin,2026-07-10 09:30:59,2026-07-10 11:32:59,9,2,0,9,1,1,5,0,0,0.0,0.0,2,0,122.0,9.5,4,0,0,0.0,0.0,normal,1.3068,1.6862,0.9443,0.0,0.0,0.0,0.0,0.0,0.0,0.4375,19,1.0,personal,19.65,19.0,17.89,20.1,0.0,7.49,16.73
session_6de13eaf7941,user_004,developer,2026-07-10 09:33:37,2026-07-10 14:39:37,22,5,0,22,1,1,5,0,0,0.0,0.0,0,0,306.0,9.55,4,0,0,0.0,0.0,normal,0.3441,0.5082,1.0792,0.0,0.0,0.0,0.0,0.0,0.0,0.2146,20,1.0,personal,10.17,16.15,17.76,16.62,20.0,4.94,13.87
session_1fb5855ef175,user_075,developer,2026-07-10 09:34:19,2026-07-10 12:33:19,13,2,0,13,1,1,5,0,0,0.0,0.0,0,0,179.0,9.566666666666666,4,0,0,0.0,0.0,normal,0.2421,1.1661,0.5396,0.0,0.0,0.0,0.0,0.0,0.0,0.2164,19,1.0,personal,10.26,13.11,17.69,20.41,20.0,11.15,13.98
session_831068430569,user_014,hr,2026-07-10 09:35:39,2026-07-10 11:40:39,9,2,0,9,1,1,3,1,0,10.264,10.264,0,0,125.0,9.583333333333334,4,0,0,0.0,1.1404444444444444,normal,0.1523,2.5707,1.6862,0.0,0.0,0.0,0.0,0.7142,0.0,0.5693,19,1.0,personal,24.77,25.18,25.96,28.14,20.0,0.0,23.65
session_ea36c555d5c8,user_030,hr,2026-07-10 09:40:29,2026-07-10 14:18:29,22,4,0,22,1,1,3,5,0,68.017,22.161,0,0,278.0,9.666666666666666,4,0,0,0.0,3.091681818181818,normal,0.0,0.3248,0.5059,0.0,0.0,0.0,0.0,0.7288,0.0,0.1733,26,1.0,personal,8.3,16.09,28.24,29.0,40.0,0.0,17.67
session_3f07aaae8974,user_015,finance,2026-07-10 09:41:46,2026-07-10 14:36:46,20,5,0,20,1,1,3,3,3,25.372,8.466,0,0,295.0,9.683333333333334,4,0,0,0.0,1.2686,normal,1.1749,0.6429,0.8431,0.0,0.0,0.0,0.0,0.5523,0.0,0.357,20,1.0,personal,16.35,18.97,17.08,19.77,0.0,2.76,15.01
session_5dc2f0f2df80,user_054,developer,2026-07-10 09:44:19,2026-07-10 12:24:19,11,4,0,11,1,1,4,0,0,0.0,0.0,0,0,160.0,9.733333333333333,4,0,0,0.0,0.0,normal,0.071,0.5329,0.5396,0.0,0.0,0.0,1.0,0.0,0.0,0.2382,21,1.0,personal,11.23,12.26,15.77,19.31,20.0,0.0,13.24
session_23db5bbf4efe,user_033,developer,2026-07-10 09:46:48,2026-07-10 15:48:48,24,8,0,24,1,1,5,0,0,0.0,0.0,0,0,362.0,9.766666666666667,4,0,0,0.0,0.0,normal,0.0233,1.3055,1.349,0.0,0.0,0.0,0.0,0.0,0.0,0.2975,21,1.0,personal,13.82,23.76,24.81,21.08,20.0,7.49,18.49
session_0c4f7a1ce55f,user_026,analyst,2026-07-10 09:48:37,2026-07-10 12:30:37,11,1,0,11,1,1,4,4,0,31.961,8.992,0,0,162.0,9.8,4,0,0,0.0,2.9055454545454547,normal,0.0204,0.942,1.1242,0.0,0.0,0.0,0.0,0.6723,0.0,0.3065,23,1.0,personal,14.21,25.02,22.03,20.54,20.0,24.83,19.29
session_fd8a9ef86a98,user_003,developer,2026-07-10 09:51:04,2026-07-10 16:20:04,24,8,0,24,1,1,5,0,0,0.0,0.0,0,0,389.0,9.85,4,0,0,0.0,0.0,normal,0.542,0.884,1.0117,0.0,0.0,0.0,0.0,0.0,0.0,0.2709,22,1.0,personal,12.67,11.05,10.13,11.57,0.0,0.0,9.95
session_77783cc044f4,user_070,admin,2026-07-10 09:54:29,2026-07-10 13:55:29,19,4,0,19,1,1,5,0,0,0.0,0.0,4,0,241.0,9.9,4,0,0,0.0,0.0,normal,0.8244,0.4075,0.5396,0.0,0.0,0.0,0.0,0.0,0.6745,0.2718,26,1.0,personal,12.71,14.99,16.33,16.81,0.0,0.0,12.21
session_d456a4a93209,user_053,hr,2026-07-10 09:54:44,2026-07-10 13:55:44,17,5,0,17,1,1,3,5,0,21.734,6.104,0,0,241.0,9.9,4,0,0,0.0,1.278470588235294,normal,0.9703,0.4561,0.0,0.0,0.0,0.0,0.0,0.129,0.0,0.1728,24,1.0,personal,8.28,10.58,13.14,20.27,0.0,0.0,9.42
session_aedeb383990b,user_055,analyst,2026-07-10 09:55:56,2026-07-10 15:42:56,19,5,0,19,1,1,4,6,0,87.005,24.359,0,0,347.0,9.916666666666666,4,0,0,0.0,4.579210526315789,normal,0.978,0.9218,0.5059,0.0,0.0,0.0,0.0,0.7391,0.0,0.3494,22,1.0,personal,16.03,21.07,21.64,21.42,0.0,4.28,16.23
session_929c5c5b6501,user_019,developer,2026-07-10 10:01:57,2026-07-10 10:13:57,5,2,0,5,1,5,4,2,0,48.459,19.21,0,1,12.0,10.016666666666667,4,0,0,0.0,9.6918,device_spoofing,0.1613,2.1052,2.698,0.0,0.0,4.0,1.0,48.459,0.0,2.2183,22,1.0,personal,67.02,41.37,32.32,26.43,40.0,40.29,48.59
session_f46be126acfd,user_049,analyst,2026-07-10 10:02:03,2026-07-10 13:41:03,13,3,0,13,1,1,4,2,0,6.123,3.354,0,0,219.0,10.033333333333331,4,0,0,0.0,0.471,normal,1.2366,0.0377,0.1499,0.0,0.0,0.0,0.0,0.9982,0.0,0.2692,22,1.0,personal,12.59,12.16,13.21,20.32,0.0,0.0,11.48
session_481ec0f931e5,user_047,developer,2026-07-10 10:04:30,2026-07-10 13:37:30,17,6,0,17,1,1,5,0,0,0.0,0.0,0,0,213.0,10.066666666666666,4,0,0,0.0,0.0,normal,0.4175,1.1001,0.2998,0.0,0.0,0.0,0.0,0.0,0.0,0.2019,22,1.0,personal,9.6,10.13,18.18,19.05,20.0,0.0,12.5
session_f05bf258deb3,user_048,developer,2026-07-10 10:04:59,2026-07-10 14:48:59,17,4,0,17,1,1,5,0,0,0.0,0.0,0,0,284.0,10.066666666666666,4,0,0,0.0,0.0,normal,0.1499,0.2028,0.1686,0.0,0.0,0.0,0.0,0.0,0.0,0.0579,26,1.0,personal,2.85,23.38,30.78,37.25,60.0,0.0,20.16
session_f6846b1cce50,user_013,hr,2026-07-10 10:05:50,2026-07-10 13:51:50,12,5,0,12,1,1,3,3,0,16.882,6.772,0,0,226.0,10.083333333333334,4,0,0,0.0,1.4068333333333334,normal,1.0855,1.0202,1.8886,0.0,0.0,0.0,0.0,0.1198,0.0,0.4571,22,1.0,personal,20.43,19.7,17.97,20.41,0.0,0.0,16.85
session_eb9ee0a6d4b9,user_002,finance,2026-07-10 10:07:50,2026-07-10 12:41:50,12,3,0,12,1,1,3,3,4,55.484,10.339,0,0,154.0,10.116666666666667,4,0,0,0.0,4.623666666666667,normal,0.5117,0.6649,0.5059,0.0,0.0,0.0,0.0,0.1547,0.0,0.2041,21,1.0,personal,9.7,15.05,13.18,14.25,0.0,9.57,10.77
session_49eb371eaa69,user_058,hr,2026-07-10 10:10:40,2026-07-10 12:19:40,9,2,0,9,1,1,2,3,0,29.427,13.008,0,0,129.0,10.166666666666666,4,0,0,0.0,3.2696666666666667,normal,2.5631,1.1557,1.2647,0.0,0.0,0.0,1.0,0.8388,0.0,0.758,22,1.0,personal,31.55,23.85,18.43,19.8,0.0,10.89,22.68
session_9fbdafc011f5,user_059,analyst,2026-07-10 10:16:45,2026-07-10 15:44:45,21,5,0,21,1,1,4,6,0,57.659000000000006,13.343,0,0,328.0,10.266666666666667,4,0,0,0.0,2.745666666666667,normal,2.2793,0.9783,0.7588,0.0,0.0,0.0,0.0,2.0724,0.0,0.6765,18,1.0,personal,28.7,30.15,27.22,25.76,20.0,9.68,26.65
session_af9bdc02bec2,user_037,developer,2026-07-10 10:17:51,2026-07-10 15:26:51,20,3,0,20,1,1,5,0,0,0.0,0.0,0,0,309.0,10.283333333333331,4,0,0,0.0,0.0,normal,1.0547,0.142,0.0749,0.0,0.0,0.0,0.0,0.0,0.0,0.1413,24,1.0,personal,6.82,21.3,30.97,30.93,60.0,0.0,20.73
session_a56864302c52,user_080,hr,2026-07-10 10:18:10,2026-07-10 12:17:10,10,2,0,10,1,1,3,3,0,62.045,27.153,0,0,119.0,10.3,4,0,0,0.0,6.2045,normal,1.5825,1.9785,1.1804,0.0,0.0,0.0,0.0,0.4394,0.0,0.5756,21,1.0,personal,25.01,21.79,17.29,18.31,0.0,17.93,19.68
session_cbe3ad5cbf12,user_068,developer,2026-07-10 10:22:23,2026-07-10 13:23:23,14,3,0,14,1,1,5,0,0,0.0,0.0,0,0,181.0,10.366666666666667,4,0,0,0.0,0.0,normal,1.5176,0.6745,0.3372,0.0,0.0,0.0,0.0,0.0,0.0,0.281,21,1.0,personal,13.11,16.32,17.87,17.57,20.0,16.45,15.77
session_18d9f905432b,user_062,hr,2026-07-10 10:23:07,2026-07-10 14:50:07,15,6,0,15,1,1,3,4,0,54.264,21.212,0,0,267.0,10.383333333333333,4,0,0,0.0,3.6176,normal,1.2366,0.1538,0.3372,0.0,0.0,0.0,0.0,0.4143,0.0,0.238,19,1.0,personal,11.22,9.8,19.3,24.77,20.0,0.0,13.82
session_cefe1db305da,user_061,analyst,2026-07-10 10:28:09,2026-07-10 15:49:09,22,6,0,22,1,1,4,2,0,8.735,4.622,0,0,321.0,10.466666666666669,4,0,0,0.0,0.3970454545454545,normal,0.9443,0.329,0.5396,0.0,0.0,0.0,0.0,0.7612,0.0,0.286,23,1.0,personal,13.32,13.77,13.9,17.04,0.0,1.38,11.94
session_5ae1f9e24e2d,user_036,developer,2026-07-10 10:29:24,2026-07-10 13:28:24,11,1,0,11,1,1,4,0,0,0.0,0.0,0,0,179.0,10.483333333333333,4,0,0,0.0,0.0,normal,1.5279,0.4679,0.6745,0.0,0.0,0.0,1.0,0.0,0.0,0.4078,28,1.0,personal,18.45,33.22,29.62,26.77,40.0,1.19,25.2
session_bb2144e4b6a3,user_006,analyst,2026-07-10 10:32:20,2026-07-10 11:32:20,7,4,0,7,1,1,4,0,0,88.074,21.84,0,0,60.0,10.533333333333331,4,0,0,0.0,12.582,normal,4.7809,1.22,0.9198,0.0,0.0,0.0,0.0,1.0536,0.0,0.886,26,1.0,personal,35.79,28.21,20.95,19.17,20.0,29.38,28.49
session_fe183cf6beaf,user_019,developer,2026-07-10 10:34:22,2026-07-10 16:15:22,19,5,0,19,1,1,5,0,0,0.0,0.0,0,0,341.0,10.566666666666666,4,0,0,0.0,0.0,normal,0.8065,0.5846,0.0,0.0,0.0,0.0,0.0,0.0,0.0,0.1546,22,1.0,personal,7.44,27.78,27.11,24.65,40.0,0.0,19.06
session_60abca861342,user_071,analyst,2026-07-10 10:39:32,2026-07-10 13:38:32,11,2,0,11,1,1,4,3,0,60.801,26.431,0,0,179.0,10.65,4,0,0,0.0,5.527363636363637,normal,1.3399,1.2294,0.8584,0.0,0.0,0.0,0.0,0.535,0.0,0.4403,20,1.0,personal,19.76,15.95,14.14,16.69,0.0,6.79,15.22
session_5cce9c6bcc95,user_010,finance,2026-07-10 10:53:00,2026-07-10 13:54:00,13,4,0,13,1,1,3,3,2,34.404,11.88,0,0,181.0,10.883333333333333,4,0,0,0.0,2.646461538461538,normal,1.9335,0.4022,0.5621,0.0,0.0,0.0,0.0,0.1104,0.0,0.3342,23,1.0,personal,15.39,11.99,16.24,19.96,0.0,0.0,12.99
session_34d220d8ca29,user_060,developer,2026-07-10 11:00:22,2026-07-10 14:42:22,12,1,0,12,1,1,5,0,0,0.0,0.0,0,0,222.0,11.0,4,0,0,0.0,0.0,normal,0.6113,0.184,0.4497,0.0,0.0,0.0,0.0,0.0,0.0,0.1383,23,1.0,personal,6.68,9.45,16.19,18.18,20.0,0.0,10.81
session_72e42b87f3e4,user_046,hr,2026-07-10 11:01:21,2026-07-10 15:13:21,14,3,0,14,1,1,3,5,0,30.057,10.18,0,0,252.0,11.016666666666667,4,0,0,0.0,2.1469285714285715,normal,0.8113,0.0532,0.5059,0.0,0.0,0.0,0.0,0.1045,0.0,0.1639,22,1.0,personal,7.87,12.63,13.01,15.6,0.0,7.34,9.55
session_0b346ea53705,user_052,finance,2026-07-10 11:57:53,2026-07-10 11:57:53,1,0,0,1,1,1,1,1,0,19.401,19.401,0,1,0.0,11.95,4,0,0,0.0,19.401,low_slow_exfiltration,4.936,2.6511,2.2933,0.0,0.0,0.0,2.0,2.0805,0.0,1.5512,23,1.0,personal,53.96,43.31,39.82,38.71,80.0,0.0,48.09
session_eee3a117ef70,user_040,finance,2026-07-10 14:00:44,2026-07-10 14:00:44,1,0,0,1,1,1,1,1,0,31.884,31.884,0,1,0.0,14.0,4,0,0,0.0,31.884,insider_drift,8.2143,2.0318,2.0235,0.0,0.0,0.0,2.0,1.6648,0.0,1.7705,25,1.0,personal,58.74,46.21,43.19,40.76,80.0,1.03,51.34
session_4a38334ad5a5,user_001,finance,2026-07-10 22:59:02,2026-07-10 23:39:02,6,2,0,6,1,1,2,1,1,53.177,19.488,0,0,40.0,22.98333333333333,4,0,1,0.0,8.862833333333333,normal,27.3675,1.8017,1.4239,0.0,0.0,0.0,1.0,0.6694,0.0,1.655,24,1.0,personal,56.29,30.75,22.05,19.55,20.0,41.77,38.02
session_c7be4b3c0628,user_024,hr,2026-07-10 23:24:52,2026-07-11 00:28:52,9,1,0,9,1,1,3,2,0,70.997,19.589,0,0,64.0,23.4,4,0,1,0.0,7.8885555555555555,normal,19.2991,2.1563,1.2141,0.0,0.0,0.0,0.0,0.4555,0.0,1.5362,21,1.0,personal,53.61,35.65,27.94,24.27,20.0,22.03,38.29
session_044643b6c78f,user_039,developer,2026-07-11 04:51:27,2026-07-11 05:01:27,6,1,0,6,1,1,6,0,0,0.0,0.0,1,1,10.0,4.85,5,1,1,0.0,0.0,lateral_movement,6.4855,3.9821,2.1921,0.0,0.0,0.0,1.0,0.0,1.0,1.6289,21,1.0,personal,55.71,48.49,33.46,26.22,40.0,69.79,47.11
session_aff3d3b54aa5,user_022,developer,2026-07-11 07:05:42,2026-07-11 11:35:42,18,5,0,18,1,1,5,0,0,0.0,0.0,0,0,270.0,7.083333333333333,5,1,0,0.0,0.0,normal,1.9456,0.1431,0.1686,0.0,0.0,0.0,0.0,0.0,0.0,0.2508,25,1.0,personal,11.79,10.4,11.68,16.26,0.0,4.83,10.41
session_92aa36402498,user_077,admin,2026-07-11 07:36:10,2026-07-11 09:54:10,10,6,0,10,1,1,3,0,0,0.0,0.0,1,0,138.0,7.6,5,1,0,0.0,0.0,normal,1.1414,1.1593,0.8094,0.0,0.0,0.0,2.0,0.0,0.6745,0.6427,20,1.0,personal,27.48,24.02,20.48,20.78,0.0,13.31,21.61
session_0871b48ea2dd,user_029,admin,2026-07-11 07:42:28,2026-07-11 13:22:28,23,5,0,23,1,1,5,0,0,0.0,0.0,6,0,340.0,7.7,5,1,0,0.0,0.0,normal,1.0455,1.0783,1.5417,0.0,0.0,0.0,0.0,0.0,2.0235,0.6321,20,1.0,personal,27.1,16.54,15.24,21.25,0.0,11.43,19.13
session_f609d47c17f5,user_011,analyst,2026-07-11 08:03:25,2026-07-11 09:38:25,10,4,0,10,1,1,3,3,0,22.257,9.909,0,0,95.0,8.05,5,1,0,0.0,2.2257,normal,1.5738,1.7449,0.8993,0.0,0.0,0.0,1.0,0.5895,0.0,0.6453,21,1.0,personal,27.58,20.37,21.89,22.07,0.0,0.0,20.6
session_c7088da8e570,user_045,admin,2026-07-11 08:28:33,2026-07-11 10:09:33,10,1,0,10,1,1,4,0,0,0.0,0.0,1,0,101.0,8.466666666666667,5,1,0,0.0,0.0,normal,0.4599,2.0351,1.1804,0.0,0.0,0.0,1.0,0.0,1.349,0.6694,23,1.0,personal,28.44,22.73,18.05,21.87,0.0,10.47,21.34
session_95974c96c069,user_021,finance,2026-07-11 08:38:27,2026-07-11 15:46:27,25,6,0,25,1,1,3,4,6,45.168,8.365,0,0,428.0,8.633333333333333,5,1,0,0.0,1.80672,normal,0.0385,1.2795,1.5513,0.0,0.0,0.0,0.0,0.818,0.0,0.4097,18,1.0,personal,18.52,19.36,20.13,21.94,0.0,17.7,17.38
session_afab7b95c0bc,user_043,hr,2026-07-11 08:40:41,2026-07-11 14:40:41,23,9,0,23,1,1,3,5,0,38.458,10.329,0,0,360.0,8.666666666666666,5,1,0,0.0,1.672086956521739,normal,0.548,1.3068,1.0492,0.0,0.0,0.0,0.0,0.3835,0.0,0.3653,26,1.0,personal,16.69,19.17,21.05,20.63,20.0,0.0,17.73
session_5837e83c72c7,user_020,finance,2026-07-11 08:46:39,2026-07-11 11:23:39,13,3,0,13,1,1,3,1,3,85.017,30.661,0,0,157.0,8.766666666666667,5,1,0,0.0,6.53976923076923,normal,0.0265,0.9783,0.3372,0.0,0.0,0.0,0.0,0.0079,0.0,0.15,24,1.0,personal,7.23,14.87,17.53,23.28,20.0,0.0,12.82
session_3a72479fe0e1,user_016,developer,2026-07-11 08:47:09,2026-07-11 14:00:09,20,8,0,20,1,1,5,0,0,0.0,0.0,0,0,313.0,8.783333333333333,5,1,0,0.0,0.0,normal,0.0642,0.6445,0.4497,0.0,0.0,0.0,0.0,0.0,0.0,0.1287,23,1.0,personal,6.23,12.73,14.09,20.6,0.0,0.0,9.21
session_47faea9ab947,user_067,analyst,2026-07-11 08:49:55,2026-07-11 14:27:55,20,8,0,20,1,1,4,5,0,60.109,20.022,0,0,338.0,8.816666666666666,5,1,0,0.0,3.00545,normal,1.1616,0.7222,0.5396,0.0,0.0,0.0,0.0,0.8244,0.0,0.3609,23,1.0,personal,16.51,18.02,19.67,20.81,0.0,0.0,15.24
session_126ba4837182,user_037,developer,2026-07-11 09:26:25,2026-07-11 14:11:25,17,5,0,17,1,1,5,0,0,0.0,0.0,0,0,285.0,9.433333333333334,5,1,0,0.0,0.0,normal,0.2748,0.0853,0.5059,0.0,0.0,0.0,0.0,0.0,0.0,0.0962,25,1.0,personal,4.7,12.42,24.0,27.93,60.0,0.0,16.75
session_03c08f342034,user_005,hr,2026-07-11 09:29:56,2026-07-11 12:38:56,10,2,0,10,1,1,3,2,0,7.604,5.091,0,0,189.0,9.483333333333333,5,1,0,0.0,0.7604,normal,0.0153,0.4022,0.9636,0.0,0.0,0.0,0.0,0.5474,0.0,0.2143,24,1.0,personal,10.16,9.83,11.86,13.65,0.0,0.0,9.17
session_5bd62c13869c,user_038,developer,2026-07-11 09:46:44,2026-07-11 15:52:44,23,3,0,23,1,1,5,0,0,0.0,0.0,0,0,366.0,9.766666666666667,5,1,0,0.0,0.0,normal,2.0235,1.8442,1.7537,0.0,0.0,0.0,0.0,0.0,0.0,0.6246,24,1.0,personal,26.82,18.64,14.59,13.3,0.0,2.69,18.11
session_0f58319f9c6f,user_052,finance,2026-07-11 10:00:36,2026-07-11 13:58:36,14,4,0,14,1,1,3,1,4,40.712,14.155,0,0,238.0,10.0,5,1,0,0.0,2.9080000000000004,normal,1.349,0.4216,0.5396,0.0,0.0,0.0,0.0,0.7033,0.0,0.3348,23,1.0,personal,15.41,29.36,33.63,35.91,60.0,0.0,26.67
session_7135f9c705e9,user_062,hr,2026-07-11 10:06:09,2026-07-11 11:06:09,7,1,0,7,1,1,3,3,0,59.568,18.3,0,0,60.0,10.1,5,1,0,0.0,8.509714285714285,normal,0.694,2.6068,1.9271,0.0,0.0,0.0,0.0,0.2046,0.0,0.6036,20,1.0,personal,26.05,17.71,20.57,24.91,20.0,0.0,21.54
session_b602d835aee6,user_003,developer,2026-07-11 10:09:25,2026-07-11 13:22:25,11,2,0,11,1,1,5,0,0,0.0,0.0,0,0,193.0,10.15,5,1,0,0.0,0.0,normal,0.0519,0.7128,1.1804,0.0,0.0,0.0,0.0,0.0,0.0,0.2161,23,1.0,personal,10.24,10.99,10.03,11.02,0.0,2.54,9.03
session_09c60c5efb4d,user_023,developer,2026-07-11 10:16:51,2026-07-11 15:08:51,18,6,0,18,1,1,5,0,0,0.0,0.0,0,0,292.0,10.266666666666667,5,1,0,0.0,0.0,normal,2.201,0.1665,0.3372,0.0,0.0,0.0,0.0,0.0,0.0,0.3005,25,1.0,personal,13.95,12.65,14.15,15.49,0.0,0.0,11.78
session_83fe5d83bdc2,user_002,finance,2026-07-11 10:17:22,2026-07-11 13:31:22,15,3,0,15,1,1,3,2,3,52.231,18.481,0,0,194.0,10.283333333333331,5,1,0,0.0,3.482066666666667,normal,0.2409,0.2814,0.0964,0.0,0.0,0.0,0.0,0.036,0.0,0.0727,22,1.0,personal,3.57,9.13,11.01,12.69,0.0,0.95,6.22
session_335e5a8b36ce,user_047,developer,2026-07-11 10:17:54,2026-07-11 15:53:54,20,4,0,20,1,1,5,0,0,0.0,0.0,0,0,336.0,10.283333333333331,5,1,0,0.0,0.0,normal,0.6986,0.5059,0.3372,0.0,0.0,0.0,0.0,0.0,0.0,0.1713,23,1.0,personal,8.21,9.45,15.4,17.64,20.0,0.0,11.25
session_24969dde47fb,user_063,finance,2026-07-11 11:06:06,2026-07-11 15:41:06,14,4,0,14,1,1,3,3,3,27.608,6.284,0,0,275.0,11.1,5,1,0,0.0,1.972,normal,3.2038,0.006,0.6745,0.0,0.0,0.0,0.0,1.0173,0.0,0.5446,24,1.0,personal,23.84,17.14,22.08,21.87,20.0,0.0,20.46
session_f83e2a5b6b6f,user_059,analyst,2026-07-12 00:29:11,2026-07-12 00:29:11,1,1,1,1,1,1,1,0,0,0.0,0.0,0,1,0.0,0.4833333333333333,6,1,1,1.0,0.0,credential_stuffing,21.3456,2.7301,2.8666,1.0,0.0,0.0,3.0,1.6791,0.0,2.364,19,1.0,personal,69.33,50.32,37.99,31.09,40.0,53.95,53.3
session_8328f11d8a03,user_077,admin,2026-07-12 00:29:31,2026-07-12 00:29:31,1,1,1,1,1,1,1,0,0,0.0,0.0,0,1,0.0,0.4833333333333333,6,1,1,1.0,0.0,credential_stuffing,8.7319,2.3706,2.0235,1.0,0.0,0.0,4.0,0.0,1.349,2.1639,21,1.0,personal,66.11,45.49,32.22,26.2,20.0,56.77,47.83
session_b5117755cc1f,user_030,hr,2026-07-12 00:29:51,2026-07-12 00:29:51,1,1,1,1,1,1,1,0,0,0.0,0.0,0,1,0.0,0.4833333333333333,6,1,1,1.0,0.0,credential_stuffing,21.8614,4.0874,3.0352,1.0,0.0,0.0,2.0,1.1975,0.0,2.3689,27,1.0,personal,69.41,41.15,37.66,33.89,60.0,0.0,51.03
session_d6ce0d782c33,user_049,analyst,2026-07-12 00:30:11,2026-07-12 00:30:11,1,1,1,1,1,1,1,0,0,0.0,0.0,0,1,0.0,0.5,6,1,1,1.0,0.0,credential_stuffing,13.1401,1.6597,2.1921,1.0,0.0,0.0,3.0,1.5205,0.0,2.1525,23,1.0,personal,65.91,39.52,25.9,25.47,20.0,42.41,44.82
session_e1e807ecc79b,user_045,admin,2026-07-12 00:30:31,2026-07-12 00:30:31,1,1,1,1,1,1,1,0,0,0.0,0.0,0,1,0.0,0.5,6,1,1,1.0,0.0,credential_stuffing,14.3023,2.957,2.6137,1.0,0.0,0.0,4.0,0.0,2.0235,2.5105,24,1.0,personal,71.5,49.11,31.68,27.68,20.0,69.61,51.42
session_13d4457ad9b3,user_041,finance,2026-07-12 01:30:50,2026-07-12 01:34:48,18,18,18,18,4,1,1,0,0,0.0,0.0,0,1,3.966666666666667,1.5,6,1,1,1.0,0.0,brute_force,13.1007,2.9092,0.8993,1.0,3.0,0.0,2.0,2.1125,0.0,2.4357,25,1.0,personal,70.41,45.42,31.33,27.06,20.0,55.07,49.41
session_f4cd8449b7df,user_034,finance,2026-07-12 04:38:10,2026-07-12 04:48:10,6,1,0,6,1,1,6,0,0,0.0,0.0,1,1,10.0,4.633333333333333,6,1,1,0.0,0.0,lateral_movement,6.3817,2.3301,1.6862,0.0,0.0,0.0,3.0,1.6886,1.0,1.7874,23,1.0,personal,59.09,40.35,26.53,22.77,20.0,51.71,42.55
session_e114491712ad,user_042,developer,2026-07-12 07:37:40,2026-07-12 14:11:40,22,3,0,22,1,1,5,0,0,0.0,0.0,0,0,394.0,7.616666666666667,6,1,0,0.0,0.0,normal,0.8094,0.9946,0.6745,0.0,0.0,0.0,0.0,0.0,0.0,0.2754,23,1.0,personal,12.86,10.35,11.9,13.49,0.0,0.0,10.35
session_a04c53aa441a,user_067,analyst,2026-07-12 07:58:26,2026-07-12 10:54:26,10,3,0,10,1,1,4,5,0,79.548,22.477,0,0,176.0,7.966666666666667,6,1,0,0.0,7.9548,normal,2.9532,0.5077,0.8993,0.0,0.0,0.0,0.0,1.5501,0.0,0.6567,24,1.0,personal,27.99,22.92,21.75,21.64,0.0,10.46,21.73
session_3c42af4b35d5,user_037,developer,2026-07-12 08:15:58,2026-07-12 12:48:58,17,8,0,17,1,1,5,0,0,0.0,0.0,0,0,273.0,8.25,6,1,0,0.0,0.0,normal,1.9376,0.1389,0.3747,0.0,0.0,0.0,0.0,0.0,0.0,0.2724,26,1.0,personal,12.73,9.07,19.0,25.95,40.0,0.0,16.35
session_0824414680af,user_024,hr,2026-07-12 08:15:59,2026-07-12 11:31:59,13,3,0,13,1,1,3,4,0,114.203,33.024,0,0,196.0,8.25,6,1,0,0.0,8.784846153846154,normal,0.4631,0.7255,0.6745,0.0,0.0,0.0,0.0,0.5463,0.0,0.2677,22,1.0,personal,12.53,26.83,24.64,23.11,20.0,9.51,18.86
session_32470aba028e,user_021,finance,2026-07-12 08:20:32,2026-07-12 11:24:32,13,1,0,13,1,1,3,2,3,21.867,6.155,0,0,184.0,8.333333333333334,6,1,0,0.0,1.6820769230769232,normal,0.7142,0.3838,0.1349,0.0,0.0,0.0,0.0,0.2464,0.0,0.1644,19,1.0,personal,7.89,14.13,17.51,19.94,0.0,0.0,10.6
session_d98488ef0851,user_022,developer,2026-07-12 08:23:10,2026-07-12 12:36:10,18,2,0,18,1,1,5,0,0,0.0,0.0,0,0,253.0,8.383333333333333,6,1,0,0.0,0.0,normal,0.0891,0.2777,0.0964,0.0,0.0,0.0,0.0,0.0,0.0,0.0515,26,1.0,personal,2.54,6.54,9.52,14.51,0.0,0.0,5.2
session_f4a1117923fe,user_050,developer,2026-07-12 08:28:20,2026-07-12 11:24:20,13,1,0,13,1,1,5,0,0,0.0,0.0,0,0,176.0,8.466666666666667,6,1,0,0.0,0.0,normal,0.8431,1.115,0.6745,0.0,0.0,0.0,0.0,0.0,0.0,0.2925,25,1.0,personal,13.61,25.44,19.33,19.05,20.0,31.84,18.93
session_fca2e5c52e3c,user_015,finance,2026-07-12 08:28:24,2026-07-12 14:21:24,22,5,0,22,1,1,3,3,5,34.75,7.631,0,0,353.0,8.466666666666667,6,1,0,0.0,1.5795454545454546,normal,1.8251,1.274,1.1804,0.0,0.0,0.0,0.0,1.5254,0.0,0.645,21,1.0,personal,27.57,23.61,19.77,20.59,0.0,23.52,21.95
session_8be6426f1843,user_034,finance,2026-07-12 08:31:47,2026-07-12 10:01:47,7,0,0,7,1,1,1,5,0,129.273,29.667,0,0,90.0,8.516666666666667,6,1,0,0.0,18.46757142857143,normal,0.3372,1.5125,1.5176,0.0,0.0,0.0,2.0,2.733,0.0,0.9,23,1.0,personal,36.24,41.69,30.25,24.57,40.0,66.9,37.17
session_6f3fbb5e82ac,user_029,admin,2026-07-12 08:34:28,2026-07-12 14:13:28,21,3,0,21,1,1,5,0,0,0.0,0.0,5,0,339.0,8.566666666666666,6,1,0,0.0,0.0,normal,0.6205,1.0117,1.0117,0.0,0.0,0.0,0.0,0.0,1.349,0.4437,21,1.0,personal,19.9,19.66,16.69,20.7,0.0,7.4,16.83
session_b87c8a961288,user_020,finance,2026-07-12 08:35:21,2026-07-12 14:54:21,23,9,0,23,1,1,3,3,6,170.583,33.516,0,0,379.0,8.583333333333334,6,1,0,0.0,7.416652173913043,normal,0.3091,1.7087,1.349,0.0,0.0,0.0,0.0,1.8792,0.0,0.5829,25,1.0,personal,25.28,18.21,18.6,23.49,0.0,12.59,19.52
session_81541d434657,user_013,hr,2026-07-12 08:39:26,2026-07-12 14:17:26,22,4,0,22,1,1,3,3,0,14.349,8.346,0,0,338.0,8.65,6,1,0,0.0,0.6522272727272728,normal,0.7588,0.8555,0.6745,0.0,0.0,0.0,0.0,0.2632,0.0,0.2836,23,1.0,personal,13.22,17.84,16.42,19.46,0.0,0.0,13.26
session_3da1d919389a,user_052,finance,2026-07-12 08:41:37,2026-07-12 12:02:37,15,2,0,15,1,1,3,2,6,46.748,9.467,0,0,201.0,8.683333333333334,6,1,0,0.0,3.1165333333333334,normal,1.0461,0.7223,0.4497,0.0,0.0,0.0,0.0,0.1405,0.0,0.2621,24,1.0,personal,12.28,20.27,28.07,32.83,60.0,0.0,22.46
session_70207135a1c4,user_009,developer,2026-07-12 08:44:41,2026-07-12 13:08:41,16,6,0,16,1,1,5,0,0,0.0,0.0,0,0,264.0,8.733333333333333,6,1,0,0.0,0.0,normal,0.0749,0.3048,0.5059,0.0,0.0,0.0,0.0,0.0,0.0,0.0984,26,1.0,personal,4.8,14.34,21.79,22.78,40.0,0.0,14.33
session_71f00f5cf7c1,user_034,finance,2026-07-12 08:48:44,2026-07-12 11:05:44,11,1,0,11,1,1,3,2,4,44.197,9.334,0,0,137.0,8.8,6,1,0,0.0,4.017909090909091,normal,0.1349,0.9621,0.7588,0.0,0.0,0.0,0.0,0.1891,0.0,0.2272,24,1.0,personal,10.74,27.3,27.05,23.01,40.0,38.36,22.03
session_8e6b738603cd,user_030,hr,2026-07-12 08:52:28,2026-07-12 12:02:28,11,4,0,11,1,1,3,1,0,9.457,9.457,0,0,190.0,8.866666666666667,6,1,0,0.0,0.8597272727272728,normal,1.9044,1.5243,1.349,0.0,0.0,0.0,0.0,0.9372,0.0,0.635,27,1.0,personal,27.2,38.12,34.87,33.5,40.0,3.3,31.25
session_cd09ba3f58d7,user_036,developer,2026-07-12 08:55:32,2026-07-12 11:06:32,9,5,0,9,1,1,3,0,0,0.0,0.0,0,0,131.0,8.916666666666666,6,1,0,0.0,0.0,normal,1.0242,1.1109,0.8993,0.0,0.0,0.0,2.0,0.0,0.0,0.5594,29,1.0,personal,24.4,29.68,28.35,26.61,40.0,0.0,26.61
session_be8ae0cd82fb,user_033,developer,2026-07-12 09:04:53,2026-07-12 14:08:53,18,3,0,18,1,1,5,0,0,0.0,0.0,0,0,304.0,9.066666666666666,6,1,0,0.0,0.0,normal,1.0058,0.0833,0.6745,0.0,0.0,0.0,0.0,0.0,0.0,0.196,22,1.0,personal,9.34,10.68,21.13,19.94,20.0,0.0,13.03
session_b7e3cb1c98ea,user_044,developer,2026-07-12 09:06:01,2026-07-12 12:43:01,16,2,0,16,1,1,5,0,0,0.0,0.0,0,0,217.0,9.1,6,1,0,0.0,0.0,normal,0.5555,0.6673,0.1686,0.0,0.0,0.0,0.0,0.0,0.0,0.1546,24,1.0,personal,7.44,12.24,13.18,13.04,0.0,0.0,8.7
session_1efb2c8b7e6b,user_018,developer,2026-07-12 09:06:53,2026-07-12 13:13:53,15,2,0,15,1,1,4,0,0,0.0,0.0,0,0,247.0,9.1,6,1,0,0.0,0.0,normal,0.2108,0.2698,0.1686,0.0,0.0,0.0,1.0,0.0,0.0,0.1832,25,1.0,personal,8.75,12.35,18.37,20.03,20.0,0.0,12.73
session_aeae456bf188,user_077,admin,2026-07-12 09:20:09,2026-07-12 13:41:09,25,6,0,25,1,1,5,0,0,0.0,0.0,1,0,261.0,9.333333333333334,6,1,0,0.0,0.0,normal,0.9479,0.2182,1.2141,0.0,0.0,0.0,0.0,0.0,0.6745,0.3394,21,1.0,personal,15.61,34.42,29.48,24.85,20.0,41.39,24.1
session_2e1704ce0866,user_061,analyst,2026-07-12 09:25:43,2026-07-12 14:43:43,23,8,0,23,1,1,4,6,0,41.676,8.52,0,0,318.0,9.416666666666666,6,1,0,0.0,1.812,normal,0.4134,0.2075,0.6745,0.0,0.0,0.0,0.0,1.1798,0.0,0.275,24,1.0,personal,12.85,12.91,13.67,16.29,0.0,3.74,11.59
session_bc0f05e223bc,user_028,developer,2026-07-12 09:29:23,2026-07-12 09:39:23,2,2,0,2,2,2,1,0,0,0.0,0.0,0,1,10.0,9.483333333333333,6,1,0,0.0,0.0,impossible_travel,0.045,2.2375,2.2162,0.0,1.0,1.0,3.7143,0.0,0.0,1.1348,26,1.0,personal,43.3,27.6,21.1,22.01,40.0,1.22,32.27
session_ec0fb30eb704,user_054,developer,2026-07-12 09:33:34,2026-07-12 14:13:34,16,6,0,16,1,1,5,0,0,0.0,0.0,0,0,280.0,9.55,6,1,0,0.0,0.0,normal,0.4557,0.5379,0.1499,0.0,0.0,0.0,0.0,0.0,0.0,0.1271,22,1.0,personal,6.16,9.53,12.77,17.52,20.0,0.0,10.04
session_09b27f3695d9,user_078,developer,2026-07-12 09:35:54,2026-07-12 15:16:54,25,2,0,25,1,1,5,0,0,0.0,0.0,0,0,341.0,9.583333333333334,6,1,0,0.0,0.0,normal,0.0653,1.1804,2.4731,0.0,0.0,0.0,0.0,0.0,0.0,0.4132,21,1.0,personal,18.67,11.48,15.57,18.25,20.0,0.0,15.92
session_bf32219d68bc,user_060,developer,2026-07-12 09:36:23,2026-07-12 15:57:23,22,4,0,22,1,1,5,0,0,0.0,0.0,0,0,381.0,9.6,6,1,0,0.0,0.0,normal,1.2163,2.6213,2.4282,0.0,0.0,0.0,0.0,0.0,0.0,0.6962,24,1.0,personal,29.4,19.16,18.83,19.4,20.0,0.0,22.36
session_7dcc9b04bf62,user_066,developer,2026-07-12 09:41:42,2026-07-12 15:09:42,22,5,0,22,1,1,5,0,0,0.0,0.0,0,0,328.0,9.683333333333334,6,1,0,0.0,0.0,normal,0.2968,1.4614,1.349,0.0,0.0,0.0,0.0,0.0,0.0,0.3452,21,1.0,personal,15.85,12.47,26.03,26.9,60.0,0.0,21.43
session_0bfdc3e3288a,user_070,admin,2026-07-12 09:58:28,2026-07-12 13:30:28,13,2,0,13,1,1,5,0,0,0.0,0.0,2,0,212.0,9.966666666666669,6,1,0,0.0,0.0,normal,0.9443,0.8324,1.349,0.0,0.0,0.0,0.0,0.0,0.6745,0.4222,27,1.0,personal,19.03,15.78,16.62,17.04,0.0,0.0,14.97
session_f8383e18406f,user_046,hr,2026-07-12 09:58:45,2026-07-12 15:19:45,21,8,0,21,1,1,3,1,0,6.764,6.764,0,0,321.0,9.966666666666669,6,1,0,0.0,0.3220952380952381,normal,0.4761,0.6124,0.6745,0.0,0.0,0.0,0.0,1.5554,0.0,0.3687,23,1.0,personal,16.84,14.4,14.15,15.74,0.0,5.23,13.57
session_a1c1bfe5b039,user_047,developer,2026-07-12 10:09:01,2026-07-12 12:41:01,9,2,0,9,1,1,4,0,0,0.0,0.0,0,0,152.0,10.15,6,1,0,0.0,0.0,normal,0.4761,1.8991,1.6862,0.0,0.0,0.0,0.8422,0.0,0.0,0.5448,24,1.0,personal,23.85,16.26,16.91,18.34,20.0,0.0,19.16
session_edfa582162c5,user_002,finance,2026-07-12 10:42:09,2026-07-12 15:49:09,22,2,0,22,1,1,3,5,2,45.435,9.138,0,0,307.0,10.7,6,1,0,0.0,2.065227272727273,normal,0.441,0.8211,1.1804,0.0,0.0,0.0,0.0,0.2659,0.0,0.3009,23,1.0,personal,13.97,9.79,11.78,12.55,0.0,0.0,10.57
session_c320c9bdc8b1,user_078,developer,2026-07-12 10:50:57,2026-07-12 11:40:57,6,1,0,6,1,1,4,0,0,51.498000000000005,24.981,0,0,50.0,10.833333333333334,6,1,0,0.0,8.583,normal,1.6488,1.8598,1.4333,0.0,0.0,0.0,1.0,51.498,0.0,1.7713,22,1.0,personal,58.76,36.19,25.31,23.24,40.0,17.23,41.72
session_646edfc8c127,user_009,developer,2026-07-13 03:02:47,2026-07-13 03:12:47,6,1,0,6,1,1,6,0,0,0.0,0.0,1,1,10.0,3.033333333333333,0,0,1,0.0,0.0,lateral_movement,10.5466,3.201,2.1921,0.0,0.0,0.0,0.7955,0.0,1.0,1.9098,27,1.0,personal,61.51,34.39,31.37,27.52,60.0,15.24,45.7
session_db9e5fc475ad,user_050,developer,2026-07-13 07:15:14,2026-07-13 12:20:14,19,7,0,19,1,1,4,0,0,0.0,0.0,0,0,305.0,7.25,0,0,0,0.0,0.0,normal,1.2251,0.6745,0.6745,0.0,0.0,0.0,1.0,0.0,0.0,0.3971,26,1.0,personal,18.01,21.88,19.79,18.98,20.0,18.94,19.39
session_e8f123df40d9,user_043,hr,2026-07-13 07:45:18,2026-07-13 13:29:18,22,5,0,22,1,1,3,9,0,82.42699999999999,18.863,0,0,344.0,7.75,0,0,0,0.0,3.746681818181818,normal,0.9743,1.0792,0.8094,0.0,0.0,0.0,0.0,0.9583,0.0,0.4246,27,1.0,personal,19.13,19.48,20.19,20.33,20.0,0.0,18.61
session_ce1fb8e26869,user_045,admin,2026-07-13 07:48:40,2026-07-13 12:42:40,20,6,0,20,1,1,5,0,0,0.0,0.0,4,0,294.0,7.8,0,0,0,0.0,0.0,normal,0.8738,0.2158,0.5902,0.0,0.0,0.0,0.0,0.0,0.6745,0.2616,24,1.0,personal,12.26,34.7,28.56,25.6,20.0,52.1,23.29
session_4d2097b3ca50,user_024,hr,2026-07-13 07:56:56,2026-07-13 11:35:56,17,5,0,17,1,1,3,4,0,85.391,29.898,0,0,219.0,7.933333333333334,0,0,0,0.0,5.023000000000001,normal,0.8921,0.3309,0.1349,0.0,0.0,0.0,0.0,0.147,0.0,0.1672,23,1.0,personal,8.02,17.12,20.72,21.42,20.0,0.0,13.88
session_02a71b5612a0,user_022,developer,2026-07-13 07:58:55,2026-07-13 13:37:55,21,8,0,21,1,1,5,0,0,0.0,0.0,0,0,339.0,7.966666666666667,0,0,0,0.0,0.0,normal,0.5707,0.819,0.6745,0.0,0.0,0.0,0.0,0.0,0.0,0.2294,27,1.0,personal,10.84,8.23,9.44,13.87,0.0,0.0,8.78
session_58247597a12a,user_031,developer,2026-07-13 08:00:30,2026-07-13 13:33:30,21,7,0,21,1,1,5,0,0,0.0,0.0,0,0,333.0,8.0,0,0,0,0.0,0.0,normal,2.1134,0.6898,0.8094,0.0,0.0,0.0,0.0,0.0,0.0,0.4014,25,1.0,personal,18.18,14.66,14.36,16.68,0.0,0.0,14.03
session_be192ecd2c50,user_065,hr,2026-07-13 08:03:28,2026-07-13 13:45:28,21,8,0,21,1,1,3,4,0,32.116,10.098,0,0,342.0,8.05,0,0,0,0.0,1.5293333333333332,normal,3.4778,0.5707,0.2248,0.0,0.0,0.0,0.0,0.6041,0.0,0.5419,24,1.0,personal,23.73,22.54,18.87,19.63,0.0,17.95,19.69
session_ec7d2a420077,user_006,analyst,2026-07-13 08:04:38,2026-07-13 12:23:38,20,7,0,20,1,1,4,5,0,71.109,22.245,0,0,259.0,8.066666666666666,0,0,0,0.0,3.55545,normal,1.0492,0.2786,0.8094,0.0,0.0,0.0,0.0,0.4976,0.0,0.2928,27,1.0,personal,13.62,21.51,19.85,18.65,20.0,25.81,17.88
session_ff683e445bdd,user_058,hr,2026-07-13 08:04:48,2026-07-13 12:17:48,14,4,0,14,1,1,3,3,0,24.094,10.894,0,0,253.0,8.066666666666666,0,0,0,0.0,1.721,normal,0.1349,0.0833,0.3372,0.0,0.0,0.0,0.0,0.975,0.0,0.17,23,1.0,personal,8.15,17.14,16.13,18.1,0.0,7.9,11.31
session_2694165aeda4,user_064,finance,2026-07-13 08:09:39,2026-07-13 10:02:39,9,2,0,9,1,1,3,1,2,40.981,17.935,0,0,113.0,8.15,0,0,0,0.0,4.553444444444445,normal,0.0321,1.8395,1.5176,0.0,0.0,0.0,0.0,1.4482,0.0,0.5375,21,1.0,personal,23.57,16.42,16.1,17.74,0.0,10.35,17.42
session_648eaee851a3,user_058,hr,2026-07-13 08:10:59,2026-07-13 09:40:59,7,0,0,7,1,1,1,2,0,116.266,28.557,0,0,90.0,8.166666666666666,0,0,0,0.0,16.609428571428573,normal,0.0632,1.4435,1.349,0.0,0.0,0.0,2.0,2.4046,0.0,0.8067,24,1.0,personal,33.19,24.57,20.59,19.61,0.0,30.74,24.78
session_44713e4378b6,user_062,hr,2026-07-13 08:12:22,2026-07-13 10:32:22,11,3,0,11,1,1,3,2,0,34.193,23.668,0,0,140.0,8.2,0,0,0,0.0,3.108454545454545,normal,1.561,1.5265,1.0117,0.0,0.0,0.0,0.0,1.3922,0.0,0.6102,21,1.0,personal,26.3,23.7,21.33,24.93,20.0,0.0,22.95
session_1598e4a49d13,user_011,analyst,2026-07-13 08:23:27,2026-07-13 12:42:27,18,9,0,18,1,1,3,4,0,35.776,12.802,0,0,259.0,8.383333333333333,0,0,0,0.0,1.987555555555556,normal,0.5927,0.6328,0.8993,0.0,0.0,0.0,1.0,0.0495,0.0,0.3527,22,1.0,personal,16.17,19.28,19.99,20.97,0.0,0.0,15.42
session_79ce0391184d,user_038,developer,2026-07-13 08:25:55,2026-07-13 13:22:55,18,2,0,18,1,1,5,0,0,0.0,0.0,0,0,297.0,8.416666666666666,0,0,0,0.0,0.0,normal,1.065,0.4592,0.2248,0.0,0.0,0.0,0.0,0.0,0.0,0.1943,25,1.0,personal,9.26,15.41,13.32,12.95,0.0,0.54,10.11
session_6dd6061dd4fb,user_015,finance,2026-07-13 08:27:06,2026-07-13 08:54:06,10,4,0,10,1,10,3,3,0,59.922,12.696,0,1,27.0,8.45,0,0,0,0.0,5.9922,device_spoofing,1.6685,2.4415,0.8993,0.0,0.0,9.0,0.0,4.2066,0.0,2.024,22,1.0,personal,63.65,43.74,31.33,25.86,20.0,56.22,46.31
session_51488559731c,user_033,developer,2026-07-13 08:28:01,2026-07-13 12:57:01,20,4,0,20,1,1,5,0,0,0.0,0.0,0,0,269.0,8.466666666666667,0,0,0,0.0,0.0,normal,1.8789,0.7154,0.0,0.0,0.0,0.0,0.0,0.0,0.0,0.2883,23,1.0,personal,13.42,12.13,18.95,19.35,20.0,0.0,14.57
session_a1f4a511700e,user_018,developer,2026-07-13 08:28:11,2026-07-13 11:34:11,13,2,0,13,1,1,5,0,0,0.0,0.0,0,0,186.0,8.466666666666667,0,0,0,0.0,0.0,normal,0.7619,0.3684,0.2891,0.0,0.0,0.0,0.0,0.0,0.0,0.1577,26,1.0,personal,7.58,9.36,15.41,18.46,20.0,0.0,11.06
session_88b8f9f80743,user_052,finance,2026-07-13 08:30:43,2026-07-13 14:00:43,21,5,0,21,1,1,3,6,4,52.369,7.329,0,0,330.0,8.5,0,0,0,0.0,2.4937619047619046,normal,1.349,0.5865,0.5059,0.0,0.0,0.0,0.0,0.3502,0.0,0.3102,25,1.0,personal,14.37,13.85,23.34,30.14,40.0,0.0,19.03
session_308be8863d79,user_040,finance,2026-07-13 08:30:48,2026-07-13 14:44:48,21,9,0,21,1,1,3,2,3,60.396,20.54,0,0,374.0,8.5,0,0,0,0.0,2.876,normal,0.265,1.0825,0.6745,0.0,0.0,0.0,0.0,0.9167,0.0,0.3265,25,1.0,personal,15.06,30.68,36.18,38.11,60.0,0.0,27.4
session_f84d464dbbae,user_049,analyst,2026-07-13 08:32:43,2026-07-13 13:46:43,20,4,0,20,1,1,4,2,0,10.67,5.61,0,0,314.0,8.533333333333333,0,0,0,0.0,0.5335,normal,1.0992,0.72,1.0117,0.0,0.0,0.0,0.0,0.5326,0.0,0.3737,23,1.0,personal,17.04,32.59,24.74,24.19,20.0,35.64,23.25
session_e5967818e1f9,user_012,analyst,2026-07-13 08:35:07,2026-07-13 12:58:07,18,5,0,18,1,1,4,5,0,23.837,9.906,0,0,263.0,8.583333333333334,0,0,0,0.0,1.3242777777777777,normal,0.0818,0.058,0.1124,0.0,0.0,0.0,0.0,0.3962,0.0,0.072,27,1.0,personal,3.54,11.86,14.8,17.52,20.0,0.0,9.76
session_b8ff794bcd7e,user_035,admin,2026-07-13 08:38:59,2026-07-13 10:31:59,10,2,0,10,1,1,4,0,0,0.0,0.0,2,0,113.0,8.633333333333333,0,0,0,0.0,0.0,normal,0.3248,1.8751,1.349,0.0,0.0,0.0,1.0,0.0,0.0,0.5054,21,1.0,personal,22.33,17.8,18.98,21.53,0.0,0.0,17.49
session_15c6e6d89f30,user_057,developer,2026-07-13 08:39:58,2026-07-13 13:11:58,17,2,0,17,1,1,5,0,0,0.0,0.0,0,0,272.0,8.65,0,0,0,0.0,0.0,normal,0.5902,0.8754,0.5059,0.0,0.0,0.0,0.0,0.0,0.0,0.2191,21,1.0,personal,10.38,14.55,19.71,21.1,20.0,0.0,14.13
session_21bb0c1dc945,user_067,analyst,2026-07-13 08:44:19,2026-07-13 12:48:19,20,4,0,20,1,1,4,5,0,68.685,15.899,0,0,244.0,8.733333333333333,0,0,0,0.0,3.43425,normal,1.207,0.0818,0.5396,0.0,0.0,0.0,0.0,1.0145,0.0,0.3159,25,1.0,personal,14.61,19.39,20.22,20.69,0.0,0.0,14.82
session_7fdb5e33f443,user_016,developer,2026-07-13 08:48:03,2026-07-13 13:49:03,19,5,0,19,1,1,5,0,0,0.0,0.0,0,0,301.0,8.8,0,0,0,0.0,0.0,normal,0.071,0.3834,0.2698,0.0,0.0,0.0,0.0,0.0,0.0,0.0805,24,1.0,personal,3.95,7.74,10.84,18.39,0.0,0.0,6.59
session_35a74810208f,user_066,developer,2026-07-13 08:48:27,2026-07-13 12:04:27,11,2,0,11,1,1,4,0,0,0.0,0.0,0,0,196.0,8.8,0,0,0,0.0,0.0,normal,1.489,0.2645,0.6745,0.0,0.0,0.0,1.0,0.0,0.0,0.3809,22,1.0,personal,17.34,15.33,21.22,26.07,40.0,0.0,19.79
session_a08a1de70f51,user_003,developer,2026-07-13 08:50:24,2026-07-13 13:57:24,19,4,0,19,1,1,5,0,0,0.0,0.0,0,0,307.0,8.833333333333334,0,0,0,0.0,0.0,normal,2.2024,0.1801,0.1499,0.0,0.0,0.0,0.0,0.0,0.0,0.2814,24,1.0,personal,13.13,12.09,10.87,10.83,0.0,5.82,10.67
session_8ae652bf8593,user_007,developer,2026-07-13 08:52:29,2026-07-13 13:42:29,17,7,0,17,1,1,4,0,0,0.0,0.0,0,0,290.0,8.866666666666667,0,0,0,0.0,0.0,normal,0.5487,0.0809,0.1349,0.0,0.0,0.0,0.895,0.0,0.0,0.1844,24,1.0,personal,8.81,15.65,27.76,27.92,60.0,0.0,19.61
session_59d98bb124db,user_028,developer,2026-07-13 08:53:43,2026-07-13 14:48:43,23,8,0,23,1,1,5,0,0,0.0,0.0,0,0,355.0,8.883333333333333,0,0,0,0.0,0.0,normal,0.8544,2.2375,1.8308,0.0,0.0,0.0,0.0,0.0,0.0,0.547,26,1.0,personal,23.93,28.13,21.84,22.2,20.0,31.38,24.26
session_244099f80249,user_037,developer,2026-07-13 08:55:01,2026-07-13 13:58:01,18,2,0,18,1,1,5,0,0,0.0,0.0,0,0,303.0,8.916666666666666,0,0,0,0.0,0.0,normal,0.7833,0.1463,0.1686,0.0,0.0,0.0,0.0,0.0,0.0,0.122,27,1.0,personal,5.92,7.99,14.41,23.05,40.0,0.0,12.43
session_f0c069ca3302,user_020,finance,2026-07-13 08:58:47,2026-07-13 13:04:47,14,2,0,14,1,1,3,1,5,91.212,22.97,0,0,246.0,8.966666666666667,0,0,0,0.0,6.515142857142856,normal,0.3642,0.1006,0.1686,0.0,0.0,0.0,0.0,0.1269,0.0,0.0845,26,1.0,personal,4.14,11.7,15.3,20.97,0.0,0.0,8.39
session_aa18c9813402,user_029,admin,2026-07-13 09:00:52,2026-07-13 11:38:52,9,3,0,9,1,1,2,0,0,0.0,0.0,1,0,158.0,9.0,0,0,0,0.0,0.0,normal,1.441,0.5854,0.9743,0.0,0.0,0.0,3.0,0.0,1.349,0.8166,22,1.0,personal,33.52,27.91,21.08,21.84,0.0,17.95,25.24
session_e772a21bb0b9,user_034,finance,2026-07-13 09:00:52,2026-07-13 16:14:52,25,5,0,25,1,1,3,5,5,81.877,15.556,0,0,434.0,9.0,0,0,0,0.0,3.27508,normal,0.4151,1.9657,1.6862,0.0,0.0,0.0,0.0,1.1119,0.0,0.5754,25,1.0,personal,25.0,22.12,27.49,23.35,40.0,19.12,25.84
session_ef41818426a1,user_074,finance,2026-07-13 09:01:50,2026-07-13 11:35:50,11,3,0,11,1,1,3,2,2,11.967,4.703,0,0,154.0,9.016666666666667,0,0,0,0.0,1.087909090909091,normal,0.0,0.8063,0.8094,0.0,0.0,0.0,0.0,0.932,0.0,0.2831,23,1.0,personal,13.2,11.11,12.08,12.73,0.0,1.6,10.67
session_90dff135fbc7,user_051,analyst,2026-07-13 09:06:42,2026-07-13 11:34:42,9,4,0,9,1,1,4,0,0,0.0,0.0,0,0,148.0,9.1,0,0,0,0.0,0.0,normal,0.1012,0.9751,1.1242,0.0,0.0,0.0,0.0,1.9148,0.0,0.4573,22,1.0,personal,20.44,18.1,17.86,16.73,0.0,3.54,16.32
session_5f1e9e5f4501,user_039,developer,2026-07-13 09:07:24,2026-07-13 14:40:24,25,5,0,25,1,1,5,0,0,0.0,0.0,0,0,333.0,9.116666666666667,0,0,0,0.0,0.0,normal,0.1557,0.2075,1.0117,0.0,0.0,0.0,0.0,0.0,0.0,0.1528,21,1.0,personal,7.36,31.65,28.68,24.09,40.0,34.24,21.69
session_46b83aaed096,user_027,developer,2026-07-13 09:11:01,2026-07-13 11:51:01,10,2,0,10,1,1,4,0,0,0.0,0.0,0,0,160.0,9.183333333333334,0,0,0,0.0,0.0,normal,0.6745,0.7786,0.9274,0.0,0.0,0.0,1.0,0.0,0.0,0.3756,22,1.0,personal,17.12,23.03,31.96,43.44,60.0,0.0,26.59
session_dad6c7f55a50,user_030,hr,2026-07-13 09:13:18,2026-07-13 12:33:18,15,4,0,15,1,1,3,7,0,63.068,14.653,0,0,200.0,9.216666666666669,0,0,0,0.0,4.204533333333333,normal,0.9052,0.9767,0.6745,0.0,0.0,0.0,0.0,0.5616,0.0,0.3464,28,1.0,personal,15.9,28.59,30.21,31.67,40.0,0.0,23.78
session_91782bbee4ed,user_014,hr,2026-07-13 09:13:26,2026-07-13 12:52:26,17,9,0,17,1,1,3,1,0,11.265,11.265,0,0,219.0,9.216666666666669,0,0,0,0.0,0.6626470588235295,normal,0.3822,1.2396,0.3372,0.0,0.0,0.0,0.0,0.6475,0.0,0.2896,20,1.0,personal,13.48,18.8,22.27,26.25,0.0,0.0,15.12
session_1fecdfdee997,user_009,developer,2026-07-13 09:17:36,2026-07-13 14:01:36,16,4,0,16,1,1,5,0,0,0.0,0.0,0,0,284.0,9.283333333333331,0,0,0,0.0,0.0,normal,0.9504,0.0686,0.5059,0.0,0.0,0.0,0.0,0.0,0.0,0.1694,27,1.0,personal,8.12,25.36,25.94,25.28,60.0,0.0,20.74
session_78787285edfa,user_070,admin,2026-07-13 09:18:35,2026-07-13 11:31:35,9,3,0,9,1,1,5,0,0,0.0,0.0,1,0,133.0,9.3,0,0,0,0.0,0.0,normal,0.1297,1.8652,2.1584,0.0,0.0,0.0,0.0,0.0,1.349,0.6114,28,1.0,personal,26.34,21.63,19.04,18.2,0.0,15.45,20.31
session_1369ff3453fe,user_004,developer,2026-07-13 09:18:46,2026-07-13 12:50:46,12,2,0,12,1,1,4,0,0,0.0,0.0,0,0,212.0,9.3,0,0,0,0.0,0.0,normal,0.6205,1.7641,1.349,0.0,0.0,0.0,1.0,0.0,0.0,0.526,21,1.0,personal,23.13,19.71,19.22,17.62,20.0,0.0,19.84
session_54e376f755c8,user_047,developer,2026-07-13 09:19:13,2026-07-13 13:04:13,14,2,0,14,1,1,5,0,0,0.0,0.0,0,0,225.0,9.316666666666666,0,0,0,0.0,0.0,normal,0.9443,0.9339,0.6745,0.0,0.0,0.0,0.0,0.0,0.0,0.2836,25,1.0,personal,13.22,15.93,15.38,17.73,20.0,0.0,14.55
session_5711c817d5b2,user_021,finance,2026-07-13 09:21:16,2026-07-13 13:38:16,16,6,0,16,1,1,3,1,5,31.576,7.516,0,0,257.0,9.35,0,0,0,0.0,1.9735,normal,1.6573,0.1488,0.3372,0.0,0.0,0.0,0.0,0.2039,0.0,0.2608,20,1.0,personal,12.23,11.83,15.93,18.66,0.0,0.0,11.51
session_091537d1741c,user_008,developer,2026-07-13 09:21:41,2026-07-13 12:46:41,12,2,0,12,1,1,5,0,0,0.0,0.0,0,0,205.0,9.35,0,0,0,0.0,0.0,normal,0.3605,0.122,0.3066,0.0,0.0,0.0,0.0,0.0,0.0,0.0877,24,1.0,personal,4.29,9.23,15.08,17.84,20.0,0.0,9.61
session_1a18928f2b33,user_044,developer,2026-07-13 09:22:45,2026-07-13 12:41:45,17,9,0,17,1,1,5,0,0,0.0,0.0,0,0,199.0,9.366666666666667,0,0,0,0.0,0.0,normal,1.0398,0.994,0.0,0.0,0.0,0.0,0.0,0.0,0.0,0.226,25,1.0,personal,10.68,11.0,12.17,12.67,0.0,0.0,9.57
session_a76c8c662e33,user_071,analyst,2026-07-13 09:22:51,2026-07-13 12:12:51,10,4,0,10,1,1,4,1,0,9.506,9.506,0,0,170.0,9.366666666666667,0,0,0,0.0,0.9506,normal,0.0692,1.1537,0.8993,0.0,0.0,0.0,0.0,1.7911,0.0,0.4348,21,1.0,personal,19.54,18.16,15.66,16.81,0.0,17.23,16.34
session_8c5991521b96,user_041,finance,2026-07-13 09:25:41,2026-07-13 15:00:41,19,7,0,19,1,1,3,2,5,203.465,55.599,0,0,335.0,9.416666666666666,0,0,0,0.0,10.708684210526316,normal,0.7783,1.7424,1.1242,0.0,0.0,0.0,0.0,1.3094,0.0,0.5505,25,1.0,personal,24.06,38.77,30.89,26.85,20.0,47.48,29.07
session_a0b4dfa525f8,user_073,hr,2026-07-13 09:25:58,2026-07-13 14:19:58,20,5,0,20,1,1,3,5,0,36.49,10.402,0,0,294.0,9.416666666666666,0,0,0,0.0,1.8245,normal,1.9914,0.222,0.6745,0.0,0.0,0.0,0.0,1.2631,0.0,0.4612,21,1.0,personal,20.59,20.09,23.42,21.36,20.0,0.0,19.9
session_2a28895d733b,user_072,hr,2026-07-13 09:26:09,2026-07-13 12:53:09,11,4,0,11,1,1,3,1,0,20.932,20.932,0,0,207.0,9.433333333333334,0,0,0,0.0,1.9029090909090909,normal,0.4946,0.3866,0.9443,0.0,0.0,0.0,0.0,0.8572,0.0,0.2981,24,1.0,personal,13.85,13.12,15.86,17.39,20.0,0.0,14.28
session_ee95763e96bd,user_061,analyst,2026-07-13 09:27:53,2026-07-13 15:36:53,23,4,0,23,1,1,4,5,0,19.108,5.325,0,0,369.0,9.45,0,0,0,0.0,0.8307826086956522,normal,0.2313,0.6855,0.6745,0.0,0.0,0.0,0.0,0.1241,0.0,0.1906,25,1.0,personal,9.09,11.05,12.62,15.15,0.0,0.0,9.25
session_cea2180ce657,user_013,hr,2026-07-13 09:28:01,2026-07-13 11:52:01,9,2,0,9,1,1,3,1,0,5.646,5.646,0,0,144.0,9.466666666666669,0,0,0,0.0,0.6273333333333333,normal,0.2877,2.1599,2.2483,0.0,0.0,0.0,0.0,1.2865,0.0,0.6647,24,1.0,personal,28.28,21.95,19.27,20.39,0.0,19.49,21.6
session_7199157eead6,user_031,developer,2026-07-13 09:37:12,2026-07-13 09:46:12,4,3,0,4,1,4,3,1,0,31.06,18.326,0,1,9.0,9.616666666666667,0,0,0,0.0,7.765000000000001,device_spoofing,0.0976,1.8413,1.4103,0.0,0.0,3.0,2.0,6.0392,0.0,1.5987,26,1.0,personal,55.04,35.0,24.33,21.42,20.0,44.44,39.03
session_fcb544fdf61a,user_076,analyst,2026-07-13 09:38:18,2026-07-13 13:20:18,16,5,0,16,1,1,4,3,0,10.423,4.909,0,0,222.0,9.633333333333333,0,0,0,0.0,0.6514375,normal,0.9773,0.389,0.1349,0.0,0.0,0.0,0.0,0.8671,0.0,0.2631,26,1.0,personal,12.33,14.2,21.39,20.99,20.0,0.0,15.08
session_f9e574107cd0,user_026,analyst,2026-07-13 09:40:44,2026-07-13 15:12:44,21,5,0,21,1,1,4,6,0,45.761,14.728,0,0,332.0,9.666666666666666,0,0,0,0.0,2.1790952380952384,normal,0.1737,1.0312,1.4839,0.0,0.0,0.0,0.0,2.1485,0.0,0.5375,24,1.0,personal,23.57,24.0,23.04,20.95,20.0,12.02,22.38
session_ebeff6ab507e,user_010,finance,2026-07-13 09:42:10,2026-07-13 15:35:10,24,5,0,24,1,1,3,3,7,72.85300000000001,24.512,0,0,353.0,9.7,0,0,0,0.0,3.035541666666667,normal,0.1216,0.7006,0.7783,0.0,0.0,0.0,0.0,2.181,0.0,0.4202,24,1.0,personal,18.95,16.11,16.2,19.7,0.0,0.0,15.2
session_95d750d8a75d,user_042,developer,2026-07-13 09:43:22,2026-07-13 16:40:22,25,8,0,25,1,1,5,0,0,0.0,0.0,0,0,417.0,9.716666666666669,0,0,0,0.0,0.0,normal,3.6564,1.1402,1.349,0.0,0.0,0.0,0.0,0.0,0.0,0.6828,24,1.0,personal,28.92,20.13,16.07,15.11,0.0,12.14,20.12
session_8b68c76d5c0f,user_025,hr,2026-07-13 09:44:25,2026-07-13 16:50:25,24,7,0,24,1,1,3,5,0,14.368,3.751,0,0,426.0,9.733333333333333,0,0,0,0.0,0.5986666666666667,normal,0.3747,2.3495,2.0235,0.0,0.0,0.0,0.0,1.6424,0.0,0.71,25,1.0,personal,29.88,24.83,20.3,26.1,0.0,8.06,22.98
session_08623508c1d2,user_023,developer,2026-07-13 09:46:34,2026-07-13 15:06:34,23,5,0,23,1,1,5,0,0,0.0,0.0,0,0,320.0,9.766666666666667,0,0,0,0.0,0.0,normal,1.1485,0.4243,1.096,0.0,0.0,0.0,0.0,0.0,0.0,0.2965,26,1.0,personal,13.78,13.34,14.01,15.02,0.0,0.0,11.78
session_726594672581,user_036,developer,2026-07-13 09:48:32,2026-07-13 15:50:32,18,4,0,18,1,1,5,0,0,0.0,0.0,0,0,362.0,9.8,0,0,0,0.0,0.0,normal,0.3691,1.8108,1.1242,0.0,0.0,0.0,0.0,0.0,0.0,0.3671,30,1.0,personal,16.77,19.59,24.62,25.41,20.0,9.19,19.32
session_c81223e44277,user_077,admin,2026-07-13 09:48:33,2026-07-13 13:19:33,19,5,0,19,1,1,5,0,0,0.0,0.0,2,0,211.0,9.8,0,0,0,0.0,0.0,normal,1.385,0.3899,0.4047,0.0,0.0,0.0,0.0,0.0,0.0,0.2422,22,1.0,personal,11.41,21.92,26.0,23.08,20.0,12.88,17.8
session_32a17ca9407d,user_048,developer,2026-07-13 09:54:56,2026-07-13 14:37:56,18,7,0,18,1,1,5,0,0,0.0,0.0,0,0,283.0,9.9,0,0,0,0.0,0.0,normal,0.5846,0.2005,0.3372,0.0,0.0,0.0,0.0,0.0,0.0,0.1247,27,1.0,personal,6.04,13.43,23.14,32.97,40.0,0.0,15.87
session_d563ff70b1b6,user_019,developer,2026-07-13 10:00:38,2026-07-13 17:30:38,25,8,0,25,1,1,5,0,0,0.0,0.0,0,0,450.0,10.0,0,0,0,0.0,0.0,normal,0.2428,1.5128,1.349,0.0,0.0,0.0,0.0,0.0,0.0,0.345,23,1.0,personal,15.84,21.57,24.07,23.91,20.0,7.63,19.03
session_dd011fe2371b,user_059,analyst,2026-07-13 10:02:51,2026-07-13 14:09:51,18,5,0,18,1,1,4,2,0,20.068,10.77,0,0,247.0,10.033333333333331,0,0,0,0.0,1.1148888888888888,normal,1.3887,0.0856,0.0,0.0,0.0,0.0,0.0,0.4157,0.0,0.21,19,1.0,personal,9.97,32.88,32.33,29.01,40.0,26.83,23.65
session_1a464dad2898,user_060,developer,2026-07-13 10:03:35,2026-07-13 12:29:35,9,2,0,9,1,1,5,0,0,0.0,0.0,0,0,146.0,10.05,0,0,0,0.0,0.0,normal,0.5902,0.9811,1.1242,0.0,0.0,0.0,0.0,0.0,0.0,0.2995,25,1.0,personal,13.91,17.87,16.98,18.6,20.0,0.0,15.54
session_d7a6dd765858,user_053,hr,2026-07-13 10:09:17,2026-07-13 16:36:17,22,8,0,22,1,1,3,4,0,19.215,9.092,0,0,387.0,10.15,0,0,0,0.0,0.8734090909090909,normal,0.4946,1.1205,0.8431,0.0,0.0,0.0,0.0,0.1133,0.0,0.2857,25,1.0,personal,13.31,11.07,12.73,18.84,0.0,0.0,11.33
session_bb1f4d72fc60,user_005,hr,2026-07-13 10:10:40,2026-07-13 13:34:40,16,7,0,16,1,1,3,2,0,5.253,2.932,0,0,204.0,10.166666666666666,0,0,0,0.0,0.3283125,normal,1.3169,0.184,0.1686,0.0,0.0,0.0,0.0,0.899,0.0,0.2854,25,1.0,personal,13.3,11.53,11.74,13.55,0.0,0.0,10.74
session_4304ac24c675,user_015,finance,2026-07-13 10:11:37,2026-07-13 11:59:37,9,1,0,9,1,1,3,3,0,14.708000000000002,8.733,0,0,108.0,10.183333333333334,0,0,0,0.0,1.6342222222222225,normal,2.0235,1.5385,1.0492,0.0,0.0,0.0,0.0,0.6877,0.0,0.5888,22,1.0,personal,25.5,38.56,31.28,26.06,20.0,55.01,29.96
session_dcce65c62e32,user_063,finance,2026-07-13 10:20:32,2026-07-13 14:19:32,21,8,0,21,1,1,3,4,2,46.508,15.122,0,0,239.0,10.333333333333334,0,0,0,0.0,2.214666666666667,normal,1.3115,0.4497,0.8993,0.0,0.0,0.0,0.0,0.3156,0.0,0.3307,25,1.0,personal,15.24,17.41,20.0,21.24,20.0,0.0,16.7
session_e124fb57b23d,user_054,developer,2026-07-13 10:22:08,2026-07-13 17:43:08,23,4,0,23,1,1,5,0,0,0.0,0.0,0,0,441.0,10.366666666666667,0,0,0,0.0,0.0,normal,1.3865,1.8296,1.349,0.0,0.0,0.0,0.0,0.0,0.0,0.5072,23,1.0,personal,22.4,15.12,14.17,17.78,0.0,1.64,15.97
session_639ab4eb64a0,user_017,admin,2026-07-13 10:32:44,2026-07-13 12:49:44,11,5,0,11,1,1,5,0,0,0.0,0.0,0,0,137.0,10.533333333333331,0,0,0,0.0,0.0,normal,1.6422,1.2804,0.8993,0.0,0.0,0.0,0.0,0.0,1.349,0.5745,25,1.0,personal,24.97,24.66,22.31,22.65,0.0,4.41,20.75
session_03302871b883,user_068,developer,2026-07-13 10:35:20,2026-07-13 13:04:20,9,2,0,9,1,1,4,0,0,0.0,0.0,0,0,149.0,10.583333333333334,0,0,0,0.0,0.0,normal,1.7322,1.0499,1.349,0.0,0.0,0.0,1.0,0.0,0.0,0.5701,22,1.0,personal,24.8,20.44,20.02,18.06,20.0,11.76,21.4
session_c06199d97ed2,user_079,developer,2026-07-13 10:58:35,2026-07-13 15:17:35,18,5,0,18,1,1,5,0,0,0.0,0.0,0,0,259.0,10.966666666666669,0,0,0,0.0,0.0,normal,0.0422,0.2093,0.2248,0.0,0.0,0.0,0.0,0.0,0.0,0.0529,21,1.0,personal,2.61,6.46,19.73,31.28,40.0,0.0,12.42
session_d8f631c3f1f0,user_078,developer,2026-07-13 11:06:46,2026-07-13 17:02:46,25,8,0,25,1,1,5,0,0,0.0,0.0,0,0,356.0,11.1,0,0,0,0.0,0.0,normal,1.8804,1.0938,1.8548,0.0,0.0,0.0,0.0,0.0,0.0,0.5366,23,1.0,personal,23.53,34.46,25.29,23.52,40.0,4.24,26.66
session_849421a6f3db,user_046,hr,2026-07-13 11:38:29,2026-07-13 16:58:29,19,6,0,19,1,1,3,5,0,54.532,16.121,0,0,320.0,11.633333333333333,0,0,0,0.0,2.8701052631578947,normal,1.5347,0.6047,0.3372,0.0,0.0,0.0,0.0,1.4723,0.0,0.4388,24,1.0,personal,19.7,16.77,15.67,16.15,0.0,6.51,15.53
session_e34c682880ce,user_056,hr,2026-07-13 11:49:43,2026-07-13 14:25:43,14,3,0,14,1,1,3,3,0,72.06,33.717,0,0,156.0,11.816666666666666,0,0,0,0.0,5.147142857142858,normal,3.1316,1.3992,0.6745,0.0,0.0,0.0,0.0,0.6632,0.0,0.6521,24,1.0,personal,27.82,20.26,16.54,16.29,0.0,19.7,20.28
session_7e5640da4580,user_062,hr,2026-07-14 01:30:15,2026-07-14 01:41:15,35,35,35,35,4,1,1,0,0,0.0,0.0,0,1,11.0,1.5,1,0,1,1.0,0.0,brute_force,9.0026,2.938,3.2038,1.0,3.0,0.0,2.0,2.167,0.0,2.5902,22,1.0,personal,72.61,49.41,33.79,30.7,40.0,29.51,52.54
session_84dd57ecb3fe,user_038,developer,2026-07-14 01:50:35,2026-07-14 02:00:35,6,1,0,6,1,1,6,0,0,0.0,0.0,1,1,10.0,1.8333333333333333,1,0,1,0.0,0.0,lateral_movement,13.6504,3.7757,2.9678,0.0,0.0,0.0,1.0,0.0,1.0,2.0826,26,1.0,personal,64.7,39.91,26.18,19.55,20.0,70.21,45.25
session_725f6212e7e7,user_013,hr,2026-07-14 02:51:45,2026-07-14 03:01:45,6,1,0,6,1,1,6,0,0,0.0,0.0,1,1,10.0,2.85,1,0,1,0.0,0.0,lateral_movement,8.0939,3.7992,2.9228,0.0,0.0,0.0,3.0,2.0001,1.0,2.3129,25,1.0,personal,68.54,45.9,32.07,26.23,20.0,71.62,49.61
session_7035b5f2a23e,user_021,finance,2026-07-14 07:19:16,2026-07-14 09:38:16,10,4,0,10,1,1,2,1,1,9.712,6.314,0,0,139.0,7.316666666666666,1,0,0,0.0,0.9712,normal,2.9603,0.713,0.5396,0.0,0.0,0.0,1.0,0.8754,0.0,0.6765,21,1.0,personal,28.7,19.74,18.48,19.49,0.0,0.0,20.15
session_d606885fd247,user_058,hr,2026-07-14 07:27:21,2026-07-14 11:32:21,13,4,0,13,1,1,3,3,0,39.953,14.021,0,0,245.0,7.45,1,0,0,0.0,3.0733076923076927,normal,1.0001,0.0627,0.1686,0.0,0.0,0.0,0.0,0.36,0.0,0.1768,25,1.0,personal,8.46,16.65,18.33,17.99,0.0,10.78,11.8
session_ef3c931eefc7,user_059,analyst,2026-07-14 07:41:33,2026-07-14 12:30:33,19,4,0,19,1,1,4,6,0,64.937,15.711,0,0,289.0,7.683333333333334,1,0,0,0.0,3.417736842105263,normal,3.7011,0.4419,0.1686,0.0,0.0,0.0,0.0,2.5311,0.0,0.7603,20,1.0,personal,31.62,30.69,32.83,29.64,40.0,12.1,31.28
session_2a62d875b03a,user_042,developer,2026-07-14 07:46:11,2026-07-14 11:46:11,14,3,0,14,1,1,5,0,0,0.0,0.0,0,0,240.0,7.766666666666667,1,0,0,0.0,0.0,normal,0.5666,0.6745,1.1242,0.0,0.0,0.0,0.0,0.0,0.0,0.2628,25,1.0,personal,12.31,17.94,15.44,14.49,0.0,9.42,12.75
session_ea8c9f60fbb6,user_077,admin,2026-07-14 07:52:07,2026-07-14 07:53:47,5,5,4,5,1,1,1,0,0,0.0,0.0,0,0,1.6666666666666667,7.866666666666667,1,0,0,0.8,0.0,normal,0.7264,2.668,1.4839,0.8,0.0,0.0,4.0,0.0,1.349,1.2253,23,1.0,personal,45.81,29.31,31.28,26.1,40.0,15.01,36.24
session_734de00faf9a,user_050,developer,2026-07-14 07:53:42,2026-07-14 12:11:42,20,4,0,20,1,1,5,0,0,0.0,0.0,0,0,258.0,7.883333333333333,1,0,0,0.0,0.0,normal,0.1405,0.0138,0.8993,0.0,0.0,0.0,0.0,0.0,0.0,0.1171,27,1.0,personal,5.69,11.12,16.74,17.3,20.0,8.76,11.18
session_9761e79c438f,user_006,analyst,2026-07-14 08:03:52,2026-07-14 12:07:52,17,2,0,17,1,1,4,5,0,81.148,23.414,0,0,244.0,8.05,1,0,0,0.0,4.773411764705882,normal,1.0391,0.1364,0.3066,0.0,0.0,0.0,0.0,0.7109,0.0,0.2437,28,1.0,personal,11.47,16.24,18.4,17.88,20.0,5.33,14.65
session_48207716ff10,user_069,hr,2026-07-14 08:07:05,2026-07-14 14:16:05,20,4,0,20,1,1,3,2,0,30.171,18.274,0,0,369.0,8.116666666666667,1,0,0,0.0,1.50855,normal,0.3699,1.0776,0.2891,0.0,0.0,0.0,0.0,2.0714,0.0,0.4231,24,1.0,personal,19.07,15.32,14.99,15.88,20.0,0.0,16.53
session_571aa21c6f1f,user_034,finance,2026-07-14 08:07:52,2026-07-14 11:41:52,16,3,0,16,1,1,3,1,5,66.63,15.983,0,0,214.0,8.116666666666667,1,0,0,0.0,4.164375,normal,1.0117,0.1708,0.0749,0.0,0.0,0.0,0.0,0.5245,0.0,0.198,26,1.0,personal,9.43,14.84,23.46,21.63,40.0,0.0,16.42
session_35559d720f5a,user_051,analyst,2026-07-14 08:08:49,2026-07-14 11:41:49,13,3,0,13,1,1,4,7,0,39.615,10.151,0,0,213.0,8.133333333333333,1,0,0,0.0,3.0473076923076925,normal,1.1054,0.4419,0.5059,0.0,0.0,0.0,0.0,0.9843,0.0,0.3375,23,1.0,personal,15.53,16.67,17.37,16.62,0.0,0.29,13.83
session_8e4e45987f0e,user_018,developer,2026-07-14 08:09:36,2026-07-14 12:36:36,20,8,0,20,1,1,5,0,0,0.0,0.0,0,0,267.0,8.15,1,0,0,0.0,0.0,normal,1.1322,0.4848,1.0117,0.0,0.0,0.0,0.0,0.0,0.0,0.2921,27,1.0,personal,13.59,10.78,13.9,17.6,20.0,0.0,13.44
session_34c746cd71ad,user_011,analyst,2026-07-14 08:16:51,2026-07-14 11:47:51,13,2,0,13,1,1,4,6,0,55.982,20.663,0,0,211.0,8.266666666666667,1,0,0,0.0,4.306307692307692,normal,1.0117,0.044,0.2248,0.0,0.0,0.0,0.0,0.8314,0.0,0.2347,23,1.0,personal,11.07,15.52,17.27,19.52,0.0,0.0,12.08
session_c6b62a0276e2,user_061,analyst,2026-07-14 08:21:57,2026-07-14 10:50:57,9,1,0,9,1,1,4,0,0,0.0,0.0,0,0,149.0,8.35,1,0,0,0.0,0.0,normal,1.5669,1.7968,1.5738,0.0,0.0,0.0,0.0,1.2245,0.0,0.6847,26,1.0,personal,28.99,19.67,16.55,16.55,0.0,8.22,20.08
session_2bf3f50ac8a4,user_043,hr,2026-07-14 08:24:18,2026-07-14 08:43:18,2,2,0,2,2,2,1,0,0,0.0,0.0,0,1,19.0,8.4,1,0,0,0.0,0.0,impossible_travel,0.0984,2.3476,1.8886,0.0,1.0,1.0,2.0,1.5397,0.0,1.0971,28,1.0,personal,42.22,30.27,25.45,23.01,40.0,0.0,33.06
session_b000e7846ef1,user_056,hr,2026-07-14 08:24:26,2026-07-14 09:34:26,8,2,0,8,1,1,2,2,0,92.678,21.159,0,0,70.0,8.4,1,0,0,0.0,11.58475,normal,1.6019,2.148,1.6862,0.0,0.0,0.0,1.0,0.2002,0.0,0.7374,25,1.0,personal,30.84,26.89,20.6,17.83,0.0,29.62,24.07
session_863c0de84127,user_073,hr,2026-07-14 08:37:24,2026-07-14 13:11:24,21,7,0,21,1,1,3,3,0,17.509,9.338,0,0,274.0,8.616666666666667,1,0,0,0.0,0.8337619047619048,normal,0.3042,0.0,0.6745,0.0,0.0,0.0,0.0,0.4082,0.0,0.1541,22,1.0,personal,7.42,14.58,19.24,19.7,20.0,0.0,12.74
session_cc7736defd56,user_077,admin,2026-07-14 08:37:28,2026-07-14 14:38:28,20,5,0,20,1,1,5,0,0,0.0,0.0,1,0,361.0,8.616666666666667,1,0,0,0.0,0.0,normal,0.1025,1.349,0.5396,0.0,0.0,0.0,0.0,0.0,0.6745,0.2962,24,1.0,personal,13.77,24.05,27.27,24.86,40.0,0.0,20.89
session_e8ee4452bf3e,user_039,developer,2026-07-14 08:37:39,2026-07-14 14:58:39,25,5,0,25,1,1,5,0,0,0.0,0.0,0,0,381.0,8.616666666666667,1,0,0,0.0,0.0,normal,0.6348,0.8791,1.0599,0.0,0.0,0.0,0.0,0.0,0.0,0.286,22,1.0,personal,13.32,18.4,25.7,22.78,40.0,9.13,19.6
session_0ec598a4aeb2,user_078,developer,2026-07-14 08:38:18,2026-07-14 15:22:18,23,3,0,23,1,1,5,0,0,0.0,0.0,0,0,404.0,8.633333333333333,1,0,0,0.0,0.0,normal,1.1548,1.4585,1.274,0.0,0.0,0.0,0.0,0.0,0.0,0.4319,24,1.0,personal,19.42,27.35,23.93,23.25,20.0,50.8,23.69
session_bbfe985e8c2c,user_038,developer,2026-07-14 08:40:12,2026-07-14 10:38:12,10,3,0,10,1,1,5,0,0,0.0,0.0,0,0,118.0,8.666666666666666,1,0,0,0.0,0.0,normal,0.4818,2.1921,1.8886,0.0,0.0,0.0,0.0,0.0,0.0,0.5069,26,1.0,personal,22.39,34.3,26.99,20.39,20.0,57.13,26.76
session_5d6f54021bfa,user_007,developer,2026-07-14 08:40:35,2026-07-14 13:20:35,21,4,0,21,1,1,5,0,0,0.0,0.0,0,0,280.0,8.666666666666666,1,0,0,0.0,0.0,normal,0.2498,0.0196,0.6745,0.0,0.0,0.0,0.0,0.0,0.0,0.1049,25,1.0,personal,5.11,6.3,20.68,25.49,40.0,0.0,12.96
session_0bd7e67ccf2b,user_063,finance,2026-07-14 08:42:13,2026-07-14 13:30:13,18,10,0,18,1,1,3,1,1,9.219,5.184,0,0,288.0,8.7,1,0,0,0.0,0.5121666666666668,normal,2.1584,0.1889,0.2248,0.0,0.0,0.0,0.0,2.2594,0.0,0.5368,26,1.0,personal,23.54,20.82,20.03,21.71,20.0,0.0,20.76
session_7b9d0df949ed,user_065,hr,2026-07-14 08:44:03,2026-07-14 13:06:03,15,2,0,15,1,1,3,6,0,56.315,13.408,0,0,262.0,8.733333333333333,1,0,0,0.0,3.754333333333333,normal,1.6862,0.3481,0.4497,0.0,0.0,0.0,0.0,0.2114,0.0,0.2995,25,1.0,personal,13.91,19.33,18.08,18.8,0.0,14.75,14.76
session_1ea2ee9e98c0,user_012,analyst,2026-07-14 08:44:59,2026-07-14 13:38:59,18,7,0,18,1,1,4,7,0,36.009,6.665,0,0,294.0,8.733333333333333,1,0,0,0.0,2.0005,normal,0.2558,0.199,0.0613,0.0,0.0,0.0,0.0,1.6628,0.0,0.2421,28,1.0,personal,11.4,10.85,12.78,16.8,0.0,0.0,10.33
session_ffe95b3bab0e,user_072,hr,2026-07-14 08:45:41,2026-07-14 11:26:41,9,3,0,9,1,1,3,1,0,15.048,15.048,0,0,161.0,8.75,1,0,0,0.0,1.672,normal,1.7475,0.7485,1.2141,0.0,0.0,0.0,0.0,0.8683,0.0,0.5087,25,1.0,personal,22.46,17.29,17.04,17.66,20.0,0.0,18.76
session_d7c99ed6bd16,user_032,hr,2026-07-14 08:48:39,2026-07-14 11:32:39,10,5,0,10,1,1,3,3,0,14.836,7.129,0,0,164.0,8.8,1,0,0,0.0,1.4835999999999998,normal,0.531,1.3213,1.9271,0.0,0.0,0.0,0.0,0.089,0.0,0.4298,22,1.0,personal,19.34,18.37,17.34,19.0,0.0,0.0,15.91
session_d27c78007626,user_033,developer,2026-07-14 08:49:07,2026-07-14 12:52:07,14,2,0,14,1,1,5,0,0,0.0,0.0,0,0,243.0,8.816666666666666,1,0,0,0.0,0.0,normal,1.2918,1.2263,2.0235,0.0,0.0,0.0,0.0,0.0,0.0,0.5046,24,1.0,personal,22.3,17.18,19.28,19.86,20.0,0.0,19.23
session_029a7884e7e2,user_035,admin,2026-07-14 08:49:33,2026-07-14 14:27:33,24,3,0,24,1,1,5,0,0,0.0,0.0,3,0,338.0,8.816666666666666,1,0,0,0.0,0.0,normal,0.025,1.2195,1.7986,0.0,0.0,0.0,0.0,0.0,0.6745,0.4131,22,1.0,personal,18.66,18.24,18.81,21.01,0.0,0.0,16.03
session_53a1f8443305,user_050,developer,2026-07-14 08:50:04,2026-07-14 09:02:04,5,0,0,5,1,5,4,2,0,34.026,11.1,0,1,12.0,8.833333333333334,1,0,0,0.0,6.805199999999999,device_spoofing,1.4614,3.4497,3.1027,0.0,0.0,4.0,1.0,34.026,0.0,2.5571,28,1.0,personal,72.16,40.98,30.81,24.0,40.0,55.71,50.87
session_6a0451ab678b,user_023,developer,2026-07-14 08:52:43,2026-07-14 13:51:43,18,8,0,18,1,1,5,0,0,0.0,0.0,0,0,299.0,8.866666666666667,1,0,0,0.0,0.0,normal,0.8618,0.247,0.1686,0.0,0.0,0.0,0.0,0.0,0.0,0.1419,27,1.0,personal,6.85,10.34,12.09,13.69,0.0,0.0,7.99
session_276c7f7f5ec6,user_016,developer,2026-07-14 08:53:52,2026-07-14 12:11:52,12,2,0,12,1,1,4,0,0,0.0,0.0,0,0,198.0,8.883333333333333,1,0,0,0.0,0.0,normal,0.213,1.2549,2.0235,0.0,0.0,0.0,1.0,0.0,0.0,0.499,25,1.0,personal,22.08,13.4,13.14,18.48,0.0,1.2,15.39
session_841750d6c119,user_015,finance,2026-07-14 08:54:09,2026-07-14 14:00:09,20,3,0,20,1,1,3,5,5,43.678,8.435,0,0,306.0,8.9,1,0,0,0.0,2.1839,normal,0.6424,0.7471,0.6745,0.0,0.0,0.0,0.0,2.4766,0.0,0.5045,23,1.0,personal,22.29,30.26,30.41,25.73,20.0,27.05,25.46
session_36e4367b5819,user_024,hr,2026-07-14 08:59:07,2026-07-14 12:36:07,12,4,0,12,1,1,3,3,0,61.791,31.25,0,0,217.0,8.983333333333333,1,0,0,0.0,5.149249999999999,normal,0.5212,0.2324,0.8244,0.0,0.0,0.0,0.0,0.7169,0.0,0.255,24,1.0,personal,11.97,10.75,18.48,20.32,20.0,0.0,13.74
session_581686f3cd76,user_029,admin,2026-07-14 08:59:55,2026-07-14 12:18:55,14,5,0,14,1,1,5,0,0,0.0,0.0,2,0,199.0,8.983333333333333,1,0,0,0.0,0.0,normal,1.4132,0.2307,0.1686,0.0,0.0,0.0,0.0,0.0,0.6745,0.2763,23,1.0,personal,12.9,20.94,19.49,20.29,0.0,20.89,15.35
session_c93719a82237,user_057,developer,2026-07-14 09:01:33,2026-07-14 16:02:33,25,6,0,25,1,1,5,0,0,0.0,0.0,0,0,421.0,9.016666666666667,1,0,0,0.0,0.0,normal,0.1071,2.5356,2.2483,0.0,0.0,0.0,0.0,0.0,0.0,0.5434,22,1.0,personal,23.79,17.93,20.14,21.59,20.0,0.0,20.28
session_b4611bdbd4e4,user_031,developer,2026-07-14 09:01:51,2026-07-14 13:15:51,18,2,0,18,1,1,5,0,0,0.0,0.0,0,0,254.0,9.016666666666667,1,0,0,0.0,0.0,normal,0.5414,0.0581,0.3066,0.0,0.0,0.0,0.0,0.0,0.0,0.1007,26,1.0,personal,4.91,23.83,20.59,19.48,20.0,26.96,15.11
session_f56eac759ae6,user_020,finance,2026-07-14 09:09:02,2026-07-14 15:45:02,24,8,0,24,1,1,3,5,3,130.273,30.799,0,0,396.0,9.15,1,0,0,0.0,5.428041666666666,normal,0.6464,1.7148,1.5176,0.0,0.0,0.0,0.0,0.9667,0.0,0.5384,27,1.0,personal,23.6,17.39,17.17,21.02,0.0,0.0,17.6
session_a911a5c42aa2,user_025,hr,2026-07-14 09:10:02,2026-07-14 15:33:02,24,3,0,24,1,1,3,6,0,12.726,3.044,0,0,383.0,9.166666666666666,1,0,0,0.0,0.53025,normal,0.9828,2.0717,1.7344,0.0,0.0,0.0,0.0,1.2147,0.0,0.6671,26,1.0,personal,28.36,27.53,22.52,25.72,0.0,23.73,23.99
session_ce7bd984470f,user_064,finance,2026-07-14 09:13:11,2026-07-14 15:44:11,25,9,0,25,1,1,3,4,6,180.263,26.146,0,0,391.0,9.216666666666669,1,0,0,0.0,7.21052,normal,2.0893,1.0692,1.0492,0.0,0.0,0.0,0.0,1.0367,0.0,0.5827,22,1.0,personal,25.27,22.17,18.65,18.5,0.0,11.58,19.77
session_256aa5aaeac0,user_076,analyst,2026-07-14 09:13:50,2026-07-14 15:25:50,25,3,0,25,1,1,4,11,0,62.688,16.452,0,0,372.0,9.216666666666669,1,0,0,0.0,2.50752,normal,1.3025,1.045,1.0792,0.0,0.0,0.0,0.0,2.9019,0.0,0.7032,27,1.0,personal,29.64,21.63,22.86,22.24,20.0,0.0,23.84
session_427998d9b8d6,user_027,developer,2026-07-14 09:15:52,2026-07-14 14:57:52,20,4,0,20,1,1,5,0,0,0.0,0.0,0,0,342.0,9.25,1,0,0,0.0,0.0,normal,0.4637,1.0071,0.8431,0.0,0.0,0.0,0.0,0.0,0.0,0.2571,23,1.0,personal,12.06,13.07,24.81,38.96,40.0,0.0,19.06
session_055eb216b15a,user_050,developer,2026-07-14 09:16:13,2026-07-14 09:16:13,1,0,0,1,1,1,1,1,0,66.35,66.35,0,0,0.0,9.266666666666667,1,0,0,0.0,66.35,normal,2.1921,3.6184,4.1818,0.0,0.0,0.0,4.0,66.35,0.0,2.6658,28,1.0,personal,73.63,61.82,42.91,30.41,60.0,79.29,61.26
session_174f274e91d3,user_019,developer,2026-07-14 09:16:27,2026-07-14 13:15:27,14,5,0,14,1,1,5,0,0,0.0,0.0,0,0,239.0,9.266666666666667,1,0,0,0.0,0.0,normal,1.4809,0.5597,0.9636,0.0,0.0,0.0,0.0,0.0,0.0,0.3338,24,1.0,personal,15.37,14.21,22.09,23.07,20.0,0.0,16.61
session_51e39c60ef64,user_080,hr,2026-07-14 09:18:13,2026-07-14 15:12:13,23,5,0,23,1,1,3,8,0,148.778,29.562,0,0,354.0,9.3,1,0,0,0.0,6.468608695652174,normal,0.013,1.3895,1.2526,0.0,0.0,0.0,0.0,1.8939,0.0,0.5054,22,1.0,personal,22.33,23.07,19.0,18.59,0.0,32.7,19.89
session_9f59c0c16a70,user_013,hr,2026-07-14 09:21:11,2026-07-14 14:14:11,19,3,0,19,1,1,3,8,0,40.144,7.739,0,0,293.0,9.35,1,0,0,0.0,2.112842105263158,normal,0.1265,0.0964,0.0,0.0,0.0,0.0,0.0,3.5955,0.0,0.4243,25,1.0,personal,19.12,37.12,30.63,25.54,20.0,49.13,26.67
session_de1f3111a480,user_074,finance,2026-07-14 09:22:40,2026-07-14 11:36:40,10,2,0,10,1,1,3,2,3,22.666,7.588,0,0,134.0,9.366666666666667,1,0,0,0.0,2.2666,normal,0.5059,0.9033,0.8768,0.0,0.0,0.0,0.0,0.0383,0.0,0.2583,24,1.0,personal,12.12,11.23,12.13,12.57,0.0,0.0,10.17
session_face524325b3,user_054,developer,2026-07-14 09:28:54,2026-07-14 13:05:54,13,2,0,13,1,1,5,0,0,0.0,0.0,0,0,217.0,9.466666666666669,1,0,0,0.0,0.0,normal,0.638,0.0699,0.3372,0.0,0.0,0.0,0.0,0.0,0.0,0.1161,24,1.0,personal,5.64,11.31,12.08,15.93,0.0,0.0,7.92
session_e1d60ae6e9ec,user_043,hr,2026-07-14 09:29:24,2026-07-14 11:56:24,9,5,0,9,1,1,3,1,0,5.342,5.342,0,0,147.0,9.483333333333333,1,0,0,0.0,0.5935555555555555,normal,1.9251,1.0091,0.9443,0.0,0.0,0.0,0.0,1.3791,0.0,0.5842,28,1.0,personal,25.33,29.93,25.35,23.42,20.0,31.73,25.85
session_16bdc4392e98,user_075,developer,2026-07-14 09:30:47,2026-07-14 13:44:47,16,3,0,16,1,1,5,0,0,0.0,0.0,0,0,254.0,9.5,1,0,0,0.0,0.0,normal,0.2957,0.103,0.1499,0.0,0.0,0.0,0.0,0.0,0.0,0.061,20,1.0,personal,3.0,8.08,14.3,17.83,20.0,0.0,8.75
session_7d2a67c971fa,user_056,hr,2026-07-14 09:31:22,2026-07-14 09:59:22,2,2,0,2,2,2,1,0,0,0.0,0.0,0,1,28.0,9.516666666666667,1,0,0,0.0,0.0,impossible_travel,0.1686,2.5103,2.6137,0.0,1.0,1.0,2.0,2.134,0.0,1.2696,26,1.0,personal,47.0,38.41,27.94,21.48,20.0,52.69,37.46
session_ae44fffa104d,user_066,developer,2026-07-14 09:32:30,2026-07-14 12:58:30,13,2,0,13,1,1,4,0,0,0.0,0.0,0,0,206.0,9.533333333333331,1,0,0,0.0,0.0,normal,0.2428,0.0625,0.1686,0.0,0.0,0.0,1.0,0.0,0.0,0.1638,23,1.0,personal,7.86,12.35,16.17,24.03,20.0,0.0,12.44
session_b7c1d5bb9fe0,user_044,developer,2026-07-14 09:34:06,2026-07-14 12:17:06,14,2,0,14,1,1,5,0,0,0.0,0.0,0,0,163.0,9.566666666666666,1,0,0,0.0,0.0,normal,1.2961,1.3413,0.5059,0.0,0.0,0.0,0.0,0.0,0.0,0.3493,26,1.0,personal,16.02,12.81,13.05,13.06,0.0,5.12,12.49
session_492857bf4c65,user_041,finance,2026-07-14 09:37:33,2026-07-14 12:49:33,15,6,0,15,1,1,3,3,2,91.992,29.601,0,0,192.0,9.616666666666667,1,0,0,0.0,6.1328000000000005,normal,0.3818,0.2777,0.2248,0.0,0.0,0.0,0.0,0.6502,0.0,0.1705,26,1.0,personal,8.17,23.84,26.39,24.65,20.0,9.76,16.95
session_156f7f8f5cc7,user_017,admin,2026-07-14 09:40:36,2026-07-14 14:25:36,16,5,0,16,1,1,5,0,0,0.0,0.0,1,0,285.0,9.666666666666666,1,0,0,0.0,0.0,normal,0.0736,0.4631,0.2891,0.0,0.0,0.0,0.0,0.0,0.6745,0.1667,26,1.0,personal,8.0,16.28,18.84,20.88,0.0,0.0,11.37
session_42fcca1b412b,user_008,developer,2026-07-14 09:40:44,2026-07-14 15:32:44,25,6,0,25,1,1,5,0,0,0.0,0.0,0,0,352.0,9.666666666666666,1,0,0,0.0,0.0,normal,0.6745,1.2551,1.4839,0.0,0.0,0.0,0.0,0.0,0.0,0.3793,25,1.0,personal,17.28,12.66,15.0,17.78,20.0,0.0,15.47
session_2c388d37e829,user_067,analyst,2026-07-14 09:41:39,2026-07-14 13:12:39,12,4,0,12,1,1,4,4,0,45.997,26.136,0,0,211.0,9.683333333333334,1,0,0,0.0,3.833083333333333,normal,0.7771,0.1969,0.5995,0.0,0.0,0.0,0.0,0.0842,0.0,0.1842,26,1.0,personal,8.8,13.93,17.2,19.04,0.0,0.0,10.79
session_bda02f7a9528,user_036,developer,2026-07-14 09:44:56,2026-07-14 14:55:56,18,8,0,18,1,1,5,0,0,0.0,0.0,0,0,311.0,9.733333333333333,1,0,0,0.0,0.0,normal,0.2673,1.0424,0.8993,0.0,0.0,0.0,0.0,0.0,0.0,0.2454,30,1.0,personal,11.55,15.43,21.58,23.82,20.0,0.0,15.32
session_2bb7fc4db112,user_068,developer,2026-07-14 09:45:31,2026-07-14 11:32:31,9,2,0,9,1,1,5,0,0,0.0,0.0,0,0,107.0,9.75,1,0,0,0.0,0.0,normal,0.1405,1.4188,1.1804,0.0,0.0,0.0,0.0,0.0,0.0,0.3044,23,1.0,personal,14.12,17.51,18.83,17.57,20.0,0.0,15.73
session_6e1c94fc4be6,user_049,analyst,2026-07-14 09:49:10,2026-07-14 13:01:10,16,8,0,16,1,1,4,0,0,0.0,0.0,0,0,192.0,9.816666666666666,1,0,0,0.0,0.0,normal,0.8489,0.2534,0.2998,0.0,0.0,0.0,0.0,1.3933,0.0,0.3106,24,1.0,personal,14.38,23.86,23.04,22.92,20.0,34.49,20.0
session_3549c13dc527,user_047,developer,2026-07-14 09:51:27,2026-07-14 10:23:27,2,2,0,2,2,2,1,0,0,0.0,0.0,0,1,32.0,9.85,1,0,0,0.0,0.0,impossible_travel,0.0,2.7411,2.3232,0.0,1.0,1.0,3.4802,0.0,0.0,1.1716,26,1.0,personal,44.33,30.55,21.52,21.11,20.0,46.18,33.49
session_fd41deec1c7f,user_071,analyst,2026-07-14 09:51:54,2026-07-14 15:17:54,22,6,0,22,1,1,4,3,0,67.03999999999999,32.544,0,0,326.0,9.85,1,0,0,0.0,3.047272727272727,normal,0.4649,0.2753,0.6745,0.0,0.0,0.0,0.0,0.1478,0.0,0.1736,22,1.0,personal,8.31,13.96,14.25,15.53,0.0,4.27,10.02
session_07215b0af416,user_047,developer,2026-07-14 09:55:59,2026-07-14 13:59:59,15,3,0,15,1,1,5,0,0,0.0,0.0,0,0,244.0,9.916666666666666,1,0,0,0.0,0.0,normal,0.1058,0.4533,0.3747,0.0,0.0,0.0,0.0,0.0,0.0,0.1038,26,1.0,personal,5.06,19.51,18.56,19.26,20.0,18.23,13.55
session_74388ea30dfc,user_048,developer,2026-07-14 10:03:26,2026-07-14 16:17:26,25,4,0,25,1,1,5,0,0,0.0,0.0,0,0,374.0,10.05,1,0,0,0.0,0.0,normal,0.1499,1.0821,1.5176,0.0,0.0,0.0,0.0,0.0,0.0,0.3055,28,1.0,personal,14.17,9.57,19.74,30.21,40.0,0.0,17.56
session_758a43b3a673,user_052,finance,2026-07-14 10:04:05,2026-07-14 17:56:05,25,6,0,25,1,1,3,8,4,72.288,11.854,0,0,472.0,10.066666666666666,1,0,0,0.0,2.89152,normal,1.1862,1.8704,1.1804,0.0,0.0,0.0,0.0,1.5584,0.0,0.6439,26,1.0,personal,27.53,20.6,23.64,29.17,40.0,0.0,25.59
session_909d8a275de1,user_026,analyst,2026-07-14 10:04:48,2026-07-14 12:51:48,13,3,0,13,1,1,4,3,0,18.539,7.987,0,0,167.0,10.066666666666666,1,0,0,0.0,1.4260769230769232,normal,0.327,0.7651,0.6745,0.0,0.0,0.0,0.0,0.8449,0.0,0.2902,25,1.0,personal,13.51,16.98,20.95,19.94,20.0,2.65,16.07
session_5bcaaf982579,user_070,admin,2026-07-14 10:05:37,2026-07-14 14:42:37,22,5,0,22,1,1,5,0,0,0.0,0.0,5,0,277.0,10.083333333333334,1,0,0,0.0,0.0,normal,1.1331,0.1349,1.1242,0.0,0.0,0.0,0.0,0.0,1.349,0.4157,29,1.0,personal,18.77,21.34,19.35,18.36,0.0,5.56,16.79
session_b002005e400e,user_060,developer,2026-07-14 10:06:55,2026-07-14 13:44:55,18,5,0,18,1,1,5,0,0,0.0,0.0,0,0,218.0,10.1,1,0,0,0.0,0.0,normal,0.5418,0.1226,1.1242,0.0,0.0,0.0,0.0,0.0,0.0,0.1987,26,1.0,personal,9.46,14.27,14.15,17.25,0.0,4.94,10.73
session_59ccc3cf960d,user_004,developer,2026-07-14 10:10:54,2026-07-14 15:03:54,19,8,0,19,1,1,5,0,0,0.0,0.0,0,0,293.0,10.166666666666666,1,0,0,0.0,0.0,normal,0.8944,0.2679,0.1927,0.0,0.0,0.0,0.0,0.0,0.0,0.1506,22,1.0,personal,7.25,13.03,16.21,16.48,20.0,0.0,11.59
session_fdfca5bef013,user_037,developer,2026-07-14 10:12:27,2026-07-14 15:31:27,22,5,0,22,1,1,5,0,0,0.0,0.0,0,0,319.0,10.2,1,0,0,0.0,0.0,normal,0.9063,0.2707,0.5059,0.0,0.0,0.0,0.0,0.0,0.0,0.187,28,1.0,personal,8.93,8.56,11.01,21.1,20.0,0.0,11.04
session_04d91757bbfb,user_014,hr,2026-07-14 10:14:18,2026-07-14 13:25:18,10,2,0,10,1,1,2,6,0,83.91799999999999,17.819,0,0,191.0,10.233333333333333,1,0,0,0.0,8.3918,normal,1.2411,1.349,1.5176,0.0,0.0,0.0,1.0,2.82,0.0,0.8809,21,1.0,personal,35.63,26.43,25.56,27.17,20.0,13.0,28.74
session_d0833debf096,user_001,finance,2026-07-14 10:19:48,2026-07-14 16:20:48,24,8,0,24,1,1,3,4,3,96.829,16.504,0,0,361.0,10.316666666666666,1,0,0,0.0,4.034541666666667,normal,1.4956,1.136,1.5176,0.0,0.0,0.0,0.0,0.266,0.0,0.4906,25,1.0,personal,21.75,30.26,23.02,19.68,20.0,28.87,23.62
session_50decd2c9871,user_062,hr,2026-07-14 10:20:53,2026-07-14 17:21:53,25,8,0,25,1,1,3,6,0,78.019,17.247,0,0,421.0,10.333333333333334,1,0,0,0.0,3.12076,normal,0.9274,1.7491,1.5176,0.0,0.0,0.0,0.0,0.5602,0.0,0.5283,22,1.0,personal,23.21,40.19,31.88,29.85,20.0,63.28,30.26
session_f5d203ac9b51,user_056,hr,2026-07-14 10:24:29,2026-07-14 14:27:29,14,6,0,14,1,1,3,2,0,40.759,32.994,0,0,243.0,10.4,1,0,0,0.0,2.9113571428571428,normal,0.9485,0.3296,0.5902,0.0,0.0,0.0,0.0,1.2799,0.0,0.3498,26,1.0,personal,16.05,28.83,26.29,21.02,20.0,34.5,21.95
session_2bc774e9d38c,user_003,developer,2026-07-14 10:25:22,2026-07-14 13:32:22,14,3,0,14,1,1,5,0,0,0.0,0.0,0,0,187.0,10.416666666666666,1,0,0,0.0,0.0,normal,0.3997,0.7588,0.6745,0.0,0.0,0.0,0.0,0.0,0.0,0.2037,25,1.0,personal,9.68,10.93,10.72,10.64,0.0,8.41,9.15
session_8088d976459d,user_030,hr,2026-07-14 10:27:04,2026-07-14 15:43:04,18,7,0,18,1,1,3,5,0,59.634,15.595,0,0,316.0,10.45,1,0,0,0.0,3.313,normal,1.6862,0.3769,0.1686,0.0,0.0,0.0,0.0,0.4438,0.0,0.2973,29,1.0,personal,13.81,16.74,25.08,29.62,20.0,0.0,17.6
session_3124a97461a8,user_055,analyst,2026-07-14 10:27:54,2026-07-14 14:30:54,16,6,0,16,1,1,4,3,0,38.014,13.024,0,0,243.0,10.45,1,0,0,0.0,2.375875,normal,0.176,0.025,0.0,0.0,0.0,0.0,0.0,1.6429,0.0,0.2049,23,1.0,personal,9.74,14.62,18.77,19.7,0.0,0.0,11.6
session_6770f57dfa95,user_010,finance,2026-07-14 10:30:45,2026-07-14 14:27:45,14,3,0,14,1,1,3,2,2,27.52,12.791,0,0,237.0,10.5,1,0,0,0.0,1.9657142857142853,normal,1.0117,0.0567,0.4497,0.0,0.0,0.0,0.0,0.4767,0.0,0.2216,25,1.0,personal,10.49,14.13,14.11,18.41,0.0,0.0,10.98
session_9b695c7c6387,user_028,developer,2026-07-14 10:45:24,2026-07-14 13:59:24,17,4,0,17,1,1,5,0,0,0.0,0.0,0,0,194.0,10.75,1,0,0,0.0,0.0,normal,1.623,0.1216,0.5059,0.0,0.0,0.0,0.0,0.0,0.0,0.2501,27,1.0,personal,11.75,21.07,20.1,20.81,20.0,18.08,16.92
session_7fa64f44d20b,user_046,hr,2026-07-14 10:52:32,2026-07-14 16:12:32,21,7,0,21,1,1,3,7,0,56.354,22.001,0,0,320.0,10.866666666666667,1,0,0,0.0,2.683523809523809,normal,0.5951,0.589,0.6745,0.0,0.0,0.0,0.0,1.4972,0.0,0.3729,25,1.0,personal,17.01,17.88,16.17,16.16,0.0,6.01,14.72
session_0c8be86518e2,user_079,developer,2026-07-14 10:52:58,2026-07-14 13:39:58,12,5,0,12,1,1,5,0,0,0.0,0.0,0,0,167.0,10.866666666666667,1,0,0,0.0,0.0,normal,0.1523,0.9532,1.2526,0.0,0.0,0.0,0.0,0.0,0.0,0.262,22,1.0,personal,12.28,8.87,16.01,28.61,40.0,0.0,15.95
session_a35a5fe8d44d,user_053,hr,2026-07-14 11:05:20,2026-07-14 16:18:20,20,3,0,20,1,1,3,6,0,30.809,7.457,0,0,313.0,11.083333333333334,1,0,0,0.0,1.54045,normal,0.7888,0.2426,0.4497,0.0,0.0,0.0,0.0,0.9306,0.0,0.268,26,1.0,personal,12.54,12.09,12.19,17.31,0.0,0.0,10.99
session_f3b2e79843b1,user_043,hr,2026-07-14 22:30:17,2026-07-14 22:39:17,28,28,28,28,4,1,1,0,0,0.0,0.0,0,1,9.0,22.5,1,0,1,1.0,0.0,brute_force,20.3793,2.3255,1.6188,1.0,3.0,0.0,2.0,1.5019,0.0,2.3829,29,1.0,personal,69.62,50.29,37.21,29.51,40.0,69.59,53.92
session_5387a28a944b,user_040,finance,2026-07-15 01:59:31,2026-07-15 02:09:31,6,1,0,6,1,1,6,0,0,0.0,0.0,1,1,10.0,1.9833333333333327,2,0,1,0.0,0.0,lateral_movement,8.8847,1.8399,1.4839,0.0,0.0,0.0,3.0,2.1254,1.0,2.0371,26,1.0,personal,63.89,46.75,42.92,41.56,80.0,0.0,53.5
session_372a3aa252eb,user_024,hr,2026-07-15 02:30:35,2026-07-15 02:37:55,24,24,24,24,4,1,1,0,0,0.0,0.0,0,1,7.333333333333333,2.5,2,0,1,1.0,0.0,brute_force,7.9851,2.2756,1.1804,1.0,3.0,0.0,2.0,2.321,0.0,2.1958,25,1.0,personal,66.64,38.65,30.09,26.04,40.0,29.9,47.0
session_4e5eab545768,user_029,admin,2026-07-15 03:30:28,2026-07-15 03:41:48,35,35,35,35,4,1,1,0,0,0.0,0.0,0,1,11.333333333333334,3.5,2,0,1,1.0,0.0,brute_force,8.8144,1.9378,3.3725,1.0,3.0,0.0,4.0,0.0,2.0235,2.6831,24,1.0,personal,73.86,46.81,33.6,26.48,20.0,77.25,52.46
session_67312407bbde,user_064,finance,2026-07-15 07:18:52,2026-07-15 10:15:52,10,4,0,10,1,1,3,2,2,52.63,20.443,0,0,177.0,7.3,2,0,0,0.0,5.263,normal,1.6702,1.1177,1.0792,0.0,0.0,0.0,0.0,1.1566,0.0,0.5582,23,1.0,personal,24.35,24.53,20.37,19.08,0.0,4.54,19.84
session_2ee5d7bd1b4c,user_069,hr,2026-07-15 07:19:05,2026-07-15 13:08:05,23,8,0,23,1,1,3,8,0,110.597,28.604,0,0,349.0,7.316666666666666,2,0,0,0.0,4.808565217391304,normal,0.8094,0.6888,0.8993,0.0,0.0,0.0,0.0,2.4369,0.0,0.5372,25,1.0,personal,23.56,19.81,16.29,16.66,0.0,7.23,17.85
session_2df7e692c644,user_022,developer,2026-07-15 07:36:43,2026-07-15 13:19:43,22,1,0,22,1,1,5,0,0,0.0,0.0,0,0,343.0,7.6,2,0,0,0.0,0.0,normal,1.1506,0.7488,0.6745,0.0,0.0,0.0,0.0,0.0,0.0,0.286,28,1.0,personal,13.32,10.7,10.19,13.56,0.0,0.0,10.35
session_a2da4503983a,user_050,developer,2026-07-15 07:37:35,2026-07-15 09:35:35,11,3,0,11,1,1,5,0,0,0.0,0.0,0,0,118.0,7.616666666666667,2,0,0,0.0,0.0,normal,0.5902,1.9134,1.1242,0.0,0.0,0.0,0.0,0.0,0.0,0.4031,29,1.0,personal,18.25,45.7,38.73,29.35,60.0,28.13,32.59
session_f2ffa26f8859,user_057,developer,2026-07-15 07:51:36,2026-07-15 09:39:36,9,2,0,9,1,1,5,0,0,0.0,0.0,0,0,108.0,7.85,2,0,0,0.0,0.0,normal,1.6637,1.4614,1.1804,0.0,0.0,0.0,0.0,0.0,0.0,0.4784,23,1.0,personal,21.27,20.3,19.56,21.77,0.0,0.0,17.68
session_192acd9eea04,user_040,finance,2026-07-15 07:52:32,2026-07-15 14:45:32,24,9,0,24,1,1,3,2,5,86.405,19.921,0,0,413.0,7.866666666666667,2,0,0,0.0,3.600208333333333,normal,0.6745,1.1804,0.9443,0.0,0.0,0.0,0.0,0.197,0.0,0.3329,26,1.0,personal,15.33,31.47,35.99,38.6,60.0,0.0,27.69
session_5e8c842787b6,user_024,hr,2026-07-15 08:11:45,2026-07-15 13:45:45,25,6,0,25,1,1,3,9,0,211.305,42.035,0,0,334.0,8.183333333333334,2,0,0,0.0,8.4522,normal,0.5657,1.0628,1.349,0.0,0.0,0.0,0.0,3.2154,0.0,0.6881,25,1.0,personal,29.11,38.76,30.59,26.68,40.0,22.99,31.8
session_02aee0a6cdb2,user_016,developer,2026-07-15 08:13:26,2026-07-15 11:29:26,13,1,0,13,1,1,5,0,0,0.0,0.0,0,0,196.0,8.216666666666667,2,0,0,0.0,0.0,normal,1.2247,1.1076,1.349,0.0,0.0,0.0,0.0,0.0,0.0,0.409,26,1.0,personal,18.49,17.27,14.51,18.05,0.0,12.74,15.47
session_ed5b65122e9f,user_043,hr,2026-07-15 08:15:19,2026-07-15 13:49:19,19,6,0,19,1,1,3,8,0,96.189,20.847,0,0,334.0,8.25,2,0,0,0.0,5.062578947368421,normal,0.2168,0.9463,0.4047,0.0,0.0,0.0,0.0,1.3629,0.0,0.3256,29,1.0,personal,15.02,34.94,33.4,28.28,40.0,28.11,26.24
session_6bce494fd6b7,user_037,developer,2026-07-15 08:16:14,2026-07-15 11:53:14,14,3,0,14,1,1,5,0,0,0.0,0.0,0,0,217.0,8.266666666666667,2,0,0,0.0,0.0,normal,1.5329,0.7612,0.8431,0.0,0.0,0.0,0.0,0.0,0.0,0.3486,29,1.0,personal,16.0,11.96,11.45,20.13,20.0,0.0,14.52
session_9bbf998374fd,user_020,finance,2026-07-15 08:24:30,2026-07-15 13:48:30,20,4,0,20,1,1,3,4,2,87.289,25.379,0,0,324.0,8.4,2,0,0,0.0,4.36445,normal,0.6598,0.8445,0.8431,0.0,0.0,0.0,0.0,0.0229,0.0,0.2634,28,1.0,personal,12.34,14.73,15.68,19.62,0.0,0.0,12.19
session_20aa663bcc0f,user_015,finance,2026-07-15 08:25:41,2026-07-15 09:52:41,10,2,0,10,1,1,3,4,2,24.324,5.714,0,0,87.0,8.416666666666666,2,0,0,0.0,2.4324,normal,1.6122,1.7297,0.8993,0.0,0.0,0.0,0.0,0.3487,0.0,0.51,24,1.0,personal,22.51,22.93,29.11,25.32,20.0,0.0,22.49
session_16ddf983822a,user_065,hr,2026-07-15 08:29:02,2026-07-15 11:04:02,10,6,0,10,1,1,3,1,0,7.859,7.859,0,0,155.0,8.483333333333333,2,0,0,0.0,0.7859,normal,1.8332,1.4021,1.0117,0.0,0.0,0.0,0.0,1.5335,0.0,0.6423,26,1.0,personal,27.47,22.33,20.79,19.77,0.0,12.44,21.17
session_ec087ec7d7c7,user_008,developer,2026-07-15 08:29:27,2026-07-15 10:49:27,15,3,0,15,1,1,4,0,0,206.043,23.975,0,0,140.0,8.483333333333333,2,0,0,0.0,13.7362,normal,1.0358,0.5999,0.0613,0.0,0.0,0.0,0.9286,16.0766,0.0,1.4028,26,1.0,personal,50.41,31.68,23.02,21.81,40.0,0.15,36.14
session_376ef6485142,user_040,finance,2026-07-15 08:34:25,2026-07-15 08:36:05,5,5,4,5,1,1,1,0,0,0.0,0.0,0,0,1.6666666666666667,8.566666666666666,2,0,0,0.8,0.0,normal,0.3747,2.081,2.1921,0.8,0.0,0.0,2.0,2.5156,0.0,1.107,27,1.0,personal,42.51,37.01,37.38,38.97,80.0,0.0,41.91
session_b8e1d10a865a,user_007,developer,2026-07-15 08:37:14,2026-07-15 12:34:14,13,2,0,13,1,1,5,0,0,0.0,0.0,0,0,237.0,8.616666666666667,2,0,0,0.0,0.0,normal,0.1782,0.4332,0.5246,0.0,0.0,0.0,0.0,0.0,0.0,0.1262,26,1.0,personal,6.12,6.23,15.49,23.29,40.0,0.0,12.34
session_e406cb74bd2a,user_009,developer,2026-07-15 08:37:21,2026-07-15 14:18:21,24,7,0,24,1,1,5,0,0,0.0,0.0,0,0,341.0,8.616666666666667,2,0,0,0.0,0.0,normal,0.2848,0.6226,1.0599,0.0,0.0,0.0,0.0,0.0,0.0,0.2186,28,1.0,personal,10.35,18.14,21.27,23.28,40.0,0.0,17.29
session_60c878898b30,user_077,admin,2026-07-15 08:42:02,2026-07-15 11:04:02,11,5,0,11,1,1,5,0,0,0.0,0.0,1,0,142.0,8.7,2,0,0,0.0,0.0,normal,0.1384,0.9621,0.6745,0.0,0.0,0.0,0.0,0.0,0.6745,0.2722,25,1.0,personal,12.72,18.59,23.32,23.63,40.0,0.0,18.67
session_d4039042ec7b,user_029,admin,2026-07-15 08:42:13,2026-07-15 15:08:13,23,5,0,23,1,1,5,0,0,0.0,0.0,3,0,386.0,8.7,2,0,0,0.0,0.0,normal,0.7511,1.5004,1.349,0.0,0.0,0.0,0.0,0.0,0.0,0.4001,24,1.0,personal,18.13,35.84,31.67,25.71,20.0,45.97,26.04
session_2b95be3584c2,user_006,analyst,2026-07-15 08:48:47,2026-07-15 12:24:47,14,5,0,14,1,1,4,3,0,25.013,11.725,0,0,216.0,8.8,2,0,0,0.0,1.786642857142857,normal,0.6035,0.1111,0.1349,0.0,0.0,0.0,0.0,1.2011,0.0,0.2278,29,1.0,personal,10.77,11.48,16.62,17.03,20.0,0.0,12.8
session_7d842b46cdd6,user_023,developer,2026-07-15 08:50:30,2026-07-15 14:51:30,23,3,0,23,1,1,5,0,0,0.0,0.0,0,0,361.0,8.833333333333334,2,0,0,0.0,0.0,normal,0.8061,0.7345,0.8244,0.0,0.0,0.0,0.0,0.0,0.0,0.2628,28,1.0,personal,12.31,10.74,11.74,13.16,0.0,0.0,10.15
session_334ecd8910f9,user_017,admin,2026-07-15 08:50:39,2026-07-15 15:34:39,24,6,0,24,1,1,5,0,0,0.0,0.0,2,0,404.0,8.833333333333334,2,0,0,0.0,0.0,normal,1.295,1.772,2.0235,0.0,0.0,0.0,0.0,0.0,0.0,0.5656,27,1.0,personal,24.63,19.14,20.2,21.36,0.0,3.12,19.0
session_1b7300394b5b,user_013,hr,2026-07-15 08:51:08,2026-07-15 10:20:08,9,3,0,9,1,1,3,0,0,0.0,0.0,0,0,89.0,8.85,2,0,0,0.0,0.0,normal,0.548,2.9935,2.2483,0.0,0.0,0.0,0.0,1.9297,0.0,0.8577,26,1.0,personal,34.87,35.23,32.92,26.73,20.0,27.79,32.0
session_cf3b57f8feaf,user_031,developer,2026-07-15 08:58:08,2026-07-15 13:18:08,15,2,0,15,1,1,5,0,0,0.0,0.0,0,0,260.0,8.966666666666667,2,0,0,0.0,0.0,normal,0.5974,0.0803,0.1349,0.0,0.0,0.0,0.0,0.0,0.0,0.0903,27,1.0,personal,4.41,13.02,17.22,17.5,20.0,0.0,10.7
session_2b35fb720f9a,user_018,developer,2026-07-15 08:58:39,2026-07-15 13:15:39,17,5,0,17,1,1,5,0,0,0.0,0.0,0,0,257.0,8.966666666666667,2,0,0,0.0,0.0,normal,0.142,0.3741,0.4818,0.0,0.0,0.0,0.0,0.0,0.0,0.1109,28,1.0,personal,5.39,8.49,10.27,15.78,0.0,0.0,6.97
session_e77d0c1d094b,user_021,finance,2026-07-15 09:02:33,2026-07-15 12:52:33,17,4,0,17,1,1,3,3,2,25.252,8.254,0,0,230.0,9.033333333333331,2,0,0,0.0,1.4854117647058822,normal,0.8993,0.031,0.5246,0.0,0.0,0.0,0.0,0.0819,0.0,0.1708,22,1.0,personal,8.19,15.7,15.66,17.66,0.0,0.0,10.53
session_81babf55e191,user_074,finance,2026-07-15 09:02:44,2026-07-15 14:22:44,24,8,0,24,1,1,3,5,6,32.368,4.812,0,0,320.0,9.033333333333331,2,0,0,0.0,1.348666666666667,normal,0.0241,0.6504,1.0792,0.0,0.0,0.0,0.0,0.7367,0.0,0.2767,25,1.0,personal,12.92,12.7,12.08,12.54,0.0,0.0,10.78
session_77e8b9aef257,user_058,hr,2026-07-15 09:03:48,2026-07-15 15:18:48,25,4,0,25,1,1,3,9,0,91.967,16.716,0,0,375.0,9.05,2,0,0,0.0,3.67868,normal,1.1804,1.1256,1.8548,0.0,0.0,0.0,0.0,1.5216,0.0,0.6314,26,1.0,personal,27.07,21.89,20.78,19.03,0.0,5.54,20.5
session_6ff13216fb7b,user_035,admin,2026-07-15 09:07:02,2026-07-15 12:12:02,12,2,0,12,1,1,5,0,0,0.0,0.0,2,0,185.0,9.116666666666667,2,0,0,0.0,0.0,normal,0.467,0.8861,0.8993,0.0,0.0,0.0,0.0,0.0,0.0,0.2503,23,1.0,personal,11.76,15.82,16.99,19.6,0.0,0.0,12.38
session_2cb9cbd23c53,user_027,developer,2026-07-15 09:11:07,2026-07-15 15:06:07,23,2,0,23,1,1,5,0,0,0.0,0.0,0,0,355.0,9.183333333333334,2,0,0,0.0,0.0,normal,0.5875,0.9947,1.1242,0.0,0.0,0.0,0.0,0.0,0.0,0.3007,24,1.0,personal,13.96,13.85,20.35,34.73,20.0,0.0,16.88
session_341ea255eacf,user_028,developer,2026-07-15 09:11:22,2026-07-15 14:29:22,22,4,0,22,1,1,5,0,0,0.0,0.0,0,0,318.0,9.183333333333334,2,0,0,0.0,0.0,normal,0.4151,1.6799,1.349,0.0,0.0,0.0,0.0,0.0,0.0,0.3827,28,1.0,personal,17.42,16.61,19.88,20.5,20.0,10.06,17.82
session_6f1630fca0dc,user_038,developer,2026-07-15 09:11:34,2026-07-15 15:01:34,24,4,0,24,1,1,5,0,0,0.0,0.0,0,0,350.0,9.183333333333334,2,0,0,0.0,0.0,normal,0.568,1.2198,1.5738,0.0,0.0,0.0,0.0,0.0,0.0,0.3735,27,1.0,personal,17.03,26.76,25.93,20.44,20.0,29.93,21.6
session_4e699e945c0a,user_059,analyst,2026-07-15 09:12:47,2026-07-15 13:34:47,15,5,0,15,1,1,4,6,0,45.764,10.939,0,0,262.0,9.2,2,0,0,0.0,3.050933333333333,normal,0.4599,0.0843,0.5059,0.0,0.0,0.0,0.0,1.202,0.0,0.2502,21,1.0,personal,11.76,18.08,27.86,27.58,40.0,0.0,19.26
session_eaeffa6e2356,user_054,developer,2026-07-15 09:13:44,2026-07-15 12:11:44,10,2,0,10,1,1,5,0,0,0.0,0.0,0,0,178.0,9.216666666666669,2,0,0,0.0,0.0,normal,1.1991,0.3878,0.8431,0.0,0.0,0.0,0.0,0.0,0.0,0.27,25,1.0,personal,12.63,11.93,11.87,15.18,0.0,2.08,10.84
session_02929ab8d3f5,user_051,analyst,2026-07-15 09:14:41,2026-07-15 13:05:41,13,4,0,13,1,1,4,4,0,26.053,7.154,0,0,231.0,9.233333333333333,2,0,0,0.0,2.004076923076923,normal,0.1297,0.3088,0.2698,0.0,0.0,0.0,0.0,0.0166,0.0,0.0805,24,1.0,personal,3.95,10.56,14.02,15.05,0.0,0.0,7.3
session_6fdc3dda6630,user_041,finance,2026-07-15 09:14:56,2026-07-15 15:36:56,22,5,0,22,1,1,3,6,2,212.807,36.946,0,0,382.0,9.233333333333333,2,0,0,0.0,9.673045454545454,normal,0.9836,2.4029,1.7986,0.0,0.0,0.0,0.0,1.4666,0.0,0.7391,27,1.0,personal,30.9,22.18,27.76,25.38,20.0,17.04,26.35
session_75bae33a9fc0,user_063,finance,2026-07-15 09:15:07,2026-07-15 13:39:07,19,4,0,19,1,1,3,4,2,36.619,8.907,0,0,264.0,9.25,2,0,0,0.0,1.927315789473684,normal,1.0117,0.1686,0.4497,0.0,0.0,0.0,0.0,0.3134,0.0,0.2159,27,1.0,personal,10.23,15.5,16.34,20.37,0.0,0.0,11.68
session_a00d47ec46f3,user_031,developer,2026-07-15 09:16:51,2026-07-15 09:38:51,2,2,0,2,2,2,1,0,0,0.0,0.0,0,1,22.0,9.266666666666667,2,0,0,0.0,0.0,impossible_travel,0.2248,1.9035,1.8211,0.0,1.0,1.0,4.0,0.0,0.0,1.1055,28,1.0,personal,42.46,23.52,23.44,20.42,40.0,20.3,32.26
session_3161b1ccd622,user_012,analyst,2026-07-15 09:17:49,2026-07-15 15:42:49,22,2,0,22,1,1,4,5,0,20.442,5.903,0,0,385.0,9.283333333333331,2,0,0,0.0,0.9291818181818182,normal,0.9768,0.864,0.5396,0.0,0.0,0.0,0.0,0.0925,0.0,0.2748,29,1.0,personal,12.84,10.81,12.6,16.19,0.0,0.0,10.81
session_a736c0468bf5,user_080,hr,2026-07-15 09:20:41,2026-07-15 09:45:41,2,2,0,2,2,2,1,0,0,0.0,0.0,0,1,25.0,9.333333333333334,2,0,0,0.0,0.0,impossible_travel,0.054,2.7715,2.5293,0.0,1.0,1.0,2.0,1.9565,0.0,1.2568,23,1.0,personal,46.66,34.94,26.73,21.96,20.0,51.93,36.45
session_2ba4b6fe369f,user_061,analyst,2026-07-15 09:24:45,2026-07-15 12:45:45,15,5,0,15,1,1,4,6,0,31.778,9.616,0,0,201.0,9.4,2,0,0,0.0,2.118533333333333,normal,0.1823,1.1532,0.4047,0.0,0.0,0.0,0.0,0.6029,0.0,0.2603,27,1.0,personal,12.2,17.28,15.67,15.77,0.0,4.18,12.47
session_caa5b04f6238,user_080,hr,2026-07-15 09:24:49,2026-07-15 13:22:49,15,2,0,15,1,1,3,6,0,68.297,16.34,0,0,238.0,9.4,2,0,0,0.0,4.553133333333333,normal,0.1619,0.1594,0.3372,0.0,0.0,0.0,0.0,0.2865,0.0,0.105,23,1.0,personal,5.11,21.83,22.62,19.91,20.0,12.83,14.44
session_45fc9c2d0a7d,user_075,developer,2026-07-15 09:24:52,2026-07-15 14:40:52,17,3,0,17,1,1,5,0,0,0.0,0.0,0,0,316.0,9.4,2,0,0,0.0,0.0,normal,0.4088,0.5576,0.0,0.0,0.0,0.0,0.0,0.0,0.0,0.1074,21,1.0,personal,5.23,5.32,11.74,15.74,20.0,0.0,8.49
session_16de867500fd,user_001,finance,2026-07-15 09:25:34,2026-07-15 15:42:34,22,5,0,22,1,1,3,3,6,109.357,17.605,0,0,377.0,9.416666666666666,2,0,0,0.0,4.970772727272728,normal,0.0861,1.277,0.8768,0.0,0.0,0.0,0.0,0.4926,0.0,0.3036,26,1.0,personal,14.08,23.67,21.51,18.87,20.0,14.79,18.22
session_965d3f6d8708,user_071,analyst,2026-07-15 09:27:35,2026-07-15 15:18:35,21,7,0,21,1,1,4,5,0,90.263,31.961,0,0,351.0,9.45,2,0,0,0.0,4.298238095238095,normal,0.0193,0.4526,0.3372,0.0,0.0,0.0,0.0,0.4743,0.0,0.1426,23,1.0,personal,6.88,9.47,12.52,14.07,0.0,0.0,7.93
session_f0ce726985ec,user_034,finance,2026-07-15 09:28:41,2026-07-15 13:45:41,14,4,0,14,1,1,2,2,1,38.066,18.089,0,0,257.0,9.466666666666669,2,0,0,0.0,2.7190000000000003,normal,1.1414,0.2602,0.2698,0.0,0.0,0.0,1.0,0.4075,0.0,0.3421,27,1.0,personal,15.72,15.17,20.88,20.82,40.0,0.0,18.54
session_c0b7fe50e84e,user_036,developer,2026-07-15 09:29:40,2026-07-15 13:06:40,14,7,0,14,1,1,5,0,0,0.0,0.0,0,0,217.0,9.483333333333333,2,0,0,0.0,0.0,normal,0.3091,0.0492,0.2248,0.0,0.0,0.0,0.0,0.0,0.0,0.0648,30,1.0,personal,3.19,8.24,16.87,21.32,20.0,0.0,9.59
session_67094ef23489,user_008,developer,2026-07-15 09:36:21,2026-07-15 15:14:21,24,6,0,24,1,1,5,0,0,0.0,0.0,0,0,338.0,9.6,2,0,0,0.0,0.0,normal,0.5815,1.1355,1.2141,0.0,0.0,0.0,0.0,0.0,0.0,0.3257,27,1.0,personal,15.03,27.2,21.02,21.15,20.0,36.08,20.52
session_c4d6c9b286ea,user_068,developer,2026-07-15 09:37:56,2026-07-15 15:09:56,23,2,0,23,1,1,5,0,0,0.0,0.0,0,0,332.0,9.616666666666667,2,0,0,0.0,0.0,normal,0.1484,1.1579,1.1804,0.0,0.0,0.0,0.0,0.0,0.0,0.2763,24,1.0,personal,12.9,15.29,17.2,17.08,20.0,0.0,14.51
session_842446e907f0,user_049,analyst,2026-07-15 09:42:41,2026-07-15 14:33:41,22,5,0,22,1,1,4,6,0,30.981,6.237,0,0,291.0,9.7,2,0,0,0.0,1.4082272727272729,normal,0.5657,0.5457,1.349,0.0,0.0,0.0,0.0,1.3917,0.0,0.428,25,1.0,personal,19.27,17.27,22.96,22.25,20.0,15.09,19.58
session_b9e9ffb3479b,user_060,developer,2026-07-15 09:45:05,2026-07-15 14:20:05,18,6,0,18,1,1,4,0,0,0.0,0.0,0,0,275.0,9.75,2,0,0,0.0,0.0,normal,1.0117,0.9964,0.8993,0.0,0.0,0.0,1.0,0.0,0.0,0.4342,27,1.0,personal,19.52,15.23,15.61,17.23,0.0,10.12,15.42
session_d34d45907059,user_019,developer,2026-07-15 09:45:07,2026-07-15 15:31:07,20,5,0,20,1,1,4,0,0,0.0,0.0,0,0,346.0,9.75,2,0,0,0.0,0.0,normal,0.5572,0.5107,0.1686,0.0,0.0,0.0,1.0,0.0,0.0,0.2485,25,1.0,personal,11.68,13.61,18.97,21.72,20.0,0.0,14.41
session_1252ac5533a2,user_030,hr,2026-07-15 09:46:03,2026-07-15 14:07:03,15,5,0,15,1,1,3,4,0,57.511,19.673,0,0,261.0,9.766666666666667,2,0,0,0.0,3.8340666666666654,normal,0.2468,0.3184,0.6745,0.0,0.0,0.0,0.0,0.1659,0.0,0.1562,30,1.0,personal,7.51,11.01,20.38,26.82,20.0,0.0,12.95
session_14432df67fa4,user_039,developer,2026-07-15 09:49:21,2026-07-15 13:28:21,16,4,0,16,1,1,5,0,0,0.0,0.0,0,0,219.0,9.816666666666666,2,0,0,0.0,0.0,normal,1.295,1.7665,0.6745,0.0,0.0,0.0,0.0,0.0,0.0,0.4151,23,1.0,personal,18.74,15.04,24.19,22.17,40.0,0.0,20.35
session_55b7508fdeab,user_072,hr,2026-07-15 09:50:49,2026-07-15 14:23:49,20,7,0,20,1,1,3,6,0,95.97,30.656,0,0,273.0,9.833333333333334,2,0,0,0.0,4.7985,normal,0.2786,0.1737,0.3066,0.0,0.0,0.0,0.0,1.1254,0.0,0.2094,26,1.0,personal,9.94,14.77,14.69,16.76,0.0,3.08,10.96
session_d9b06677a235,user_052,finance,2026-07-15 09:55:28,2026-07-15 15:12:28,20,6,0,20,1,1,3,4,5,56.614,10.246,0,0,317.0,9.916666666666666,2,0,0,0.0,2.8307,normal,0.9071,0.3185,0.3372,0.0,0.0,0.0,0.0,0.3244,0.0,0.2097,27,1.0,personal,9.95,16.55,19.0,26.28,20.0,0.0,14.77
session_637047de281c,user_044,developer,2026-07-15 09:55:47,2026-07-15 11:53:47,12,4,0,12,1,1,4,0,0,0.0,0.0,0,0,118.0,9.916666666666666,2,0,0,0.0,0.0,normal,1.7487,1.8369,0.8431,0.0,0.0,0.0,1.0,0.0,0.0,0.6032,27,1.0,personal,26.04,20.14,16.42,14.77,0.0,10.95,18.93
session_cb8598e61fb8,user_013,hr,2026-07-15 09:56:07,2026-07-15 10:05:07,4,0,0,4,1,4,2,3,0,13.146,6.255,0,1,9.0,9.933333333333334,2,0,0,0.0,3.2865,device_spoofing,0.8642,3.8129,3.3725,0.0,0.0,3.0,1.0,0.1458,0.0,1.355,27,1.0,personal,49.21,39.42,37.68,29.65,40.0,43.03,42.34
session_d1ed5091d504,user_003,developer,2026-07-15 10:05:09,2026-07-15 13:04:09,11,4,0,11,1,1,5,0,0,0.0,0.0,0,0,179.0,10.083333333333334,2,0,0,0.0,0.0,normal,0.1377,0.801,1.1804,0.0,0.0,0.0,0.0,0.0,0.0,0.2355,26,1.0,personal,11.11,10.97,11.03,10.69,0.0,2.81,9.5
session_7043d9e61ab2,user_046,hr,2026-07-15 10:08:07,2026-07-15 15:56:07,20,5,0,20,1,1,3,6,0,36.048,8.087,0,0,348.0,10.133333333333333,2,0,0,0.0,1.8024,normal,0.4419,0.819,0.5059,0.0,0.0,0.0,0.0,0.2448,0.0,0.2235,26,1.0,personal,10.57,14.24,14.92,15.31,0.0,0.59,10.88
session_34fff4b0aac4,user_047,developer,2026-07-15 10:09:59,2026-07-15 12:54:59,12,2,0,12,1,1,5,0,0,0.0,0.0,0,0,165.0,10.15,2,0,0,0.0,0.0,normal,0.4047,1.0753,0.6745,0.0,0.0,0.0,0.0,0.0,0.0,0.2394,27,1.0,personal,11.28,14.72,17.19,18.27,20.0,6.87,14.21
session_9f107e43959f,user_014,hr,2026-07-15 10:14:26,2026-07-15 14:48:26,15,8,0,15,1,1,3,3,0,48.304,21.968,0,0,274.0,10.233333333333333,2,0,0,0.0,3.220266666666667,normal,0.9893,0.347,0.4047,0.0,0.0,0.0,0.0,1.0691,0.0,0.3122,22,1.0,personal,14.45,21.35,23.11,25.53,20.0,0.0,18.07
session_2c2825560617,user_056,hr,2026-07-15 10:17:35,2026-07-15 15:27:35,22,5,0,22,1,1,3,5,0,201.319,70.358,0,0,310.0,10.283333333333331,2,0,0,0.0,9.150863636363637,normal,0.7799,0.3679,0.8431,0.0,0.0,0.0,0.0,1.9088,0.0,0.4333,27,1.0,personal,19.48,22.92,25.45,21.03,20.0,17.27,21.16
session_4bc0d2f67cf8,user_002,finance,2026-07-15 10:20:51,2026-07-15 17:48:51,25,6,0,25,1,1,3,5,6,98.656,16.239,0,0,448.0,10.333333333333334,2,0,0,0.0,3.94624,normal,0.1749,2.1836,1.6862,0.0,0.0,0.0,0.0,1.916,0.0,0.6623,24,1.0,personal,28.19,19.35,15.86,14.27,0.0,14.94,19.7
session_f0c36fe30935,user_063,finance,2026-07-15 10:29:19,2026-07-15 10:29:19,1,0,0,1,1,1,1,1,0,24.683,24.683,0,0,0.0,10.483333333333333,2,0,0,0.0,24.683,normal,1.6356,4.2485,4.4516,0.0,0.0,0.0,2.0,1.2677,0.0,1.5115,28,1.0,personal,53.03,33.85,25.5,24.39,20.0,46.29,38.56
session_453833792711,user_005,hr,2026-07-15 10:40:31,2026-07-15 17:36:31,22,5,0,22,1,1,3,6,0,22.522,5.522,0,0,416.0,10.666666666666666,2,0,0,0.0,1.0237272727272726,normal,2.1803,3.0889,1.349,0.0,0.0,0.0,0.0,1.9023,0.0,0.9467,26,1.0,personal,37.71,24.98,17.81,16.51,20.0,20.36,27.42
session_5f076be50431,user_055,analyst,2026-07-15 11:12:36,2026-07-15 14:14:36,14,5,0,14,1,1,4,3,0,42.724,21.281,0,0,182.0,11.2,2,0,0,0.0,3.051714285714286,normal,1.6188,0.5621,0.3854,0.0,0.0,0.0,0.0,0.8776,0.0,0.3827,24,1.0,personal,17.42,14.63,18.24,19.07,0.0,0.0,14.53
session_ecf5cc1c2a9f,user_004,developer,2026-07-15 11:13:07,2026-07-15 14:08:07,13,3,0,13,1,1,5,0,0,0.0,0.0,0,0,175.0,11.216666666666669,2,0,0,0.0,0.0,normal,2.4821,2.7239,1.1242,0.0,0.0,0.0,0.0,0.0,0.0,0.7034,23,1.0,personal,29.65,21.1,18.84,18.16,0.0,11.22,21.28
session_a951e0f704a4,user_033,developer,2026-07-15 11:20:52,2026-07-15 14:43:52,14,4,0,14,1,1,5,0,0,0.0,0.0,0,0,203.0,11.333333333333334,2,0,0,0.0,0.0,normal,2.1359,2.0235,2.0235,0.0,0.0,0.0,0.0,0.0,0.0,0.687,25,1.0,personal,29.07,24.21,20.87,21.15,20.0,0.0,23.71
session_99fc2a7a490d,user_079,developer,2026-07-15 11:24:35,2026-07-15 14:50:35,15,5,0,15,1,1,4,0,0,0.0,0.0,0,0,206.0,11.4,2,0,0,0.0,0.0,normal,0.5846,0.5911,0.5059,0.0,0.0,0.0,1.0,0.0,0.0,0.298,23,1.0,personal,13.84,11.45,12.62,26.19,20.0,0.0,14.34
session_d91ad9818e23,user_062,hr,2026-07-15 11:24:53,2026-07-15 14:59:53,14,2,0,14,1,1,3,5,0,84.309,25.267,0,0,215.0,11.4,2,0,0,0.0,6.0220714285714285,normal,1.9197,0.5781,0.5059,0.0,0.0,0.0,0.0,0.9708,0.0,0.4416,23,1.0,personal,19.81,29.74,30.44,28.48,20.0,40.36,25.31
session_436d69974a6c,user_076,analyst,2026-07-15 11:27:04,2026-07-15 14:22:04,12,5,0,12,1,1,4,3,0,15.386,9.427,0,0,175.0,11.45,2,0,0,0.0,1.282166666666667,normal,1.917,0.7779,0.6745,0.0,0.0,0.0,0.0,0.484,0.0,0.4282,28,1.0,personal,19.27,21.57,21.33,22.09,20.0,0.0,19.43
session_41898f7edb4b,user_048,developer,2026-07-15 11:31:56,2026-07-15 16:10:56,18,3,0,18,1,1,5,0,0,0.0,0.0,0,0,279.0,11.516666666666667,2,0,0,0.0,0.0,normal,4.462,0.1425,0.3372,0.0,0.0,0.0,0.0,0.0,0.0,0.5491,29,1.0,personal,24.01,17.73,18.85,28.57,20.0,0.0,20.83
session_d65287d51388,user_053,hr,2026-07-15 11:34:54,2026-07-15 17:05:54,22,5,0,22,1,1,3,4,0,17.316000000000003,5.556,0,0,331.0,11.566666666666666,2,0,0,0.0,0.7870909090909092,normal,1.4164,0.3986,0.8431,0.0,0.0,0.0,0.0,0.2737,0.0,0.3258,27,1.0,personal,15.03,13.91,12.78,16.18,0.0,1.85,12.42
session_26c274c74d7b,user_020,finance,2026-07-15 22:30:59,2026-07-15 22:35:29,19,19,19,19,4,1,1,0,0,0.0,0.0,0,1,4.5,22.5,2,0,1,1.0,0.0,brute_force,24.1644,2.649,0.6745,1.0,3.0,0.0,2.0,1.7994,0.0,2.347,29,1.0,personal,69.07,42.58,28.62,25.34,20.0,56.72,47.81
session_f4ec8e6c7672,user_044,developer,2026-07-16 03:19:19,2026-07-16 03:19:19,1,1,1,1,1,1,1,0,0,0.0,0.0,0,1,0.0,3.3166666666666664,3,0,1,1.0,0.0,credential_stuffing,7.9494,3.4657,2.3232,1.0,0.0,0.0,4.0,0.0,0.0,2.082,28,1.0,personal,64.69,43.69,28.76,21.17,20.0,63.41,46.22
session_c99ccd25cc9a,user_002,finance,2026-07-16 03:19:39,2026-07-16 03:19:39,1,1,1,1,1,1,1,0,0,0.0,0.0,0,1,0.0,3.3166666666666664,3,0,1,1.0,0.0,credential_stuffing,11.4933,2.1487,2.3607,1.0,0.0,0.0,2.0,2.0432,0.0,2.1725,25,1.0,personal,66.25,44.85,28.83,20.75,20.0,62.35,46.99
session_306769d47ea8,user_014,hr,2026-07-16 03:19:59,2026-07-16 03:19:59,1,1,1,1,1,1,1,0,0,0.0,0.0,0,1,0.0,3.3166666666666664,3,0,1,1.0,0.0,credential_stuffing,8.1156,2.8088,1.7986,1.0,0.0,0.0,2.0,1.1344,0.0,1.873,23,1.0,personal,60.8,41.16,31.98,29.66,40.0,29.66,45.8
session_1ff1c7528372,user_059,analyst,2026-07-16 03:20:19,2026-07-16 03:20:19,1,1,1,1,1,1,1,0,0,0.0,0.0,0,1,0.0,3.333333333333333,3,0,1,1.0,0.0,credential_stuffing,12.6943,3.1992,3.2761,1.0,0.0,0.0,3.0,1.3491,0.0,2.4249,22,1.0,personal,70.25,44.32,37.94,32.77,60.0,10.56,52.46
session_cd09c6302e95,user_006,analyst,2026-07-16 03:20:39,2026-07-16 03:20:39,1,1,1,1,1,1,1,0,0,0.0,0.0,0,1,0.0,3.333333333333333,3,0,1,1.0,0.0,credential_stuffing,11.357,1.8,1.6556,1.0,0.0,0.0,3.0,1.9179,0.0,2.1526,30,1.0,personal,65.91,38.46,28.83,23.12,40.0,27.07,46.05
session_ccbb0bb1c2d6,user_057,developer,2026-07-16 03:20:59,2026-07-16 03:20:59,1,1,1,1,1,1,1,0,0,0.0,0.0,0,1,0.0,3.333333333333333,3,0,1,1.0,0.0,credential_stuffing,8.1176,2.5572,2.698,1.0,0.0,0.0,4.0,0.0,0.0,2.0414,24,1.0,personal,63.97,43.04,30.54,27.15,20.0,44.65,45.72
session_114b43e65293,user_043,hr,2026-07-16 03:21:19,2026-07-16 03:21:19,1,1,1,1,1,1,1,0,0,0.0,0.0,0,1,0.0,3.35,3,0,1,1.0,0.0,credential_stuffing,8.4171,2.1056,2.0235,1.0,0.0,0.0,2.0,1.4837,0.0,1.8922,30,1.0,personal,61.17,47.2,41.05,32.84,60.0,54.51,52.08
session_872d78939ef2,user_027,developer,2026-07-16 03:21:39,2026-07-16 03:21:39,1,1,1,1,1,1,1,0,0,0.0,0.0,0,1,0.0,3.35,3,0,1,1.0,0.0,credential_stuffing,17.4404,1.9592,2.0235,1.0,0.0,0.0,4.0,0.0,0.0,2.1092,25,1.0,personal,65.17,39.25,30.59,37.41,40.0,6.99,46.59
session_28383954481b,user_038,developer,2026-07-16 03:21:59,2026-07-16 03:21:59,1,1,1,1,1,1,1,0,0,0.0,0.0,0,1,0.0,3.35,3,0,1,1.0,0.0,credential_stuffing,12.8731,3.7201,3.5973,1.0,0.0,0.0,4.0,0.0,0.0,2.4797,28,1.0,personal,71.06,44.94,37.96,27.15,40.0,61.99,52.92
session_90f809eee635,user_007,developer,2026-07-16 04:54:28,2026-07-16 05:04:28,6,1,0,6,1,1,6,0,0,0.0,0.0,1,1,10.0,4.9,3,0,1,0.0,0.0,lateral_movement,5.6035,2.7181,1.349,0.0,0.0,0.0,0.9372,0.0,1.0,1.2898,27,1.0,personal,47.53,26.66,20.97,26.32,40.0,0.0,34.12
session_25bc8ed0db2f,user_043,hr,2026-07-16 07:11:22,2026-07-16 11:13:22,15,4,0,15,1,1,3,2,0,28.136,21.706,0,0,242.0,7.183333333333334,3,0,0,0.0,1.8757333333333333,normal,1.9532,0.013,0.1349,0.0,0.0,0.0,0.0,0.6686,0.0,0.3077,30,1.0,personal,14.26,30.02,35.71,31.14,60.0,4.64,26.41
session_0a979c2e6dd6,user_022,developer,2026-07-16 07:33:50,2026-07-16 12:47:50,19,2,0,19,1,1,5,0,0,0.0,0.0,0,0,314.0,7.55,3,0,0,0.0,0.0,normal,1.1491,0.343,0.0,0.0,0.0,0.0,0.0,0.0,0.0,0.1658,29,1.0,personal,7.96,10.22,9.37,12.5,0.0,0.18,7.89
session_5638c82d4bdc,user_012,analyst,2026-07-16 07:36:51,2026-07-16 12:07:51,18,2,0,18,1,1,4,7,0,31.979,7.338,0,0,271.0,7.6,3,0,0,0.0,1.7766111111111111,normal,1.3947,0.0345,0.0,0.0,0.0,0.0,0.0,1.2205,0.0,0.2944,30,1.0,personal,13.69,13.02,12.8,15.8,0.0,0.0,11.58
session_766884b42a95,user_016,developer,2026-07-16 07:41:39,2026-07-16 10:44:39,12,2,0,12,1,1,4,0,0,0.0,0.0,0,0,183.0,7.683333333333334,3,0,0,0.0,0.0,normal,2.343,1.304,1.349,0.0,0.0,0.0,1.0,0.0,0.0,0.6662,27,1.0,personal,28.33,24.01,18.28,18.84,0.0,19.02,21.71
session_feb47e034bf1,user_042,developer,2026-07-16 07:43:55,2026-07-16 13:27:55,24,4,0,24,1,1,5,0,0,0.0,0.0,0,0,344.0,7.716666666666667,3,0,0,0.0,0.0,normal,0.6035,0.3205,1.1242,0.0,0.0,0.0,0.0,0.0,0.0,0.2276,26,1.0,personal,10.76,14.3,14.5,13.86,0.0,0.0,10.72
session_98bab0a1fe54,user_039,developer,2026-07-16 08:00:03,2026-07-16 11:24:03,14,4,0,14,1,1,4,0,0,0.0,0.0,0,0,204.0,8.0,3,0,0,0.0,0.0,normal,1.6135,1.6053,1.0599,0.0,0.0,0.0,1.0,0.0,0.0,0.5865,24,1.0,personal,25.42,21.17,24.19,22.44,40.0,0.0,24.27
session_1b7bb343b6f0,user_069,hr,2026-07-16 08:06:07,2026-07-16 13:25:07,21,7,0,21,1,1,3,5,0,58.658,23.663,0,0,319.0,8.1,3,0,0,0.0,2.793238095238096,normal,0.3481,0.1927,0.3854,0.0,0.0,0.0,0.0,0.4446,0.0,0.1523,26,1.0,personal,7.33,14.7,14.23,15.43,0.0,4.68,9.78
session_ee2f8b4eff6b,user_044,developer,2026-07-16 08:06:16,2026-07-16 11:47:16,12,5,0,12,1,1,5,0,0,0.0,0.0,0,0,221.0,8.1,3,0,0,0.0,0.0,normal,1.0358,0.2942,0.6745,0.0,0.0,0.0,0.0,0.0,0.0,0.2227,28,1.0,personal,10.54,31.17,25.79,20.38,20.0,37.26,20.22
session_734ee9da20e1,user_010,finance,2026-07-16 08:07:22,2026-07-16 12:32:22,18,2,0,18,1,1,3,5,5,86.31,12.996,0,0,265.0,8.116666666666667,3,0,0,0.0,4.795,normal,2.0131,0.1277,0.1557,0.0,0.0,0.0,0.0,2.9705,0.0,0.5852,26,1.0,personal,25.37,19.34,16.58,19.06,0.0,5.99,18.71
session_4e7e2d9caeae,user_007,developer,2026-07-16 08:07:52,2026-07-16 15:24:52,23,5,0,23,1,1,5,0,0,0.0,0.0,0,0,437.0,8.116666666666667,3,0,0,0.0,0.0,normal,0.5967,1.5805,0.9443,0.0,0.0,0.0,0.0,0.0,0.0,0.3468,27,1.0,personal,15.92,24.82,19.34,25.1,40.0,0.0,20.74
session_c5716d2bacec,user_073,hr,2026-07-16 08:10:51,2026-07-16 12:39:51,18,6,0,18,1,1,3,6,0,49.835,11.898,0,0,269.0,8.166666666666666,3,0,0,0.0,2.768611111111112,normal,0.4856,0.0602,0.0,0.0,0.0,0.0,0.0,2.4174,0.0,0.3292,23,1.0,personal,15.18,13.49,17.2,19.1,20.0,0.0,15.26
session_60d64b81f72a,user_032,hr,2026-07-16 08:14:51,2026-07-16 12:54:51,17,8,0,17,1,1,3,5,0,20.153,6.82,0,0,280.0,8.233333333333333,3,0,0,0.0,1.185470588235294,normal,0.6205,0.0587,0.4497,0.0,0.0,0.0,0.0,0.7892,0.0,0.2131,23,1.0,personal,10.11,14.17,15.41,17.88,0.0,0.0,10.97
session_00c16aa0d12e,user_008,developer,2026-07-16 08:19:56,2026-07-16 12:53:56,16,4,0,16,1,1,5,0,0,0.0,0.0,0,0,274.0,8.316666666666666,3,0,0,0.0,0.0,normal,1.2767,0.3084,0.1349,0.0,0.0,0.0,0.0,0.0,0.0,0.1911,28,1.0,personal,9.11,17.97,18.95,19.73,20.0,13.65,14.74
session_b86b9061bade,user_042,developer,2026-07-16 08:21:04,2026-07-16 10:21:04,11,2,0,11,1,1,5,0,0,74.05,14.824,0,0,120.0,8.35,3,0,0,0.0,6.7318181818181815,normal,1.0492,1.7683,1.7986,0.0,0.0,0.0,0.0,74.05,0.0,1.624,27,1.0,personal,55.6,33.44,24.75,19.04,20.0,53.68,39.23
session_f15445030a59,user_015,finance,2026-07-16 08:24:03,2026-07-16 13:54:03,22,6,0,22,1,1,3,6,2,26.472,6.729,0,0,330.0,8.4,3,0,0,0.0,1.2032727272727273,normal,1.6059,0.8993,0.9443,0.0,0.0,0.0,0.0,0.5522,0.0,0.4446,25,1.0,personal,19.93,21.18,26.8,24.62,20.0,0.0,20.69
session_ecf7dc735c03,user_058,hr,2026-07-16 08:24:28,2026-07-16 11:14:28,13,3,0,13,1,1,3,3,0,18.791,8.366,0,0,170.0,8.4,3,0,0,0.0,1.4454615384615386,normal,0.3148,0.651,0.1686,0.0,0.0,0.0,0.0,1.094,0.0,0.2476,27,1.0,personal,11.64,16.26,18.64,18.06,0.0,0.0,12.51
session_9730dc4e5850,user_034,finance,2026-07-16 08:29:32,2026-07-16 11:02:32,9,6,0,9,1,1,3,1,0,5.232,5.232,0,0,153.0,8.483333333333333,3,0,0,0.0,0.5813333333333334,normal,0.4095,0.8034,1.096,0.0,0.0,0.0,0.0,1.6382,0.0,0.4386,28,1.0,personal,19.69,16.66,19.4,20.84,40.0,0.0,20.2
session_9bfe254552bf,user_009,developer,2026-07-16 08:29:55,2026-07-16 12:55:55,18,4,0,18,1,1,5,0,0,0.0,0.0,0,0,266.0,8.483333333333333,3,0,0,0.0,0.0,normal,0.5212,0.284,0.1686,0.0,0.0,0.0,0.0,0.0,0.0,0.1082,29,1.0,personal,5.27,7.44,16.84,21.21,40.0,0.0,12.24
session_71a457ea4f0c,user_065,hr,2026-07-16 08:30:23,2026-07-16 11:18:23,11,3,0,11,1,1,3,4,0,50.426,16.837,0,0,168.0,8.5,3,0,0,0.0,4.584181818181818,normal,1.6862,1.0948,0.8993,0.0,0.0,0.0,0.0,0.0011,0.0,0.409,27,1.0,personal,18.49,20.72,20.53,19.55,0.0,11.47,17.15
session_e9edcfac93b6,user_029,admin,2026-07-16 08:31:01,2026-07-16 13:30:01,18,4,0,18,1,1,5,0,0,0.0,0.0,1,0,299.0,8.516666666666667,3,0,0,0.0,0.0,normal,0.371,0.6567,0.5059,0.0,0.0,0.0,0.0,0.0,1.349,0.3203,25,1.0,personal,14.8,25.75,28.6,24.54,20.0,0.0,19.81
session_f34a3074d303,user_040,finance,2026-07-16 08:31:09,2026-07-16 10:55:09,12,3,0,12,1,1,3,3,2,101.194,29.725,0,0,144.0,8.516666666666667,3,0,0,0.0,8.432833333333333,normal,0.2326,0.8087,0.6745,0.0,0.0,0.0,0.0,0.2002,0.0,0.2129,28,1.0,personal,10.1,21.77,30.07,35.16,60.0,0.0,22.42
session_f9169a70b76f,user_057,developer,2026-07-16 08:31:53,2026-07-16 10:55:53,10,4,0,10,1,1,4,0,0,0.0,0.0,0,0,144.0,8.516666666666667,3,0,0,0.0,0.0,normal,0.7573,0.868,0.9636,0.0,0.0,0.0,1.0,0.0,0.0,0.3988,24,1.0,personal,18.08,33.91,28.54,26.33,20.0,30.79,24.47
session_7af6166de541,user_064,finance,2026-07-16 08:38:37,2026-07-16 12:53:37,16,6,0,16,1,1,3,6,1,106.783,28.338,0,0,255.0,8.633333333333333,3,0,0,0.0,6.6739375,normal,0.8738,0.2626,0.2698,0.0,0.0,0.0,0.0,0.1479,0.0,0.1727,24,1.0,personal,8.27,16.46,17.46,17.7,0.0,6.3,11.31
session_94639c9168da,user_013,hr,2026-07-16 08:38:48,2026-07-16 13:02:48,17,5,0,17,1,1,3,6,0,24.531,6.002,0,0,264.0,8.633333333333333,3,0,0,0.0,1.4429999999999998,normal,0.7799,0.3028,0.4497,0.0,0.0,0.0,0.0,1.2336,0.0,0.3073,27,1.0,personal,14.24,29.34,32.9,28.29,40.0,4.02,23.53
session_7e9cb4f69c73,user_078,developer,2026-07-16 08:42:27,2026-07-16 12:25:27,12,4,0,12,1,1,5,0,0,0.0,0.0,0,0,223.0,8.7,3,0,0,0.0,0.0,normal,1.0628,0.1402,0.4047,0.0,0.0,0.0,0.0,0.0,0.0,0.1786,25,1.0,personal,8.54,14.67,21.35,21.58,20.0,16.02,14.51
session_c5954a10e92f,user_024,hr,2026-07-16 08:50:01,2026-07-16 15:02:01,24,4,0,24,1,1,3,5,0,109.506,27.577,0,0,372.0,8.833333333333334,3,0,0,0.0,4.56275,normal,0.3533,1.5247,0.9743,0.0,0.0,0.0,0.0,0.4699,0.0,0.3691,26,1.0,personal,16.85,29.24,27.73,25.69,40.0,0.0,23.32
session_fe30e54f6f06,user_027,developer,2026-07-16 08:51:11,2026-07-16 13:23:11,18,5,0,18,1,1,5,0,0,0.0,0.0,0,0,272.0,8.85,3,0,0,0.0,0.0,normal,1.5417,0.2248,0.2698,0.0,0.0,0.0,0.0,0.0,0.0,0.2263,25,1.0,personal,10.7,29.4,25.79,32.9,40.0,0.0,21.32
session_febca0679d38,user_063,finance,2026-07-16 08:51:27,2026-07-16 11:29:27,9,4,0,9,1,1,3,0,1,4.175,4.175,0,0,158.0,8.85,3,0,0,0.0,0.4638888888888888,normal,1.7344,1.6862,1.7986,0.0,0.0,0.0,0.0,2.7099,0.0,0.881,29,1.0,personal,35.63,37.2,29.19,25.94,40.0,45.38,34.93
session_09e9439847ab,user_075,developer,2026-07-16 08:54:32,2026-07-16 13:22:32,19,3,0,19,1,1,5,0,0,0.0,0.0,0,0,268.0,8.9,3,0,0,0.0,0.0,normal,1.1674,0.0053,0.3372,0.0,0.0,0.0,0.0,0.0,0.0,0.1678,22,1.0,personal,8.05,6.27,9.89,14.07,20.0,0.0,9.36
session_d70cf4ec6628,user_067,analyst,2026-07-16 09:01:09,2026-07-16 09:10:09,4,2,0,4,1,4,3,1,0,23.789,9.117,0,1,9.0,9.016666666666667,3,0,0,0.0,5.94725,device_spoofing,0.5733,1.8569,2.0235,0.0,0.0,3.0,1.0,0.821,0.0,1.0305,27,1.0,personal,40.26,25.5,22.42,21.33,20.0,15.32,29.47
session_94064990190e,user_066,developer,2026-07-16 09:02:19,2026-07-16 11:31:19,10,2,0,10,1,1,4,0,0,0.0,0.0,0,0,149.0,9.033333333333331,3,0,0,0.0,0.0,normal,1.0398,0.8108,0.5902,0.0,0.0,0.0,1.0,0.0,0.0,0.3823,24,1.0,personal,17.4,14.21,15.32,23.24,20.0,0.0,16.42
session_b5dee0c97db2,user_050,developer,2026-07-16 09:02:57,2026-07-16 12:32:57,15,3,0,15,1,1,5,0,0,0.0,0.0,0,0,210.0,9.033333333333331,3,0,0,0.0,0.0,normal,1.7986,0.5944,0.2248,0.0,0.0,0.0,0.0,0.0,0.0,0.2909,30,1.0,personal,13.54,25.12,33.13,27.71,40.0,24.36,23.4
session_06cc56f54192,user_045,admin,2026-07-16 09:04:04,2026-07-16 14:43:04,17,5,0,17,1,1,5,0,0,0.0,0.0,2,0,339.0,9.066666666666666,3,0,0,0.0,0.0,normal,1.5636,0.7326,0.0,0.0,0.0,0.0,0.0,0.0,0.6745,0.3301,25,1.0,personal,15.21,23.61,26.53,23.99,20.0,25.5,20.46
session_4563a7310ae1,user_021,finance,2026-07-16 09:04:36,2026-07-16 12:23:36,13,2,0,13,1,1,3,4,4,36.441,8.289,0,0,199.0,9.066666666666666,3,0,0,0.0,2.8031538461538466,normal,0.9743,0.2178,0.1349,0.0,0.0,0.0,0.0,0.4551,0.0,0.198,23,1.0,personal,9.43,12.23,14.01,16.09,0.0,0.0,9.93
session_ec2beb08d2ab,user_077,admin,2026-07-16 09:05:17,2026-07-16 13:44:17,16,3,0,16,1,1,5,0,0,0.0,0.0,3,0,279.0,9.083333333333334,3,0,0,0.0,0.0,normal,0.5527,0.4076,0.0,0.0,0.0,0.0,0.0,0.0,0.6745,0.1816,26,1.0,personal,8.68,10.87,18.6,21.95,40.0,0.0,14.63
session_969020d32b70,user_033,developer,2026-07-16 09:06:14,2026-07-16 15:39:14,23,9,0,23,1,1,5,0,0,0.0,0.0,0,0,393.0,9.1,3,0,0,0.0,0.0,normal,0.8458,1.4855,1.0117,0.0,0.0,0.0,0.0,0.0,0.0,0.3714,26,1.0,personal,16.95,21.88,18.65,20.73,0.0,24.65,17.26
session_2fc612654afc,user_006,analyst,2026-07-16 09:09:29,2026-07-16 15:04:29,23,9,0,23,1,1,4,2,0,20.426,11.288,0,0,355.0,9.15,3,0,0,0.0,0.8880869565217392,normal,1.3672,1.0337,1.0424,0.0,0.0,0.0,0.0,1.2638,0.0,0.523,30,1.0,personal,23.01,35.27,28.05,23.36,40.0,27.33,28.17
session_9d64d8f24ca6,user_054,developer,2026-07-16 09:10:20,2026-07-16 12:51:20,14,4,0,14,1,1,3,0,0,0.0,0.0,0,0,221.0,9.166666666666666,3,0,0,0.0,0.0,normal,1.1933,0.0043,0.1499,0.0,0.0,0.0,2.0,0.0,0.0,0.3719,26,1.0,personal,16.97,13.63,13.2,15.09,0.0,1.57,13.08
session_68afa8dd69b1,user_011,analyst,2026-07-16 09:11:43,2026-07-16 14:39:43,17,5,0,17,1,1,4,4,0,51.931,19.275,0,0,328.0,9.183333333333334,3,0,0,0.0,3.0547647058823526,normal,1.5077,1.6973,0.6745,0.0,0.0,0.0,0.0,0.5955,0.0,0.4972,24,1.0,personal,22.01,17.39,18.03,19.6,0.0,0.0,16.95
session_676d385c8c2c,user_028,developer,2026-07-16 09:14:18,2026-07-16 14:16:18,18,2,0,18,1,1,5,0,0,0.0,0.0,0,0,302.0,9.233333333333333,3,0,0,0.0,0.0,normal,0.2951,1.361,0.6745,0.0,0.0,0.0,0.0,0.0,0.0,0.259,29,1.0,personal,12.15,13.84,18.2,19.55,20.0,0.0,14.31
session_fefa900f1c47,user_018,developer,2026-07-16 09:19:30,2026-07-16 15:13:30,20,4,0,20,1,1,5,0,0,0.0,0.0,0,0,354.0,9.316666666666666,3,0,0,0.0,0.0,normal,0.554,1.3911,0.8431,0.0,0.0,0.0,0.0,0.0,0.0,0.3098,29,1.0,personal,14.35,11.24,10.9,15.41,0.0,0.0,11.16
session_2337e17ae6e3,user_053,hr,2026-07-16 09:22:43,2026-07-16 11:30:43,11,2,0,11,1,1,3,2,0,8.98,5.048,0,0,128.0,9.366666666666667,3,0,0,0.0,0.8163636363636364,normal,1.6144,1.841,1.0492,0.0,0.0,0.0,0.0,0.973,0.0,0.6086,28,1.0,personal,26.24,20.22,16.19,16.93,0.0,13.19,19.32
session_faa3f26b55c8,user_026,analyst,2026-07-16 09:22:44,2026-07-16 13:01:44,11,1,0,11,1,1,3,1,0,5.267,5.267,0,0,219.0,9.366666666666667,3,0,0,0.0,0.4788181818181818,normal,0.6875,0.2019,1.2141,0.0,0.0,0.0,1.0,1.9699,0.0,0.5637,26,1.0,personal,24.56,20.71,21.92,20.36,20.0,0.0,21.29
session_7ff232005eb7,user_003,developer,2026-07-16 09:25:43,2026-07-16 15:13:43,22,6,0,22,1,1,5,0,0,0.0,0.0,0,0,348.0,9.416666666666666,3,0,0,0.0,0.0,normal,1.2903,0.5135,0.6745,0.0,0.0,0.0,0.0,0.0,0.0,0.2754,27,1.0,personal,12.86,11.75,11.56,10.96,0.0,1.88,10.42
session_62116060ca27,user_038,developer,2026-07-16 09:29:23,2026-07-16 14:18:23,19,7,0,19,1,1,5,0,0,0.0,0.0,0,0,289.0,9.483333333333333,3,0,0,0.0,0.0,normal,1.3104,0.299,0.4497,0.0,0.0,0.0,0.0,0.0,0.0,0.2288,28,1.0,personal,10.81,31.93,32.72,25.86,40.0,9.96,22.7
session_4ea97956dbbe,user_051,analyst,2026-07-16 09:29:43,2026-07-16 11:48:43,9,3,0,9,1,1,4,1,0,4.585,4.585,0,0,139.0,9.483333333333333,3,0,0,0.0,0.5094444444444445,normal,0.4122,1.1014,0.6745,0.0,0.0,0.0,0.0,1.5508,0.0,0.4154,25,1.0,personal,18.75,13.28,14.88,15.47,0.0,0.0,13.94
session_c85d56d69681,user_031,developer,2026-07-16 09:31:40,2026-07-16 09:32:40,3,3,2,3,1,1,1,0,0,0.0,0.0,0,0,1.0,9.516666666666667,3,0,0,0.6666666666666666,0.0,normal,0.0684,2.0773,1.6862,0.6667,0.0,0.0,4.0,0.0,0.0,0.9443,28,1.0,personal,37.63,33.71,27.5,22.5,60.0,30.42,35.69
session_3ec02da16b2c,user_041,finance,2026-07-16 09:33:23,2026-07-16 15:02:23,19,3,0,19,1,1,3,5,4,178.851,37.185,0,0,329.0,9.55,3,0,0,0.0,9.413210526315789,normal,0.4267,1.5341,1.1242,0.0,0.0,0.0,0.0,0.7559,0.0,0.4268,28,1.0,personal,19.22,21.27,26.05,24.54,20.0,0.0,20.3
session_1efd84d4edc7,user_030,hr,2026-07-16 09:36:10,2026-07-16 14:39:10,16,5,0,16,1,1,3,3,0,22.198,10.5,0,0,303.0,9.6,3,0,0,0.0,1.387375,normal,0.0823,0.2718,0.3372,0.0,0.0,0.0,0.0,0.7905,0.0,0.1646,30,1.0,personal,7.9,8.76,16.49,24.2,20.0,0.0,11.81
session_2ff6a9aa801a,user_005,hr,2026-07-16 09:41:22,2026-07-16 15:38:22,25,5,0,25,1,1,3,7,0,21.483,5.309,0,0,357.0,9.683333333333334,3,0,0,0.0,0.85932,normal,0.3035,2.1614,1.6862,0.0,0.0,0.0,0.0,1.7125,0.0,0.6515,27,1.0,personal,27.8,28.69,20.82,18.02,20.0,43.29,25.95
session_f2534da0ba3c,user_070,admin,2026-07-16 09:43:46,2026-07-16 16:51:46,24,4,0,24,1,1,5,0,0,0.0,0.0,4,0,428.0,9.716666666666669,3,0,0,0.0,0.0,normal,0.5188,2.1955,1.349,0.0,0.0,0.0,0.0,0.0,0.6745,0.5264,30,1.0,personal,23.14,22.22,20.44,18.99,0.0,4.97,18.91
session_5a116d1e6201,user_004,developer,2026-07-16 09:44:18,2026-07-16 15:46:18,19,4,0,19,1,1,5,0,0,0.0,0.0,0,0,362.0,9.733333333333333,3,0,0,0.0,0.0,normal,0.0413,1.543,0.1927,0.0,0.0,0.0,0.0,0.0,0.0,0.1974,24,1.0,personal,9.4,15.79,16.76,17.11,0.0,0.0,11.14
session_1e6da5dd5bc8,user_080,hr,2026-07-16 09:44:24,2026-07-16 12:22:24,10,3,0,10,1,1,3,3,0,84.50800000000001,42.563,0,0,158.0,9.733333333333333,3,0,0,0.0,8.450800000000001,normal,0.7015,1.2546,1.2526,0.0,0.0,0.0,0.0,0.232,0.0,0.3823,24,1.0,personal,17.4,18.18,21.64,19.5,20.0,0.86,17.83
session_b8a16da9a81c,user_068,developer,2026-07-16 09:45:57,2026-07-16 14:41:57,18,6,0,18,1,1,5,0,0,0.0,0.0,0,0,296.0,9.75,3,0,0,0.0,0.0,normal,0.1466,0.7289,0.3372,0.0,0.0,0.0,0.0,0.0,0.0,0.1347,25,1.0,personal,6.51,9.91,13.95,15.8,0.0,0.0,8.26
session_33833a983209,user_059,analyst,2026-07-16 09:46:26,2026-07-16 13:33:26,13,3,0,13,1,1,3,5,0,58.38,16.856,0,0,227.0,9.766666666666667,3,0,0,0.0,4.490769230769231,normal,0.6572,0.3898,0.9636,0.0,0.0,0.0,1.0,1.5304,0.0,0.5046,22,1.0,personal,22.3,36.53,34.29,31.95,40.0,0.0,28.56
session_255158e6b14a,user_023,developer,2026-07-16 09:47:23,2026-07-16 13:45:23,14,5,0,14,1,1,5,0,0,0.0,0.0,0,0,238.0,9.783333333333331,3,0,0,0.0,0.0,normal,1.0117,0.494,0.5396,0.0,0.0,0.0,0.0,0.0,0.0,0.2273,29,1.0,personal,10.74,10.62,11.23,12.43,0.0,0.0,9.35
session_e7694007575f,user_052,finance,2026-07-16 09:48:15,2026-07-16 13:09:15,16,1,0,16,1,1,3,3,4,44.329,8.404,0,0,201.0,9.8,3,0,0,0.0,2.7705625,normal,0.6745,0.801,0.3372,0.0,0.0,0.0,0.0,0.4751,0.0,0.2542,28,1.0,personal,11.94,13.87,16.43,24.08,20.0,0.0,14.42
session_e9afa563dabe,user_020,finance,2026-07-16 09:50:50,2026-07-16 13:10:50,11,5,0,11,1,1,3,2,2,65.95500000000001,22.478,0,0,200.0,9.833333333333334,3,0,0,0.0,5.995909090909092,normal,1.8768,0.5222,0.6745,0.0,0.0,0.0,0.0,0.4398,0.0,0.3904,29,1.0,personal,17.73,33.95,27.32,24.3,20.0,45.46,24.68
session_50e56ba9937f,user_072,hr,2026-07-16 09:51:19,2026-07-16 15:06:19,24,10,0,24,1,1,3,3,0,50.552,18.9,0,0,315.0,9.85,3,0,0,0.0,2.106333333333333,normal,0.2759,0.5182,0.8094,0.0,0.0,0.0,0.0,0.0078,0.0,0.179,27,1.0,personal,8.56,11.34,13.24,15.67,0.0,0.0,9.24
session_657bb58724f2,user_062,hr,2026-07-16 09:59:27,2026-07-16 14:58:27,18,5,0,18,1,1,3,6,0,109.411,24.795,0,0,299.0,9.983333333333333,3,0,0,0.0,6.078388888888889,normal,0.3619,0.3544,0.3372,0.0,0.0,0.0,0.0,1.7741,0.0,0.3142,24,1.0,personal,14.54,17.74,27.48,26.47,20.0,0.0,18.13
session_6851c6c09f4d,user_067,analyst,2026-07-16 10:00:08,2026-07-16 14:27:08,17,4,0,17,1,1,4,4,0,47.073,19.884,0,0,267.0,10.0,3,0,0,0.0,2.769,normal,1.4164,0.2914,0.1686,0.0,0.0,0.0,0.0,0.1001,0.0,0.2196,27,1.0,personal,10.4,20.09,19.8,20.07,20.0,0.0,15.15
session_f2c256b2419a,user_019,developer,2026-07-16 10:00:21,2026-07-16 15:51:21,21,7,0,21,1,1,5,0,0,0.0,0.0,0,0,351.0,10.0,3,0,0,0.0,0.0,normal,0.0613,0.5386,0.3854,0.0,0.0,0.0,0.0,0.0,0.0,0.1095,26,1.0,personal,5.33,9.12,14.79,19.59,20.0,0.0,10.13
session_ebe39653d6ae,user_048,developer,2026-07-16 10:01:24,2026-07-16 16:01:24,25,5,0,25,1,1,5,0,0,0.0,0.0,0,0,360.0,10.016666666666667,3,0,0,0.0,0.0,normal,0.2498,0.9074,1.274,0.0,0.0,0.0,0.0,0.0,0.0,0.2701,30,1.0,personal,12.63,16.68,16.71,25.88,20.0,0.0,15.48
session_01e035c4c83b,user_060,developer,2026-07-16 10:02:40,2026-07-16 17:16:40,23,8,0,23,1,1,5,0,0,0.0,0.0,0,0,434.0,10.033333333333331,3,0,0,0.0,0.0,normal,0.586,3.1572,1.638,0.0,0.0,0.0,0.0,0.0,0.0,0.5979,28,1.0,personal,25.84,21.0,18.42,18.4,0.0,15.39,19.91
session_e04fb62ade20,user_061,analyst,2026-07-16 10:03:10,2026-07-16 17:13:10,24,6,0,24,1,1,4,6,0,31.119,8.625,0,0,430.0,10.05,3,0,0,0.0,1.296625,normal,0.6342,1.1685,0.8094,0.0,0.0,0.0,0.0,0.5707,0.0,0.3536,28,1.0,personal,16.21,17.0,15.91,15.46,0.0,9.15,14.27
session_c176dd38038c,user_036,developer,2026-07-16 10:04:24,2026-07-16 16:18:24,25,7,0,25,1,1,5,0,0,0.0,0.0,0,0,374.0,10.066666666666666,3,0,0,0.0,0.0,normal,0.6745,1.4967,2.2483,0.0,0.0,0.0,0.0,0.0,0.0,0.4911,30,1.0,personal,21.77,13.87,16.95,21.27,20.0,0.0,18.15
session_ff6771adb992,user_037,developer,2026-07-16 10:07:16,2026-07-16 12:53:16,12,2,0,12,1,1,4,0,0,0.0,0.0,0,0,166.0,10.116666666666667,3,0,0,0.0,0.0,normal,0.7429,1.217,1.1804,0.0,0.0,0.0,1.0,0.0,0.0,0.46,30,1.0,personal,20.55,17.09,12.95,19.65,0.0,21.42,16.62
session_70271d096963,user_014,hr,2026-07-16 10:07:42,2026-07-16 14:52:42,18,5,0,18,1,1,3,1,0,7.92,7.92,0,0,285.0,10.116666666666667,3,0,0,0.0,0.44,normal,0.7615,0.1756,0.1124,0.0,0.0,0.0,0.0,0.7795,0.0,0.2032,23,1.0,personal,9.66,27.51,27.14,27.33,40.0,12.02,20.77
session_19fab19a2bde,user_074,finance,2026-07-16 10:10:57,2026-07-16 17:15:57,25,6,0,25,1,1,3,5,4,29.812,7.439,0,0,425.0,10.166666666666666,3,0,0,0.0,1.19248,normal,1.7435,1.3924,1.0424,0.0,0.0,0.0,0.0,0.5083,0.0,0.5207,26,1.0,personal,22.92,17.79,14.78,13.86,0.0,9.81,16.82
session_bebf5bcb8ad1,user_046,hr,2026-07-16 10:11:01,2026-07-16 13:59:01,14,4,0,14,1,1,3,2,0,16.277,9.024,0,0,228.0,10.183333333333334,3,0,0,0.0,1.162642857142857,normal,0.2473,0.3646,0.5059,0.0,0.0,0.0,0.0,0.9457,0.0,0.2293,27,1.0,personal,10.83,11.77,13.91,14.58,0.0,0.0,10.23
session_10fe90926997,user_017,admin,2026-07-16 10:14:10,2026-07-16 13:11:10,16,3,0,16,1,1,5,0,0,0.0,0.0,2,0,177.0,10.233333333333333,3,0,0,0.0,0.0,normal,0.9075,0.864,0.0843,0.0,0.0,0.0,0.0,0.0,0.0,0.2062,28,1.0,personal,9.8,14.44,17.68,19.86,0.0,0.0,11.44
session_0b719579a1c2,user_031,developer,2026-07-16 10:15:12,2026-07-16 17:04:12,24,6,0,24,1,1,5,0,0,0.0,0.0,0,0,409.0,10.25,3,0,0,0.0,0.0,normal,1.0009,1.2767,1.2141,0.0,0.0,0.0,0.0,0.0,0.0,0.388,29,1.0,personal,17.63,28.44,25.79,21.94,60.0,0.39,24.82
session_dfea02cc6a89,user_049,analyst,2026-07-16 10:23:43,2026-07-16 15:16:43,18,8,0,18,1,1,4,3,0,10.723,5.823,0,0,293.0,10.383333333333333,3,0,0,0.0,0.5957222222222223,normal,1.4839,0.612,0.4497,0.0,0.0,0.0,0.0,0.4403,0.0,0.3318,26,1.0,personal,15.29,16.46,21.42,21.02,20.0,0.0,16.72
session_421c83167d1d,user_047,developer,2026-07-16 10:33:37,2026-07-16 13:17:37,11,1,0,11,1,1,4,0,0,0.0,0.0,0,0,164.0,10.55,3,0,0,0.0,0.0,normal,1.082,1.0377,0.6132,0.0,0.0,0.0,0.8949,0.0,0.0,0.4031,28,1.0,personal,18.25,13.73,17.63,18.12,20.0,0.0,16.5
session_0788136121ac,user_071,analyst,2026-07-16 10:39:47,2026-07-16 16:11:47,20,3,0,20,1,1,4,7,0,139.21,47.301,0,0,332.0,10.65,3,0,0,0.0,6.960500000000001,normal,1.6033,0.2344,0.2453,0.0,0.0,0.0,0.0,1.8614,0.0,0.4383,24,1.0,personal,19.68,13.52,14.09,14.29,0.0,0.0,14.12
session_6e4d87938eee,user_035,admin,2026-07-16 10:41:21,2026-07-16 17:32:21,25,3,0,25,1,1,5,0,0,0.0,0.0,2,0,411.0,10.683333333333334,3,0,0,0.0,0.0,normal,3.4031,2.0877,1.7344,0.0,0.0,0.0,0.0,0.0,0.0,0.8028,24,1.0,personal,33.06,23.56,20.76,20.94,0.0,3.73,23.33
session_13211e93825b,user_076,analyst,2026-07-16 10:55:19,2026-07-16 14:24:19,14,3,0,14,1,1,4,0,0,0.0,0.0,0,0,209.0,10.916666666666666,3,0,0,0.0,0.0,normal,1.0342,0.4109,0.4047,0.0,0.0,0.0,0.0,1.4486,0.0,0.3665,29,1.0,personal,16.74,19.74,18.96,21.64,0.0,3.31,15.82
session_6512bdebe00b,user_053,hr,2026-07-16 11:13:55,2026-07-16 11:25:55,5,2,0,5,1,5,2,2,0,32.319,19.386,0,1,12.0,11.216666666666669,3,0,0,0.0,6.463800000000001,device_spoofing,0.8332,2.8615,1.6188,0.0,0.0,4.0,1.0,1.0213,0.0,1.2594,29,1.0,personal,46.72,34.61,24.15,20.08,20.0,52.84,35.89
session_44e42cc4f082,user_002,finance,2026-07-16 11:33:15,2026-07-16 15:24:15,16,5,0,16,1,1,3,3,7,97.959,20.521,0,0,231.0,11.55,3,0,0,0.0,6.1224375,normal,1.8346,0.0771,0.1686,0.0,0.0,0.0,0.0,1.7888,0.0,0.4299,25,1.0,personal,19.34,36.45,28.02,20.97,20.0,43.46,25.5
session_c824d9b4a021,user_021,finance,2026-07-17 03:30:29,2026-07-17 03:39:01,33,33,33,33,4,1,1,0,0,0.0,0.0,0,1,8.533333333333333,3.5,4,0,1,1.0,0.0,brute_force,10.4209,1.6553,2.9228,1.0,3.0,0.0,2.0,1.4414,0.0,2.4466,24,1.0,personal,70.57,39.8,27.76,22.62,20.0,55.43,47.39
session_65af944094fb,user_014,hr,2026-07-17 03:32:57,2026-07-17 03:42:57,6,1,0,6,1,1,6,0,0,0.0,0.0,1,1,10.0,3.533333333333333,4,0,1,0.0,0.0,lateral_movement,7.6196,2.4921,1.5513,0.0,0.0,0.0,3.0,1.089,1.0,1.8613,24,1.0,personal,60.57,43.64,35.8,31.41,60.0,44.62,49.7
session_c7aa0d7bc53d,user_043,hr,2026-07-17 07:26:43,2026-07-17 13:59:43,23,9,0,23,1,1,3,4,0,38.245,14.952,0,0,393.0,7.433333333333334,4,0,0,0.0,1.6628260869565217,normal,1.2854,1.2896,1.0492,0.0,0.0,0.0,0.0,0.3164,0.0,0.4378,30,1.0,personal,19.66,24.78,31.82,30.1,60.0,0.0,26.6
session_26b324bb887c,user_069,hr,2026-07-17 07:33:09,2026-07-17 11:58:09,20,6,0,20,1,1,3,3,0,38.103,13.998,0,0,265.0,7.55,4,0,0,0.0,1.90515,normal,0.4946,0.5819,0.2248,0.0,0.0,0.0,0.0,1.3037,0.0,0.2894,27,1.0,personal,13.47,13.11,14.16,15.24,0.0,9.0,12.11
session_4c87925e714d,user_030,hr,2026-07-17 07:36:03,2026-07-17 14:25:03,25,6,0,25,1,1,3,4,0,63.194,27.928,0,0,409.0,7.6,4,0,0,0.0,2.52776,normal,4.0305,1.2788,1.1804,0.0,0.0,0.0,0.0,0.3541,0.0,0.7604,30,1.0,personal,31.63,19.7,19.04,24.52,20.0,0.0,23.9
session_219156c04c3e,user_042,developer,2026-07-17 07:45:24,2026-07-17 13:11:24,23,9,0,23,1,1,5,0,0,0.0,0.0,0,0,326.0,7.75,4,0,0,0.0,0.0,normal,0.5325,0.1483,0.7708,0.0,0.0,0.0,0.0,0.0,0.0,0.1613,28,1.0,personal,7.75,24.2,21.84,17.94,20.0,23.48,16.18
session_15880ac9b073,user_011,analyst,2026-07-17 07:50:22,2026-07-17 10:09:22,12,5,0,12,1,1,4,1,0,7.877,7.877,0,0,139.0,7.833333333333333,4,0,0,0.0,0.6564166666666666,normal,1.7612,1.0997,0.4497,0.0,0.0,0.0,0.0,1.2763,0.0,0.5097,25,1.0,personal,22.5,20.43,18.99,19.93,0.0,8.75,18.36
session_4f58fecd1c37,user_050,developer,2026-07-17 07:50:55,2026-07-17 10:28:55,9,2,0,9,1,1,5,0,0,0.0,0.0,0,0,158.0,7.833333333333333,4,0,0,0.0,0.0,normal,0.2513,1.1669,1.5738,0.0,0.0,0.0,0.0,0.0,0.0,0.3324,30,1.0,personal,15.31,15.21,29.29,26.79,40.0,0.0,20.24
session_f1829dcbd686,user_029,admin,2026-07-17 07:58:29,2026-07-17 11:55:29,16,5,0,16,1,1,5,0,0,0.0,0.0,1,0,237.0,7.966666666666667,4,0,0,0.0,0.0,normal,0.7783,0.0899,0.0749,0.0,0.0,0.0,0.0,0.0,1.349,0.2547,26,1.0,personal,11.96,13.93,24.44,23.03,20.0,0.0,15.54
session_b2b337f7e814,user_035,admin,2026-07-17 08:04:26,2026-07-17 09:32:26,9,3,0,9,1,1,4,0,0,0.0,0.0,1,0,88.0,8.066666666666666,4,0,0,0.0,0.0,normal,1.2193,2.0485,1.1804,0.0,0.0,0.0,1.0,0.0,0.6745,0.6803,25,1.0,personal,28.83,27.4,22.87,21.66,0.0,20.61,23.64
session_05996def3967,user_009,developer,2026-07-17 08:09:55,2026-07-17 13:21:55,22,12,0,22,1,1,5,0,0,0.0,0.0,0,0,312.0,8.15,4,0,0,0.0,0.0,normal,1.1563,0.2984,0.6745,0.0,0.0,0.0,0.0,0.0,0.0,0.2366,30,1.0,personal,11.16,9.06,14.3,19.92,20.0,0.0,12.41
session_fabefbbcefbe,user_045,admin,2026-07-17 08:24:42,2026-07-17 10:12:42,9,2,0,9,1,1,4,0,0,0.0,0.0,1,0,108.0,8.4,4,0,0,0.0,0.0,normal,0.2199,1.8875,1.349,0.0,0.0,0.0,1.0,0.0,1.349,0.645,26,1.0,personal,27.57,20.9,27.42,24.01,20.0,13.21,24.38
session_188fe58f5451,user_012,analyst,2026-07-17 08:26:49,2026-07-17 15:08:49,23,5,0,23,1,1,4,6,0,20.403,4.684,0,0,402.0,8.433333333333334,4,0,0,0.0,0.8870869565217391,normal,0.1628,1.0041,0.7494,0.0,0.0,0.0,0.0,0.0544,0.0,0.219,30,1.0,personal,10.37,11.89,11.99,14.94,0.0,0.0,9.82
session_59b637a50980,user_001,finance,2026-07-17 08:28:56,2026-07-17 12:12:56,13,5,0,13,1,1,3,2,2,70.075,21.226,0,0,224.0,8.466666666666667,4,0,0,0.0,5.390384615384615,normal,1.7595,0.1185,0.4047,0.0,0.0,0.0,0.0,0.3368,0.0,0.2911,27,1.0,personal,13.55,15.09,19.89,18.41,20.0,7.92,15.66
session_677d9b9de24a,user_008,developer,2026-07-17 08:30:12,2026-07-17 12:31:12,16,5,0,16,1,1,4,0,0,0.0,0.0,0,0,241.0,8.5,4,0,0,0.0,0.0,normal,0.9536,0.0806,0.1349,0.0,0.0,0.0,0.9699,0.0,0.0,0.2377,29,1.0,personal,11.21,11.14,17.35,18.63,20.0,0.0,13.18
session_216270cf89ea,user_024,hr,2026-07-17 08:30:28,2026-07-17 13:44:28,21,4,0,21,1,1,3,10,0,250.235,42.949,0,0,314.0,8.5,4,0,0,0.0,11.915952380952382,normal,0.1686,0.8781,0.4047,0.0,0.0,0.0,0.0,3.7092,0.0,0.5734,27,1.0,personal,24.93,22.93,26.86,25.8,20.0,25.71,24.45
session_f1cde03756e7,user_007,developer,2026-07-17 08:32:26,2026-07-17 12:50:26,14,6,0,14,1,1,5,0,0,0.0,0.0,0,0,258.0,8.533333333333333,4,0,0,0.0,0.0,normal,0.054,0.2265,0.3747,0.0,0.0,0.0,0.0,0.0,0.0,0.0728,28,1.0,personal,3.57,15.02,15.02,22.31,20.0,18.84,11.86
session_9aa490b57759,user_018,developer,2026-07-17 08:34:23,2026-07-17 12:36:23,14,1,0,14,1,1,5,0,0,0.0,0.0,0,0,242.0,8.566666666666666,4,0,0,0.0,0.0,normal,0.5967,0.1187,0.1686,0.0,0.0,0.0,0.0,0.0,0.0,0.0982,30,1.0,personal,4.79,8.08,9.18,13.79,0.0,0.0,6.29
session_d7e1563e4cf9,user_040,finance,2026-07-17 08:34:29,2026-07-17 11:55:29,14,2,0,14,1,1,3,4,1,75.721,22.633,0,0,201.0,8.566666666666666,4,0,0,0.0,5.4086428571428575,normal,0.2748,0.3021,0.2698,0.0,0.0,0.0,0.0,0.5134,0.0,0.1511,29,1.0,personal,7.28,14.09,23.78,31.4,60.0,0.0,18.44
session_57591be2b64d,user_032,hr,2026-07-17 08:38:31,2026-07-17 13:31:31,18,3,0,18,1,1,3,5,0,20.347,5.291,0,0,293.0,8.633333333333333,4,0,0,0.0,1.1303888888888889,normal,0.3017,0.1611,0.0964,0.0,0.0,0.0,0.0,0.6965,0.0,0.1395,24,1.0,personal,6.74,9.96,12.92,16.38,0.0,0.0,8.26
session_0ff3a370ca0d,user_028,developer,2026-07-17 08:42:25,2026-07-17 13:58:25,24,4,0,24,1,1,5,0,0,0.0,0.0,0,0,316.0,8.7,4,0,0,0.0,0.0,normal,0.9509,1.4995,1.6862,0.0,0.0,0.0,0.0,0.0,0.0,0.4596,30,1.0,personal,20.53,17.22,18.55,19.58,20.0,0.0,18.4
session_6f1804e86220,user_022,developer,2026-07-17 08:42:47,2026-07-17 13:52:47,16,4,0,16,1,1,5,0,0,0.0,0.0,0,0,310.0,8.7,4,0,0,0.0,0.0,normal,0.6081,0.2248,0.6745,0.0,0.0,0.0,0.0,0.0,0.0,0.1675,30,1.0,personal,8.03,8.89,9.04,11.51,0.0,1.12,7.56
session_d92f7a21ac41,user_027,developer,2026-07-17 08:43:16,2026-07-17 13:03:16,18,6,0,18,1,1,4,0,0,0.0,0.0,0,0,260.0,8.716666666666667,4,0,0,0.0,0.0,normal,1.6413,0.0729,0.2248,0.0,0.0,0.0,1.0,0.0,0.0,0.3266,26,1.0,personal,15.07,21.96,22.49,29.5,20.0,21.93,19.84
session_58039834c5df,user_044,developer,2026-07-17 08:45:48,2026-07-17 14:24:48,21,4,0,21,1,1,5,0,0,0.0,0.0,0,0,339.0,8.75,4,0,0,0.0,0.0,normal,0.0,1.5636,0.8431,0.0,0.0,0.0,0.0,0.0,0.0,0.2674,29,1.0,personal,12.51,20.55,23.4,19.78,20.0,22.72,17.74
session_afa8a7575171,user_005,hr,2026-07-17 08:46:07,2026-07-17 12:16:07,16,3,0,16,1,1,3,5,0,23.467,9.096,0,0,210.0,8.766666666666667,4,0,0,0.0,1.4666875,normal,1.7927,0.1423,0.1686,0.0,0.0,0.0,0.0,1.8358,0.0,0.4377,28,1.0,personal,19.66,25.38,21.61,18.41,20.0,33.03,21.67
session_c090e4e5c85f,user_006,analyst,2026-07-17 08:47:05,2026-07-17 11:41:05,11,5,0,11,1,1,4,4,0,47.572,17.11,0,0,174.0,8.783333333333333,4,0,0,0.0,4.324727272727273,normal,0.3959,0.4267,0.6745,0.0,0.0,0.0,0.0,0.3738,0.0,0.2079,30,1.0,personal,9.87,23.59,24.19,21.93,40.0,0.0,18.49
session_3390e6406adf,user_015,finance,2026-07-17 08:50:09,2026-07-17 12:09:09,12,2,0,12,1,1,3,2,4,20.579,4.082,0,0,199.0,8.833333333333334,4,0,0,0.0,1.7149166666666666,normal,0.6183,0.4497,0.5396,0.0,0.0,0.0,0.0,0.1555,0.0,0.1959,26,1.0,personal,9.33,15.06,22.07,22.96,20.0,0.0,14.35
session_d6328597b2e6,user_031,developer,2026-07-17 08:51:15,2026-07-17 15:24:15,25,8,0,25,1,1,5,0,0,0.0,0.0,0,0,393.0,8.85,4,0,0,0.0,0.0,normal,0.7971,1.1059,1.165,0.0,0.0,0.0,0.0,0.0,0.0,0.3409,30,1.0,personal,15.67,19.98,23.27,21.55,60.0,0.0,21.91
session_8f7c22dd0c20,user_066,developer,2026-07-17 08:54:28,2026-07-17 13:02:28,16,6,0,16,1,1,5,0,0,0.0,0.0,0,0,248.0,8.9,4,0,0,0.0,0.0,normal,1.261,0.5448,0.6745,0.0,0.0,0.0,0.0,0.0,0.0,0.2756,25,1.0,personal,12.87,13.55,13.5,21.81,0.0,5.97,12.36
session_231577fe661a,user_056,hr,2026-07-17 08:55:29,2026-07-17 14:33:29,23,9,0,23,1,1,3,1,0,44.1,44.1,0,0,338.0,8.916666666666666,4,0,0,0.0,1.917391304347826,normal,1.1952,0.6436,0.9274,0.0,0.0,0.0,0.0,1.0324,0.0,0.4221,28,1.0,personal,19.03,18.68,24.27,21.01,20.0,0.0,19.09
session_3c526a3f8fa5,user_067,analyst,2026-07-17 08:55:48,2026-07-17 11:49:48,12,3,0,12,1,1,4,2,0,34.682,23.817,0,0,174.0,8.916666666666666,4,0,0,0.0,2.890166666666667,normal,0.8301,0.5362,0.6745,0.0,0.0,0.0,0.0,0.4011,0.0,0.2713,28,1.0,personal,12.69,16.52,18.0,19.16,20.0,0.0,14.99
session_6eac212acebb,user_051,analyst,2026-07-17 08:57:07,2026-07-17 14:16:07,17,5,0,17,1,1,4,4,0,30.59,10.137,0,0,319.0,8.95,4,0,0,0.0,1.7994117647058825,normal,0.2529,0.5515,0.4047,0.0,0.0,0.0,0.0,0.3339,0.0,0.1714,26,1.0,personal,8.21,11.01,12.87,14.52,0.0,0.0,8.87
session_4cab2093373e,user_025,hr,2026-07-17 08:57:30,2026-07-17 11:39:30,10,3,0,10,1,1,2,2,0,6.223,4.455,0,0,162.0,8.95,4,0,0,0.0,0.6223,normal,1.3865,0.9207,0.8431,0.0,0.0,0.0,1.0,0.2048,0.0,0.4839,27,1.0,personal,21.49,25.18,22.85,24.67,0.0,23.53,20.7
session_2b34ab024c52,user_059,analyst,2026-07-17 08:57:42,2026-07-17 09:57:42,6,1,0,6,1,1,3,2,0,53.666,14.666,0,0,60.0,8.95,4,0,0,0.0,8.944333333333335,normal,1.065,2.4816,2.0235,0.0,0.0,0.0,1.0,1.0377,0.0,0.8453,23,1.0,personal,34.47,36.38,34.2,32.68,40.0,0.0,33.46
session_245d78f5819c,user_016,developer,2026-07-17 09:00:05,2026-07-17 13:14:05,19,6,0,19,1,1,5,0,0,0.0,0.0,0,0,254.0,9.0,4,0,0,0.0,0.0,normal,0.497,0.2075,0.2891,0.0,0.0,0.0,0.0,0.0,0.0,0.1104,28,1.0,personal,5.37,15.21,15.53,16.8,0.0,3.01,9.35
session_3fb71c7dd81a,user_013,hr,2026-07-17 09:00:35,2026-07-17 11:32:35,12,4,0,12,1,1,3,1,0,4.827,4.827,0,0,152.0,9.0,4,0,0,0.0,0.40225,normal,0.2846,1.8408,1.5738,0.0,0.0,0.0,0.0,1.2342,0.0,0.5482,28,1.0,personal,23.97,24.94,30.77,28.14,40.0,0.0,26.01
session_2b88ab7002f0,user_062,hr,2026-07-17 09:04:56,2026-07-17 13:26:56,16,2,0,16,1,1,3,4,0,62.101,20.916,0,0,262.0,9.066666666666666,4,0,0,0.0,3.8813125,normal,0.6399,0.0828,0.1686,0.0,0.0,0.0,0.0,0.1343,0.0,0.114,25,1.0,personal,5.54,10.92,21.94,23.81,20.0,0.0,12.07
session_c9d24dc3eaab,user_023,developer,2026-07-17 09:05:22,2026-07-17 13:41:22,21,6,0,21,1,1,5,0,0,0.0,0.0,0,0,276.0,9.083333333333334,4,0,0,0.0,0.0,normal,0.2727,0.0508,0.5246,0.0,0.0,0.0,0.0,0.0,0.0,0.0942,30,1.0,personal,4.6,7.93,9.49,11.39,0.0,0.0,5.99
session_cf83b5ada653,user_038,developer,2026-07-17 09:08:00,2026-07-17 13:56:00,21,5,0,21,1,1,5,0,0,0.0,0.0,0,0,288.0,9.133333333333333,4,0,0,0.0,0.0,normal,0.4615,0.2583,0.8993,0.0,0.0,0.0,0.0,0.0,0.0,0.1799,29,1.0,personal,8.6,19.75,26.94,24.27,40.0,0.0,17.86
session_4a7e72aa59bf,user_039,developer,2026-07-17 09:08:41,2026-07-17 12:49:41,17,4,0,17,1,1,5,0,0,0.0,0.0,0,0,221.0,9.133333333333333,4,0,0,0.0,0.0,normal,0.1816,1.1563,0.3372,0.0,0.0,0.0,0.0,0.0,0.0,0.1861,25,1.0,personal,8.89,16.04,19.7,21.02,40.0,0.0,15.82
session_c9ee5f39be4c,user_058,hr,2026-07-17 09:10:02,2026-07-17 12:22:02,11,3,0,11,1,1,3,3,0,33.777,16.376,0,0,192.0,9.166666666666666,4,0,0,0.0,3.070636363636364,normal,1.3718,0.4776,0.5059,0.0,0.0,0.0,0.0,0.552,0.0,0.323,28,1.0,personal,14.91,15.85,17.53,17.59,0.0,0.0,13.52
session_687aa9b9c5d8,user_078,developer,2026-07-17 09:11:27,2026-07-17 15:14:27,25,9,0,25,1,1,5,0,0,0.0,0.0,0,0,363.0,9.183333333333334,4,0,0,0.0,0.0,normal,0.4566,1.0993,1.5738,0.0,0.0,0.0,0.0,0.0,0.0,0.3477,26,1.0,personal,15.96,14.06,20.41,20.93,20.0,0.0,16.35
session_2f86bda1a9ac,user_010,finance,2026-07-17 09:12:40,2026-07-17 11:37:40,10,3,0,10,1,1,3,1,1,20.015,12.212,0,0,145.0,9.2,4,0,0,0.0,2.0015,normal,0.6132,0.6951,1.0792,0.0,0.0,0.0,0.0,0.8761,0.0,0.3626,27,1.0,personal,16.58,18.5,16.73,18.58,0.0,19.46,15.67
session_5f90d9e52114,user_059,analyst,2026-07-17 09:14:00,2026-07-17 13:44:00,20,8,0,20,1,1,4,3,0,41.902,21.064,0,0,270.0,9.233333333333333,4,0,0,0.0,2.0951,normal,0.4277,0.2351,0.6745,0.0,0.0,0.0,0.0,0.5243,0.0,0.2068,24,1.0,personal,9.82,20.12,27.73,30.12,20.0,5.64,17.41
session_6d67ab4b089d,user_080,hr,2026-07-17 09:16:04,2026-07-17 11:14:04,10,4,0,10,1,1,3,2,0,27.661,14.719,0,0,118.0,9.266666666666667,4,0,0,0.0,2.7661,normal,0.054,1.631,1.349,0.0,0.0,0.0,0.0,1.3056,0.0,0.4822,25,1.0,personal,21.42,17.36,21.61,19.55,20.0,0.0,19.24
session_5709bd508613,user_077,admin,2026-07-17 09:17:31,2026-07-17 16:17:31,25,6,0,25,1,1,5,0,0,0.0,0.0,2,0,420.0,9.283333333333331,4,0,0,0.0,0.0,normal,0.7494,1.7953,1.2141,0.0,0.0,0.0,0.0,0.0,0.0,0.4176,27,1.0,personal,18.84,14.44,17.09,21.63,20.0,0.0,17.15
session_3c4eba286553,user_021,finance,2026-07-17 09:18:45,2026-07-17 15:24:45,24,9,0,24,1,1,3,2,2,18.589,6.007,0,0,366.0,9.3,4,0,0,0.0,0.7745416666666666,normal,1.3153,1.0846,1.5738,0.0,0.0,0.0,0.0,0.4514,0.0,0.4917,24,1.0,personal,21.8,35.99,27.66,22.89,20.0,49.69,26.84
session_11dc17317cdc,user_063,finance,2026-07-17 09:19:18,2026-07-17 12:12:18,13,2,0,13,1,1,3,1,5,39.08,10.287,0,0,173.0,9.316666666666666,4,0,0,0.0,3.006153846153846,normal,0.6305,1.2769,0.8993,0.0,0.0,0.0,0.0,0.0235,0.0,0.3145,30,1.0,personal,14.55,27.99,26.67,24.65,40.0,15.14,22.64
session_859da862497e,user_036,developer,2026-07-17 09:22:21,2026-07-17 14:11:21,18,2,0,18,1,1,5,0,0,0.0,0.0,0,0,289.0,9.366666666666667,4,0,0,0.0,0.0,normal,0.5059,0.5545,0.6745,0.0,0.0,0.0,0.0,0.0,0.0,0.1928,30,1.0,personal,9.19,12.38,13.38,19.61,0.0,0.0,10.12
session_9ff30bc18f97,user_049,analyst,2026-07-17 09:24:33,2026-07-17 14:53:33,20,9,0,20,1,1,4,1,0,3.85,3.85,0,0,329.0,9.4,4,0,0,0.0,0.1925,normal,0.1305,0.9147,0.5396,0.0,0.0,0.0,0.0,1.0061,0.0,0.2879,27,1.0,personal,13.41,15.01,19.11,19.66,20.0,0.0,15.2
session_c4271926d753,user_065,hr,2026-07-17 09:25:17,2026-07-17 14:08:17,16,5,0,16,1,1,3,5,0,46.904,13.371,0,0,283.0,9.416666666666666,4,0,0,0.0,2.9315,normal,0.2196,0.0551,0.2594,0.0,0.0,0.0,0.0,0.1272,0.0,0.0735,28,1.0,personal,3.61,12.55,16.59,17.45,0.0,0.0,8.19
session_e4d596bf7386,user_004,developer,2026-07-17 09:29:15,2026-07-17 13:35:15,18,5,0,18,1,1,5,0,0,0.0,0.0,0,0,246.0,9.483333333333333,4,0,0,0.0,0.0,normal,0.3891,0.5096,0.0,0.0,0.0,0.0,0.0,0.0,0.0,0.0999,25,1.0,personal,4.87,10.51,13.79,15.63,0.0,0.0,7.68
session_f973fd4788cb,user_057,developer,2026-07-17 09:31:40,2026-07-17 12:58:40,12,3,0,12,1,1,5,0,0,0.0,0.0,0,0,207.0,9.516666666666667,4,0,0,0.0,0.0,normal,0.7494,0.0442,0.3372,0.0,0.0,0.0,0.0,0.0,0.0,0.1256,25,1.0,personal,6.09,19.73,23.7,24.0,20.0,9.83,14.83
session_2d52f32fe98e,user_020,finance,2026-07-17 09:34:40,2026-07-17 14:12:40,15,2,0,15,1,1,3,4,2,99.214,25.831,0,0,278.0,9.566666666666666,4,0,0,0.0,6.6142666666666665,normal,1.393,0.34,0.0,0.0,0.0,0.0,0.0,0.2753,0.0,0.2231,30,1.0,personal,10.56,22.7,24.26,22.39,20.0,10.17,17.15
session_434a0c6e8cbc,user_075,developer,2026-07-17 09:38:00,2026-07-17 15:04:00,21,4,0,21,1,1,5,0,0,0.0,0.0,0,0,326.0,9.633333333333333,4,0,0,0.0,0.0,normal,0.1038,0.631,0.6745,0.0,0.0,0.0,0.0,0.0,0.0,0.1566,23,1.0,personal,7.53,7.32,7.78,12.75,0.0,0.0,6.92
session_9b5b7f06ded3,user_003,developer,2026-07-17 09:48:13,2026-07-17 12:47:13,14,3,0,14,1,1,5,0,0,0.0,0.0,0,0,179.0,9.8,4,0,0,0.0,0.0,normal,0.5531,0.801,0.6745,0.0,0.0,0.0,0.0,0.0,0.0,0.2254,28,1.0,personal,10.66,11.47,11.38,10.92,0.0,0.0,9.36
session_eac264b2abdd,user_068,developer,2026-07-17 09:48:15,2026-07-17 15:11:15,22,3,0,22,1,1,5,0,0,0.0,0.0,0,0,323.0,9.8,4,0,0,0.0,0.0,normal,0.1649,0.9568,1.0117,0.0,0.0,0.0,0.0,0.0,0.0,0.237,26,1.0,personal,11.17,9.91,12.89,15.19,0.0,0.0,9.9
session_adfe6d61812b,user_070,admin,2026-07-17 09:59:18,2026-07-17 12:59:18,12,4,0,12,1,1,4,0,0,0.0,0.0,1,0,180.0,9.983333333333333,4,0,0,0.0,0.0,normal,0.9339,1.2647,1.0599,0.0,0.0,0.0,1.0,0.0,1.349,0.6231,30,1.0,personal,26.77,24.23,22.15,20.08,0.0,23.0,22.03
session_6f64edfcf40d,user_017,admin,2026-07-17 10:01:07,2026-07-17 12:10:07,10,4,0,10,1,1,4,0,0,0.0,0.0,3,0,129.0,10.016666666666667,4,0,0,0.0,0.0,normal,0.4848,1.349,1.0117,0.0,0.0,0.0,0.934,0.0,0.6745,0.4949,29,1.0,personal,21.92,18.33,18.41,19.9,0.0,0.0,17.19
session_645c15c59815,user_073,hr,2026-07-17 10:01:40,2026-07-17 14:04:40,17,7,0,17,1,1,3,2,0,12.516,7.687,0,0,243.0,10.016666666666667,4,0,0,0.0,0.7362352941176471,normal,2.8006,0.4005,0.2248,0.0,0.0,0.0,0.0,0.8161,0.0,0.4713,24,1.0,personal,20.99,16.79,16.73,19.39,0.0,1.17,16.26
session_edeac5282597,user_048,developer,2026-07-17 10:01:43,2026-07-17 14:49:43,21,5,0,21,1,1,5,0,0,0.0,0.0,0,0,288.0,10.016666666666667,4,0,0,0.0,0.0,normal,0.2698,0.1835,0.6745,0.0,0.0,0.0,0.0,0.0,0.0,0.1253,30,1.0,personal,6.07,11.25,13.41,22.27,20.0,0.0,10.92
session_82160bf56747,user_026,analyst,2026-07-17 10:05:58,2026-07-17 13:22:58,10,5,0,10,1,1,3,2,0,14.421,9.366,0,0,197.0,10.083333333333334,4,0,0,0.0,1.4421,normal,0.441,0.4175,1.1242,0.0,0.0,0.0,1.0,1.0742,0.0,0.4508,27,1.0,personal,20.18,20.53,21.45,20.55,20.0,0.0,19.45
session_10074cb7b57a,user_019,developer,2026-07-17 10:12:28,2026-07-17 14:17:28,22,2,0,22,1,1,5,0,0,0.0,0.0,0,0,245.0,10.2,4,0,0,0.0,0.0,normal,0.426,0.6103,0.6745,0.0,0.0,0.0,0.0,0.0,0.0,0.1901,27,1.0,personal,9.07,8.26,12.31,18.08,20.0,0.0,10.93
session_be38fc113dc5,user_047,developer,2026-07-17 10:12:35,2026-07-17 16:44:35,21,5,0,21,1,1,5,0,0,0.0,0.0,0,0,392.0,10.2,4,0,0,0.0,0.0,normal,0.441,1.0847,0.6745,0.0,0.0,0.0,0.0,0.0,0.0,0.2445,29,1.0,personal,11.51,13.72,16.07,17.04,20.0,0.0,13.46
session_4c39c04dacbb,user_052,finance,2026-07-17 10:13:01,2026-07-17 17:28:01,25,7,0,25,1,1,3,3,4,40.375,7.498,0,0,435.0,10.216666666666669,4,0,0,0.0,1.615,normal,1.2285,1.4239,1.1804,0.0,0.0,0.0,0.0,0.7258,0.0,0.5065,29,1.0,personal,22.37,16.82,16.83,23.21,0.0,5.64,17.44
session_911e019c39e7,user_002,finance,2026-07-17 10:13:49,2026-07-17 13:22:49,11,4,0,11,1,1,3,2,2,42.102,11.888,0,0,189.0,10.216666666666669,4,0,0,0.0,3.827454545454546,normal,0.3497,0.3797,0.6745,0.0,0.0,0.0,0.0,0.404,0.0,0.2009,26,1.0,personal,9.56,22.27,24.49,20.01,20.0,29.78,17.44
session_d41a6a1f8794,user_034,finance,2026-07-17 10:14:03,2026-07-17 14:41:03,14,4,0,14,1,1,3,5,3,82.036,22.058,0,0,267.0,10.233333333333333,4,0,0,0.0,5.859714285714285,normal,2.3348,0.3565,0.1686,0.0,0.0,0.0,0.0,1.1174,0.0,0.4419,29,1.0,personal,19.82,19.1,18.07,20.84,20.0,0.0,18.54
session_f68ed4fc4f12,user_037,developer,2026-07-17 10:14:37,2026-07-17 13:48:37,13,1,0,13,1,1,4,0,0,0.0,0.0,0,0,214.0,10.233333333333333,4,0,0,0.0,0.0,normal,0.8431,0.6834,0.8993,0.0,0.0,0.0,1.0,0.0,0.0,0.3806,30,1.0,personal,17.33,18.18,14.58,18.78,0.0,22.72,15.77
session_486d2b059896,user_046,hr,2026-07-17 10:15:34,2026-07-17 15:09:34,20,5,0,20,1,1,3,5,0,44.975,10.176,0,0,294.0,10.25,4,0,0,0.0,2.24875,normal,0.0934,0.2987,0.5781,0.0,0.0,0.0,0.0,0.7537,0.0,0.1915,28,1.0,personal,9.13,9.94,12.52,13.67,0.0,0.0,8.88
session_e97dee59c1b8,user_074,finance,2026-07-17 10:20:25,2026-07-17 15:02:25,17,6,0,17,1,1,3,0,3,12.07,6.758,0,0,282.0,10.333333333333334,4,0,0,0.0,0.71,normal,1.9485,0.1861,0.0,0.0,0.0,0.0,0.0,0.9236,0.0,0.3398,27,1.0,personal,15.63,17.61,15.24,14.12,0.0,10.63,14.0
session_8ccb667d5bab,user_060,developer,2026-07-17 10:20:49,2026-07-17 14:33:49,16,3,0,16,1,1,5,0,0,0.0,0.0,0,0,253.0,10.333333333333334,4,0,0,0.0,0.0,normal,0.1686,0.454,0.1686,0.0,0.0,0.0,0.0,0.0,0.0,0.0879,29,1.0,personal,4.3,14.02,15.28,16.7,0.0,0.0,8.48
session_73c4ad463c73,user_033,developer,2026-07-17 10:25:55,2026-07-17 14:25:55,16,4,0,16,1,1,5,0,0,0.0,0.0,0,0,240.0,10.416666666666666,4,0,0,0.0,0.0,normal,0.8431,0.8364,1.349,0.0,0.0,0.0,0.0,0.0,0.0,0.3365,27,1.0,personal,15.49,18.24,18.48,20.14,0.0,12.81,15.27
session_01a3c633eeac,user_071,analyst,2026-07-17 10:26:12,2026-07-17 13:25:12,14,5,0,14,1,1,4,4,0,81.713,30.814,0,0,179.0,10.433333333333334,4,0,0,0.0,5.836642857142857,normal,1.1704,1.638,0.5396,0.0,0.0,0.0,0.0,0.1593,0.0,0.3897,25,1.0,personal,17.7,16.56,14.95,14.6,0.0,2.82,14.24
session_b4613f467216,user_014,hr,2026-07-17 10:28:21,2026-07-17 12:33:21,10,3,0,10,1,1,2,5,0,56.462,19.27,0,0,125.0,10.466666666666669,4,0,0,0.0,5.6462,normal,1.1487,1.4848,1.0117,0.0,0.0,0.0,1.0,1.3475,0.0,0.6659,24,1.0,personal,28.32,35.96,35.04,31.18,60.0,32.0,34.49
session_753ad8f692f3,user_041,finance,2026-07-17 10:31:05,2026-07-17 16:23:05,21,6,0,21,1,1,3,3,4,121.279,35.654,0,0,352.0,10.516666666666667,4,0,0,0.0,5.775190476190476,normal,1.261,1.7112,1.5738,0.0,0.0,0.0,0.0,0.25,0.0,0.5329,29,1.0,personal,23.39,23.25,24.96,24.37,20.0,0.0,22.19
session_34b13a156a96,user_076,analyst,2026-07-17 10:32:14,2026-07-17 12:52:14,9,2,0,9,1,1,4,5,0,31.522,8.607,0,0,140.0,10.533333333333331,4,0,0,0.0,3.5024444444444445,normal,0.3839,1.0032,1.1242,0.0,0.0,0.0,0.0,0.7758,0.0,0.3652,30,1.0,personal,16.69,17.14,18.48,21.11,0.0,3.79,15.18
session_df9db01a3780,user_079,developer,2026-07-17 10:54:34,2026-07-17 11:28:34,2,2,0,2,2,2,1,0,0,0.0,0.0,0,1,34.0,10.9,4,0,0,0.0,0.0,impossible_travel,0.1204,2.0024,2.698,0.0,1.0,1.0,4.0,0.0,0.0,1.2023,24,1.0,personal,45.18,29.25,19.12,27.63,20.0,38.16,33.46
session_3ba4d22284a8,user_055,analyst,2026-07-17 11:05:10,2026-07-17 15:13:10,17,2,0,17,1,1,4,6,0,86.93299999999999,19.22,0,0,248.0,11.083333333333334,4,0,0,0.0,5.11370588235294,normal,1.165,0.0489,0.2248,0.0,0.0,0.0,0.0,0.9025,0.0,0.2601,25,1.0,personal,12.19,13.53,16.2,18.15,0.0,0.0,11.83
session_ab3af28044e7,user_061,analyst,2026-07-17 11:06:42,2026-07-17 15:26:42,19,5,0,19,1,1,4,4,0,21.826,9.137,0,0,260.0,11.1,4,0,0,0.0,1.1487368421052633,normal,2.0684,0.3686,0.1349,0.0,0.0,0.0,0.0,0.0285,0.0,0.2889,29,1.0,personal,13.45,14.16,15.52,14.93,0.0,3.65,12.22
session_55f886d49e03,user_079,developer,2026-07-17 11:11:38,2026-07-17 15:06:38,16,2,0,16,1,1,4,0,0,0.0,0.0,0,0,235.0,11.183333333333334,4,0,0,0.0,0.0,normal,0.2891,0.3077,0.3372,0.0,0.0,0.0,1.0,0.0,0.0,0.2149,24,1.0,personal,10.19,22.46,17.84,24.9,20.0,29.99,17.23
session_39af44bf8c72,user_054,developer,2026-07-17 11:17:48,2026-07-17 15:48:48,17,3,0,17,1,1,5,0,0,0.0,0.0,0,0,271.0,11.283333333333331,4,0,0,0.0,0.0,normal,2.987,0.4324,0.3372,0.0,0.0,0.0,0.0,0.0,0.0,0.4174,27,1.0,personal,18.84,17.18,14.65,15.2,0.0,12.38,15.31
session_f2c4f62b84f1,user_053,hr,2026-07-17 11:34:47,2026-07-17 18:29:47,24,7,0,24,1,1,3,5,0,23.841,7.609,0,0,415.0,11.566666666666666,4,0,0,0.0,0.993375,normal,1.2498,1.257,0.9443,0.0,0.0,0.0,0.0,0.334,0.0,0.4206,29,1.0,personal,18.97,29.43,24.18,20.0,20.0,40.21,23.11
session_ac0fea58aa9e,user_076,analyst,2026-07-17 15:04:34,2026-07-17 15:04:34,1,0,0,1,1,1,1,0,0,4.727,4.727,0,1,0.0,15.066666666666666,4,0,0,0.0,4.727,insider_drift,6.0289,2.1415,2.0235,0.0,0.0,0.0,3.0,1.2055,0.0,1.5999,30,1.0,personal,55.06,35.89,27.72,25.34,20.0,40.17,39.9
session_aec9c5690a8b,user_005,hr,2026-07-17 15:48:48,2026-07-17 16:48:48,7,1,0,7,1,1,3,2,0,89.8,21.247,0,0,60.0,15.8,4,0,0,0.0,12.828571428571427,normal,12.6804,2.3914,1.349,0.0,0.0,0.0,0.0,10.7035,0.0,2.6378,29,1.0,personal,73.26,47.82,35.35,25.41,40.0,80.84,54.75
session_6cff4bd8ea85,user_011,analyst,2026-07-17 23:30:45,2026-07-17 23:33:41,13,13,13,13,4,1,1,0,0,0.0,0.0,0,1,2.933333333333333,23.5,4,0,1,1.0,0.0,brute_force,34.5725,2.9284,0.2248,1.0,3.0,0.0,3.0,1.4779,0.0,2.4035,26,1.0,personal,69.93,46.13,31.95,26.2,20.0,60.52,49.64
session_33125da47535,user_059,analyst,2026-07-18 01:18:07,2026-07-18 01:28:07,6,1,0,6,1,1,6,0,0,0.0,0.0,1,1,10.0,1.3,5,1,1,0.0,0.0,lateral_movement,17.3593,3.1179,2.0235,0.0,0.0,0.0,2.0,1.2519,1.0,2.1548,25,1.0,personal,65.95,41.99,37.43,34.67,40.0,22.62,48.99
session_8f3812df9cc4,user_069,hr,2026-07-18 01:30:28,2026-07-18 01:39:10,31,31,31,31,4,1,1,0,0,0.0,0.0,0,1,8.7,1.5,5,1,1,1.0,0.0,brute_force,8.268,4.3923,2.5855,1.0,3.0,0.0,2.0,2.9527,0.0,2.6887,28,1.0,personal,73.93,42.68,29.33,22.59,20.0,61.81,49.85
session_d8cacfcaa458,user_026,analyst,2026-07-18 01:56:13,2026-07-18 02:06:13,6,1,0,6,1,1,6,0,0,0.0,0.0,1,1,10.0,1.933333333333333,5,1,1,0.0,0.0,lateral_movement,13.8564,2.6859,2.0235,0.0,0.0,0.0,2.0,2.3658,1.0,2.2306,28,1.0,personal,67.22,44.43,32.59,26.59,40.0,28.57,48.75
session_e59c88b20d47,user_053,hr,2026-07-18 03:30:09,2026-07-18 03:37:39,31,31,31,31,4,1,1,0,0,0.0,0.0,0,1,7.5,3.5,5,1,1,1.0,0.0,brute_force,8.9581,2.7853,1.7537,1.0,3.0,0.0,2.0,1.7561,0.0,2.3615,30,1.0,personal,69.3,48.76,36.46,26.19,40.0,75.89,53.35
session_a51d449631f4,user_045,admin,2026-07-18 07:38:53,2026-07-18 15:05:53,25,4,0,25,1,1,5,0,0,0.0,0.0,5,0,447.0,7.633333333333333,5,1,0,0.0,0.0,normal,1.1331,1.8308,1.349,0.0,0.0,0.0,0.0,0.0,1.349,0.6291,27,1.0,personal,26.99,25.22,27.65,24.26,20.0,0.0,24.41
session_52a38fee786a,user_078,developer,2026-07-18 07:48:51,2026-07-18 12:10:51,16,5,0,16,1,1,5,0,0,0.0,0.0,0,0,262.0,7.8,5,1,0,0.0,0.0,normal,2.1921,0.2015,0.1349,0.0,0.0,0.0,0.0,0.0,0.0,0.2809,27,1.0,personal,13.1,13.29,18.38,19.88,20.0,0.0,14.65
session_ab23780ff4ae,user_065,hr,2026-07-18 08:01:14,2026-07-18 11:32:14,13,3,0,13,1,1,3,3,0,36.111,15.774,0,0,211.0,8.016666666666667,5,1,0,0.0,2.7777692307692305,normal,2.6642,0.6745,0.4818,0.0,0.0,0.0,0.0,0.5271,0.0,0.4831,29,1.0,personal,21.46,15.01,17.51,17.76,0.0,0.0,15.99
session_da7d671f7633,user_023,developer,2026-07-18 08:05:23,2026-07-18 14:40:23,24,4,0,24,1,1,5,0,0,0.0,0.0,0,0,395.0,8.083333333333334,5,1,0,0.0,0.0,normal,1.9948,1.1447,0.9743,0.0,0.0,0.0,0.0,0.0,0.0,0.4571,30,1.0,personal,20.43,13.54,11.99,12.43,0.0,1.78,14.01
session_f61eee67cfe5,user_004,developer,2026-07-18 08:05:52,2026-07-18 13:56:52,22,7,0,22,1,1,5,0,0,0.0,0.0,0,0,351.0,8.083333333333334,5,1,0,0.0,0.0,normal,2.5789,1.2539,1.0792,0.0,0.0,0.0,0.0,0.0,0.0,0.5458,26,1.0,personal,23.88,15.13,15.72,16.67,0.0,2.42,16.73
session_dd4159b3d64b,user_021,finance,2026-07-18 08:11:19,2026-07-18 11:51:19,14,2,0,14,1,1,3,2,2,13.426,4.76,0,0,220.0,8.183333333333334,5,1,0,0.0,0.959,normal,0.978,0.0703,0.0,0.0,0.0,0.0,0.0,0.7663,0.0,0.2016,25,1.0,personal,9.59,23.82,24.38,21.61,20.0,14.52,17.14
session_78271772942e,user_069,hr,2026-07-18 08:15:05,2026-07-18 13:38:05,23,6,0,23,1,1,3,7,0,78.361,17.244,0,0,323.0,8.25,5,1,0,0.0,3.407,normal,0.5439,0.2668,0.7869,0.0,0.0,0.0,0.0,0.7441,0.0,0.2602,28,1.0,personal,12.2,32.99,26.59,21.72,20.0,37.88,21.53
session_ade8a2d464e7,user_018,developer,2026-07-18 08:31:40,2026-07-18 16:00:40,24,6,0,24,1,1,5,0,0,0.0,0.0,0,0,449.0,8.516666666666667,5,1,0,0.0,0.0,normal,0.7625,2.1933,1.8308,0.0,0.0,0.0,0.0,0.0,0.0,0.5318,30,1.0,personal,23.35,15.66,12.51,14.63,0.0,13.92,16.51
session_26d81e6ae6e9,user_058,hr,2026-07-18 08:34:57,2026-07-18 12:39:57,16,5,0,16,1,1,3,5,0,56.972,16.179,0,0,245.0,8.566666666666666,5,1,0,0.0,3.56075,normal,0.5396,0.0,0.3372,0.0,0.0,0.0,0.0,0.253,0.0,0.1255,29,1.0,personal,6.08,9.95,14.23,16.1,0.0,0.0,8.17
session_ca8ce02b1e95,user_077,admin,2026-07-18 08:44:36,2026-07-18 14:57:36,24,3,0,24,1,1,5,0,0,0.0,0.0,5,0,373.0,8.733333333333333,5,1,0,0.0,0.0,normal,0.1312,1.2584,1.0792,0.0,0.0,0.0,0.0,0.0,2.0235,0.4991,28,1.0,personal,22.08,18.77,18.08,21.66,20.0,0.0,19.47
session_49e4d3f1430b,user_019,developer,2026-07-18 08:50:37,2026-07-18 14:42:37,21,7,0,21,1,1,5,0,0,0.0,0.0,0,0,352.0,8.833333333333334,5,1,0,0.0,0.0,normal,2.3689,0.557,0.2891,0.0,0.0,0.0,0.0,0.0,0.0,0.3572,28,1.0,personal,16.36,12.09,11.7,17.52,0.0,1.13,12.52
session_da2bc86ebdac,user_026,analyst,2026-07-18 08:50:54,2026-07-18 12:16:54,15,6,0,15,1,1,4,3,0,30.178,18.582,0,0,206.0,8.833333333333334,5,1,0,0.0,2.0118666666666667,normal,1.7156,0.3252,0.0,0.0,0.0,0.0,0.0,0.3675,0.0,0.2676,28,1.0,personal,12.52,32.03,28.29,25.25,20.0,31.75,21.77
session_b34dbad48276,user_034,finance,2026-07-18 08:52:31,2026-07-18 14:19:31,20,6,0,20,1,1,3,5,3,55.489,10.266,0,0,327.0,8.866666666666667,5,1,0,0.0,2.7744500000000003,normal,0.1445,0.9225,0.8431,0.0,0.0,0.0,0.0,0.1701,0.0,0.2311,30,1.0,personal,10.91,15.34,15.92,19.74,0.0,0.15,11.8
session_b6c3f761a004,user_025,hr,2026-07-18 09:13:49,2026-07-18 15:27:49,25,6,0,25,1,1,3,6,0,17.776,4.425,0,0,374.0,9.216666666666669,5,1,0,0.0,0.71104,normal,0.6053,1.5907,1.6862,0.0,0.0,0.0,0.0,2.3147,0.0,0.6885,28,1.0,personal,29.12,26.45,25.01,24.59,0.0,27.74,24.54
session_8713ad25786e,user_071,analyst,2026-07-18 09:20:08,2026-07-18 14:15:08,17,5,0,17,1,1,4,2,0,62.19499999999999,45.928,0,0,295.0,9.333333333333334,5,1,0,0.0,3.6585294117647056,normal,0.1276,0.1196,0.1349,0.0,0.0,0.0,0.0,0.5359,0.0,0.102,26,1.0,personal,4.97,11.67,12.52,13.34,0.0,0.0,7.53
session_42d055add1ff,user_051,analyst,2026-07-18 09:24:55,2026-07-18 09:59:55,2,2,0,2,2,2,1,0,0,0.0,0.0,0,1,35.0,9.4,5,1,0,0.0,0.0,impossible_travel,0.3185,1.9893,1.6188,0.0,1.0,1.0,3.0,1.882,0.0,1.201,27,1.0,personal,45.15,28.43,20.53,18.24,20.0,27.34,32.02
session_c17efe83c670,user_037,developer,2026-07-18 09:27:01,2026-07-18 15:31:01,20,4,0,20,1,1,5,0,0,0.0,0.0,0,0,364.0,9.45,5,1,0,0.0,0.0,normal,0.1431,0.7985,0.2248,0.0,0.0,0.0,0.0,0.0,0.0,0.1296,30,1.0,personal,6.27,12.34,13.07,16.44,0.0,5.38,8.85
session_6184ff48a950,user_051,analyst,2026-07-18 09:27:28,2026-07-18 13:21:28,15,3,0,15,1,1,4,5,0,28.474,6.457,0,0,234.0,9.45,5,1,0,0.0,1.8982666666666668,normal,0.3747,0.2903,0.1349,0.0,0.0,0.0,0.0,0.1749,0.0,0.1083,27,1.0,personal,5.27,19.05,17.4,16.81,20.0,6.43,12.53
session_96624d677a14,user_067,analyst,2026-07-18 09:28:31,2026-07-18 15:38:31,23,4,0,23,1,1,4,6,0,75.735,19.075,0,0,370.0,9.466666666666669,5,1,0,0.0,3.292826086956522,normal,0.3372,1.1635,1.1804,0.0,0.0,0.0,0.0,1.2777,0.0,0.4399,29,1.0,personal,19.74,15.84,18.25,19.2,20.0,0.0,17.72
session_f4f0c15a959f,user_021,finance,2026-07-18 09:36:22,2026-07-18 10:00:22,9,4,0,9,1,9,3,2,0,72.124,18.639,0,1,24.0,9.6,5,1,0,0.0,8.013777777777777,device_spoofing,1.8308,1.5319,0.6745,0.0,0.0,8.0,0.0,2.504,0.0,1.6157,26,1.0,personal,55.42,34.54,32.5,26.07,40.0,34.04,42.26
session_09a7415e7c6c,user_057,developer,2026-07-18 09:36:52,2026-07-18 13:31:52,15,2,0,15,1,1,5,0,0,0.0,0.0,0,0,235.0,9.6,5,1,0,0.0,0.0,normal,0.781,0.2721,0.1686,0.0,0.0,0.0,0.0,0.0,0.0,0.1357,26,1.0,personal,6.56,8.32,19.66,21.73,20.0,0.0,11.41
session_b46dbecce5fc,user_046,hr,2026-07-18 09:40:32,2026-07-18 13:29:32,16,7,0,16,1,1,3,3,0,18.395,6.279,0,0,229.0,9.666666666666666,5,1,0,0.0,1.1496875,normal,0.713,0.3868,0.2248,0.0,0.0,0.0,0.0,0.7095,0.0,0.226,29,1.0,personal,10.68,10.19,11.9,13.01,0.0,0.0,9.4
session_195ffb0c5823,user_053,hr,2026-07-18 09:42:02,2026-07-18 13:01:02,13,3,0,13,1,1,3,4,0,21.294,7.036,0,0,199.0,9.7,5,1,0,0.0,1.638,normal,1.1171,0.9268,0.6745,0.0,0.0,0.0,0.0,0.1008,0.0,0.3132,30,1.0,personal,14.5,33.51,32.87,25.18,40.0,38.26,25.86
session_ed5ecfcd20d4,user_074,finance,2026-07-18 10:00:41,2026-07-18 12:39:41,11,2,0,11,1,1,3,2,0,8.19,4.686,0,0,159.0,10.0,5,1,0,0.0,0.7445454545454545,normal,1.4508,0.8055,0.7358,0.0,0.0,0.0,0.0,1.1537,0.0,0.4606,28,1.0,personal,20.57,19.32,16.84,15.01,0.0,22.66,17.25
session_1f438cdbc7a4,user_047,developer,2026-07-18 10:09:35,2026-07-18 14:17:35,15,2,0,15,1,1,5,0,0,0.0,0.0,0,0,248.0,10.15,5,1,0,0.0,0.0,normal,0.2563,0.2386,0.1349,0.0,0.0,0.0,0.0,0.0,0.0,0.07,30,1.0,personal,3.44,8.6,12.38,15.21,20.0,0.0,8.47
session_618ebc32ef39,user_078,developer,2026-07-18 10:15:52,2026-07-18 11:15:52,6,0,0,6,1,1,4,0,0,34.489000000000004,11.746,0,0,60.0,10.25,5,1,0,0.0,5.748166666666667,normal,0.938,1.5811,1.349,0.0,0.0,0.0,1.0,3.6088,0.0,0.9419,28,1.0,personal,37.56,25.81,22.13,21.95,40.0,0.0,29.7
session_81ceffdab8f0,user_022,developer,2026-07-18 10:29:41,2026-07-18 10:29:41,1,0,0,1,1,1,1,1,0,24.436,24.436,0,1,0.0,10.483333333333333,5,1,0,0.0,24.436,low_slow_exfiltration,3.2961,4.2486,4.0469,0.0,0.0,0.0,4.0,24.436,0.0,2.8435,30,1.0,personal,75.87,41.94,25.78,19.08,20.0,71.55,50.09
session_b28bd9212e60,user_003,developer,2026-07-18 11:05:56,2026-07-18 14:17:56,13,5,0,13,1,1,5,0,0,0.0,0.0,0,0,192.0,11.083333333333334,5,1,0,0.0,0.0,normal,1.6019,0.6822,0.8431,0.0,0.0,0.0,0.0,0.0,0.0,0.3475,29,1.0,personal,15.95,13.67,12.5,11.58,0.0,5.49,12.42
session_40b4ea0cd08c,user_002,finance,2026-07-18 11:17:32,2026-07-18 13:00:32,9,4,0,9,1,1,3,2,1,30.0,18.319,0,0,103.0,11.283333333333331,5,1,0,0.0,3.333333333333333,normal,1.4029,1.173,1.0117,0.0,0.0,0.0,0.0,0.8697,0.0,0.4953,27,1.0,personal,21.94,17.38,24.6,20.57,20.0,13.37,20.66
session_27f05452a13c,user_052,finance,2026-07-18 13:05:56,2026-07-18 13:05:56,1,0,0,1,1,1,1,1,0,7.055,7.055,0,1,0.0,13.083333333333334,5,1,0,0.0,7.055,low_slow_exfiltration,5.2658,2.526,2.8666,0.0,0.0,0.0,2.0,3.1182,0.0,1.753,30,1.0,personal,58.38,38.63,27.36,27.16,20.0,49.54,42.37
session_d3a25e3618ae,user_076,analyst,2026-07-18 15:13:46,2026-07-18 15:13:46,1,0,0,1,1,1,1,0,0,5.909,5.909,0,1,0.0,15.216666666666669,5,1,0,0.0,5.909,insider_drift,6.2157,2.1415,2.0235,0.0,0.0,0.0,3.0,1.1255,0.0,1.6118,30,1.0,personal,55.33,48.8,35.63,29.23,40.0,63.31,47.33
session_ba025666a757,user_060,developer,2026-07-19 00:21:23,2026-07-19 00:21:23,1,1,0,1,1,1,1,0,0,0.0,0.0,0,1,0.0,0.35,6,1,1,0.0,0.0,credential_stuffing,14.8388,2.7998,2.3607,0.0,0.0,0.0,4.0,0.0,0.0,2.1289,30,1.0,personal,65.51,38.49,27.76,22.68,20.0,37.67,44.22
session_11ac7ab556e8,user_030,hr,2026-07-19 00:21:43,2026-07-19 00:21:43,1,1,0,1,1,1,1,0,0,0.0,0.0,0,1,0.0,0.35,6,1,1,0.0,0.0,credential_stuffing,18.7508,2.7991,2.8666,0.0,0.0,0.0,2.0,1.4796,0.0,2.1273,30,1.0,personal,65.48,44.6,29.22,29.33,20.0,50.14,46.93
session_08baf356e960,user_033,developer,2026-07-19 00:22:03,2026-07-19 00:22:03,1,1,1,1,1,1,1,0,0,0.0,0.0,0,1,0.0,0.3666666666666666,6,1,1,1.0,0.0,credential_stuffing,11.3455,3.8242,5.1261,1.0,0.0,0.0,4.0,0.0,0.0,2.6611,28,1.0,personal,73.57,44.77,32.57,26.89,20.0,68.38,51.37
session_2c0be9287b9c,user_004,developer,2026-07-19 00:22:23,2026-07-19 00:22:23,1,1,0,1,1,1,1,0,0,0.0,0.0,0,1,0.0,0.3666666666666666,6,1,1,0.0,0.0,credential_stuffing,15.0816,4.1968,3.8221,0.0,0.0,0.0,4.0,0.0,0.0,2.4465,27,1.0,personal,70.57,44.06,29.49,23.45,20.0,53.86,48.5
session_b98f577b8705,user_006,analyst,2026-07-19 00:22:43,2026-07-19 00:22:43,1,1,1,1,1,1,1,0,0,0.0,0.0,0,1,0.0,0.3666666666666666,6,1,1,1.0,0.0,credential_stuffing,14.5016,1.7289,1.6556,1.0,0.0,0.0,3.0,1.9179,0.0,2.1447,30,1.0,personal,65.78,40.01,34.54,27.5,40.0,59.11,49.2
session_4fa882ef9991,user_048,developer,2026-07-19 00:23:03,2026-07-19 00:23:03,1,1,0,1,1,1,1,0,0,0.0,0.0,0,1,0.0,0.3833333333333333,6,1,1,0.0,0.0,credential_stuffing,34.1937,3.0746,3.1797,0.0,0.0,0.0,4.0,0.0,0.0,2.2505,30,1.0,personal,67.54,37.9,25.92,26.85,20.0,68.79,46.61
session_b15794ce9dc5,user_045,admin,2026-07-19 00:23:23,2026-07-19 00:23:23,1,1,0,1,1,1,1,0,0,0.0,0.0,0,1,0.0,0.3833333333333333,6,1,1,0.0,0.0,credential_stuffing,13.8857,2.7124,2.698,0.0,0.0,0.0,4.0,0.0,2.0235,2.3815,28,1.0,personal,69.6,48.39,37.72,30.21,40.0,17.78,51.09
session_bd89d9f97696,user_059,analyst,2026-07-19 01:24:40,2026-07-19 01:34:40,6,1,0,6,1,1,6,0,0,0.0,0.0,1,1,10.0,1.4,6,1,1,0.0,0.0,lateral_movement,17.1463,3.1179,2.0235,0.0,0.0,0.0,2.0,1.2519,1.0,2.1548,25,1.0,personal,65.95,56.6,45.13,38.88,60.0,50.53,56.88
session_c7500cf4dbbf,user_038,developer,2026-07-19 01:30:40,2026-07-19 01:34:28,15,15,15,15,4,1,1,0,0,0.0,0.0,0,1,3.8,1.5,6,1,1,1.0,0.0,brute_force,17.7748,4.1896,0.4497,1.0,3.0,0.0,4.0,0.0,0.0,2.5155,30,1.0,personal,71.57,40.45,37.55,30.53,60.0,0.0,51.4
session_7ca728570cfd,user_033,developer,2026-07-19 03:54:52,2026-07-19 04:04:52,6,1,0,6,1,1,6,0,0,0.0,0.0,1,1,10.0,3.9,6,1,1,0.0,0.0,lateral_movement,7.0771,3.697,3.7771,0.0,0.0,0.0,1.0,0.0,1.0,1.839,28,1.0,personal,60.13,57.17,41.17,31.41,40.0,81.82,52.89
session_9b4f408b681d,user_069,hr,2026-07-19 07:35:41,2026-07-19 11:32:41,17,5,0,17,1,1,3,8,0,120.358,23.314,0,0,237.0,7.583333333333333,6,1,0,0.0,7.079882352941176,normal,0.4818,1.1037,0.6745,0.0,0.0,0.0,0.0,2.5696,0.0,0.5366,29,1.0,personal,23.53,28.15,26.77,22.23,20.0,20.45,24.3
session_5217a5b5d04a,user_023,developer,2026-07-19 08:22:12,2026-07-19 15:38:12,25,5,0,25,1,1,5,0,0,0.0,0.0,0,0,436.0,8.366666666666667,6,1,0,0.0,0.0,normal,1.5068,1.3668,0.9443,0.0,0.0,0.0,0.0,0.0,0.0,0.4242,30,1.0,personal,19.11,17.13,13.81,13.26,0.0,12.66,15.1
session_96711b2218dc,user_029,admin,2026-07-19 08:32:58,2026-07-19 11:52:58,15,1,0,15,1,1,5,0,0,0.0,0.0,2,0,200.0,8.533333333333333,6,1,0,0.0,0.0,normal,0.4047,0.2755,0.1349,0.0,0.0,0.0,0.0,0.0,0.6745,0.1655,27,1.0,personal,7.94,10.42,19.81,21.05,20.0,0.0,12.34
session_2ef0fff10d09,user_005,hr,2026-07-19 08:39:49,2026-07-19 10:09:49,7,0,0,7,1,1,1,0,0,102.837,29.281,0,0,90.0,8.65,6,1,0,0.0,14.691,normal,1.616,1.7138,1.349,0.0,0.0,0.0,2.0,11.705,0.0,1.8532,30,1.0,personal,60.41,57.9,43.64,30.37,60.0,90.22,55.84
session_14de7ab9244e,user_032,hr,2026-07-19 08:43:38,2026-07-19 12:00:38,13,3,0,13,1,1,3,6,0,24.290000000000003,5.344,0,0,197.0,8.716666666666667,6,1,0,0.0,1.8684615384615384,normal,0.176,0.9029,0.8431,0.0,0.0,0.0,0.0,1.2845,0.0,0.3563,25,1.0,personal,16.32,12.09,13.56,16.14,0.0,0.0,12.59
session_c6e1bcc2b26f,user_043,hr,2026-07-19 08:48:51,2026-07-19 14:00:51,20,8,0,20,1,1,3,2,0,16.022,11.005,0,0,312.0,8.8,6,1,0,0.0,0.8010999999999999,normal,0.7971,0.5003,0.5995,0.0,0.0,0.0,0.0,0.9575,0.0,0.3172,30,1.0,personal,14.67,16.26,26.65,28.39,40.0,0.0,19.96
session_664ed4b5ddfa,user_072,hr,2026-07-19 08:51:12,2026-07-19 12:17:12,14,4,0,14,1,1,3,2,0,36.11,18.325,0,0,206.0,8.85,6,1,0,0.0,2.579285714285714,normal,1.6945,0.4528,0.5396,0.0,0.0,0.0,0.0,0.3423,0.0,0.3366,28,1.0,personal,15.49,12.25,13.5,15.51,0.0,0.0,12.22
session_4168b0f8d7cd,user_058,hr,2026-07-19 08:51:49,2026-07-19 14:35:49,22,6,0,22,1,1,3,3,0,23.989,9.051,0,0,344.0,8.85,6,1,0,0.0,1.0904090909090909,normal,0.6745,0.9024,1.349,0.0,0.0,0.0,0.0,0.9487,0.0,0.4305,30,1.0,personal,19.37,14.19,15.16,16.43,0.0,0.0,14.5
session_36b1f278c177,user_051,analyst,2026-07-19 08:59:12,2026-07-19 13:36:12,19,6,0,19,1,1,4,6,0,35.738,9.261,0,0,277.0,8.983333333333333,6,1,0,0.0,1.8809473684210527,normal,0.2387,0.2155,0.5519,0.0,0.0,0.0,0.0,0.704,0.0,0.19,28,1.0,personal,9.06,13.81,15.48,15.93,20.0,3.44,12.47
session_4b0533ed92a0,user_073,hr,2026-07-19 09:01:51,2026-07-19 13:37:51,17,5,0,17,1,1,3,6,0,44.755,9.849,0,0,276.0,9.016666666666667,6,1,0,0.0,2.632647058823529,normal,0.8903,0.1098,0.2248,0.0,0.0,0.0,0.0,1.8865,0.0,0.3457,25,1.0,personal,15.87,17.46,16.54,19.03,0.0,1.43,14.3
session_33ba637b15b4,user_013,hr,2026-07-19 09:03:29,2026-07-19 09:24:29,8,4,0,8,1,8,3,3,0,91.992,19.613,0,1,21.0,9.05,6,1,0,0.0,11.499,device_spoofing,0.1958,3.2351,2.4731,0.0,0.0,7.0,0.0,8.6304,0.0,2.3927,29,1.0,personal,69.77,45.25,39.7,33.63,60.0,0.0,52.28
session_31f0b577abb8,user_005,hr,2026-07-19 09:04:14,2026-07-19 13:32:14,19,2,0,19,1,1,3,5,0,12.59,4.448,0,0,268.0,9.066666666666666,6,1,0,0.0,0.6626315789473685,normal,0.8125,0.7334,0.6745,0.0,0.0,0.0,0.0,0.0953,0.0,0.2573,30,1.0,personal,12.07,38.38,38.0,28.85,60.0,31.13,28.65
session_ab2cf53ad7f0,user_063,finance,2026-07-19 09:05:21,2026-07-19 12:28:21,15,4,0,15,1,1,3,3,1,24.591,9.002,0,0,203.0,9.083333333333334,6,1,0,0.0,1.6394,normal,0.7588,0.8278,0.4497,0.0,0.0,0.0,0.0,0.9624,0.0,0.3332,30,1.0,personal,15.35,18.46,24.21,23.56,40.0,2.76,19.96
session_e84c4cb00564,user_004,developer,2026-07-19 09:11:05,2026-07-19 13:30:05,18,7,0,18,1,1,5,0,0,0.0,0.0,0,0,259.0,9.183333333333334,6,1,0,0.0,0.0,normal,0.8094,0.3148,0.0,0.0,0.0,0.0,0.0,0.0,0.0,0.1249,27,1.0,personal,6.05,30.53,24.98,21.63,20.0,33.12,18.09
session_956b5a91d438,user_077,admin,2026-07-19 09:16:01,2026-07-19 17:00:01,23,3,0,23,1,1,5,0,0,0.0,0.0,4,0,464.0,9.266666666666667,6,1,0,0.0,0.0,normal,0.7307,2.2162,0.9443,0.0,0.0,0.0,0.0,0.0,1.349,0.5822,29,1.0,personal,25.26,23.13,19.63,22.03,20.0,0.0,21.88
session_345e95288a27,user_035,admin,2026-07-19 09:18:42,2026-07-19 12:27:42,16,3,0,16,1,1,4,0,0,0.0,0.0,0,0,189.0,9.3,6,1,0,0.0,0.0,normal,0.6995,0.6802,0.0,0.0,0.0,0.0,1.0,0.0,1.349,0.4143,26,1.0,personal,18.71,24.48,22.35,21.15,0.0,20.43,18.87
session_c00c05e87daa,user_016,developer,2026-07-19 09:21:15,2026-07-19 14:52:15,20,6,0,20,1,1,5,0,0,0.0,0.0,0,0,331.0,9.35,6,1,0,0.0,0.0,normal,1.207,0.9531,0.4497,0.0,0.0,0.0,0.0,0.0,0.0,0.29,29,1.0,personal,13.5,13.26,15.1,15.95,0.0,11.03,12.46
session_a5f9c1b6411a,user_062,hr,2026-07-19 09:23:53,2026-07-19 10:08:53,4,0,0,4,1,1,1,2,0,44.938,23.445,0,0,45.0,9.383333333333333,6,1,0,0.0,11.2345,normal,0.2421,2.7101,2.4089,0.0,0.0,0.0,2.0,0.7872,0.0,0.9054,26,1.0,personal,36.41,22.47,24.33,25.14,40.0,0.0,29.22
session_67de2e5b1526,user_009,developer,2026-07-19 09:29:16,2026-07-19 15:42:16,23,5,0,23,1,1,5,0,0,0.0,0.0,0,0,373.0,9.483333333333333,6,1,0,0.0,0.0,normal,1.4132,1.0382,0.7708,0.0,0.0,0.0,0.0,0.0,0.0,0.358,30,1.0,personal,16.39,12.79,14.34,19.27,20.0,0.0,15.19
session_fa8ad241fc1e,user_027,developer,2026-07-19 09:32:32,2026-07-19 15:27:32,19,7,0,19,1,1,5,0,0,0.0,0.0,0,0,355.0,9.533333333333331,6,1,0,0.0,0.0,normal,0.7195,0.9154,0.3372,0.0,0.0,0.0,0.0,0.0,0.0,0.2191,27,1.0,personal,10.38,11.99,20.01,26.05,20.0,0.0,14.16
session_d6979c398d99,user_015,finance,2026-07-19 09:37:00,2026-07-19 09:46:00,4,2,0,4,1,4,3,1,0,37.196,16.252,0,1,9.0,9.616666666666667,6,1,0,0.0,9.299,device_spoofing,0.7285,2.1078,1.4839,0.0,0.0,3.0,0.0,1.7854,0.0,1.0117,27,1.0,personal,39.7,26.28,25.18,25.23,40.0,0.0,31.44
session_049fb5d97db0,user_071,analyst,2026-07-19 09:39:12,2026-07-19 12:40:12,13,5,0,13,1,1,4,2,0,33.264,16.918,0,0,181.0,9.65,6,1,0,0.0,2.5587692307692302,normal,0.2381,1.1305,0.6745,0.0,0.0,0.0,0.0,1.6127,0.0,0.4062,27,1.0,personal,18.38,13.8,13.66,13.83,0.0,0.24,13.56
session_1432f0307674,user_036,developer,2026-07-19 09:42:31,2026-07-19 12:59:31,11,4,0,11,1,1,4,0,0,0.0,0.0,0,0,197.0,9.7,6,1,0,0.0,0.0,normal,0.0562,0.2326,0.8993,0.0,0.0,0.0,1.0,0.0,0.0,0.2431,30,1.0,personal,11.45,12.41,12.48,18.25,0.0,0.0,10.76
session_2becf980050f,user_010,finance,2026-07-19 09:46:06,2026-07-19 16:36:06,25,3,0,25,1,1,3,4,6,57.617,8.676,0,0,410.0,9.766666666666667,6,1,0,0.0,2.30468,normal,0.2543,1.1151,0.882,0.0,0.0,0.0,0.0,1.1558,0.0,0.3786,28,1.0,personal,17.25,18.38,17.35,18.15,0.0,11.94,15.59
session_99a30c733f06,user_062,hr,2026-07-19 10:11:09,2026-07-19 16:41:09,25,5,0,25,1,1,3,13,0,227.153,45.857,0,0,390.0,10.183333333333334,6,1,0,0.0,9.08612,normal,0.7323,1.4815,1.5176,0.0,0.0,0.0,0.0,5.8695,0.0,1.0668,27,1.0,personal,41.34,33.73,27.58,27.22,60.0,0.0,36.14
session_be09669cacba,user_056,hr,2026-07-19 10:36:14,2026-07-19 14:35:14,12,6,0,12,1,1,3,2,0,53.822,31.299,0,0,239.0,10.6,6,1,0,0.0,4.485166666666667,normal,1.1446,0.4068,1.0117,0.0,0.0,0.0,0.0,0.7955,0.0,0.3732,29,1.0,personal,17.02,18.1,22.34,20.78,20.0,0.0,17.86
session_b0150ad53782,user_041,finance,2026-07-19 11:01:30,2026-07-19 14:41:30,14,1,0,14,1,1,3,1,2,45.853,19.939,0,0,220.0,11.016666666666667,6,1,0,0.0,3.2752142857142856,normal,1.9959,0.0723,0.0964,0.0,0.0,0.0,0.0,1.397,0.0,0.3957,30,1.0,personal,17.95,19.98,22.45,23.68,20.0,0.0,18.91
session_1a243e250107,user_079,developer,2026-07-19 11:20:43,2026-07-19 15:17:43,15,2,0,15,1,1,5,0,0,0.0,0.0,0,0,237.0,11.333333333333334,6,1,0,0.0,0.0,normal,0.4818,0.2182,0.5059,0.0,0.0,0.0,0.0,0.0,0.0,0.134,25,1.0,personal,6.48,14.17,15.75,21.69,20.0,12.16,12.57
session_8d22ed1630c6,user_022,developer,2026-07-19 11:48:42,2026-07-19 11:48:42,1,0,0,1,1,1,1,1,0,31.563,31.563,0,1,0.0,11.8,6,1,0,0.0,31.563,low_slow_exfiltration,5.3068,4.2486,4.0469,0.0,0.0,0.0,4.0,31.563,0.0,3.0669,30,1.0,personal,78.42,65.84,40.73,26.43,40.0,100.0,62.29
session_e71c987b2a11,user_052,finance,2026-07-19 12:45:57,2026-07-19 12:45:57,1,0,0,1,1,1,1,1,0,9.112,9.112,0,1,0.0,12.75,6,1,0,0.0,9.112,low_slow_exfiltration,4.7924,2.526,2.8666,0.0,0.0,0.0,2.0,2.9659,0.0,1.6834,30,1.0,personal,56.9,51.64,35.98,30.49,40.0,72.04,49.14
session_06ef8bdf361f,user_076,analyst,2026-07-19 15:22:05,2026-07-19 15:22:05,1,0,0,1,1,1,1,0,0,7.091,7.091,0,1,0.0,15.366666666666667,6,1,0,0.0,7.091,insider_drift,6.4025,2.1415,2.0235,0.0,0.0,0.0,3.0,1.0455,0.0,1.6237,30,1.0,personal,55.6,55.42,42.2,32.92,60.0,67.25,52.31
session_893c4f8695e5,user_009,developer,2026-07-20 00:40:24,2026-07-20 00:50:24,6,1,0,6,1,1,6,0,0,0.0,0.0,1,1,10.0,0.6666666666666666,0,0,1,0.0,0.0,lateral_movement,15.5775,3.3085,2.5053,0.0,0.0,0.0,0.8308,0.0,1.0,1.9605,30,1.0,personal,62.48,38.56,25.76,24.3,40.0,7.23,43.36
session_0c00533f4895,user_012,analyst,2026-07-20 01:44:38,2026-07-20 01:54:38,6,1,0,6,1,1,6,0,0,0.0,0.0,1,1,10.0,1.7333333333333334,0,0,1,0.0,0.0,lateral_movement,11.4101,2.035,1.7986,0.0,0.0,0.0,2.0,2.3765,1.0,2.1345,30,1.0,personal,65.6,38.54,25.23,20.96,20.0,50.5,44.36
session_e9cbb853f480,user_036,developer,2026-07-20 02:11:47,2026-07-20 02:11:47,1,1,1,1,1,1,1,0,0,0.0,0.0,0,1,0.0,2.183333333333333,0,0,1,1.0,0.0,credential_stuffing,14.5176,2.0328,2.6016,1.0,0.0,0.0,4.0,0.0,0.0,2.1816,30,1.0,personal,66.41,38.55,25.57,23.86,20.0,55.25,45.26
session_a6d7ab447a23,user_050,developer,2026-07-20 02:12:07,2026-07-20 02:12:07,1,1,1,1,1,1,1,0,0,0.0,0.0,0,1,0.0,2.2,0,0,1,1.0,0.0,credential_stuffing,9.1916,2.9353,2.7943,1.0,0.0,0.0,4.0,0.0,0.0,2.2135,30,1.0,personal,66.94,40.83,38.29,32.35,60.0,3.55,50.1
session_4a6735e36734,user_044,developer,2026-07-20 02:12:27,2026-07-20 02:12:27,1,1,1,1,1,1,1,0,0,0.0,0.0,0,1,0.0,2.2,0,0,1,1.0,0.0,credential_stuffing,9.6391,3.4657,2.3232,1.0,0.0,0.0,4.0,0.0,0.0,2.2698,30,1.0,personal,67.85,39.85,35.08,26.08,40.0,53.22,49.64
session_08d2dba011ed,user_080,hr,2026-07-20 02:12:47,2026-07-20 02:12:47,1,1,1,1,1,1,1,0,0,0.0,0.0,0,1,0.0,2.2,0,0,1,1.0,0.0,credential_stuffing,11.4933,2.9984,2.8907,1.0,0.0,0.0,2.0,1.9533,0.0,2.3158,26,1.0,personal,68.59,44.33,33.06,25.84,40.0,35.59,49.62
session_a8852ee857bd,user_019,developer,2026-07-20 02:13:07,2026-07-20 02:13:07,1,1,1,1,1,1,1,0,0,0.0,0.0,0,1,0.0,2.216666666666667,0,0,1,1.0,0.0,credential_stuffing,16.5783,3.2854,4.2718,1.0,0.0,0.0,4.0,0.0,0.0,2.5064,29,1.0,personal,71.44,42.69,26.66,23.93,20.0,59.35,48.47
session_400765ef60aa,user_024,hr,2026-07-20 02:13:27,2026-07-20 02:13:27,1,1,1,1,1,1,1,0,0,0.0,0.0,0,1,0.0,2.216666666666667,0,0,1,1.0,0.0,credential_stuffing,9.1658,2.9474,2.2933,1.0,0.0,0.0,2.0,2.1421,0.0,2.1721,28,1.0,personal,66.25,44.24,37.35,30.99,40.0,53.86,50.74
session_293acadc374f,user_055,analyst,2026-07-20 02:13:47,2026-07-20 02:13:47,1,1,0,1,1,1,1,0,0,0.0,0.0,0,1,0.0,2.216666666666667,0,0,1,0.0,0.0,credential_stuffing,15.1454,2.4799,3.3725,0.0,0.0,0.0,3.0,2.312,0.0,2.3516,26,1.0,personal,69.14,41.54,28.91,24.43,20.0,37.16,46.6
session_85ac1bde00fa,user_045,admin,2026-07-20 02:14:07,2026-07-20 02:14:07,1,1,1,1,1,1,1,0,0,0.0,0.0,0,1,0.0,2.2333333333333334,0,0,1,1.0,0.0,credential_stuffing,10.6306,2.7124,2.698,1.0,0.0,0.0,4.0,0.0,2.0235,2.4927,28,1.0,personal,71.24,63.32,46.54,35.93,60.0,44.89,59.98
session_264693f3ccc5,user_060,developer,2026-07-20 02:14:27,2026-07-20 02:14:27,1,1,1,1,1,1,1,0,0,0.0,0.0,0,1,0.0,2.2333333333333334,0,0,1,1.0,0.0,credential_stuffing,12.0673,2.7998,2.3607,1.0,0.0,0.0,4.0,0.0,0.0,2.2401,30,1.0,personal,67.37,56.24,38.6,28.47,40.0,91.88,55.43
session_dd92d2c2c5e4,user_042,developer,2026-07-20 02:14:47,2026-07-20 02:14:47,1,1,1,1,1,1,1,0,0,0.0,0.0,0,1,0.0,2.2333333333333334,0,0,1,1.0,0.0,credential_stuffing,12.7029,2.862,3.0352,1.0,0.0,0.0,4.0,0.0,0.0,2.3219,29,1.0,personal,68.68,46.19,34.14,24.56,40.0,60.15,51.3
session_c7974531fd1e,user_043,hr,2026-07-20 06:49:15,2026-07-20 09:12:15,10,2,0,10,1,1,3,4,0,29.884,8.9,0,0,143.0,6.816666666666666,0,0,0,0.0,2.9884,normal,2.2271,0.9443,1.4453,0.0,0.0,0.0,0.0,0.5576,0.0,0.5749,30,1.0,personal,24.98,20.66,25.05,28.1,40.0,0.0,24.69
session_120d7d2bb506,user_012,analyst,2026-07-20 07:40:13,2026-07-20 11:23:13,17,5,0,17,1,1,4,4,0,17.145,7.679,0,0,223.0,7.666666666666667,0,0,0,0.0,1.008529411764706,normal,1.4052,0.4024,0.1499,0.0,0.0,0.0,0.0,0.4267,0.0,0.2649,30,1.0,personal,12.41,29.8,23.28,19.95,20.0,47.33,20.78
session_b56391dcbfe0,user_040,finance,2026-07-20 07:54:58,2026-07-20 13:54:58,22,6,0,22,1,1,3,5,4,155.629,34.074,0,0,360.0,7.9,0,0,0,0.0,7.074045454545455,normal,0.7653,0.9832,0.9743,0.0,0.0,0.0,0.0,1.914,0.0,0.5152,30,1.0,personal,22.71,15.46,21.86,29.72,40.0,0.0,22.43
session_e01bc085b444,user_022,developer,2026-07-20 07:55:51,2026-07-20 11:50:51,14,3,0,14,1,1,5,0,0,0.0,0.0,0,0,235.0,7.916666666666667,0,0,0,0.0,0.0,normal,0.6236,0.9804,1.1242,0.0,0.0,0.0,0.0,0.0,0.0,0.3031,30,1.0,personal,14.06,45.82,37.21,25.48,40.0,74.21,30.63
session_2263d16c1783,user_073,hr,2026-07-20 07:56:55,2026-07-20 12:08:55,20,4,0,20,1,1,3,8,0,80.401,18.374,0,0,252.0,7.933333333333334,0,0,0,0.0,4.02005,normal,0.8431,0.3169,0.5621,0.0,0.0,0.0,0.0,4.4204,0.0,0.6825,26,1.0,personal,28.91,23.24,19.67,20.29,0.0,6.69,21.53
session_5627190a0384,user_077,admin,2026-07-20 08:01:18,2026-07-20 12:35:18,17,4,0,17,1,1,5,0,0,0.0,0.0,2,0,274.0,8.016666666666667,0,0,0,0.0,0.0,normal,0.7419,0.1499,0.1349,0.0,0.0,0.0,0.0,0.0,0.0,0.1141,30,1.0,personal,5.55,14.87,15.76,19.93,0.0,4.93,9.8
session_645258d11a1e,user_039,developer,2026-07-20 08:03:51,2026-07-20 10:03:51,12,2,0,12,1,1,3,0,0,0.0,0.0,0,0,120.0,8.05,0,0,0,0.0,0.0,normal,1.5341,2.0622,1.1804,0.0,0.0,0.0,2.0,0.0,0.0,0.753,26,1.0,personal,31.37,22.89,20.91,22.53,20.0,0.0,24.52
session_282af4c10950,user_069,hr,2026-07-20 08:05:15,2026-07-20 08:25:15,2,2,0,2,2,2,1,0,0,0.0,0.0,0,1,20.0,8.083333333333334,0,0,0,0.0,0.0,impossible_travel,0.3372,4.2248,3.9345,0.0,1.0,1.0,2.0,3.5965,0.0,1.7881,30,1.0,personal,59.1,39.43,35.37,27.09,40.0,49.2,46.0
session_f66ea3f191d0,user_042,developer,2026-07-20 08:14:57,2026-07-20 11:17:57,10,2,0,10,1,1,5,0,0,0.0,0.0,0,0,183.0,8.233333333333333,0,0,0,0.0,0.0,normal,0.7869,1.194,1.5176,0.0,0.0,0.0,0.0,0.0,0.0,0.3887,29,1.0,personal,17.66,33.02,31.52,24.38,40.0,27.13,26.19
session_fe7e217d862e,user_011,analyst,2026-07-20 08:15:01,2026-07-20 13:27:01,20,5,0,20,1,1,4,6,0,75.77,34.565,0,0,312.0,8.25,0,0,0,0.0,3.7885,normal,0.6938,1.3698,1.349,0.0,0.0,0.0,0.0,1.5473,0.0,0.5511,26,1.0,personal,24.08,39.1,31.49,26.34,20.0,38.74,28.75
session_f74b60402e12,user_050,developer,2026-07-20 08:23:27,2026-07-20 13:58:27,20,4,0,20,1,1,5,0,0,0.0,0.0,0,0,335.0,8.383333333333333,0,0,0,0.0,0.0,normal,0.6216,1.2491,0.8672,0.0,0.0,0.0,0.0,0.0,0.0,0.3042,30,1.0,personal,14.11,31.92,32.33,30.8,60.0,0.0,25.96
session_459ccd3908e4,user_015,finance,2026-07-20 08:24:04,2026-07-20 13:12:04,22,6,0,22,1,1,3,5,5,43.496,9.943,0,0,288.0,8.4,0,0,0,0.0,1.9770909090909088,normal,1.2411,0.5059,0.9443,0.0,0.0,0.0,0.0,2.4892,0.0,0.5756,27,1.0,personal,25.01,27.29,24.19,25.45,20.0,7.2,24.0
session_081ef44c59e8,user_077,admin,2026-07-20 08:30:30,2026-07-20 08:45:30,6,2,0,6,1,6,4,3,0,69.733,19.902,0,1,15.0,8.5,0,0,0,0.0,11.622166666666669,device_spoofing,0.1312,3.1064,1.2877,0.0,0.0,5.0,1.0,69.733,1.349,2.4305,30,1.0,personal,70.34,41.23,29.53,26.0,20.0,61.79,48.5
session_254944da0885,user_045,admin,2026-07-20 08:30:55,2026-07-20 13:17:55,18,3,0,18,1,1,5,0,0,0.0,0.0,4,0,287.0,8.5,0,0,0,0.0,0.0,normal,0.3959,0.053,0.1686,0.0,0.0,0.0,0.0,0.0,0.6745,0.1436,28,1.0,personal,6.93,38.81,37.76,33.11,40.0,49.32,25.97
session_12e5fa5e5c07,user_025,hr,2026-07-20 08:35:34,2026-07-20 11:12:34,13,2,0,13,1,1,3,5,0,15.057,5.885,0,0,157.0,8.583333333333334,0,0,0,0.0,1.1582307692307692,normal,1.5943,0.7221,0.3372,0.0,0.0,0.0,0.0,1.5513,0.0,0.4672,29,1.0,personal,20.83,23.7,24.66,23.64,0.0,5.63,19.42
session_5d244179e3f8,user_058,hr,2026-07-20 08:36:49,2026-07-20 12:20:49,17,5,0,17,1,1,3,7,0,77.194,16.154,0,0,224.0,8.6,0,0,0,0.0,4.540823529411765,normal,0.3715,0.1852,0.5059,0.0,0.0,0.0,0.0,1.1086,0.0,0.2412,30,1.0,personal,11.36,13.15,13.69,15.76,0.0,0.0,10.8
session_2b8e8dd13fa6,user_068,developer,2026-07-20 08:38:18,2026-07-20 14:50:18,25,6,0,25,1,1,5,0,0,0.0,0.0,0,0,372.0,8.633333333333333,0,0,0,0.0,0.0,normal,2.0541,1.3892,1.5176,0.0,0.0,0.0,0.0,0.0,0.0,0.5512,27,1.0,personal,24.09,16.85,15.17,16.28,0.0,0.0,16.91
session_0662313e0575,user_035,admin,2026-07-20 08:40:20,2026-07-20 13:30:20,18,7,0,18,1,1,5,0,0,0.0,0.0,2,0,290.0,8.666666666666666,0,0,0,0.0,0.0,normal,0.2748,0.5233,0.3372,0.0,0.0,0.0,0.0,0.0,0.0,0.1261,27,1.0,personal,6.11,14.1,18.8,19.04,0.0,0.0,9.99
session_a50c5a749059,user_023,developer,2026-07-20 08:40:35,2026-07-20 12:15:35,15,6,0,15,1,1,4,0,0,0.0,0.0,0,0,215.0,8.666666666666666,0,0,0,0.0,0.0,normal,0.9902,0.6075,0.4047,0.0,0.0,0.0,1.0,0.0,0.0,0.3336,30,1.0,personal,15.36,17.46,14.52,13.57,0.0,17.44,14.04
session_ce84ad7ebfb9,user_070,admin,2026-07-20 08:44:05,2026-07-20 13:09:05,19,2,0,19,1,1,5,0,0,0.0,0.0,3,0,265.0,8.733333333333333,0,0,0,0.0,0.0,normal,0.9395,0.0472,0.3372,0.0,0.0,0.0,0.0,0.0,0.0,0.1471,30,1.0,personal,7.09,16.33,18.96,18.65,0.0,0.0,10.81
session_bb55fe8466be,user_024,hr,2026-07-20 08:45:15,2026-07-20 09:06:15,8,3,0,8,1,8,3,3,0,80.59700000000001,19.462,0,1,21.0,8.75,0,0,0,0.0,10.074625,device_spoofing,0.277,2.7093,1.349,0.0,0.0,7.0,0.0,0.4249,0.0,1.3067,28,1.0,personal,47.97,50.22,41.35,33.51,60.0,36.8,46.63
session_a189d44e5c24,user_006,analyst,2026-07-20 08:45:22,2026-07-20 14:37:22,25,9,0,25,1,1,4,3,0,18.658,8.645,0,0,352.0,8.75,0,0,0,0.0,0.7463200000000001,normal,0.2493,1.0001,1.2877,0.0,0.0,0.0,0.0,1.3204,0.0,0.4286,30,1.0,personal,19.29,33.22,32.21,27.05,40.0,27.66,27.28
session_26a755b5bfa4,user_021,finance,2026-07-20 08:45:28,2026-07-20 14:32:28,21,2,0,21,1,1,3,5,5,77.733,11.251,0,0,347.0,8.75,0,0,0,0.0,3.701571428571429,normal,0.1927,0.9298,0.9443,0.0,0.0,0.0,0.0,2.8082,0.0,0.5417,26,1.0,personal,23.73,31.94,31.16,26.15,40.0,27.72,28.55
session_cb5bd5f735e6,user_024,hr,2026-07-20 08:46:48,2026-07-20 13:50:48,23,8,0,23,1,1,3,6,0,162.557,48.787,0,0,304.0,8.766666666666667,0,0,0,0.0,7.067695652173913,normal,0.3011,0.4988,0.6745,0.0,0.0,0.0,0.0,1.3213,0.0,0.3106,28,1.0,personal,14.38,34.22,35.53,31.67,60.0,0.0,27.09
session_f24a534a67c8,user_067,analyst,2026-07-20 08:49:05,2026-07-20 13:01:05,17,4,0,17,1,1,4,4,0,43.133,13.544,0,0,252.0,8.816666666666666,0,0,0,0.0,2.537235294117647,normal,1.0377,0.1173,0.1686,0.0,0.0,0.0,0.0,0.061,0.0,0.1538,30,1.0,personal,7.4,12.4,15.3,17.62,20.0,0.0,11.5
session_b3534f51327a,user_017,admin,2026-07-20 08:54:05,2026-07-20 13:06:05,14,3,0,14,1,1,5,0,0,0.0,0.0,2,0,252.0,8.9,0,0,0,0.0,0.0,normal,1.065,0.1309,0.2529,0.0,0.0,0.0,0.0,0.0,0.0,0.161,30,1.0,personal,7.73,12.81,15.39,18.11,0.0,0.0,9.77
session_8c622eba946c,user_057,developer,2026-07-20 08:57:07,2026-07-20 13:03:07,18,5,0,18,1,1,5,0,0,0.0,0.0,0,0,246.0,8.95,0,0,0,0.0,0.0,normal,0.1741,0.407,0.6745,0.0,0.0,0.0,0.0,0.0,0.0,0.1395,27,1.0,personal,6.74,6.57,15.98,19.53,20.0,0.0,10.36
session_5dd1ad8ece14,user_064,finance,2026-07-20 09:01:05,2026-07-20 12:56:05,13,2,0,13,1,1,3,2,2,45.35,18.123,0,0,235.0,9.016666666666667,0,0,0,0.0,3.4884615384615385,normal,1.4956,0.4151,0.6745,0.0,0.0,0.0,0.0,1.0574,0.0,0.4047,25,1.0,personal,18.32,15.97,17.83,17.6,0.0,10.42,15.48
session_4f1884cc94ab,user_051,analyst,2026-07-20 09:01:41,2026-07-20 13:07:41,16,5,0,16,1,1,3,4,0,27.657,11.264,0,0,246.0,9.016666666666667,0,0,0,0.0,1.7285625,normal,0.1226,0.1878,0.1349,0.0,0.0,0.0,1.0,0.0882,0.0,0.1704,29,1.0,personal,8.17,7.98,13.73,14.98,20.0,0.0,10.42
session_dd27104c31f7,user_055,analyst,2026-07-20 09:01:47,2026-07-20 13:19:47,16,3,0,16,1,1,4,2,0,28.344,15.826,0,0,258.0,9.016666666666667,0,0,0,0.0,1.7715,normal,2.6366,0.1369,0.0,0.0,0.0,0.0,0.0,1.3386,0.0,0.4569,26,1.0,personal,20.42,35.29,27.72,24.17,20.0,32.35,25.42
session_f98d8f882121,user_032,hr,2026-07-20 09:02:27,2026-07-20 13:47:27,18,3,0,18,1,1,3,6,0,23.741,5.666,0,0,285.0,9.033333333333331,0,0,0,0.0,1.3189444444444445,normal,0.7185,0.0805,0.0,0.0,0.0,0.0,0.0,1.0777,0.0,0.2085,26,1.0,personal,9.9,11.51,12.56,15.07,0.0,0.0,9.65
session_538bc4b7731c,user_034,finance,2026-07-20 09:04:09,2026-07-20 13:12:09,19,5,0,19,1,1,3,2,3,41.966,19.708,0,0,248.0,9.066666666666666,0,0,0,0.0,2.208736842105263,normal,0.4336,0.1389,0.6745,0.0,0.0,0.0,0.0,0.2601,0.0,0.1675,30,1.0,personal,8.03,10.96,13.95,18.27,0.0,0.0,9.32
session_53e89119b106,user_005,hr,2026-07-20 09:04:36,2026-07-20 15:18:36,20,7,0,20,1,1,3,4,0,17.59,7.686,0,0,374.0,9.066666666666666,0,0,0,0.0,0.8795,normal,0.6888,1.7457,0.6745,0.0,0.0,0.0,0.0,0.6984,0.0,0.423,30,1.0,personal,19.06,23.62,34.04,28.26,60.0,0.0,26.28
session_24121c8d00f3,user_063,finance,2026-07-20 09:04:49,2026-07-20 14:10:49,22,4,0,22,1,1,3,5,5,51.662,8.124,0,0,306.0,9.066666666666666,0,0,0,0.0,2.348272727272727,normal,0.7264,0.4354,1.1242,0.0,0.0,0.0,0.0,0.8797,0.0,0.3517,30,1.0,personal,16.13,15.6,22.26,22.59,40.0,0.0,19.17
session_fed00fcd8046,user_074,finance,2026-07-20 09:05:13,2026-07-20 14:21:13,19,4,0,19,1,1,3,2,5,19.881,4.477,0,0,316.0,9.083333333333334,0,0,0,0.0,1.0463684210526316,normal,0.0241,0.4497,0.2248,0.0,0.0,0.0,0.0,0.2297,0.0,0.1031,29,1.0,personal,5.02,11.97,14.45,13.81,0.0,0.0,7.95
session_67f4c2ae6c3d,user_052,finance,2026-07-20 09:09:43,2026-07-20 11:33:43,10,1,0,10,1,1,3,1,1,12.618000000000002,8.412,0,0,144.0,9.15,0,0,0,0.0,1.2618000000000005,normal,0.3195,1.2564,1.349,0.0,0.0,0.0,0.0,2.7064,0.0,0.6257,30,1.0,personal,26.86,42.13,35.5,30.05,40.0,49.41,33.97
session_60b074d66688,user_009,developer,2026-07-20 09:16:59,2026-07-20 11:31:59,10,2,0,10,1,1,5,0,0,0.0,0.0,0,0,135.0,9.266666666666667,0,0,0,0.0,0.0,normal,0.9957,1.8548,1.7344,0.0,0.0,0.0,0.0,0.0,0.0,0.5094,30,1.0,personal,22.49,34.8,25.12,24.13,20.0,56.6,26.97
session_a94820fe0dfb,user_033,developer,2026-07-20 09:19:31,2026-07-20 15:49:31,24,6,0,24,1,1,5,0,0,0.0,0.0,0,0,390.0,9.316666666666666,0,0,0,0.0,0.0,normal,0.5336,1.139,1.0792,0.0,0.0,0.0,0.0,0.0,0.0,0.3058,28,1.0,personal,14.18,39.39,36.47,29.78,40.0,33.71,27.68
session_ce5816448329,user_044,developer,2026-07-20 09:19:50,2026-07-20 13:54:50,17,5,0,17,1,1,5,0,0,0.0,0.0,0,0,275.0,9.316666666666666,0,0,0,0.0,0.0,normal,0.8339,0.4808,0.0749,0.0,0.0,0.0,0.0,0.0,0.0,0.1544,30,1.0,personal,7.43,28.42,29.5,24.34,40.0,2.02,19.62
session_67fd6d352b7c,user_030,hr,2026-07-20 09:21:41,2026-07-20 16:12:41,22,5,0,22,1,1,3,4,0,46.65,12.561,0,0,411.0,9.35,0,0,0,0.0,2.1204545454545456,normal,0.5396,1.1611,0.6745,0.0,0.0,0.0,0.0,0.1131,0.0,0.2765,30,1.0,personal,12.91,33.55,26.4,27.1,20.0,42.32,22.66
session_06c76ca08e0a,user_059,analyst,2026-07-20 09:24:00,2026-07-20 13:14:00,19,6,0,19,1,1,4,8,0,65.616,12.68,0,0,230.0,9.4,0,0,0,0.0,3.4534736842105263,normal,0.1065,0.3182,0.1686,0.0,0.0,0.0,0.0,1.5237,0.0,0.2352,25,1.0,personal,11.09,38.52,37.88,35.94,60.0,0.0,27.42
session_fa5889471a42,user_056,hr,2026-07-20 09:26:12,2026-07-20 13:56:12,21,5,0,21,1,1,3,5,0,145.877,42.125,0,0,270.0,9.433333333333334,0,0,0,0.0,6.94652380952381,normal,0.4312,0.0584,0.5246,0.0,0.0,0.0,0.0,0.6988,0.0,0.1903,30,1.0,personal,9.08,13.38,18.28,19.61,20.0,0.0,13.01
session_5e1b5600fe96,user_049,analyst,2026-07-20 09:28:18,2026-07-20 13:34:18,17,2,0,17,1,1,4,4,0,22.223,8.247,0,0,246.0,9.466666666666669,0,0,0,0.0,1.307235294117647,normal,0.1686,0.0838,0.0749,0.0,0.0,0.0,0.0,0.7505,0.0,0.1198,28,1.0,personal,5.81,9.93,14.92,17.84,20.0,0.0,10.33
session_0168b3cd9301,user_061,analyst,2026-07-20 09:30:40,2026-07-20 13:27:40,15,4,0,15,1,1,4,4,0,19.93,5.132,0,0,237.0,9.5,0,0,0,0.0,1.3286666666666669,normal,0.1349,0.4898,0.5246,0.0,0.0,0.0,0.0,0.1059,0.0,0.1395,30,1.0,personal,6.74,10.55,13.42,13.97,0.0,0.0,8.22
session_f478aa38d278,user_028,developer,2026-07-20 09:31:29,2026-07-20 15:18:29,19,6,0,19,1,1,5,0,0,0.0,0.0,0,0,347.0,9.516666666666667,0,0,0,0.0,0.0,normal,0.1265,1.8729,0.8431,0.0,0.0,0.0,0.0,0.0,0.0,0.3158,30,1.0,personal,14.61,16.17,17.22,18.76,20.0,0.0,15.54
session_5b4295bf3737,user_069,hr,2026-07-20 09:32:32,2026-07-20 13:43:32,16,5,0,16,1,1,3,4,0,56.531,26.419,0,0,251.0,9.533333333333331,0,0,0,0.0,3.5331875,normal,2.2933,0.8005,0.7869,0.0,0.0,0.0,0.0,0.5589,0.0,0.4933,30,1.0,personal,21.86,34.55,33.22,26.91,40.0,30.16,28.84
session_4d14aea20511,user_018,developer,2026-07-20 09:37:43,2026-07-20 12:48:43,12,7,0,12,1,1,5,0,0,0.0,0.0,0,0,191.0,9.616666666666667,0,0,0,0.0,0.0,normal,1.349,0.3847,0.4818,0.0,0.0,0.0,0.0,0.0,0.0,0.2462,30,1.0,personal,11.58,14.37,12.62,13.9,0.0,11.05,11.34
session_f6489e42b2cc,user_029,admin,2026-07-20 09:38:07,2026-07-20 13:21:07,17,4,0,17,1,1,5,0,0,0.0,0.0,1,0,223.0,9.633333333333333,0,0,0,0.0,0.0,normal,2.6807,0.0383,0.2529,0.0,0.0,0.0,0.0,0.0,0.6745,0.4052,28,1.0,personal,18.34,13.81,18.22,20.91,20.0,0.0,16.92
session_f0b27aac32e0,user_008,developer,2026-07-20 09:42:05,2026-07-20 15:15:05,20,6,0,20,1,1,5,0,0,0.0,0.0,0,0,333.0,9.7,0,0,0,0.0,0.0,normal,0.7136,0.6555,0.607,0.0,0.0,0.0,0.0,0.0,0.0,0.2196,30,1.0,personal,10.4,10.45,15.56,17.42,20.0,0.0,12.33
session_f4f37fdb5801,user_036,developer,2026-07-20 09:43:47,2026-07-20 12:05:47,11,5,0,11,1,1,5,0,0,0.0,0.0,0,0,142.0,9.716666666666669,0,0,0,0.0,0.0,normal,0.0,0.7117,0.6745,0.0,0.0,0.0,0.0,0.0,0.0,0.154,30,1.0,personal,7.41,27.75,22.41,21.69,20.0,37.04,17.9
session_a8523dc302ec,user_026,analyst,2026-07-20 09:44:10,2026-07-20 16:28:10,25,9,0,25,1,1,4,6,0,45.534,15.544,0,0,404.0,9.733333333333333,0,0,0,0.0,1.82136,normal,0.1038,2.1338,2.2483,0.0,0.0,0.0,0.0,1.7601,0.0,0.694,29,1.0,personal,29.32,30.04,29.34,26.02,20.0,20.69,27.77
session_1f2c39eb41b7,user_037,developer,2026-07-20 09:47:46,2026-07-20 13:29:46,13,4,0,13,1,1,5,0,0,0.0,0.0,0,0,222.0,9.783333333333331,0,0,0,0.0,0.0,normal,0.2698,0.6286,1.0117,0.0,0.0,0.0,0.0,0.0,0.0,0.2122,30,1.0,personal,10.07,10.01,12.45,15.03,0.0,3.02,9.55
session_4a2070479304,user_019,developer,2026-07-20 09:49:46,2026-07-20 12:35:46,14,5,0,14,1,1,5,0,0,0.0,0.0,0,0,166.0,9.816666666666666,0,0,0,0.0,0.0,normal,0.3905,1.4795,1.349,0.0,0.0,0.0,0.0,0.0,0.0,0.3577,29,1.0,personal,16.38,34.73,25.57,23.06,20.0,47.7,24.02
session_f84697b846c1,user_020,finance,2026-07-20 09:50:38,2026-07-20 14:11:38,18,3,0,18,1,1,3,8,0,109.973,23.643,0,0,261.0,9.833333333333334,0,0,0,0.0,6.109611111111111,normal,1.8622,0.1717,0.5059,0.0,0.0,0.0,0.0,0.5075,0.0,0.3386,30,1.0,personal,15.57,14.26,22.35,21.19,20.0,4.86,16.8
session_6fade2292943,user_002,finance,2026-07-20 09:54:09,2026-07-20 14:08:09,16,5,0,16,1,1,3,3,7,75.131,14.207,0,0,254.0,9.9,0,0,0,0.0,4.6956875,normal,0.8244,0.3009,0.1686,0.0,0.0,0.0,0.0,0.8355,0.0,0.2366,28,1.0,personal,11.16,14.49,21.57,19.71,20.0,0.0,14.57
session_217e78faca2c,user_047,developer,2026-07-20 09:55:16,2026-07-20 12:16:16,10,3,0,10,1,1,4,0,0,0.0,0.0,0,0,141.0,9.916666666666666,0,0,0,0.0,0.0,normal,0.1239,1.0998,0.8094,0.0,0.0,0.0,0.9197,0.0,0.0,0.3281,30,1.0,personal,15.13,10.63,12.34,14.97,20.0,0.0,13.53
session_074572197d47,user_062,hr,2026-07-20 09:55:16,2026-07-20 15:00:16,23,7,0,23,1,1,3,8,0,131.50400000000002,33.523,0,0,305.0,9.916666666666666,0,0,0,0.0,5.717565217391305,normal,0.3326,0.423,1.2526,0.0,0.0,0.0,0.0,2.2882,0.0,0.4774,28,1.0,personal,21.23,30.47,25.26,26.52,40.0,21.07,26.08
session_918841d1cea0,user_041,finance,2026-07-20 09:59:30,2026-07-20 16:23:30,24,4,0,24,1,1,3,5,5,230.077,40.135,0,0,384.0,9.983333333333333,0,0,0,0.0,9.586541666666667,normal,0.2891,1.4427,1.8308,0.0,0.0,0.0,0.0,1.482,0.0,0.5605,30,1.0,personal,24.44,22.1,21.63,23.82,0.0,4.71,20.06
session_adfbf952dfcc,user_065,hr,2026-07-20 10:00:13,2026-07-20 15:08:13,19,6,0,19,1,1,3,6,0,62.759,17.54,0,0,308.0,10.0,0,0,0,0.0,3.3031052631578945,normal,1.3176,0.303,0.2075,0.0,0.0,0.0,0.0,0.5652,0.0,0.2659,30,1.0,personal,12.45,13.98,15.78,16.89,0.0,0.0,11.83
session_2ad0b4affed7,user_038,developer,2026-07-20 10:00:17,2026-07-20 15:07:17,25,6,0,25,1,1,5,0,0,0.0,0.0,0,0,307.0,10.0,0,0,0,0.0,0.0,normal,2.4599,0.5117,1.7986,0.0,0.0,0.0,0.0,0.0,0.0,0.53,30,1.0,personal,23.28,36.93,33.87,30.31,40.0,17.6,29.69
session_3bdbce75964f,user_031,developer,2026-07-20 10:01:48,2026-07-20 12:33:48,10,3,0,10,1,1,5,0,0,0.0,0.0,0,0,152.0,10.016666666666667,0,0,0,0.0,0.0,normal,0.5729,0.7843,0.6745,0.0,0.0,0.0,0.0,0.0,0.0,0.2257,30,1.0,personal,10.67,13.5,19.59,20.48,40.0,5.35,16.22
session_249fefa33e71,user_080,hr,2026-07-20 10:04:52,2026-07-20 12:41:52,12,5,0,12,1,1,3,2,0,30.027,16.318,0,0,157.0,10.066666666666666,0,0,0,0.0,2.50225,normal,1.2411,1.0731,0.7708,0.0,0.0,0.0,0.0,1.1768,0.0,0.4735,26,1.0,personal,21.08,36.97,30.96,25.78,40.0,20.15,28.06
session_fe246c3c1cdf,user_010,finance,2026-07-20 10:05:16,2026-07-20 16:10:16,24,7,0,24,1,1,3,4,3,60.516000000000005,14.459,0,0,365.0,10.083333333333334,0,0,0,0.0,2.5215,normal,0.4848,0.7947,0.6745,0.0,0.0,0.0,0.0,1.115,0.0,0.341,29,1.0,personal,15.68,16.35,17.23,17.57,0.0,1.27,13.95
session_88ed0dd583f5,user_013,hr,2026-07-20 10:05:18,2026-07-20 14:02:18,18,8,0,18,1,1,3,4,0,15.868,4.53,0,0,237.0,10.083333333333334,0,0,0,0.0,0.8815555555555555,normal,1.1532,0.5371,0.2248,0.0,0.0,0.0,0.0,0.1688,0.0,0.2315,29,1.0,personal,10.93,32.72,32.44,31.44,40.0,7.14,23.28
session_86cf8a2703e5,user_075,developer,2026-07-20 10:07:24,2026-07-20 13:28:24,13,3,0,13,1,1,4,0,0,0.0,0.0,0,0,201.0,10.116666666666667,0,0,0,0.0,0.0,normal,0.8042,0.8697,0.6745,0.0,0.0,0.0,0.8969,0.0,0.0,0.3606,24,1.0,personal,16.5,12.1,9.65,12.86,0.0,0.0,11.75
session_698839d95232,user_078,developer,2026-07-20 10:12:27,2026-07-20 13:02:27,10,4,0,10,1,1,5,0,0,0.0,0.0,0,0,170.0,10.2,0,0,0,0.0,0.0,normal,0.8431,0.6044,0.6745,0.0,0.0,0.0,0.0,0.0,0.0,0.2358,29,1.0,personal,11.12,20.26,18.59,20.5,20.0,1.29,15.4
session_65ac85566906,user_004,developer,2026-07-20 10:13:03,2026-07-20 12:59:03,12,7,0,12,1,1,4,0,0,0.0,0.0,0,0,166.0,10.216666666666669,0,0,0,0.0,0.0,normal,0.9038,1.9456,1.6188,0.0,0.0,0.0,1.0,0.0,0.0,0.6076,28,1.0,personal,26.2,26.88,26.11,22.44,20.0,17.37,24.88
session_8a9a51c73309,user_076,analyst,2026-07-20 10:13:40,2026-07-20 13:51:40,13,5,0,13,1,1,4,3,0,14.89,5.727,0,0,218.0,10.216666666666669,0,0,0,0.0,1.1453846153846154,normal,0.0104,0.3035,0.4047,0.0,0.0,0.0,0.0,0.5176,0.0,0.1374,30,1.0,personal,6.64,31.07,34.99,30.15,60.0,28.02,24.54
session_bd1b625c5853,user_027,developer,2026-07-20 10:20:47,2026-07-20 14:36:47,17,3,0,17,1,1,4,0,0,0.0,0.0,0,0,256.0,10.333333333333334,0,0,0,0.0,0.0,normal,2.7204,0.0372,0.0964,0.0,0.0,0.0,1.0,0.0,0.0,0.4282,28,1.0,personal,19.27,15.61,19.67,24.28,20.0,0.0,18.21
session_d84cba07adaf,user_048,developer,2026-07-20 10:26:04,2026-07-20 14:22:04,18,3,0,18,1,1,5,0,0,0.0,0.0,0,0,236.0,10.433333333333334,0,0,0,0.0,0.0,normal,1.173,0.4216,0.0964,0.0,0.0,0.0,0.0,0.0,0.0,0.1879,30,1.0,personal,8.97,28.01,23.4,24.12,20.0,34.85,18.85
session_4ad67eefa142,user_014,hr,2026-07-20 10:28:24,2026-07-20 16:14:24,22,1,0,22,1,1,3,5,0,46.286,13.977,0,0,346.0,10.466666666666669,0,0,0,0.0,2.103909090909091,normal,1.1171,0.5963,0.5621,0.0,0.0,0.0,0.0,0.8726,0.0,0.3498,25,1.0,personal,16.05,27.56,31.1,29.24,60.0,0.0,25.52
session_1843938abb8f,user_066,developer,2026-07-20 10:30:05,2026-07-20 12:26:05,9,4,0,9,1,1,5,0,0,0.0,0.0,0,0,116.0,10.5,0,0,0,0.0,0.0,normal,1.4009,1.2604,0.8672,0.0,0.0,0.0,0.0,0.0,0.0,0.3921,26,1.0,personal,17.8,16.09,14.72,21.02,0.0,8.13,15.06
session_fad0f3971b66,user_079,developer,2026-07-20 10:30:22,2026-07-20 13:19:22,9,2,0,9,1,1,4,0,0,0.0,0.0,0,0,169.0,10.5,0,0,0,0.0,0.0,normal,0.8364,0.8956,1.5176,0.0,0.0,0.0,1.0,0.0,0.0,0.4722,26,1.0,personal,21.03,14.37,17.37,20.8,20.0,14.29,18.69
session_5249857ed10d,user_072,hr,2026-07-20 10:32:44,2026-07-20 14:20:44,15,3,0,15,1,1,3,3,0,34.647000000000006,13.601,0,0,228.0,10.533333333333331,0,0,0,0.0,2.3098000000000005,normal,1.5329,0.2569,0.4047,0.0,0.0,0.0,0.0,0.3844,0.0,0.2865,29,1.0,personal,13.35,13.26,13.31,15.12,0.0,1.21,11.56
session_371c404675fe,user_022,developer,2026-07-20 10:33:37,2026-07-20 10:33:37,1,0,0,1,1,1,1,1,0,38.691,38.691,0,1,0.0,10.55,0,0,0,0.0,38.691,low_slow_exfiltration,3.5312,4.2486,4.0469,0.0,0.0,0.0,4.0,38.691,0.0,2.8696,30,1.0,personal,76.18,55.85,48.81,32.59,60.0,96.85,63.07
session_1ec0d62123a7,user_003,developer,2026-07-20 10:45:11,2026-07-20 13:33:11,11,3,0,11,1,1,4,0,0,0.0,0.0,0,0,168.0,10.75,0,0,0,0.0,0.0,normal,0.9848,0.8807,0.9743,0.0,0.0,0.0,1.0,0.0,0.0,0.4266,30,1.0,personal,19.21,16.7,14.31,12.56,0.0,10.83,14.97
session_149e69a0be9b,user_001,finance,2026-07-20 10:56:42,2026-07-20 16:47:42,25,4,0,25,1,1,3,8,6,195.827,32.175,0,0,351.0,10.933333333333334,0,0,0,0.0,7.83308,normal,2.5953,1.0432,1.2815,0.0,0.0,0.0,0.0,2.559,0.0,0.831,28,1.0,personal,34.0,23.86,23.61,20.46,20.0,19.56,26.94
session_7560e0ea0ecc,user_071,analyst,2026-07-20 10:56:42,2026-07-20 12:57:42,12,4,0,12,1,1,4,5,0,83.426,21.656,0,0,121.0,10.933333333333334,0,0,0,0.0,6.952166666666667,normal,1.9682,1.6197,0.7419,0.0,0.0,0.0,0.0,0.2854,0.0,0.5128,28,1.0,personal,22.62,18.26,15.91,14.88,0.0,18.29,17.49
session_46392a4a2668,user_054,developer,2026-07-20 11:03:15,2026-07-20 16:36:15,23,9,0,23,1,1,5,0,0,0.0,0.0,0,0,333.0,11.05,0,0,0,0.0,0.0,normal,2.4627,0.9617,1.349,0.0,0.0,0.0,0.0,0.0,0.0,0.5304,28,1.0,personal,23.29,20.76,17.12,16.01,0.0,19.86,18.63
session_da4cae99a6d9,user_053,hr,2026-07-20 11:17:14,2026-07-20 16:15:14,20,7,0,20,1,1,3,9,0,45.846,7.585,0,0,298.0,11.283333333333331,0,0,0,0.0,2.2923,normal,0.8961,0.034,0.2698,0.0,0.0,0.0,0.0,2.2419,0.0,0.3824,30,1.0,personal,17.4,25.08,29.96,24.68,40.0,2.22,23.05
session_01ab67e8cee0,user_052,finance,2026-07-20 14:10:49,2026-07-20 14:10:49,1,0,0,1,1,1,1,1,0,11.17,11.17,0,1,0.0,14.166666666666666,0,0,0,0.0,11.17,low_slow_exfiltration,6.9256,2.3711,2.8666,0.0,0.0,0.0,2.0,2.5619,0.0,1.8584,30,1.0,personal,60.51,48.69,42.99,33.77,60.0,77.16,53.63
session_2ea8e359184c,user_076,analyst,2026-07-20 15:31:41,2026-07-20 15:31:41,1,0,0,1,1,1,1,0,0,8.273,8.273,0,1,0.0,15.516666666666667,0,0,0,0.0,8.273,insider_drift,7.8815,2.1686,2.2483,0.0,0.0,0.0,3.0,1.021,0.0,1.8133,30,1.0,personal,59.61,41.29,41.85,34.09,80.0,38.95,51.74
session_06e2a534f0b9,user_045,admin,2026-07-20 22:01:33,2026-07-20 23:13:33,10,2,0,10,1,1,4,0,0,66.794,16.157,0,0,72.0,22.016666666666666,0,0,1,0.0,6.679399999999999,normal,22.1503,2.1017,1.1804,0.0,0.0,0.0,1.0,66.794,2.0235,2.9228,29,1.0,personal,76.81,52.59,48.76,39.21,60.0,67.06,61.83
session_1cdfd21f28fd,user_049,analyst,2026-07-21 02:30:22,2026-07-21 02:35:28,19,19,19,19,4,1,1,0,0,0.0,0.0,0,1,5.1,2.5,1,0,1,1.0,0.0,brute_force,9.9728,2.0572,0.3372,1.0,3.0,0.0,3.0,1.3463,0.0,2.3015,29,1.0,personal,68.36,38.35,26.61,23.92,20.0,46.77,45.74
session_1f1b19a71a07,user_045,admin,2026-07-21 06:55:40,2026-07-21 10:54:40,16,5,0,16,1,1,5,0,0,0.0,0.0,1,0,239.0,6.916666666666667,1,0,0,0.0,0.0,normal,2.2016,0.4095,0.1686,0.0,0.0,0.0,0.0,0.0,1.349,0.4587,30,1.0,personal,20.49,37.01,43.37,37.77,60.0,5.62,32.16
session_de4c91b8eb2a,user_044,developer,2026-07-21 07:30:50,2026-07-21 12:51:50,19,5,0,19,1,1,5,0,0,0.0,0.0,0,0,321.0,7.5,1,0,0,0.0,0.0,normal,1.7148,1.2187,0.3747,0.0,0.0,0.0,0.0,0.0,0.0,0.3676,30,1.0,personal,16.79,22.18,26.37,23.78,40.0,0.0,21.49
session_d66762e19b6b,user_007,developer,2026-07-21 07:32:38,2026-07-21 10:03:38,9,3,0,9,1,1,5,0,0,0.0,0.0,0,0,151.0,7.533333333333333,1,0,0,0.0,0.0,normal,1.63,1.2986,0.9443,0.0,0.0,0.0,0.0,0.0,0.0,0.4303,29,1.0,personal,19.36,13.52,16.57,21.55,20.0,13.7,17.77
session_6648f2b858e5,user_015,finance,2026-07-21 07:34:52,2026-07-21 10:30:52,10,2,0,10,1,1,3,1,4,20.723,6.08,0,0,176.0,7.566666666666666,1,0,0,0.0,2.0723,normal,2.5766,0.7615,0.8094,0.0,0.0,0.0,0.0,0.1402,0.0,0.4764,28,1.0,personal,21.2,25.55,23.62,25.19,20.0,7.67,22.03
session_1e0a0442d1b0,user_043,hr,2026-07-21 07:54:35,2026-07-21 11:17:35,13,7,0,13,1,1,3,3,0,36.051,15.137,0,0,203.0,7.9,1,0,0,0.0,2.7731538461538463,normal,0.5273,0.3469,0.8672,0.0,0.0,0.0,0.0,0.3931,0.0,0.2372,30,1.0,personal,11.18,16.36,20.01,25.96,20.0,0.0,15.34
session_08ed91bce427,user_016,developer,2026-07-21 07:55:19,2026-07-21 07:56:19,3,3,2,3,1,1,1,0,0,0.0,0.0,0,0,1.0,7.916666666666667,1,0,0,0.6666666666666666,0.0,normal,1.8159,3.958,4.0469,0.6667,0.0,0.0,4.0,0.0,0.0,1.6097,30,1.0,personal,55.28,33.04,25.42,20.51,20.0,44.19,38.79
session_d7a40d67f914,user_029,admin,2026-07-21 08:03:19,2026-07-21 12:26:19,18,4,0,18,1,1,5,0,0,0.0,0.0,0,0,263.0,8.05,1,0,0,0.0,0.0,normal,0.639,0.361,0.3372,0.0,0.0,0.0,0.0,0.0,1.349,0.2985,29,1.0,personal,13.86,14.37,16.04,20.12,20.0,0.0,14.84
session_c93c783c6ec5,user_073,hr,2026-07-21 08:05:11,2026-07-21 14:01:11,24,10,0,24,1,1,3,4,0,44.428,15.322,0,0,356.0,8.083333333333334,1,0,0,0.0,1.8511666666666664,normal,0.5967,1.3972,2.0235,0.0,0.0,0.0,0.0,1.4559,0.0,0.6081,27,1.0,personal,26.22,25.39,21.47,21.05,0.0,21.63,21.97
session_6e0d796633b0,user_016,developer,2026-07-21 08:09:56,2026-07-21 12:54:56,14,2,0,14,1,1,5,0,0,0.0,0.0,0,0,285.0,8.15,1,0,0,0.0,0.0,normal,1.3135,0.2673,0.8993,0.0,0.0,0.0,0.0,0.0,0.0,0.2756,30,1.0,personal,12.87,27.11,23.39,19.4,20.0,11.12,18.58
session_9e743ad230a4,user_069,hr,2026-07-21 08:13:36,2026-07-21 12:57:36,18,6,0,18,1,1,3,3,0,39.34,13.973,0,0,284.0,8.216666666666667,1,0,0,0.0,2.185555555555556,normal,0.3182,0.3113,0.3372,0.0,0.0,0.0,0.0,0.9951,0.0,0.218,30,1.0,personal,10.33,22.3,28.25,25.18,40.0,0.0,19.35
session_aa0672c006ec,user_011,analyst,2026-07-21 08:16:31,2026-07-21 11:19:31,13,4,0,13,1,1,4,4,0,46.685,19.345,0,0,183.0,8.266666666666667,1,0,0,0.0,3.591153846153846,normal,0.4175,0.4021,0.2248,0.0,0.0,0.0,0.0,0.3303,0.0,0.1527,27,1.0,personal,7.35,23.36,26.43,24.3,20.0,16.96,16.85
session_70a379253e8f,user_058,hr,2026-07-21 08:19:51,2026-07-21 14:22:51,19,6,0,19,1,1,3,5,0,60.104,15.887,0,0,363.0,8.316666666666666,1,0,0,0.0,3.163368421052632,normal,0.1752,1.0899,0.8431,0.0,0.0,0.0,0.0,0.4867,0.0,0.2883,30,1.0,personal,13.42,13.73,13.51,15.45,0.0,0.0,11.69
session_68484f4ad275,user_064,finance,2026-07-21 08:24:51,2026-07-21 14:40:51,25,5,0,25,1,1,3,4,2,121.337,30.313,0,0,376.0,8.4,1,0,0,0.0,4.85348,normal,0.3579,1.0536,1.0792,0.0,0.0,0.0,0.0,0.1983,0.0,0.2988,26,1.0,personal,13.88,14.42,17.1,16.95,0.0,0.0,12.7
session_975e0cba9596,user_038,developer,2026-07-21 08:25:24,2026-07-21 11:42:24,12,2,0,12,1,1,4,0,0,0.0,0.0,0,0,197.0,8.416666666666666,1,0,0,0.0,0.0,normal,1.0186,1.1939,1.1242,0.0,0.0,0.0,1.0,0.0,0.0,0.4819,30,1.0,personal,21.41,30.39,31.19,29.8,40.0,0.0,26.3
session_1bbbfb6e4888,user_078,developer,2026-07-21 08:31:50,2026-07-21 14:06:50,20,7,0,20,1,1,5,0,0,0.0,0.0,0,0,335.0,8.516666666666667,1,0,0,0.0,0.0,normal,1.2483,0.8541,0.8244,0.0,0.0,0.0,0.0,0.0,0.0,0.3252,30,1.0,personal,15.01,17.47,17.73,19.66,20.0,4.83,16.36
session_25def8eb6c56,user_022,developer,2026-07-21 08:39:42,2026-07-21 12:39:42,17,3,0,17,1,1,5,0,0,0.0,0.0,0,0,240.0,8.65,1,0,0,0.0,0.0,normal,0.5158,0.9109,0.4497,0.0,0.0,0.0,0.0,0.0,0.0,0.2085,30,1.0,personal,9.9,32.69,41.5,30.8,60.0,28.68,27.24
session_991b871edb7d,user_049,analyst,2026-07-21 08:40:18,2026-07-21 11:51:18,12,2,0,12,1,1,4,1,0,2.78,2.78,0,0,191.0,8.666666666666666,1,0,0,0.0,0.2316666666666666,normal,1.0599,0.4497,0.8431,0.0,0.0,0.0,0.0,1.1006,0.0,0.3837,29,1.0,personal,17.46,32.48,25.49,23.39,20.0,34.98,23.39
session_0370de66c845,user_037,developer,2026-07-21 08:40:38,2026-07-21 14:45:38,25,4,0,25,1,1,5,0,0,0.0,0.0,0,0,365.0,8.666666666666666,1,0,0,0.0,0.0,normal,1.1563,0.8589,0.9743,0.0,0.0,0.0,0.0,0.0,0.0,0.3322,30,1.0,personal,15.3,12.05,13.24,14.21,0.0,0.0,11.94
session_3d8069c84dbc,user_059,analyst,2026-07-21 08:41:11,2026-07-21 11:36:11,10,5,0,10,1,1,4,1,0,9.477,9.477,0,0,175.0,8.683333333333334,1,0,0,0.0,0.9477,normal,1.6862,1.1144,1.5417,0.0,0.0,0.0,0.0,0.9721,0.0,0.5905,26,1.0,personal,25.57,27.47,34.28,34.86,40.0,6.85,28.69
session_c815d4f74d8c,user_074,finance,2026-07-21 08:48:00,2026-07-21 13:38:00,17,6,0,17,1,1,3,2,3,13.603000000000002,4.187,0,0,290.0,8.8,1,0,0,0.0,0.8001764705882354,normal,0.4072,0.2043,0.0,0.0,0.0,0.0,0.0,0.685,0.0,0.1441,30,1.0,personal,6.95,8.58,12.53,12.97,0.0,0.0,7.67
session_7625430bd72d,user_020,finance,2026-07-21 08:51:56,2026-07-21 13:25:56,15,5,0,15,1,1,3,2,3,72.119,19.254,0,0,274.0,8.85,1,0,0,0.0,4.807933333333334,normal,0.1292,0.324,0.0,0.0,0.0,0.0,0.0,0.3606,0.0,0.0904,30,1.0,personal,4.42,9.16,17.98,19.03,20.0,0.0,10.2
session_98d55bb94d7d,user_021,finance,2026-07-21 08:55:10,2026-07-21 10:59:10,10,3,0,10,1,1,3,1,1,6.061,3.629,0,0,124.0,8.916666666666666,1,0,0,0.0,0.6061,normal,0.5059,0.7448,0.5396,0.0,0.0,0.0,0.0,1.05,0.0,0.3156,27,1.0,personal,14.6,24.45,27.71,25.0,40.0,0.0,21.39
session_1fabbaf7c0f7,user_031,developer,2026-07-21 08:58:01,2026-07-21 15:37:01,22,3,0,22,1,1,5,0,0,0.0,0.0,0,0,399.0,8.966666666666667,1,0,0,0.0,0.0,normal,0.5913,1.1529,0.7971,0.0,0.0,0.0,0.0,0.0,0.0,0.2824,30,1.0,personal,13.17,12.75,18.12,19.67,40.0,0.0,16.5
session_42f1428f5edb,user_023,developer,2026-07-21 08:58:30,2026-07-21 14:12:30,20,4,0,20,1,1,5,0,0,0.0,0.0,0,0,314.0,8.966666666666667,1,0,0,0.0,0.0,normal,0.4182,0.3529,0.3747,0.0,0.0,0.0,0.0,0.0,0.0,0.1273,30,1.0,personal,6.17,11.39,12.86,12.64,0.0,1.9,8.03
session_a9196be04a6b,user_041,finance,2026-07-21 09:05:37,2026-07-21 13:15:37,15,4,0,15,1,1,3,3,0,82.024,39.985,0,0,250.0,9.083333333333334,1,0,0,0.0,5.468266666666667,normal,1.1976,0.045,0.0964,0.0,0.0,0.0,0.0,0.7355,0.0,0.2305,30,1.0,personal,10.89,16.58,19.06,22.36,0.0,0.0,12.77
session_f845b6c18ddb,user_056,hr,2026-07-21 09:05:37,2026-07-21 15:00:37,24,6,0,24,1,1,3,5,0,195.902,52.769,0,0,355.0,9.083333333333334,1,0,0,0.0,8.162583333333332,normal,0.6846,0.9166,0.8244,0.0,0.0,0.0,0.0,1.5104,0.0,0.4373,30,1.0,personal,19.64,15.68,17.53,19.82,20.0,0.0,17.6
session_91261ae287e1,user_005,hr,2026-07-21 09:06:46,2026-07-21 11:01:46,11,4,0,11,1,1,3,1,0,2.253,2.253,0,0,115.0,9.1,1,0,0,0.0,0.2048181818181818,normal,0.5865,1.2357,0.8431,0.0,0.0,0.0,0.0,1.4191,0.0,0.4538,30,1.0,personal,20.3,18.51,30.19,27.8,40.0,0.0,23.13
session_75e7a25bc046,user_012,analyst,2026-07-21 09:07:41,2026-07-21 14:39:41,23,4,0,23,1,1,4,7,0,29.281,6.326,0,0,332.0,9.116666666666667,1,0,0,0.0,1.273086956521739,normal,0.932,0.4675,0.7494,0.0,0.0,0.0,0.0,1.0335,0.0,0.3536,30,1.0,personal,16.21,23.17,22.7,19.5,20.0,23.38,19.64
session_4766dc3129ed,user_018,developer,2026-07-21 09:09:19,2026-07-21 12:07:19,11,3,0,11,1,1,5,0,0,0.0,0.0,0,0,178.0,9.15,1,0,0,0.0,0.0,normal,0.4587,0.5146,0.6745,0.0,0.0,0.0,0.0,0.0,0.0,0.1831,30,1.0,personal,8.75,12.13,11.93,13.03,0.0,2.45,9.14
session_cc8f7f8d020e,user_028,developer,2026-07-21 09:14:34,2026-07-21 12:59:34,18,4,0,18,1,1,5,0,0,0.0,0.0,0,0,225.0,9.233333333333333,1,0,0,0.0,0.0,normal,0.2473,0.4035,0.6745,0.0,0.0,0.0,0.0,0.0,0.0,0.1473,30,1.0,personal,7.1,11.84,13.87,17.0,0.0,0.0,8.99
session_fdc1c229d2a0,user_077,admin,2026-07-21 09:15:41,2026-07-21 15:16:41,25,7,0,25,1,1,5,0,0,0.0,0.0,6,0,361.0,9.25,1,0,0,0.0,0.0,normal,0.712,1.1757,1.0424,0.0,0.0,0.0,0.0,0.0,2.698,0.6253,30,1.0,personal,26.85,37.8,30.41,26.15,20.0,50.35,29.99
session_19afd9d7c85a,user_060,developer,2026-07-21 09:15:42,2026-07-21 15:18:42,25,4,0,25,1,1,5,0,0,0.0,0.0,0,0,363.0,9.25,1,0,0,0.0,0.0,normal,1.7414,1.8199,1.6862,0.0,0.0,0.0,0.0,0.0,0.0,0.5831,30,1.0,personal,25.29,46.02,37.57,28.57,40.0,65.31,35.08
session_fe8272d77b7c,user_001,finance,2026-07-21 09:16:52,2026-07-21 13:20:52,14,3,0,14,1,1,3,2,2,35.912,11.694,0,0,244.0,9.266666666666667,1,0,0,0.0,2.565142857142857,normal,0.3372,0.0638,0.2698,0.0,0.0,0.0,0.0,1.023,0.0,0.1882,29,1.0,personal,8.98,18.08,20.45,19.18,20.0,0.0,14.19
session_69d42ccab9b0,user_065,hr,2026-07-21 09:17:08,2026-07-21 14:52:08,19,8,0,19,1,1,3,4,0,39.008,15.596,0,0,335.0,9.283333333333331,1,0,0,0.0,2.0530526315789475,normal,0.1533,0.523,0.0562,0.0,0.0,0.0,0.0,0.3862,0.0,0.1243,30,1.0,personal,6.03,10.74,12.96,15.49,0.0,0.0,8.05
session_fcc885f53880,user_014,hr,2026-07-21 09:17:51,2026-07-21 14:51:51,23,8,0,23,1,1,3,5,0,63.101,15.927,0,0,334.0,9.283333333333331,1,0,0,0.0,2.743521739130435,normal,0.3794,0.346,0.7419,0.0,0.0,0.0,0.0,0.9247,0.0,0.2658,26,1.0,personal,12.44,16.29,26.15,27.16,40.0,0.0,18.88
session_67b33d3324f4,user_032,hr,2026-07-21 09:18:41,2026-07-21 13:30:41,14,4,0,14,1,1,3,6,0,20.946,5.015,0,0,252.0,9.3,1,0,0,0.0,1.496142857142857,normal,1.1242,0.3046,0.6745,0.0,0.0,0.0,0.0,0.5889,0.0,0.2991,27,1.0,personal,13.89,12.97,12.51,14.7,0.0,0.0,11.49
session_90a4d27e118b,user_072,hr,2026-07-21 09:18:47,2026-07-21 16:03:47,25,5,0,25,1,1,3,4,0,61.961000000000006,25.704,0,0,405.0,9.3,1,0,0,0.0,2.4784400000000004,normal,0.7344,1.6699,1.0117,0.0,0.0,0.0,0.0,0.3122,0.0,0.4142,30,1.0,personal,18.71,16.38,14.69,15.47,0.0,0.68,14.54
session_f23d2b83557d,user_008,developer,2026-07-21 09:19:48,2026-07-21 14:25:48,17,5,0,17,1,1,5,0,0,0.0,0.0,0,0,306.0,9.316666666666666,1,0,0,0.0,0.0,normal,0.2444,0.3696,0.1349,0.0,0.0,0.0,0.0,0.0,0.0,0.0832,30,1.0,personal,4.07,7.37,12.38,15.35,20.0,0.0,8.5
session_8aaafb53464c,user_070,admin,2026-07-21 09:21:40,2026-07-21 12:57:40,18,4,0,18,1,1,5,0,0,0.0,0.0,2,0,216.0,9.35,1,0,0,0.0,0.0,normal,0.045,0.6678,0.1927,0.0,0.0,0.0,0.0,0.0,0.6745,0.1756,30,1.0,personal,8.41,11.03,16.28,17.41,0.0,0.0,9.75
session_486b3309fe89,user_068,developer,2026-07-21 09:26:17,2026-07-21 11:21:17,9,3,0,9,1,1,5,0,0,0.0,0.0,0,0,115.0,9.433333333333334,1,0,0,0.0,0.0,normal,0.4946,1.0852,1.1991,0.0,0.0,0.0,0.0,0.0,0.0,0.3088,28,1.0,personal,14.31,17.05,14.94,16.01,0.0,0.0,12.97
session_e40d416ee467,user_027,developer,2026-07-21 09:29:02,2026-07-21 11:09:02,10,4,0,10,1,1,4,0,0,0.0,0.0,0,0,100.0,9.483333333333333,1,0,0,0.0,0.0,normal,0.2698,1.5417,1.1804,0.0,0.0,0.0,1.0,0.0,0.0,0.4435,29,1.0,personal,19.89,18.1,19.41,23.09,20.0,0.0,18.79
session_5eceb0c66044,user_013,hr,2026-07-21 09:29:11,2026-07-21 12:08:11,13,4,0,13,1,1,3,2,0,13.139,9.606,0,0,159.0,9.483333333333333,1,0,0,0.0,1.0106923076923076,normal,0.3267,1.5961,1.4839,0.0,0.0,0.0,0.0,0.2344,0.0,0.4046,30,1.0,personal,18.32,24.43,29.09,30.3,40.0,0.0,23.61
session_6e10d58bf0f3,user_025,hr,2026-07-21 09:31:31,2026-07-21 14:55:31,20,6,0,20,1,1,3,7,0,17.371,4.338,0,0,324.0,9.516666666666667,1,0,0,0.0,0.8685499999999999,normal,0.1754,0.8817,0.8431,0.0,0.0,0.0,0.0,1.791,0.0,0.4101,30,1.0,personal,18.54,21.07,23.27,22.84,0.0,0.0,17.4
session_f83c8353d9ad,user_055,analyst,2026-07-21 09:39:34,2026-07-21 09:48:34,4,2,0,4,1,4,3,1,0,35.049,13.679,0,1,9.0,9.65,1,0,0,0.0,8.76225,device_spoofing,1.4716,2.422,2.698,0.0,0.0,3.0,1.0,0.7592,0.0,1.2612,27,1.0,personal,46.77,41.72,33.29,27.2,40.0,59.04,41.72
session_de127508c2c0,user_067,analyst,2026-07-21 09:39:54,2026-07-21 15:14:54,24,9,0,24,1,1,4,3,0,33.773,13.791,0,0,335.0,9.65,1,0,0,0.0,1.4072083333333334,normal,0.7185,0.8666,1.349,0.0,0.0,0.0,0.0,0.4377,0.0,0.3746,30,1.0,personal,17.08,14.3,15.5,17.42,20.0,0.0,15.76
session_2405e179b172,user_047,developer,2026-07-21 09:42:58,2026-07-21 15:56:58,25,6,0,25,1,1,5,0,0,0.0,0.0,0,0,374.0,9.7,1,0,0,0.0,0.0,normal,0.549,0.8908,1.1037,0.0,0.0,0.0,0.0,0.0,0.0,0.2826,30,1.0,personal,13.18,12.21,11.74,14.47,0.0,6.16,11.23
session_7854c770a199,user_080,hr,2026-07-21 09:43:12,2026-07-21 13:06:12,12,5,0,12,1,1,3,2,0,27.215,14.669,0,0,203.0,9.716666666666669,1,0,0,0.0,2.267916666666667,normal,0.6745,0.4001,0.6745,0.0,0.0,0.0,0.0,0.9379,0.0,0.2986,27,1.0,personal,13.87,25.39,27.19,24.81,40.0,0.0,21.19
session_2f8d0d63dffe,user_017,admin,2026-07-21 09:44:45,2026-07-21 12:41:45,9,4,0,9,1,1,4,0,0,0.0,0.0,1,0,177.0,9.733333333333333,1,0,0,0.0,0.0,normal,0.1475,0.7869,1.096,0.0,0.0,0.0,0.9468,0.0,0.6745,0.4057,30,1.0,personal,18.36,15.41,15.66,17.69,0.0,0.0,14.54
session_478aa794e5b3,user_051,analyst,2026-07-21 09:45:36,2026-07-21 12:26:36,9,4,0,9,1,1,4,2,0,13.197,7.517,0,0,161.0,9.75,1,0,0,0.0,1.4663333333333333,normal,0.8115,0.9384,0.9743,0.0,0.0,0.0,0.0,1.0981,0.0,0.4247,30,1.0,personal,19.13,13.8,15.0,15.4,20.0,0.0,16.2
session_98bdee56f9c4,user_057,developer,2026-07-21 09:46:56,2026-07-21 15:54:56,21,4,0,21,1,1,5,0,0,0.0,0.0,0,0,368.0,9.766666666666667,1,0,0,0.0,0.0,normal,1.0177,1.8736,1.2526,0.0,0.0,0.0,0.0,0.0,0.0,0.4604,28,1.0,personal,20.56,13.62,15.89,19.44,20.0,0.0,17.28
session_6226faabfc8e,user_066,developer,2026-07-21 09:52:27,2026-07-21 14:43:27,14,2,0,14,1,1,4,0,0,0.0,0.0,0,0,291.0,9.866666666666667,1,0,0,0.0,0.0,normal,0.3489,1.1025,0.2248,0.0,0.0,0.0,1.0,0.0,0.0,0.2974,27,1.0,personal,13.82,14.99,14.7,19.72,0.0,0.0,12.7
session_a8834c1de875,user_039,developer,2026-07-21 09:52:54,2026-07-21 16:26:54,23,5,0,23,1,1,5,0,0,0.0,0.0,0,0,394.0,9.866666666666667,1,0,0,0.0,0.0,normal,1.323,0.9443,0.6745,0.0,0.0,0.0,0.0,0.0,0.0,0.3269,27,1.0,personal,15.08,19.48,18.93,21.8,0.0,17.65,15.83
session_ded22d959dae,user_052,finance,2026-07-21 09:53:17,2026-07-21 14:03:17,16,3,0,16,1,1,3,3,1,26.182,11.365,0,0,250.0,9.883333333333333,1,0,0,0.0,1.636375,normal,0.7347,0.3021,0.3372,0.0,0.0,0.0,0.0,1.5498,0.0,0.3249,30,1.0,personal,14.99,32.14,37.92,31.82,60.0,19.26,28.26
session_66bdd620646e,user_033,developer,2026-07-21 09:53:38,2026-07-21 12:19:38,11,2,0,11,1,1,5,0,0,0.0,0.0,0,0,146.0,9.883333333333333,1,0,0,0.0,0.0,normal,0.1686,1.9853,2.0235,0.0,0.0,0.0,0.0,0.0,0.0,0.4642,29,1.0,personal,20.71,25.1,33.37,29.03,40.0,5.01,25.47
session_847658f2b575,user_035,admin,2026-07-21 09:54:18,2026-07-21 13:59:18,14,3,0,14,1,1,5,0,0,0.0,0.0,2,0,245.0,9.9,1,0,0,0.0,0.0,normal,1.5988,0.0414,0.3854,0.0,0.0,0.0,0.0,0.0,0.0,0.2251,28,1.0,personal,10.64,10.48,16.48,18.04,0.0,0.0,10.63
session_487f71f9f8d5,user_062,hr,2026-07-21 09:55:09,2026-07-21 16:10:09,21,10,0,21,1,1,3,4,0,59.007,17.125,0,0,375.0,9.916666666666666,1,0,0,0.0,2.8098571428571426,normal,0.2698,1.2543,0.6745,0.0,0.0,0.0,0.0,0.2438,0.0,0.2714,29,1.0,personal,12.69,20.31,22.64,24.82,40.0,9.94,19.51
session_9b1c1f5641e2,user_026,analyst,2026-07-21 09:56:38,2026-07-21 14:02:38,17,4,0,17,1,1,4,5,0,36.952,11.471,0,0,246.0,9.933333333333334,1,0,0,0.0,2.173647058823529,normal,0.2606,0.1566,0.4497,0.0,0.0,0.0,0.0,0.7879,0.0,0.1839,30,1.0,personal,8.78,16.25,24.72,24.22,20.0,0.0,14.89
session_8069e95cee08,user_034,finance,2026-07-21 10:02:11,2026-07-21 15:23:11,22,3,0,22,1,1,3,9,3,91.301,11.289,0,0,321.0,10.033333333333331,1,0,0,0.0,4.150045454545455,normal,1.7344,0.7675,1.096,0.0,0.0,0.0,0.0,1.3947,0.0,0.5547,30,1.0,personal,24.22,16.61,16.12,18.93,0.0,7.22,17.68
session_04ec6c3915b4,user_075,developer,2026-07-21 10:06:57,2026-07-21 13:02:57,11,5,0,11,1,1,5,0,0,0.0,0.0,0,0,176.0,10.1,1,0,0,0.0,0.0,normal,0.6995,1.0009,1.0117,0.0,0.0,0.0,0.0,0.0,0.0,0.3013,25,1.0,personal,13.99,13.75,10.67,12.64,0.0,14.46,11.93
session_709ab775370b,user_079,developer,2026-07-21 10:08:01,2026-07-21 14:01:01,12,5,0,12,1,1,5,0,0,0.0,0.0,0,0,233.0,10.133333333333333,1,0,0,0.0,0.0,normal,1.2526,0.0915,1.0117,0.0,0.0,0.0,0.0,0.0,0.0,0.2618,27,1.0,personal,12.27,14.22,16.45,18.69,20.0,0.0,14.09
session_d8689866a14c,user_063,finance,2026-07-21 10:10:07,2026-07-21 13:58:07,16,5,0,16,1,1,3,2,5,43.178,13.876,0,0,228.0,10.166666666666666,1,0,0,0.0,2.698625,normal,0.9858,0.5212,0.2248,0.0,0.0,0.0,0.0,0.2664,0.0,0.222,30,1.0,personal,10.51,13.19,18.87,21.0,40.0,0.0,15.77
session_4c54a7a9f89b,user_061,analyst,2026-07-21 10:14:35,2026-07-21 15:23:35,22,5,0,22,1,1,4,6,0,39.169,10.723,0,0,309.0,10.233333333333333,1,0,0,0.0,1.780409090909091,normal,0.8993,0.3329,0.5396,0.0,0.0,0.0,0.0,1.1222,0.0,0.3216,30,1.0,personal,14.85,11.92,13.58,14.04,0.0,0.0,11.76
session_941a2667a5cc,user_054,developer,2026-07-21 10:14:47,2026-07-21 12:40:47,9,3,0,9,1,1,3,0,0,0.0,0.0,0,0,146.0,10.233333333333333,1,0,0,0.0,0.0,normal,0.8891,0.6745,1.0117,0.0,0.0,0.0,2.0,0.0,0.0,0.5084,29,1.0,personal,22.45,22.13,18.95,16.66,0.0,14.87,18.66
session_92a83b10c192,user_036,developer,2026-07-21 10:16:50,2026-07-21 15:41:50,25,5,0,25,1,1,5,0,0,0.0,0.0,0,0,325.0,10.266666666666667,1,0,0,0.0,0.0,normal,1.0439,0.9773,2.0235,0.0,0.0,0.0,0.0,0.0,0.0,0.4494,30,1.0,personal,20.12,23.6,22.77,21.13,20.0,28.32,21.71
session_40f62bc71c62,user_004,developer,2026-07-21 10:17:31,2026-07-21 13:50:31,12,4,0,12,1,1,5,0,0,0.0,0.0,0,0,213.0,10.283333333333331,1,0,0,0.0,0.0,normal,0.8672,0.9811,1.349,0.0,0.0,0.0,0.0,0.0,0.0,0.3553,29,1.0,personal,16.28,17.88,24.09,21.86,20.0,16.24,18.7
session_1e19706c6e6c,user_060,developer,2026-07-21 10:21:03,2026-07-21 10:32:03,2,2,0,2,2,2,1,0,0,0.0,0.0,0,1,11.0,10.35,1,0,0,0.0,0.0,impossible_travel,0.0858,2.5866,2.1921,0.0,1.0,1.0,4.0,0.0,0.0,1.2072,30,1.0,personal,45.32,42.32,41.14,31.07,60.0,49.77,44.36
session_701eb43a08cf,user_010,finance,2026-07-21 10:23:19,2026-07-21 16:04:19,23,4,0,23,1,1,3,4,4,76.878,14.94,0,0,341.0,10.383333333333333,1,0,0,0.0,3.3425217391304347,normal,0.8486,0.5855,0.5621,0.0,0.0,0.0,0.0,1.7924,0.0,0.421,30,1.0,personal,18.98,17.59,17.7,17.46,0.0,0.84,15.55
session_acdc0b1f2226,user_048,developer,2026-07-21 10:24:42,2026-07-21 13:59:42,15,6,0,15,1,1,5,0,0,0.0,0.0,0,0,215.0,10.4,1,0,0,0.0,0.0,normal,0.9713,0.7516,0.6745,0.0,0.0,0.0,0.0,0.0,0.0,0.2664,30,1.0,personal,12.47,20.48,21.54,22.33,20.0,7.05,16.9
session_9cff9b75d559,user_076,analyst,2026-07-21 10:28:49,2026-07-21 13:30:49,14,3,0,14,1,1,4,7,0,38.279,8.483,0,0,182.0,10.466666666666669,1,0,0,0.0,2.7342142857142853,normal,0.3123,0.6147,0.2998,0.0,0.0,0.0,0.0,1.1269,0.0,0.2615,30,1.0,personal,12.26,27.1,35.42,31.77,80.0,0.0,26.81
session_0791e8065d54,user_003,developer,2026-07-21 10:36:59,2026-07-21 12:56:59,9,5,0,9,1,1,4,0,0,0.0,0.0,0,0,140.0,10.6,1,0,0,0.0,0.0,normal,0.7158,0.9834,1.1804,0.0,0.0,0.0,1.0,0.0,0.0,0.4311,30,1.0,personal,19.39,18.76,15.85,13.51,0.0,17.29,16.1
session_82f88c040e89,user_053,hr,2026-07-21 10:46:38,2026-07-21 16:31:38,19,6,0,19,1,1,3,2,0,13.63,11.107,0,0,345.0,10.766666666666667,1,0,0,0.0,0.7173684210526315,normal,0.2216,0.4901,0.1499,0.0,0.0,0.0,0.0,0.602,0.0,0.1626,30,1.0,personal,7.81,12.12,24.48,22.95,40.0,0.0,15.51
session_8fc911c6a8f9,user_019,developer,2026-07-21 10:48:49,2026-07-21 13:43:49,12,2,0,12,1,1,5,0,0,0.0,0.0,0,0,175.0,10.8,1,0,0,0.0,0.0,normal,1.75,1.2519,1.4453,0.0,0.0,0.0,0.0,0.0,0.0,0.4941,30,1.0,personal,21.89,28.31,25.85,22.82,20.0,41.11,24.63
session_ccdf05ba8d2f,user_030,hr,2026-07-21 11:08:16,2026-07-21 15:45:16,17,3,0,17,1,1,3,7,0,94.808,24.751,0,0,277.0,11.133333333333333,1,0,0,0.0,5.576941176470589,normal,3.0689,0.1274,0.1686,0.0,0.0,0.0,0.0,1.6183,0.0,0.5537,30,1.0,personal,24.18,27.31,26.9,26.37,20.0,35.54,25.58
session_293831582473,user_055,analyst,2026-07-21 11:12:21,2026-07-21 16:09:21,18,3,0,18,1,1,4,3,0,47.67700000000001,22.689,0,0,297.0,11.2,1,0,0,0.0,2.648722222222222,normal,1.3796,0.5212,0.4497,0.0,0.0,0.0,0.0,0.3985,0.0,0.3054,27,1.0,personal,14.16,26.07,29.98,26.05,40.0,28.64,23.41
session_d2133045dc3d,user_041,finance,2026-07-21 11:24:42,2026-07-21 11:24:42,1,0,0,1,1,1,1,1,0,129.367,129.367,0,0,0.0,11.4,1,0,0,0.0,129.367,normal,3.0427,2.2143,2.3607,0.0,0.0,0.0,2.0,0.0319,0.0,1.0722,30,1.0,personal,41.5,28.45,24.62,24.72,20.0,5.78,30.74
session_06ae6e9c00b2,user_071,analyst,2026-07-21 11:42:01,2026-07-21 18:14:01,25,6,0,25,1,1,4,8,0,119.036,22.991,0,0,392.0,11.7,1,0,0,0.0,4.76144,normal,2.6781,0.9215,1.0792,0.0,0.0,0.0,0.0,1.6381,0.0,0.7019,29,1.0,personal,29.6,25.4,19.79,16.81,0.0,26.68,22.9
session_7c14fe2f9e48,user_022,developer,2026-07-21 11:55:54,2026-07-21 11:55:54,1,0,0,1,1,1,1,1,0,45.818,45.818,0,1,0.0,11.916666666666666,1,0,0,0.0,45.818,low_slow_exfiltration,5.8915,3.8308,3.9345,0.0,0.0,0.0,4.0,45.818,0.0,3.073,30,1.0,personal,78.49,55.24,51.46,37.65,80.0,27.57,63.31
session_081807d78fe2,user_052,finance,2026-07-21 12:47:14,2026-07-21 12:47:14,1,0,0,1,1,1,1,1,0,13.228,13.228,0,1,0.0,12.783333333333331,1,0,0,0.0,13.228,low_slow_exfiltration,4.6982,2.4702,2.8666,0.0,0.0,0.0,2.0,2.2779,0.0,1.5903,30,1.0,personal,54.85,42.51,42.63,34.83,80.0,5.09,48.57
session_3caeba641511,user_035,admin,2026-07-21 14:27:27,2026-07-21 15:27:27,7,1,0,7,1,1,4,0,0,87.092,21.782,0,0,60.0,14.45,1,0,0,0.0,12.441714285714284,normal,8.3937,2.2282,2.0235,0.0,0.0,0.0,1.0,87.092,1.349,2.7772,29,1.0,personal,75.06,42.09,30.68,25.11,20.0,43.69,49.74
session_d597cca53ff8,user_076,analyst,2026-07-21 15:40:06,2026-07-21 15:40:06,1,0,0,1,1,1,1,1,0,9.455,9.455,0,1,0.0,15.666666666666666,1,0,0,0.0,9.455,insider_drift,8.0439,2.1964,2.2483,0.0,0.0,0.0,3.0,1.0624,0.0,1.839,30,1.0,personal,60.13,44.09,41.13,35.44,100.0,0.0,52.58
session_90661de2f3c7,user_014,hr,2026-07-21 23:31:36,2026-07-22 00:27:36,8,3,0,8,1,1,3,1,0,117.184,19.902,0,0,56.0,23.516666666666666,1,0,1,0.0,14.648,normal,17.6211,2.3232,1.349,0.0,0.0,0.0,0.0,2.3652,0.0,1.7819,27,1.0,personal,58.97,36.31,33.67,31.24,60.0,0.0,45.03
session_95e0722bbc35,user_055,analyst,2026-07-22 00:50:51,2026-07-22 00:50:51,1,1,1,1,1,1,1,0,0,0.0,0.0,0,1,0.0,0.8333333333333334,2,0,1,1.0,0.0,credential_stuffing,17.2969,2.5631,3.3725,1.0,0.0,0.0,3.0,1.9737,0.0,2.4344,28,1.0,personal,70.39,47.71,40.8,31.92,60.0,50.18,55.52
session_25728520b740,user_010,finance,2026-07-22 00:51:11,2026-07-22 00:51:11,1,1,1,1,1,1,1,0,0,0.0,0.0,0,1,0.0,0.85,2,0,1,1.0,0.0,credential_stuffing,10.7717,1.7496,1.9111,1.0,0.0,0.0,2.0,1.4419,0.0,2.0114,30,1.0,personal,63.42,40.65,29.15,23.04,20.0,51.83,44.77
session_a0544ae9ce4e,user_012,analyst,2026-07-22 00:51:31,2026-07-22 00:51:31,1,1,1,1,1,1,1,0,0,0.0,0.0,0,1,0.0,0.85,2,0,1,1.0,0.0,credential_stuffing,11.2333,2.1237,2.5481,1.0,0.0,0.0,3.0,2.7346,0.0,2.3785,30,1.0,personal,69.56,42.25,35.0,25.76,40.0,63.29,51.26
session_a7824fa8c0cc,user_033,developer,2026-07-22 00:51:51,2026-07-22 00:51:51,1,1,0,1,1,1,1,0,0,0.0,0.0,0,1,0.0,0.85,2,0,1,0.0,0.0,credential_stuffing,11.4449,3.719,4.2718,0.0,0.0,0.0,4.0,0.0,0.0,2.4434,30,1.0,personal,70.53,44.53,42.79,34.52,60.0,39.92,54.98
session_a4fd37fb402f,user_026,analyst,2026-07-22 00:52:11,2026-07-22 00:52:11,1,1,0,1,1,1,1,0,0,0.0,0.0,0,1,0.0,0.8666666666666667,2,0,1,0.0,0.0,credential_stuffing,19.5238,3.1431,3.1476,0.0,0.0,0.0,3.0,2.1685,0.0,2.3844,30,1.0,personal,69.64,42.64,35.84,30.12,40.0,26.63,50.1
session_99e6bfaa3e17,user_029,admin,2026-07-22 00:52:31,2026-07-22 00:52:31,1,1,1,1,1,1,1,0,0,0.0,0.0,0,1,0.0,0.8666666666666667,2,0,1,1.0,0.0,credential_stuffing,15.5133,2.219,2.5293,1.0,0.0,0.0,4.0,0.0,1.349,2.3441,30,1.0,personal,69.03,42.19,27.62,26.19,20.0,56.14,47.62
session_9d93d3996a14,user_061,analyst,2026-07-22 00:52:51,2026-07-22 00:52:51,1,1,1,1,1,1,1,0,0,0.0,0.0,0,1,0.0,0.8666666666666667,2,0,1,1.0,0.0,credential_stuffing,10.4697,2.8128,2.623,1.0,0.0,0.0,3.0,1.4759,0.0,2.3235,30,1.0,personal,68.71,40.43,27.13,20.87,20.0,41.06,45.78
session_f157ee35b99b,user_043,hr,2026-07-22 02:05:13,2026-07-22 02:15:13,6,1,0,6,1,1,6,0,0,0.0,0.0,1,1,10.0,2.083333333333333,2,0,1,0.0,0.0,lateral_movement,9.5985,2.1404,2.2162,0.0,0.0,0.0,3.0,1.3381,1.0,2.1437,30,1.0,personal,65.76,40.77,30.7,30.96,40.0,4.62,46.39
session_046e966844b1,user_009,developer,2026-07-22 07:23:36,2026-07-22 12:35:36,20,5,0,20,1,1,5,0,0,0.0,0.0,0,0,312.0,7.383333333333334,2,0,0,0.0,0.0,normal,2.6337,0.2882,0.2248,0.0,0.0,0.0,0.0,0.0,0.0,0.3496,30,1.0,personal,16.04,25.93,24.27,23.14,20.0,36.72,21.39
session_456b05da2ec4,user_073,hr,2026-07-22 07:24:04,2026-07-22 09:53:04,11,5,0,11,1,1,3,3,0,24.476,10.758,0,0,149.0,7.4,2,0,0,0.0,2.225090909090909,normal,1.6267,1.991,1.8886,0.0,0.0,0.0,0.0,0.0334,0.0,0.6155,28,1.0,personal,26.49,26.8,23.27,21.8,0.0,31.15,23.18
session_3b78a0202244,user_043,hr,2026-07-22 07:24:43,2026-07-22 12:11:43,19,4,0,19,1,1,3,4,0,38.249,12.599,0,0,287.0,7.4,2,0,0,0.0,2.013105263157895,normal,1.323,0.3507,0.2891,0.0,0.0,0.0,0.0,0.1987,0.0,0.2402,30,1.0,personal,11.32,29.44,25.97,28.72,20.0,28.53,20.61
session_05456ba5b007,user_040,finance,2026-07-22 07:32:34,2026-07-22 13:21:34,19,9,0,19,1,1,2,2,4,106.634,32.118,0,0,349.0,7.533333333333333,2,0,0,0.0,5.612315789473684,normal,1.2406,0.6781,0.2698,0.0,0.0,0.0,1.0,0.2544,0.0,0.3825,30,1.0,personal,17.41,17.49,19.89,27.67,40.0,0.0,20.21
session_9ef2a42daac2,user_011,analyst,2026-07-22 07:32:50,2026-07-22 10:17:50,12,3,0,12,1,1,4,3,0,34.903,14.796,0,0,165.0,7.533333333333333,2,0,0,0.0,2.908583333333333,normal,1.9543,0.6745,0.4497,0.0,0.0,0.0,0.0,0.1702,0.0,0.361,28,1.0,personal,16.51,14.72,24.37,23.44,20.0,0.0,17.55
session_5045b9bfd4df,user_080,hr,2026-07-22 07:42:22,2026-07-22 13:21:22,22,5,0,22,1,1,3,6,0,72.74000000000001,15.974,0,0,339.0,7.7,2,0,0,0.0,3.3063636363636366,normal,2.9678,1.2129,1.0117,0.0,0.0,0.0,0.0,0.0663,0.0,0.5843,28,1.0,personal,25.33,20.8,26.59,25.27,20.0,19.03,23.76
session_3dbd27bf8f7d,user_032,hr,2026-07-22 08:02:17,2026-07-22 12:57:17,19,6,0,19,1,1,3,4,0,14.776,5.726,0,0,295.0,8.033333333333333,2,0,0,0.0,0.7776842105263158,normal,1.0117,0.2058,0.1686,0.0,0.0,0.0,0.0,0.2561,0.0,0.1825,28,1.0,personal,8.72,10.64,11.39,13.67,0.0,0.0,8.69
session_8bbdb5a8c955,user_069,hr,2026-07-22 08:02:49,2026-07-22 11:23:49,13,5,0,13,1,1,2,3,0,52.285,23.943,0,0,201.0,8.033333333333333,2,0,0,0.0,4.021923076923077,normal,0.0382,1.5417,1.4614,0.0,0.0,0.0,1.0,0.3226,0.0,0.4849,30,1.0,personal,21.53,17.85,25.98,25.11,40.0,0.0,22.59
session_20cf22340747,user_057,developer,2026-07-22 08:13:19,2026-07-22 11:27:19,12,2,0,12,1,1,4,0,0,0.0,0.0,0,0,194.0,8.216666666666667,2,0,0,0.0,0.0,normal,1.1314,0.3872,0.6745,0.0,0.0,0.0,1.0,0.0,0.0,0.3548,29,1.0,personal,16.26,16.1,14.84,18.8,20.0,0.0,15.83
session_065e828ba24e,user_020,finance,2026-07-22 08:14:40,2026-07-22 11:49:40,17,3,0,17,1,1,3,4,1,74.926,19.923,0,0,215.0,8.233333333333333,2,0,0,0.0,4.407411764705882,normal,0.9498,0.4848,0.3372,0.0,0.0,0.0,0.0,0.2878,0.0,0.2288,30,1.0,personal,10.81,9.47,15.21,18.06,20.0,0.0,12.31
session_c63e568d098f,user_039,developer,2026-07-22 08:20:31,2026-07-22 10:01:31,9,3,0,9,1,1,5,0,0,0.0,0.0,0,0,101.0,8.333333333333334,2,0,0,0.0,0.0,normal,1.0436,2.149,1.6862,0.0,0.0,0.0,0.0,0.0,0.0,0.5421,28,1.0,personal,23.74,22.13,20.58,22.2,0.0,10.68,19.76
session_d020355285a0,user_028,developer,2026-07-22 08:24:00,2026-07-22 15:40:00,23,3,0,23,1,1,5,0,0,0.0,0.0,0,0,436.0,8.4,2,0,0,0.0,0.0,normal,1.3715,3.1116,1.5176,0.0,0.0,0.0,0.0,0.0,0.0,0.6667,30,1.0,personal,28.35,18.98,17.12,17.97,0.0,11.29,20.06
session_8bc4c5ac92c5,user_024,hr,2026-07-22 08:29:46,2026-07-22 11:53:46,14,3,0,14,1,1,3,4,0,87.545,27.029,0,0,204.0,8.483333333333333,2,0,0,0.0,6.253214285714286,normal,0.1998,0.7483,0.5396,0.0,0.0,0.0,0.0,0.3587,0.0,0.2052,29,1.0,personal,9.75,17.66,28.46,29.34,40.0,0.0,18.64
session_f6a040511955,user_021,finance,2026-07-22 08:30:06,2026-07-22 12:01:06,18,4,0,18,1,1,3,5,3,41.589,8.201,0,0,211.0,8.5,2,0,0,0.0,2.3105,normal,0.3455,0.1021,0.5396,0.0,0.0,0.0,0.0,0.7605,0.0,0.1942,28,1.0,personal,9.25,13.45,22.7,23.24,40.0,0.0,16.12
session_7cc9dac483f2,user_052,finance,2026-07-22 08:30:44,2026-07-22 13:19:44,19,3,0,19,1,1,3,5,4,49.934,7.554,0,0,289.0,8.5,2,0,0,0.0,2.6281052631578947,normal,1.2792,0.1117,0.1686,0.0,0.0,0.0,0.0,0.0483,0.0,0.1786,30,1.0,personal,8.54,25.05,34.24,32.05,80.0,0.0,24.77
session_edae65011231,user_078,developer,2026-07-22 08:31:09,2026-07-22 11:01:09,11,6,0,11,1,1,4,0,0,0.0,0.0,0,0,150.0,8.516666666666667,2,0,0,0.0,0.0,normal,1.1466,0.7665,0.5246,0.0,0.0,0.0,1.0,0.0,0.0,0.382,30,1.0,personal,17.39,15.55,17.76,19.25,20.0,8.09,17.06
session_76b2c1c547ac,user_045,admin,2026-07-22 08:32:43,2026-07-22 11:33:43,12,2,0,12,1,1,4,0,0,0.0,0.0,1,0,181.0,8.533333333333333,2,0,0,0.0,0.0,normal,0.4545,1.0368,0.8672,0.0,0.0,0.0,1.0,0.0,1.349,0.5231,30,1.0,personal,23.01,31.14,38.42,36.66,60.0,0.0,30.86
session_c7239987fbcc,user_026,analyst,2026-07-22 08:33:11,2026-07-22 12:35:11,16,3,0,16,1,1,4,8,0,53.114,8.491,0,0,242.0,8.55,2,0,0,0.0,3.319625,normal,2.7162,0.1214,0.2248,0.0,0.0,0.0,0.0,2.0809,0.0,0.5715,30,1.0,personal,24.85,37.1,33.76,29.9,40.0,5.4,29.69
session_1187691765b8,user_008,developer,2026-07-22 08:33:12,2026-07-22 14:27:12,20,7,0,20,1,1,5,0,0,0.0,0.0,0,0,354.0,8.55,2,0,0,0.0,0.0,normal,0.6549,0.7481,0.5995,0.0,0.0,0.0,0.0,0.0,0.0,0.2225,30,1.0,personal,10.53,8.35,10.81,14.58,20.0,0.0,10.96
session_4d63c6adfe2b,user_042,developer,2026-07-22 08:33:25,2026-07-22 13:44:25,19,6,0,19,1,1,5,0,0,0.0,0.0,0,0,311.0,8.55,2,0,0,0.0,0.0,normal,1.2031,0.0048,0.0,0.0,0.0,0.0,0.0,0.0,0.0,0.1342,30,1.0,personal,6.49,20.58,25.94,22.71,40.0,3.36,17.04
session_ee136d54b838,user_038,developer,2026-07-22 08:34:34,2026-07-22 15:08:34,25,4,0,25,1,1,5,0,0,0.0,0.0,0,0,394.0,8.566666666666666,2,0,0,0.0,0.0,normal,0.7708,1.6518,1.7986,0.0,0.0,0.0,0.0,0.0,0.0,0.469,30,1.0,personal,20.9,21.47,28.43,29.24,40.0,0.0,23.84
session_baefd678ccca,user_044,developer,2026-07-22 08:39:41,2026-07-22 12:23:41,11,5,0,11,1,1,5,0,0,0.0,0.0,0,0,224.0,8.65,2,0,0,0.0,0.0,normal,0.1305,0.2511,0.9274,0.0,0.0,0.0,0.0,0.0,0.0,0.1454,30,1.0,personal,7.01,10.34,20.77,22.08,40.0,0.0,14.2
session_d87be716445d,user_050,developer,2026-07-22 08:40:26,2026-07-22 13:12:26,17,5,0,17,1,1,5,0,0,0.0,0.0,0,0,272.0,8.666666666666666,2,0,0,0.0,0.0,normal,0.936,0.3066,0.2248,0.0,0.0,0.0,0.0,0.0,0.0,0.163,30,1.0,personal,7.83,19.77,24.5,28.41,40.0,0.0,17.6
session_f370ae848980,user_022,developer,2026-07-22 08:42:02,2026-07-22 11:18:02,11,3,0,11,1,1,5,0,0,0.0,0.0,0,0,156.0,8.7,2,0,0,0.0,0.0,normal,0.5781,1.7877,1.6862,0.0,0.0,0.0,0.0,0.0,0.0,0.4502,30,1.0,personal,20.16,37.89,44.33,36.6,80.0,0.0,33.95
session_ddf9aa7446d0,user_035,admin,2026-07-22 08:45:28,2026-07-22 15:27:28,24,5,0,24,1,1,5,0,0,0.0,0.0,6,0,402.0,8.75,2,0,0,0.0,0.0,normal,0.1816,1.8578,1.5417,0.0,0.0,0.0,0.0,0.0,2.698,0.6977,30,1.0,personal,29.45,41.52,31.46,25.97,20.0,26.27,30.71
session_61b9554e278c,user_034,finance,2026-07-22 08:47:13,2026-07-22 13:28:13,20,5,0,20,1,1,3,9,4,94.063,14.053,0,0,281.0,8.783333333333333,2,0,0,0.0,4.70315,normal,0.1453,0.3757,0.6745,0.0,0.0,0.0,0.0,1.3972,0.0,0.2881,30,1.0,personal,13.42,16.12,15.63,18.14,0.0,0.0,12.75
session_e535cb118f59,user_016,developer,2026-07-22 08:47:47,2026-07-22 13:00:47,15,6,0,15,1,1,5,0,0,0.0,0.0,0,0,253.0,8.783333333333333,2,0,0,0.0,0.0,normal,0.0281,0.292,0.6745,0.0,0.0,0.0,0.0,0.0,0.0,0.1105,30,1.0,personal,5.38,16.19,19.16,17.75,20.0,0.0,12.04
session_dee80afd7fe1,user_059,analyst,2026-07-22 08:48:31,2026-07-22 12:41:31,13,3,0,13,1,1,4,2,0,15.435,8.125,0,0,233.0,8.8,2,0,0,0.0,1.1873076923076922,normal,1.2478,0.1967,0.8431,0.0,0.0,0.0,0.0,0.5908,0.0,0.3198,27,1.0,personal,14.78,17.76,29.57,32.41,40.0,0.0,21.14
session_9ff4e386dfa3,user_025,hr,2026-07-22 08:50:53,2026-07-22 14:08:53,20,7,0,20,1,1,3,4,0,9.344,4.224,0,0,318.0,8.833333333333334,2,0,0,0.0,0.4671999999999999,normal,1.0342,0.818,0.8431,0.0,0.0,0.0,0.0,0.2819,0.0,0.3308,30,1.0,personal,15.24,17.27,21.06,21.61,0.0,0.0,14.87
session_e787f46256f6,user_077,admin,2026-07-22 08:50:59,2026-07-22 12:51:59,14,3,0,14,1,1,5,0,0,0.0,0.0,2,0,241.0,8.833333333333334,2,0,0,0.0,0.0,normal,0.237,0.2764,0.3066,0.0,0.0,0.0,0.0,0.0,0.0,0.0911,30,1.0,personal,4.45,22.9,25.18,23.45,20.0,4.09,14.69
session_71cb547ef762,user_029,admin,2026-07-22 08:51:50,2026-07-22 11:22:50,10,3,0,10,1,1,5,0,0,0.0,0.0,1,0,151.0,8.85,2,0,0,0.0,0.0,normal,1.055,0.7429,1.0117,0.0,0.0,0.0,0.0,0.0,0.6745,0.3871,30,1.0,personal,17.6,34.12,26.52,25.47,20.0,45.88,24.68
session_1b0e57acdb9d,user_028,developer,2026-07-22 08:52:54,2026-07-22 08:54:14,4,4,3,4,1,1,1,0,0,0.0,0.0,0,0,1.3333333333333333,8.866666666666667,2,0,0,0.75,0.0,normal,0.6745,2.2905,1.6862,0.75,0.0,0.0,3.9036,0.0,0.0,1.0339,30,1.0,personal,40.37,30.82,23.21,20.66,20.0,31.36,31.43
session_2623bb2080fc,user_006,analyst,2026-07-22 08:53:33,2026-07-22 11:07:33,10,3,0,10,1,1,3,2,0,23.686,14.017,0,0,134.0,8.883333333333333,2,0,0,0.0,2.3686,normal,0.4839,0.702,0.7419,0.0,0.0,0.0,1.0,0.8662,0.0,0.4216,30,1.0,personal,19.01,26.9,29.6,26.55,40.0,0.0,24.08
session_5f17036d0477,user_007,developer,2026-07-22 08:54:43,2026-07-22 11:41:43,10,4,0,10,1,1,4,0,0,0.0,0.0,0,0,167.0,8.9,2,0,0,0.0,0.0,normal,0.6475,1.1127,0.8094,0.0,0.0,0.0,0.9764,0.0,0.0,0.394,30,1.0,personal,17.88,15.99,17.24,20.55,20.0,7.44,17.36
session_8087dda80ad3,user_015,finance,2026-07-22 08:55:25,2026-07-22 12:21:25,13,4,0,13,1,1,3,3,2,23.177,6.36,0,0,206.0,8.916666666666666,2,0,0,0.0,1.7828461538461535,normal,0.3632,0.2905,0.2698,0.0,0.0,0.0,0.0,0.2194,0.0,0.127,29,1.0,personal,6.15,14.31,19.45,22.91,20.0,0.0,12.53
session_d4c77b68b539,user_061,analyst,2026-07-22 08:56:16,2026-07-22 15:17:16,22,7,0,22,1,1,4,4,0,20.98,6.949,0,0,381.0,8.933333333333334,2,0,0,0.0,0.9536363636363636,normal,0.7248,0.8324,0.5246,0.0,0.0,0.0,0.0,0.0729,0.0,0.2394,30,1.0,personal,11.28,31.02,24.19,20.09,20.0,37.02,20.2
session_8bd973eeeea2,user_064,finance,2026-07-22 08:57:00,2026-07-22 11:46:00,14,3,0,14,1,1,3,2,4,108.821,27.266,0,0,169.0,8.95,2,0,0,0.0,7.772928571428571,normal,1.3197,1.0999,0.5396,0.0,0.0,0.0,0.0,0.0082,0.0,0.3297,27,1.0,personal,15.2,15.28,16.48,16.48,0.0,0.0,13.26
session_74a642fdbd7b,user_027,developer,2026-07-22 08:59:10,2026-07-22 11:56:10,11,1,0,11,1,1,4,0,0,0.0,0.0,0,0,177.0,8.983333333333333,2,0,0,0.0,0.0,normal,1.1096,0.7484,1.0117,0.0,0.0,0.0,1.0,0.0,0.0,0.43,30,1.0,personal,19.35,19.51,18.73,21.75,20.0,0.0,18.63
session_198594965e38,user_017,admin,2026-07-22 09:03:14,2026-07-22 11:19:14,9,2,0,9,1,1,5,0,0,0.0,0.0,0,0,136.0,9.05,2,0,0,0.0,0.0,normal,0.7588,1.2259,0.9743,0.0,0.0,0.0,0.0,0.0,1.349,0.4787,30,1.0,personal,21.29,18.05,16.86,18.03,0.0,9.02,16.91
session_d94b554d5d07,user_033,developer,2026-07-22 09:03:26,2026-07-22 09:18:26,6,1,0,6,1,6,5,1,0,80.286,18.762,0,1,15.0,9.05,2,0,0,0.0,13.381,device_spoofing,0.91,3.5333,3.1476,0.0,0.0,5.0,0.0,8.2624,0.0,2.317,30,1.0,personal,68.6,61.26,50.24,39.27,80.0,40.66,61.19
session_adf7efa5eb3a,user_023,developer,2026-07-22 09:05:44,2026-07-22 11:43:44,13,5,0,13,1,1,5,0,0,0.0,0.0,0,0,158.0,9.083333333333334,2,0,0,0.0,0.0,normal,0.2293,1.1629,0.6745,0.0,0.0,0.0,0.0,0.0,0.0,0.2296,30,1.0,personal,10.85,10.04,12.41,12.35,0.0,0.0,9.44
session_e6ede0dd8ec7,user_012,analyst,2026-07-22 09:07:32,2026-07-22 15:31:32,21,6,0,21,1,1,4,8,0,31.133,5.593,0,0,384.0,9.116666666666667,2,0,0,0.0,1.4825238095238096,normal,0.932,0.8364,0.4497,0.0,0.0,0.0,0.0,1.2425,0.0,0.3845,30,1.0,personal,17.49,34.63,32.2,25.04,40.0,28.71,26.69
session_2d40ed011c26,user_048,developer,2026-07-22 09:07:51,2026-07-22 13:33:51,18,5,0,18,1,1,5,0,0,0.0,0.0,0,0,266.0,9.116666666666667,2,0,0,0.0,0.0,normal,2.7429,0.045,0.0964,0.0,0.0,0.0,0.0,0.0,0.0,0.3205,30,1.0,personal,14.81,13.06,20.03,20.78,20.0,0.0,15.62
session_08decbec303c,user_019,developer,2026-07-22 09:08:49,2026-07-22 12:29:49,13,4,0,13,1,1,4,0,0,0.0,0.0,0,0,201.0,9.133333333333333,2,0,0,0.0,0.0,normal,1.7767,0.5634,1.1563,0.0,0.0,0.0,1.0,0.0,0.0,0.4996,30,1.0,personal,22.1,21.08,25.94,22.82,20.0,27.14,22.59
session_76082646f78e,user_038,developer,2026-07-22 09:10:15,2026-07-22 09:30:15,2,2,0,2,2,2,1,0,0,0.0,0.0,0,1,20.0,9.166666666666666,2,0,0,0.0,0.0,impossible_travel,0.3238,3.1962,2.987,0.0,1.0,1.0,4.0,0.0,0.0,1.3897,30,1.0,personal,50.09,35.58,32.82,32.22,40.0,32.95,40.94
session_48f155f1a2ea,user_070,admin,2026-07-22 09:10:58,2026-07-22 17:14:58,25,3,0,25,1,1,5,0,0,0.0,0.0,5,0,484.0,9.166666666666666,2,0,0,0.0,0.0,normal,0.2998,3.481,2.1584,0.0,0.0,0.0,0.0,0.0,1.349,0.8098,30,1.0,personal,33.3,20.63,19.98,19.33,0.0,0.0,22.37
session_0d608e40502b,user_010,finance,2026-07-22 09:13:12,2026-07-22 12:23:12,12,3,0,12,1,1,3,2,1,19.321,7.77,0,0,190.0,9.216666666666669,2,0,0,0.0,1.610083333333333,normal,0.6644,0.4485,0.6745,0.0,0.0,0.0,0.0,0.7637,0.0,0.2835,30,1.0,personal,13.22,30.91,26.46,22.02,20.0,21.05,20.69
session_4486abb85e3d,user_071,analyst,2026-07-22 09:15:31,2026-07-22 11:12:31,9,3,0,9,1,1,4,0,0,0.0,0.0,0,0,117.0,9.25,2,0,0,0.0,0.0,normal,0.3571,1.6564,1.0424,0.0,0.0,0.0,0.0,2.5473,0.0,0.6226,30,1.0,personal,26.75,27.01,22.2,18.28,0.0,22.38,22.38
session_7e4094a6644a,user_066,developer,2026-07-22 09:18:12,2026-07-22 14:28:12,23,7,0,23,1,1,5,0,0,0.0,0.0,0,0,310.0,9.3,2,0,0,0.0,0.0,normal,0.5448,1.2335,1.8308,0.0,0.0,0.0,0.0,0.0,0.0,0.401,28,1.0,personal,18.17,16.66,15.57,18.93,0.0,5.29,15.09
session_e90834f5d30f,user_031,developer,2026-07-22 09:18:50,2026-07-22 14:24:50,19,2,0,19,1,1,5,0,0,0.0,0.0,0,0,306.0,9.3,2,0,0,0.0,0.0,normal,0.2453,0.4235,0.4292,0.0,0.0,0.0,0.0,0.0,0.0,0.122,30,1.0,personal,5.92,9.13,14.54,18.03,40.0,0.0,12.18
session_421d9f8d2137,user_036,developer,2026-07-22 09:19:37,2026-07-22 16:00:37,21,5,0,21,1,1,5,0,0,0.0,0.0,0,0,401.0,9.316666666666666,2,0,0,0.0,0.0,normal,0.7032,1.5582,1.1563,0.0,0.0,0.0,0.0,0.0,0.0,0.3797,30,1.0,personal,17.29,16.59,22.11,20.65,20.0,1.57,17.69
session_5c190fb91c99,user_076,analyst,2026-07-22 09:19:48,2026-07-22 12:40:48,12,5,0,12,1,1,4,4,0,24.179,7.483,0,0,201.0,9.316666666666666,2,0,0,0.0,2.0149166666666667,normal,1.4739,0.4583,0.5995,0.0,0.0,0.0,0.0,0.0176,0.0,0.2833,30,1.0,personal,13.21,28.69,33.55,33.33,80.0,0.0,27.39
session_bd2080d6c709,user_017,admin,2026-07-22 09:24:26,2026-07-22 11:09:26,8,0,0,8,1,1,1,4,0,172.75,27.368,0,0,105.0,9.4,2,0,0,0.0,21.59375,normal,0.2976,1.4648,1.1242,0.0,0.0,0.0,3.9036,10.5873,1.349,2.0155,30,1.0,personal,63.5,41.9,28.75,23.6,20.0,48.58,44.88
session_3fc6ad28a97d,user_004,developer,2026-07-22 09:24:56,2026-07-22 14:14:56,18,5,0,18,1,1,5,0,0,0.0,0.0,0,0,290.0,9.4,2,0,0,0.0,0.0,normal,0.4537,0.2199,0.0,0.0,0.0,0.0,0.0,0.0,0.0,0.0748,30,1.0,personal,3.67,11.63,19.39,19.65,20.0,0.0,10.67
session_887044774df5,user_056,hr,2026-07-22 09:26:23,2026-07-22 15:30:23,24,8,0,24,1,1,3,5,0,154.718,35.234,0,0,364.0,9.433333333333334,2,0,0,0.0,6.446583333333333,normal,0.2579,0.9198,0.8672,0.0,0.0,0.0,0.0,0.8559,0.0,0.3223,30,1.0,personal,14.88,15.5,15.99,19.35,0.0,0.0,13.39
session_9686ad547dd4,user_018,developer,2026-07-22 09:27:51,2026-07-22 14:18:51,17,5,0,17,1,1,5,0,0,0.0,0.0,0,0,291.0,9.45,2,0,0,0.0,0.0,normal,0.8798,0.7813,0.4818,0.0,0.0,0.0,0.0,0.0,0.0,0.2381,30,1.0,personal,11.22,10.46,11.82,12.55,0.0,4.68,9.84
session_8dfd5a59ab0e,user_062,hr,2026-07-22 09:29:51,2026-07-22 14:15:51,17,6,0,17,1,1,3,2,0,27.992,15.35,0,0,286.0,9.483333333333333,2,0,0,0.0,1.6465882352941177,normal,0.3424,0.1241,0.0,0.0,0.0,0.0,0.0,1.2602,0.0,0.1919,30,1.0,personal,9.15,12.34,19.52,22.71,40.0,0.0,15.33
session_1fc9d48a4f3c,user_047,developer,2026-07-22 09:31:20,2026-07-22 13:34:20,17,5,0,17,1,1,5,0,0,0.0,0.0,0,0,243.0,9.516666666666667,2,0,0,0.0,0.0,normal,0.7529,0.2206,0.1226,0.0,0.0,0.0,0.0,0.0,0.0,0.1218,30,1.0,personal,5.91,9.87,10.43,13.04,0.0,0.0,7.21
session_43041feea991,user_014,hr,2026-07-22 09:34:50,2026-07-22 14:34:50,17,7,0,17,1,1,3,4,0,45.112,13.159,0,0,300.0,9.566666666666666,2,0,0,0.0,2.653647058823529,normal,0.0211,0.0482,0.0613,0.0,0.0,0.0,0.0,0.0373,0.0,0.0187,28,1.0,personal,0.93,22.2,25.09,27.76,40.0,0.0,15.35
session_dd9160641b99,user_065,hr,2026-07-22 09:34:52,2026-07-22 13:55:52,16,5,0,16,1,1,3,3,0,31.828,12.86,0,0,261.0,9.566666666666666,2,0,0,0.0,1.98925,normal,0.3948,0.2004,0.281,0.0,0.0,0.0,0.0,0.6488,0.0,0.1694,30,1.0,personal,8.12,8.15,11.3,14.48,0.0,0.0,8.02
session_45082d9f5852,user_003,developer,2026-07-22 09:34:56,2026-07-22 13:41:56,14,3,0,14,1,1,5,0,0,0.0,0.0,0,0,247.0,9.566666666666666,2,0,0,0.0,0.0,normal,1.0874,0.1184,0.3372,0.0,0.0,0.0,0.0,0.0,0.0,0.1714,30,1.0,personal,8.21,13.77,14.37,13.03,0.0,4.61,9.73
session_6b26f3ed2234,user_075,developer,2026-07-22 09:38:11,2026-07-22 14:07:11,17,6,0,17,1,1,4,0,0,0.0,0.0,0,0,269.0,9.633333333333333,2,0,0,0.0,0.0,normal,0.0794,0.0811,0.0,0.0,0.0,0.0,0.9256,0.0,0.0,0.1207,26,1.0,personal,5.86,10.34,9.83,11.41,0.0,12.34,7.64
session_4fc270f5d84f,user_013,hr,2026-07-22 09:41:21,2026-07-22 14:09:21,15,7,0,15,1,1,3,2,0,9.838,5.529,0,0,268.0,9.683333333333334,2,0,0,0.0,0.6558666666666667,normal,0.5781,0.1052,0.6745,0.0,0.0,0.0,0.0,0.5688,0.0,0.2141,30,1.0,personal,10.15,13.0,23.73,28.11,40.0,0.0,17.03
session_5161d862d228,user_033,developer,2026-07-22 09:44:31,2026-07-22 15:57:31,21,5,0,21,1,1,5,0,0,0.0,0.0,0,0,373.0,9.733333333333333,2,0,0,0.0,0.0,normal,0.0321,0.8973,0.2248,0.0,0.0,0.0,0.0,0.0,0.0,0.1282,30,1.0,personal,6.21,37.73,40.25,35.71,80.0,0.0,27.64
session_584603745633,user_037,developer,2026-07-22 09:45:17,2026-07-22 11:45:17,9,2,0,9,1,1,4,0,0,0.0,0.0,0,0,120.0,9.75,2,0,0,0.0,0.0,normal,0.3372,1.5646,1.4989,0.0,0.0,0.0,1.0,0.0,0.0,0.489,30,1.0,personal,21.69,17.62,15.29,14.67,0.0,0.0,15.96
session_d0f3199bf1be,user_041,finance,2026-07-22 09:58:30,2026-07-22 12:57:30,14,4,0,14,1,1,3,2,2,69.587,22.327,0,0,179.0,9.966666666666669,2,0,0,0.0,4.9705,normal,0.4646,0.5764,0.1686,0.0,0.0,0.0,0.0,0.8532,0.0,0.2292,30,1.0,personal,10.83,21.06,21.32,23.07,20.0,1.42,16.12
session_d43842a5faf4,user_063,finance,2026-07-22 10:00:16,2026-07-22 13:41:16,18,6,0,18,1,1,3,2,2,20.458,6.722,0,0,221.0,10.0,2,0,0,0.0,1.1365555555555555,normal,0.5158,0.601,0.2248,0.0,0.0,0.0,0.0,1.2436,0.0,0.2872,30,1.0,personal,13.38,12.88,16.67,19.82,40.0,0.0,16.41
session_e193efa562f6,user_071,analyst,2026-07-22 10:01:39,2026-07-22 10:16:39,6,3,0,6,1,6,3,3,0,33.426,10.611,0,1,15.0,10.016666666666667,2,0,0,0.0,5.571000000000001,device_spoofing,0.7519,2.5924,1.4103,0.0,0.0,5.0,1.0,1.4663,0.0,1.3579,30,1.0,personal,49.29,38.49,29.53,22.41,20.0,53.41,38.75
session_a85bbce14162,user_053,hr,2026-07-22 10:03:29,2026-07-22 13:30:29,15,6,0,15,1,1,3,3,0,20.318,10.822,0,0,207.0,10.05,2,0,0,0.0,1.3545333333333331,normal,0.8198,0.9675,0.5059,0.0,0.0,0.0,0.0,0.0377,0.0,0.259,30,1.0,personal,12.15,11.58,20.34,21.93,40.0,0.0,16.42
session_7d95836211c2,user_005,hr,2026-07-22 10:08:17,2026-07-22 14:09:17,16,4,0,16,1,1,3,7,0,24.316,5.147,0,0,241.0,10.133333333333333,2,0,0,0.0,1.51975,normal,1.3811,0.1124,0.0,0.0,0.0,0.0,0.0,1.5486,0.0,0.338,30,1.0,personal,15.55,17.72,25.77,26.71,40.0,0.0,20.3
session_9670f1971d8a,user_002,finance,2026-07-22 10:10:13,2026-07-22 11:53:13,9,2,0,9,1,1,3,1,3,44.523,14.686,0,0,103.0,10.166666666666666,2,0,0,0.0,4.946999999999999,normal,0.3891,1.173,1.0117,0.0,0.0,0.0,0.0,0.2509,0.0,0.3139,29,1.0,personal,14.53,14.64,19.12,19.36,20.0,0.0,15.54
session_8a26c1875a25,user_001,finance,2026-07-22 10:15:32,2026-07-22 13:45:32,16,3,0,16,1,1,3,3,0,46.126000000000005,18.184,0,0,210.0,10.25,2,0,0,0.0,2.8828750000000003,normal,1.393,0.2643,0.0674,0.0,0.0,0.0,0.0,0.822,0.0,0.283,30,1.0,personal,13.19,15.26,18.3,18.43,20.0,0.0,14.92
session_075b32b7ee57,user_074,finance,2026-07-22 10:17:03,2026-07-22 15:30:03,17,4,0,17,1,1,3,1,5,19.76,4.522,0,0,313.0,10.283333333333331,2,0,0,0.0,1.1623529411764706,normal,1.9695,0.3523,0.0,0.0,0.0,0.0,0.0,0.1101,0.0,0.2702,30,1.0,personal,12.64,9.47,12.26,12.93,0.0,0.0,10.08
session_f4303500f1b7,user_030,hr,2026-07-22 10:17:15,2026-07-22 15:27:15,17,4,0,17,1,1,3,2,0,22.473,13.724,0,0,310.0,10.283333333333331,2,0,0,0.0,1.3219411764705882,normal,1.2078,0.2723,0.0964,0.0,0.0,0.0,0.0,0.7357,0.0,0.2569,30,1.0,personal,12.05,16.24,24.08,24.37,20.0,9.81,16.61
session_ad47ce0d589a,user_046,hr,2026-07-22 10:20:04,2026-07-22 16:32:04,18,4,0,18,1,1,3,2,0,23.907,15.059,0,0,372.0,10.333333333333334,2,0,0,0.0,1.3281666666666667,normal,0.0578,1.0892,0.2248,0.0,0.0,0.0,0.0,0.4086,0.0,0.1978,30,1.0,personal,9.42,9.79,10.87,12.52,0.0,0.0,8.61
session_7512edb9f4e5,user_051,analyst,2026-07-22 10:29:29,2026-07-22 15:04:29,19,5,0,19,1,1,4,5,0,28.215000000000003,7.761,0,0,275.0,10.483333333333333,2,0,0,0.0,1.485,normal,1.6809,0.3198,0.5519,0.0,0.0,0.0,0.0,0.1457,0.0,0.2998,30,1.0,personal,13.92,14.7,14.42,15.15,20.0,0.0,14.18
session_697df93b605a,user_068,developer,2026-07-22 10:32:18,2026-07-22 15:34:18,20,2,0,20,1,1,5,0,0,0.0,0.0,0,0,302.0,10.533333333333331,2,0,0,0.0,0.0,normal,1.9485,0.5662,0.5396,0.0,0.0,0.0,0.0,0.0,0.0,0.3394,29,1.0,personal,15.61,16.59,14.99,15.9,0.0,8.88,13.84
session_6255dd9ab3b8,user_054,developer,2026-07-22 10:38:34,2026-07-22 12:50:34,9,3,0,9,1,1,3,0,0,0.0,0.0,0,0,132.0,10.633333333333333,2,0,0,0.0,0.0,normal,1.4754,0.7876,0.8993,0.0,0.0,0.0,2.0,0.0,0.0,0.5736,30,1.0,personal,24.93,23.83,20.82,17.65,0.0,29.94,21.12
session_99ed611da59b,user_072,hr,2026-07-22 10:42:45,2026-07-22 18:02:45,24,8,0,24,1,1,3,4,0,72.616,26.999,0,0,440.0,10.7,2,0,0,0.0,3.0256666666666665,normal,1.7837,2.0235,0.8094,0.0,0.0,0.0,0.0,0.5585,0.0,0.575,30,1.0,personal,24.99,20.95,17.28,16.54,0.0,10.68,18.97
session_d459f922e67c,user_060,developer,2026-07-22 11:02:53,2026-07-22 13:20:53,12,2,0,12,1,1,5,0,0,0.0,0.0,0,0,138.0,11.033333333333331,2,0,0,0.0,0.0,normal,0.9198,1.0148,0.5059,0.0,0.0,0.0,0.0,0.0,0.0,0.2712,30,1.0,personal,12.68,25.66,35.27,29.25,60.0,0.84,24.46
session_8540bcef7177,user_055,analyst,2026-07-22 11:19:12,2026-07-22 13:38:12,10,2,0,10,1,1,3,3,0,44.499,18.485,0,0,139.0,11.316666666666666,2,0,0,0.0,4.4499,normal,1.5588,1.1207,1.349,0.0,0.0,0.0,1.0,0.5416,0.0,0.6189,28,1.0,personal,26.61,39.13,38.51,31.84,60.0,14.11,34.14
session_8f11e486937d,user_022,developer,2026-07-22 12:06:47,2026-07-22 12:06:47,1,0,0,1,1,1,1,1,0,52.945,52.945,0,1,0.0,12.1,2,0,0,0.0,52.945,low_slow_exfiltration,6.4579,3.8308,3.9345,0.0,0.0,0.0,4.0,52.945,0.0,3.1359,30,1.0,personal,79.15,59.38,51.51,42.94,80.0,5.97,63.86
session_b02a43e9198b,user_052,finance,2026-07-22 13:17:51,2026-07-22 13:17:51,1,0,0,1,1,1,1,1,0,15.285,15.285,0,1,0.0,13.283333333333331,2,0,0,0.0,15.285,low_slow_exfiltration,5.5498,2.3669,2.8666,0.0,0.0,0.0,2.0,2.1752,0.0,1.6621,30,1.0,personal,56.44,40.21,38.31,35.36,80.0,0.0,47.9
session_37311552446d,user_076,analyst,2026-07-22 15:49:29,2026-07-22 15:49:29,1,0,0,1,1,1,1,1,0,10.636,10.636,0,1,0.0,15.816666666666666,2,0,0,0.0,10.636,insider_drift,7.1243,2.2996,2.5293,0.0,0.0,0.0,3.0,1.0048,0.0,1.7731,30,1.0,personal,58.79,43.82,38.86,36.97,80.0,8.3,50.22
session_5137b03903b4,user_066,developer,2026-07-23 01:30:28,2026-07-23 01:37:26,23,23,23,23,4,1,1,0,0,0.0,0.0,0,1,6.966666666666667,1.5,3,0,1,1.0,0.0,brute_force,14.2816,2.4144,1.5176,1.0,3.0,0.0,4.0,0.0,0.0,2.4369,29,1.0,personal,70.43,43.58,29.41,24.65,20.0,67.93,49.16
session_63a16809debe,user_063,finance,2026-07-23 02:30:50,2026-07-23 02:39:10,31,31,31,31,4,1,1,0,0,0.0,0.0,0,1,8.333333333333334,2.5,3,0,1,1.0,0.0,brute_force,11.387,3.4759,3.1476,1.0,3.0,0.0,2.0,2.3861,0.0,2.7788,30,1.0,personal,75.08,43.75,29.77,26.34,40.0,39.7,51.87
session_942ee41bcb4e,user_035,admin,2026-07-23 03:30:49,2026-07-23 03:36:09,19,19,19,19,3,1,1,0,0,0.0,0.0,0,1,5.333333333333333,3.5,3,0,1,1.0,0.0,brute_force,8.0189,2.8774,0.5781,1.0,2.0,0.0,4.0,0.0,1.349,2.2026,30,1.0,personal,66.76,55.7,40.94,31.43,40.0,72.93,54.77
session_0b4f73344a2a,user_045,admin,2026-07-23 07:14:39,2026-07-23 10:18:39,11,1,0,11,1,1,5,0,0,0.0,0.0,5,0,184.0,7.233333333333333,3,0,0,0.0,0.0,normal,1.8329,0.7363,0.8431,0.0,0.0,0.0,0.0,0.0,1.349,0.529,30,1.0,personal,23.24,22.71,33.69,35.48,60.0,0.0,28.44
session_3812630412f9,user_007,developer,2026-07-23 07:17:12,2026-07-23 13:38:12,25,6,0,25,1,1,5,0,0,0.0,0.0,0,0,381.0,7.283333333333333,3,0,0,0.0,0.0,normal,2.0372,0.9083,1.165,0.0,0.0,0.0,0.0,0.0,0.0,0.4567,30,1.0,personal,20.42,19.39,18.22,19.79,20.0,0.0,18.76
session_7a7a4d5fe943,user_064,finance,2026-07-23 07:40:31,2026-07-23 10:05:31,10,3,0,10,1,1,3,1,2,34.384,15.206,0,0,145.0,7.666666666666667,3,0,0,0.0,3.4384,normal,0.9173,1.052,0.9443,0.0,0.0,0.0,0.0,1.2395,0.0,0.4615,28,1.0,personal,20.61,17.68,17.03,17.09,0.0,0.0,16.04
session_9a421479fe6e,user_009,developer,2026-07-23 07:47:49,2026-07-23 10:22:49,12,1,0,12,1,1,4,0,0,0.0,0.0,0,0,155.0,7.783333333333333,3,0,0,0.0,0.0,normal,1.6637,1.6223,1.1804,0.0,0.0,0.0,0.8308,0.0,0.0,0.5886,30,1.0,personal,25.49,21.84,25.49,23.31,20.0,27.33,24.09
session_b567d0a5d91a,user_059,analyst,2026-07-23 07:48:29,2026-07-23 12:14:29,18,5,0,18,1,1,4,5,0,48.387,17.698,0,0,266.0,7.8,3,0,0,0.0,2.6881666666666666,normal,3.2544,0.3264,0.2891,0.0,0.0,0.0,0.0,0.784,0.0,0.5171,28,1.0,personal,22.78,20.58,27.14,31.03,40.0,0.0,24.4
session_99a6ea45b690,user_058,hr,2026-07-23 07:53:32,2026-07-23 12:32:32,18,6,0,18,1,1,3,3,0,45.988,20.484,0,0,279.0,7.883333333333333,3,0,0,0.0,2.5548888888888888,normal,0.6201,0.2885,0.5059,0.0,0.0,0.0,0.0,0.0275,0.0,0.1602,30,1.0,personal,7.7,10.22,11.73,14.45,0.0,0.0,8.33
session_d7327ef4da3a,user_043,hr,2026-07-23 08:03:06,2026-07-23 13:30:06,22,2,0,22,1,1,3,8,0,81.41,14.584,0,0,327.0,8.05,3,0,0,0.0,3.700454545454545,normal,0.2821,0.5896,0.5781,0.0,0.0,0.0,0.0,1.4168,0.0,0.3185,30,1.0,personal,14.72,22.09,23.87,26.92,20.0,6.88,18.92
session_a8b95b98c6b1,user_014,hr,2026-07-23 08:19:38,2026-07-23 13:28:38,21,4,0,21,1,1,3,2,0,40.905,22.751,0,0,309.0,8.316666666666666,3,0,0,0.0,1.947857142857143,normal,1.6019,0.0799,0.4497,0.0,0.0,0.0,0.0,0.1251,0.0,0.2507,29,1.0,personal,11.78,16.03,21.36,25.69,40.0,0.0,17.69
session_0c33d04fd4c8,user_024,hr,2026-07-23 08:21:58,2026-07-23 11:18:58,11,2,0,11,1,1,2,1,0,19.814,19.814,0,0,177.0,8.35,3,0,0,0.0,1.8012727272727274,normal,0.3372,0.9997,0.9443,0.0,0.0,0.0,1.0,1.7199,0.0,0.5557,30,1.0,personal,24.26,17.78,27.06,28.9,40.0,0.0,24.21
session_0c70d169236c,user_052,finance,2026-07-23 08:25:00,2026-07-23 09:55:00,7,0,0,7,1,1,1,2,0,116.409,29.047,0,0,90.0,8.416666666666666,3,0,0,0.0,16.62985714285714,normal,1.3608,1.6221,1.8548,0.0,0.0,0.0,2.0,4.4791,0.0,1.2574,30,1.0,personal,46.67,43.57,40.01,37.44,80.0,16.02,45.93
session_93d37705bb3a,user_050,developer,2026-07-23 08:30:29,2026-07-23 14:08:29,22,8,0,22,1,1,5,0,0,0.0,0.0,0,0,338.0,8.5,3,0,0,0.0,0.0,normal,0.4364,1.2488,1.349,0.0,0.0,0.0,0.0,0.0,0.0,0.3371,30,1.0,personal,15.51,12.72,20.9,27.07,20.0,0.0,16.59
session_dfc3c8222bcc,user_070,admin,2026-07-23 08:31:30,2026-07-23 11:36:30,11,1,0,11,1,1,4,0,0,0.0,0.0,2,0,185.0,8.516666666666667,3,0,0,0.0,0.0,normal,1.323,1.1044,1.096,0.0,0.0,0.0,1.0,0.0,0.6745,0.5775,30,1.0,personal,25.08,25.04,21.11,20.06,0.0,7.46,20.59
session_8fc3c5bd2cb9,user_044,developer,2026-07-23 08:31:47,2026-07-23 13:51:47,20,4,0,20,1,1,5,0,0,0.0,0.0,0,0,320.0,8.516666666666667,3,0,0,0.0,0.0,normal,0.3201,1.3329,0.7708,0.0,0.0,0.0,0.0,0.0,0.0,0.2693,30,1.0,personal,12.6,11.43,17.25,21.15,20.0,0.0,14.03
session_a5cc97b3a38e,user_075,developer,2026-07-23 08:32:03,2026-07-23 14:02:03,22,6,0,22,1,1,5,0,0,0.0,0.0,0,0,330.0,8.533333333333333,3,0,0,0.0,0.0,normal,1.6488,0.6745,0.8431,0.0,0.0,0.0,0.0,0.0,0.0,0.3518,27,1.0,personal,16.13,12.35,11.71,11.95,0.0,12.42,12.49
session_1fc318218c0c,user_061,analyst,2026-07-23 08:35:53,2026-07-23 14:08:53,23,7,0,23,1,1,4,6,0,27.446,7.232,0,0,333.0,8.583333333333334,3,0,0,0.0,1.193304347826087,normal,1.083,0.3531,0.5059,0.0,0.0,0.0,0.0,0.3819,0.0,0.2582,30,1.0,personal,12.11,21.27,22.1,19.39,20.0,16.19,17.16
session_208886336fb7,user_069,hr,2026-07-23 08:36:02,2026-07-23 12:29:02,18,5,0,18,1,1,3,8,0,95.586,20.925,0,0,233.0,8.6,3,0,0,0.0,5.310333333333333,normal,0.7573,1.0673,0.3372,0.0,0.0,0.0,0.0,1.4547,0.0,0.4018,30,1.0,personal,18.2,18.0,22.58,24.62,20.0,0.0,18.73
session_fe2c97fb9274,user_012,analyst,2026-07-23 08:36:18,2026-07-23 12:39:18,15,4,0,15,1,1,4,3,0,12.118,5.207,0,0,243.0,8.6,3,0,0,0.0,0.8078666666666667,normal,0.1717,0.2505,0.5059,0.0,0.0,0.0,0.0,1.1866,0.0,0.235,30,1.0,personal,11.09,22.97,27.64,23.82,40.0,0.0,19.56
session_2d9ac54a4012,user_038,developer,2026-07-23 08:38:31,2026-07-23 11:55:31,16,3,0,16,1,1,5,0,0,0.0,0.0,0,0,197.0,8.633333333333333,3,0,0,0.0,0.0,normal,0.5396,1.0452,0.2891,0.0,0.0,0.0,0.0,0.0,0.0,0.2082,30,1.0,personal,9.89,25.12,27.91,29.81,40.0,0.0,20.15
session_0b3715d91e65,user_011,analyst,2026-07-23 08:39:33,2026-07-23 10:42:33,9,2,0,9,1,1,4,1,0,9.088,9.088,0,0,123.0,8.65,3,0,0,0.0,1.0097777777777777,normal,0.3533,1.2647,1.1242,0.0,0.0,0.0,0.0,1.2248,0.0,0.4408,29,1.0,personal,19.78,16.62,23.12,22.94,20.0,0.0,19.0
session_9b863f6d885e,user_006,analyst,2026-07-23 08:46:51,2026-07-23 12:56:51,18,4,0,18,1,1,4,6,0,81.35,18.678,0,0,250.0,8.766666666666667,3,0,0,0.0,4.519444444444444,normal,0.1265,0.2046,0.4292,0.0,0.0,0.0,0.0,0.8239,0.0,0.176,30,1.0,personal,8.42,13.76,24.08,24.72,40.0,0.0,16.21
session_ce3638004d24,user_074,finance,2026-07-23 08:46:53,2026-07-23 09:01:53,6,1,0,6,1,6,3,1,0,52.391000000000005,19.914,0,1,15.0,8.766666666666667,3,0,0,0.0,8.731833333333334,device_spoofing,0.5093,2.4415,1.4839,0.0,0.0,5.0,0.0,2.3713,0.0,1.3118,30,1.0,personal,48.1,29.42,20.83,17.34,20.0,19.98,32.98
session_7e556ada9e17,user_013,hr,2026-07-23 08:47:12,2026-07-23 13:00:12,15,3,0,15,1,1,3,5,0,27.126,7.387,0,0,253.0,8.783333333333333,3,0,0,0.0,1.8084,normal,0.8561,0.3139,0.6745,0.0,0.0,0.0,0.0,1.6627,0.0,0.3897,30,1.0,personal,17.7,15.29,21.13,26.9,20.0,0.0,18.0
session_437a4bba02d9,user_018,developer,2026-07-23 08:48:25,2026-07-23 15:44:25,24,4,0,24,1,1,5,0,0,0.0,0.0,0,0,416.0,8.8,3,0,0,0.0,0.0,normal,0.2639,2.0498,1.8308,0.0,0.0,0.0,0.0,0.0,0.0,0.4605,30,1.0,personal,20.57,15.48,14.12,13.2,0.0,6.04,15.06
session_28ae3df2d442,user_008,developer,2026-07-23 08:49:59,2026-07-23 12:46:59,16,4,0,16,1,1,5,0,0,0.0,0.0,0,0,237.0,8.816666666666666,3,0,0,0.0,0.0,normal,0.184,0.1589,0.0,0.0,0.0,0.0,0.0,0.0,0.0,0.0381,30,1.0,personal,1.89,5.13,7.33,12.72,0.0,0.0,4.15
session_4f862deba63a,user_068,developer,2026-07-23 08:51:13,2026-07-23 11:45:13,9,1,0,9,1,1,4,0,0,0.0,0.0,0,0,174.0,8.85,3,0,0,0.0,0.0,normal,1.5438,0.575,1.1991,0.0,0.0,0.0,1.0,0.0,0.0,0.4798,30,1.0,personal,21.33,18.25,16.8,16.59,0.0,16.65,17.19
session_7a8ad493e797,user_077,admin,2026-07-23 08:53:32,2026-07-23 12:06:32,11,4,0,11,1,1,5,0,0,0.0,0.0,0,0,193.0,8.883333333333333,3,0,0,0.0,0.0,normal,0.2495,0.6595,0.6745,0.0,0.0,0.0,0.0,0.0,1.349,0.3258,30,1.0,personal,15.03,13.47,22.74,22.21,20.0,0.0,16.34
session_3db5daa4f1d4,user_073,hr,2026-07-23 08:58:41,2026-07-23 14:14:41,21,5,0,21,1,1,3,6,0,41.457,13.786,0,0,316.0,8.966666666666667,3,0,0,0.0,1.9741428571428568,normal,0.8743,0.7372,0.6745,0.0,0.0,0.0,0.0,1.1027,0.0,0.3765,29,1.0,personal,17.16,21.78,22.52,21.27,0.0,9.75,17.21
session_2897870dbec0,user_074,finance,2026-07-23 08:59:51,2026-07-23 11:37:51,11,2,0,11,1,1,3,2,3,18.953,5.354,0,0,158.0,8.983333333333333,3,0,0,0.0,1.723,normal,0.1514,1.083,0.8094,0.0,0.0,0.0,0.0,0.0632,0.0,0.2341,30,1.0,personal,11.05,23.66,18.88,16.75,20.0,17.47,16.53
session_eb418b57dea5,user_054,developer,2026-07-23 09:03:05,2026-07-23 12:04:05,14,1,0,14,1,1,5,0,0,0.0,0.0,0,0,181.0,9.05,3,0,0,0.0,0.0,normal,1.0617,0.3612,0.1499,0.0,0.0,0.0,0.0,0.0,0.0,0.1748,30,1.0,personal,8.37,16.24,18.45,16.49,0.0,2.41,11.13
session_efbae09349f7,user_078,developer,2026-07-23 09:04:54,2026-07-23 12:03:54,13,2,0,13,1,1,4,0,0,0.0,0.0,0,0,179.0,9.066666666666666,3,0,0,0.0,0.0,normal,0.5107,0.5124,0.2248,0.0,0.0,0.0,1.0,0.0,0.0,0.2498,30,1.0,personal,11.74,14.17,16.46,18.12,20.0,0.0,13.81
session_77ff3a2c2a77,user_071,analyst,2026-07-23 09:07:52,2026-07-23 11:50:52,14,5,0,14,1,1,4,4,0,71.646,31.289,0,0,163.0,9.116666666666667,3,0,0,0.0,5.117571428571429,normal,0.4423,1.2343,0.4292,0.0,0.0,0.0,0.0,0.2302,0.0,0.2596,30,1.0,personal,12.17,26.97,26.52,21.58,20.0,31.27,19.96
session_d1018d1354ab,user_023,developer,2026-07-23 09:12:28,2026-07-23 12:22:28,13,3,0,13,1,1,4,0,0,0.0,0.0,0,0,190.0,9.2,3,0,0,0.0,0.0,normal,0.045,0.7549,0.6745,0.0,0.0,0.0,1.0,0.0,0.0,0.2749,30,1.0,personal,12.84,11.07,12.5,12.33,0.0,0.0,10.46
session_3476cefaa2a4,user_057,developer,2026-07-23 09:13:45,2026-07-23 13:47:45,18,7,0,18,1,1,4,0,0,0.0,0.0,0,0,274.0,9.216666666666669,3,0,0,0.0,0.0,normal,0.2211,0.6995,0.6745,0.0,0.0,0.0,1.0,0.0,0.0,0.2883,30,1.0,personal,13.42,15.56,13.26,17.77,0.0,7.28,12.61
session_cc89b1e86e42,user_005,hr,2026-07-23 09:14:01,2026-07-23 16:01:01,24,7,0,24,1,1,3,4,0,12.823,3.899,0,0,407.0,9.233333333333333,3,0,0,0.0,0.5342916666666667,normal,0.3519,1.9156,1.349,0.0,0.0,0.0,0.0,0.0716,0.0,0.4098,30,1.0,personal,18.53,17.83,22.54,26.04,40.0,0.0,20.96
session_469780195e1c,user_021,finance,2026-07-23 09:16:38,2026-07-23 13:25:38,15,6,0,15,1,1,3,3,4,32.878,7.758,0,0,249.0,9.266666666666667,3,0,0,0.0,2.191866666666667,normal,1.2141,0.2274,0.1349,0.0,0.0,0.0,0.0,0.2894,0.0,0.2073,29,1.0,personal,9.85,10.44,17.84,21.75,20.0,0.0,12.88
session_185dec1b05b7,user_035,admin,2026-07-23 09:19:14,2026-07-23 15:27:14,23,6,0,23,1,1,5,0,0,0.0,0.0,1,0,368.0,9.316666666666666,3,0,0,0.0,0.0,normal,0.6995,1.4141,1.349,0.0,0.0,0.0,0.0,0.0,0.6745,0.4597,30,1.0,personal,20.53,37.43,37.67,30.71,40.0,51.99,31.02
session_0018cc0c6017,user_065,hr,2026-07-23 09:20:00,2026-07-23 12:33:00,12,3,0,12,1,1,3,2,0,23.298,13.005,0,0,193.0,9.333333333333334,3,0,0,0.0,1.9415,normal,0.0658,0.9327,0.7971,0.0,0.0,0.0,0.0,0.7895,0.0,0.2872,30,1.0,personal,13.38,10.4,11.16,14.22,0.0,0.0,10.53
session_03d763b83a77,user_033,developer,2026-07-23 09:22:25,2026-07-23 11:24:25,9,2,0,9,1,1,3,0,0,0.0,0.0,0,0,122.0,9.366666666666667,3,0,0,0.0,0.0,normal,0.4976,2.2401,2.9678,0.0,0.0,0.0,2.0,0.0,0.0,0.8562,30,1.0,personal,34.83,30.92,37.74,36.37,60.0,0.0,35.41
session_acfa728d36b1,user_072,hr,2026-07-23 09:24:31,2026-07-23 14:41:31,16,4,0,16,1,1,3,6,0,107.751,43.066,0,0,317.0,9.4,3,0,0,0.0,6.7344375,normal,0.7403,0.6473,0.3747,0.0,0.0,0.0,0.0,1.5977,0.0,0.3733,30,1.0,personal,17.03,19.96,17.49,16.48,0.0,20.48,16.1
session_218f394f7257,user_066,developer,2026-07-23 09:25:11,2026-07-23 12:31:11,12,4,0,12,1,1,5,0,0,0.0,0.0,0,0,186.0,9.416666666666666,3,0,0,0.0,0.0,normal,0.3519,0.2958,0.3372,0.0,0.0,0.0,0.0,0.0,0.0,0.1094,29,1.0,personal,5.32,29.17,25.09,21.72,20.0,28.31,17.31
session_d8d8cd9135e9,user_039,developer,2026-07-23 09:25:26,2026-07-23 11:35:26,10,5,0,10,1,1,4,0,0,0.0,0.0,0,0,130.0,9.416666666666666,3,0,0,0.0,0.0,normal,0.5995,1.5338,1.5176,0.0,0.0,0.0,1.0,0.0,0.0,0.5168,29,1.0,personal,22.77,21.81,21.39,22.31,0.0,5.33,19.18
session_23d5b20891bd,user_056,hr,2026-07-23 09:28:12,2026-07-23 15:44:12,25,10,0,25,1,1,3,4,0,122.704,53.635,0,0,376.0,9.466666666666669,3,0,0,0.0,4.9081600000000005,normal,0.2182,0.9973,0.8431,0.0,0.0,0.0,0.0,0.3058,0.0,0.2627,30,1.0,personal,12.31,14.39,14.95,18.51,0.0,0.0,11.89
session_648cd72d12fd,user_036,developer,2026-07-23 09:33:22,2026-07-23 14:56:22,22,8,0,22,1,1,5,0,0,0.0,0.0,0,0,323.0,9.55,3,0,0,0.0,0.0,normal,0.3079,0.6745,0.8244,0.0,0.0,0.0,0.0,0.0,0.0,0.2008,30,1.0,personal,9.55,13.89,19.01,19.25,20.0,0.0,13.38
session_22293f0aea50,user_004,developer,2026-07-23 09:37:24,2026-07-23 13:24:24,13,1,0,13,1,1,5,0,0,0.0,0.0,0,0,227.0,9.616666666666667,3,0,0,0.0,0.0,normal,0.0674,0.887,1.349,0.0,0.0,0.0,0.0,0.0,0.0,0.2559,30,1.0,personal,12.01,9.94,16.98,18.78,20.0,0.0,13.22
session_e5666f061a9d,user_019,developer,2026-07-23 09:38:04,2026-07-23 13:03:04,12,4,0,12,1,1,5,0,0,0.0,0.0,0,0,205.0,9.633333333333333,3,0,0,0.0,0.0,normal,0.6595,0.3642,1.1804,0.0,0.0,0.0,0.0,0.0,0.0,0.2449,30,1.0,personal,11.52,16.78,23.01,21.4,20.0,0.0,15.56
session_d8aae035e715,user_060,developer,2026-07-23 09:38:49,2026-07-23 14:42:49,21,3,0,21,1,1,5,0,0,0.0,0.0,0,0,304.0,9.633333333333333,3,0,0,0.0,0.0,normal,1.1405,1.0117,1.0117,0.0,0.0,0.0,0.0,0.0,0.0,0.3515,30,1.0,personal,16.12,19.84,30.5,28.26,60.0,0.0,23.82
session_b1dd11468b6c,user_029,admin,2026-07-23 09:45:22,2026-07-23 13:45:22,18,2,0,18,1,1,5,0,0,0.0,0.0,2,0,240.0,9.75,3,0,0,0.0,0.0,normal,2.8329,0.1271,0.3372,0.0,0.0,0.0,0.0,0.0,0.0,0.3664,30,1.0,personal,16.74,25.74,25.22,24.63,20.0,30.12,21.6
session_0c0b4a693906,user_028,developer,2026-07-23 09:45:39,2026-07-23 12:19:39,12,4,0,12,1,1,5,0,0,0.0,0.0,0,0,154.0,9.75,3,0,0,0.0,0.0,normal,0.6377,0.3952,0.2998,0.0,0.0,0.0,0.0,0.0,0.0,0.1481,30,1.0,personal,7.14,21.75,19.98,19.2,20.0,13.71,14.81
session_001c3e502725,user_031,developer,2026-07-23 09:45:58,2026-07-23 12:21:58,12,3,0,12,1,1,4,0,0,0.0,0.0,0,0,156.0,9.75,3,0,0,0.0,0.0,normal,0.3372,0.8347,0.5396,0.0,0.0,0.0,0.9764,0.0,0.0,0.2987,30,1.0,personal,13.87,11.1,12.9,17.49,20.0,0.0,13.45
session_9ddcff0e3f44,user_037,developer,2026-07-23 09:46:31,2026-07-23 13:36:31,16,6,0,16,1,1,5,0,0,0.0,0.0,0,0,230.0,9.766666666666667,3,0,0,0.0,0.0,normal,0.2951,0.4811,0.3747,0.0,0.0,0.0,0.0,0.0,0.0,0.1279,30,1.0,personal,6.19,12.88,13.01,13.17,0.0,0.0,8.32
session_c0739ad5a471,user_076,analyst,2026-07-23 09:47:13,2026-07-23 12:24:13,12,2,0,12,1,1,4,0,0,0.0,0.0,0,0,157.0,9.783333333333331,3,0,0,0.0,0.0,normal,0.5059,0.8782,0.6745,0.0,0.0,0.0,0.0,1.7797,0.0,0.4265,30,1.0,personal,19.2,31.4,34.16,35.31,60.0,13.22,29.28
session_d54e2d38b7f7,user_030,hr,2026-07-23 09:48:08,2026-07-23 15:57:08,23,6,0,23,1,1,3,5,0,83.008,23.41,0,0,369.0,9.8,3,0,0,0.0,3.609043478260869,normal,0.1579,0.7564,1.2366,0.0,0.0,0.0,0.0,1.2343,0.0,0.3761,30,1.0,personal,17.14,16.62,22.59,23.04,20.0,0.0,17.87
session_4f2a391b64c4,user_052,finance,2026-07-23 09:49:19,2026-07-23 16:27:19,23,8,0,23,1,1,3,4,5,53.874,9.012,0,0,398.0,9.816666666666666,3,0,0,0.0,2.3423478260869564,normal,0.6132,0.9269,0.7494,0.0,0.0,0.0,0.0,0.1908,0.0,0.2756,30,1.0,personal,12.87,31.4,33.63,35.02,80.0,0.0,27.98
session_186ff413cc19,user_055,analyst,2026-07-23 09:49:45,2026-07-23 14:37:45,24,3,0,24,1,1,4,8,0,120.026,18.816,0,0,288.0,9.816666666666666,3,0,0,0.0,5.001083333333333,normal,1.1144,0.4292,1.7986,0.0,0.0,0.0,0.0,2.1751,0.0,0.613,29,1.0,personal,26.4,33.8,35.83,31.69,60.0,0.0,31.86
session_93a0c656a9ab,user_025,hr,2026-07-23 09:50:00,2026-07-23 15:10:00,19,4,0,19,1,1,3,6,0,14.344,3.471,0,0,320.0,9.833333333333334,3,0,0,0.0,0.7549473684210527,normal,0.801,0.5991,0.6745,0.0,0.0,0.0,0.0,1.1233,0.0,0.3553,30,1.0,personal,16.28,16.31,19.29,20.81,0.0,0.0,14.75
session_a1857b83361d,user_034,finance,2026-07-23 09:54:26,2026-07-23 13:22:26,13,4,0,13,1,1,3,1,3,23.15,9.21,0,0,208.0,9.9,3,0,0,0.0,1.7807692307692309,normal,1.2452,0.3372,0.5902,0.0,0.0,0.0,0.0,0.8006,0.0,0.3304,30,1.0,personal,15.23,16.12,15.44,17.55,0.0,0.0,13.39
session_f3a6b615a89b,user_016,developer,2026-07-23 09:56:02,2026-07-23 13:31:02,16,4,0,16,1,1,5,0,0,0.0,0.0,0,0,215.0,9.933333333333334,3,0,0,0.0,0.0,normal,1.9673,0.7185,0.2891,0.0,0.0,0.0,0.0,0.0,0.0,0.3305,30,1.0,personal,15.23,11.55,18.0,17.56,20.0,0.0,14.86
session_da36a0ab3fbe,user_047,developer,2026-07-23 10:00:34,2026-07-23 12:56:34,13,3,0,13,1,1,5,0,0,0.0,0.0,0,0,176.0,10.0,3,0,0,0.0,0.0,normal,0.1569,0.5893,0.3679,0.0,0.0,0.0,0.0,0.0,0.0,0.1238,30,1.0,personal,6.0,7.17,9.12,12.11,0.0,0.0,6.41
session_ad780cbcd038,user_067,analyst,2026-07-23 10:00:39,2026-07-23 12:07:39,9,2,0,9,1,1,4,4,0,34.212,13.863,0,0,127.0,10.0,3,0,0,0.0,3.801333333333334,normal,1.3343,1.0138,1.1242,0.0,0.0,0.0,0.0,0.4325,0.0,0.4339,30,1.0,personal,19.5,16.68,16.22,17.56,20.0,0.0,17.33
session_bdc6ac25709a,user_001,finance,2026-07-23 10:01:26,2026-07-23 13:06:26,13,3,0,13,1,1,3,2,4,98.554,25.326,0,0,185.0,10.016666666666667,3,0,0,0.0,7.581076923076923,normal,0.9472,0.4922,0.4047,0.0,0.0,0.0,0.0,0.4545,0.0,0.2554,30,1.0,personal,11.99,11.89,15.52,17.75,0.0,0.0,11.28
session_785450ba6a6d,user_049,analyst,2026-07-23 10:03:38,2026-07-23 15:52:38,23,6,0,23,1,1,4,4,0,17.666,5.409,0,0,349.0,10.05,3,0,0,0.0,0.7680869565217392,normal,1.0117,1.0324,0.9743,0.0,0.0,0.0,0.0,0.2927,0.0,0.3679,30,1.0,personal,16.8,25.61,24.2,22.8,20.0,18.53,20.68
session_72dd9f60a398,user_014,hr,2026-07-23 10:04:03,2026-07-23 12:24:03,15,6,0,15,1,1,3,4,0,202.683,24.647,0,0,140.0,10.066666666666666,3,0,0,0.0,13.5122,normal,0.6122,1.7624,0.3372,0.0,0.0,0.0,0.0,5.0666,0.0,0.8643,30,1.0,personal,35.09,21.63,23.38,26.73,40.0,0.09,28.55
session_66819f115a7d,user_080,hr,2026-07-23 10:05:27,2026-07-23 14:51:27,19,2,0,19,1,1,3,11,0,169.024,21.502,0,0,286.0,10.083333333333334,3,0,0,0.0,8.896,normal,1.268,0.5487,0.5059,0.0,0.0,0.0,0.0,2.0958,0.0,0.4909,29,1.0,personal,21.76,21.64,25.86,25.24,20.0,0.0,21.44
session_7e3717cfceff,user_015,finance,2026-07-23 10:06:07,2026-07-23 15:37:07,21,6,0,21,1,1,3,4,6,37.853,7.065,0,0,331.0,10.1,3,0,0,0.0,1.8025238095238096,normal,1.5513,1.0223,0.8094,0.0,0.0,0.0,0.0,2.0094,0.0,0.5992,30,1.0,personal,25.89,18.53,20.78,23.26,20.0,0.0,21.5
session_ee6e8fdaf58a,user_002,finance,2026-07-23 10:08:50,2026-07-23 13:08:50,12,2,0,12,1,1,3,2,1,26.84,12.039,0,0,180.0,10.133333333333333,3,0,0,0.0,2.236666666666667,normal,0.3622,0.4173,0.5059,0.0,0.0,0.0,0.0,0.8806,0.0,0.2407,30,1.0,personal,11.34,12.37,15.85,18.6,20.0,0.0,13.25
session_97d6c608f97a,user_046,hr,2026-07-23 10:16:03,2026-07-23 14:02:03,13,4,0,13,1,1,3,4,0,30.662,9.681,0,0,226.0,10.266666666666667,3,0,0,0.0,2.3586153846153843,normal,0.0204,0.5269,0.8993,0.0,0.0,0.0,0.0,0.0569,0.0,0.1671,30,1.0,personal,8.02,8.93,9.76,11.94,0.0,0.0,7.65
session_a84bee50e164,user_027,developer,2026-07-23 10:16:15,2026-07-23 15:20:15,16,4,0,16,1,1,5,0,0,0.0,0.0,0,0,304.0,10.266666666666667,3,0,0,0.0,0.0,normal,2.1052,0.4056,0.1686,0.0,0.0,0.0,0.0,0.0,0.0,0.2977,30,1.0,personal,13.83,16.68,16.48,20.17,0.0,9.81,13.85
session_468f159b3b77,user_051,analyst,2026-07-23 10:18:25,2026-07-23 13:49:25,17,4,0,17,1,1,4,3,0,20.258,9.664,0,0,211.0,10.3,3,0,0,0.0,1.1916470588235293,normal,1.3822,0.4701,0.2248,0.0,0.0,0.0,0.0,0.5551,0.0,0.2925,30,1.0,personal,13.61,14.63,13.93,14.89,20.0,0.0,13.95
session_c148cd112de7,user_010,finance,2026-07-23 10:19:52,2026-07-23 15:25:52,24,4,0,24,1,1,3,8,5,93.024,12.009,0,0,306.0,10.316666666666666,3,0,0,0.0,3.876,normal,0.7047,0.3458,0.6745,0.0,0.0,0.0,0.0,1.8094,0.0,0.3927,30,1.0,personal,17.83,23.89,24.83,21.64,20.0,15.51,20.57
session_6919758fb0ab,user_063,finance,2026-07-23 10:21:39,2026-07-23 17:52:39,24,4,0,24,1,1,3,4,6,54.033,8.798,0,0,451.0,10.35,3,0,0,0.0,2.251375,normal,1.0713,2.4956,1.5738,0.0,0.0,0.0,0.0,0.9791,0.0,0.68,30,1.0,personal,28.82,41.67,30.53,27.04,20.0,56.97,31.99
session_33952c0954f4,user_062,hr,2026-07-23 10:22:17,2026-07-23 13:59:17,17,5,0,17,1,1,3,2,0,27.963,17.142,0,0,217.0,10.366666666666667,3,0,0,0.0,1.6448823529411765,normal,0.8792,0.6205,0.0,0.0,0.0,0.0,0.0,1.0953,0.0,0.2883,30,1.0,personal,13.42,11.88,17.84,21.56,40.0,0.0,16.58
session_96947572b433,user_003,developer,2026-07-23 10:26:52,2026-07-23 10:26:52,1,0,0,1,1,1,1,1,0,26.239,26.239,0,0,0.0,10.433333333333334,3,0,0,0.0,26.239,normal,0.3924,2.4517,2.2764,0.0,0.0,0.0,4.0,1.7399,0.0,1.2067,30,1.0,personal,45.3,28.62,22.22,17.2,20.0,34.24,32.61
session_cb7f7798fd9f,user_041,finance,2026-07-23 10:28:36,2026-07-23 11:32:36,9,3,0,9,1,1,3,2,3,138.816,46.857,0,0,64.0,10.466666666666669,3,0,0,0.0,15.424,normal,1.1584,1.5166,1.0117,0.0,0.0,0.0,0.0,0.0422,0.0,0.4143,30,1.0,personal,18.71,19.88,20.7,22.44,20.0,0.0,18.81
session_d6bd7c582b7b,user_079,developer,2026-07-23 10:42:40,2026-07-23 14:32:40,19,11,0,19,1,1,5,0,0,0.0,0.0,0,0,230.0,10.7,3,0,0,0.0,0.0,normal,0.4095,0.1337,0.2698,0.0,0.0,0.0,0.0,0.0,0.0,0.0903,28,1.0,personal,4.41,9.8,13.23,16.07,20.0,0.0,9.32
session_828b9c87ad45,user_017,admin,2026-07-23 10:46:42,2026-07-23 16:03:42,20,5,0,20,1,1,5,0,0,0.0,0.0,3,0,317.0,10.766666666666667,3,0,0,0.0,0.0,normal,1.7395,0.7852,0.9274,0.0,0.0,0.0,0.0,0.0,0.6745,0.4585,30,1.0,personal,20.49,34.96,27.9,23.42,20.0,45.99,26.01
session_18c0fcde5f4d,user_053,hr,2026-07-23 11:06:52,2026-07-23 14:46:52,14,5,0,14,1,1,3,5,0,24.323,7.303,0,0,220.0,11.1,3,0,0,0.0,1.7373571428571428,normal,0.6537,0.6599,0.5059,0.0,0.0,0.0,0.0,0.4224,0.0,0.2491,30,1.0,personal,11.71,11.21,16.59,20.89,20.0,0.0,13.5
session_1dfcac434bde,user_022,developer,2026-07-23 11:32:34,2026-07-23 11:32:34,1,0,0,1,1,1,1,1,0,60.072,60.072,0,1,0.0,11.533333333333331,3,0,0,0.0,60.072,low_slow_exfiltration,5.482,3.8308,3.9345,0.0,0.0,0.0,4.0,60.072,0.0,3.0275,30,1.0,personal,77.99,68.74,58.28,48.57,80.0,74.28,70.26
session_599ba685a93f,user_052,finance,2026-07-23 11:44:50,2026-07-23 11:44:50,1,0,0,1,1,1,1,1,0,17.343,17.343,0,1,0.0,11.733333333333333,3,0,0,0.0,17.343,low_slow_exfiltration,3.1364,2.2695,2.5481,0.0,0.0,0.0,2.0,2.1069,0.0,1.3401,30,1.0,personal,48.83,36.48,36.73,37.1,80.0,19.89,45.04
session_7031f873ff0e,user_073,hr,2026-07-23 16:40:21,2026-07-23 17:30:21,6,2,0,6,1,1,2,3,0,80.531,20.148,0,0,50.0,16.666666666666668,3,0,0,0.0,13.421833333333334,normal,11.703,3.4345,2.698,0.0,0.0,0.0,1.0,3.436,0.0,2.2854,30,1.0,personal,68.1,44.19,34.16,27.06,20.0,50.54,48.44
session_4233209e72ca,user_023,developer,2026-07-24 02:31:48,2026-07-24 02:41:48,6,1,0,6,1,1,6,0,0,0.0,0.0,1,1,10.0,2.5166666666666666,4,0,1,0.0,0.0,lateral_movement,12.3248,2.2825,1.9271,0.0,0.0,0.0,1.0,0.0,1.0,1.8011,30,1.0,personal,59.37,35.77,24.15,18.17,20.0,35.63,40.12
session_033b541d6220,user_052,finance,2026-07-24 03:15:39,2026-07-24 03:25:39,6,1,0,6,1,1,6,0,0,0.0,0.0,1,1,10.0,3.25,4,0,1,0.0,0.0,lateral_movement,8.3075,2.1901,1.7986,0.0,0.0,0.0,3.0,3.1876,1.0,2.1649,30,1.0,personal,66.12,51.48,44.58,41.05,100.0,25.3,58.8
session_c3f6789f3ba8,user_007,developer,2026-07-24 07:25:01,2026-07-24 11:13:01,18,4,0,18,1,1,5,0,0,0.0,0.0,0,0,228.0,7.416666666666667,4,0,0,0.0,0.0,normal,1.7457,0.4766,0.2023,0.0,0.0,0.0,0.0,0.0,0.0,0.2694,30,1.0,personal,12.6,16.09,16.7,18.28,20.0,0.0,14.59
session_dc8d5298b12c,user_050,developer,2026-07-24 07:36:00,2026-07-24 15:06:00,25,6,0,25,1,1,5,0,0,0.0,0.0,0,0,450.0,7.6,4,0,0,0.0,0.0,normal,0.9919,2.6045,2.0235,0.0,0.0,0.0,0.0,0.0,0.0,0.6244,30,1.0,personal,26.82,19.88,22.19,27.08,20.0,0.0,22.74
session_5a2fd0fa35f8,user_073,hr,2026-07-24 07:44:44,2026-07-24 13:51:44,25,9,0,25,1,1,3,7,0,51.893,11.849,0,0,367.0,7.733333333333333,4,0,0,0.0,2.07572,normal,1.072,1.3146,1.5738,0.0,0.0,0.0,0.0,1.4389,0.0,0.5999,30,1.0,personal,25.91,38.52,33.36,27.11,20.0,35.52,29.56
session_9104aa94d32a,user_006,analyst,2026-07-24 07:45:25,2026-07-24 11:49:25,17,6,0,17,1,1,3,7,0,62.81099999999999,11.328,0,0,244.0,7.75,4,0,0,0.0,3.6947647058823527,normal,1.7003,0.1591,0.2023,0.0,0.0,0.0,1.0,0.3285,0.0,0.3767,30,1.0,personal,17.17,14.56,20.82,23.97,20.0,0.0,17.3
session_64070b5019a3,user_045,admin,2026-07-24 07:46:55,2026-07-24 10:09:55,11,6,0,11,1,1,4,0,0,0.0,0.0,2,0,143.0,7.766666666666667,4,0,0,0.0,0.0,normal,0.7358,1.0413,0.8672,0.0,0.0,0.0,1.0,0.0,0.6745,0.4799,30,1.0,personal,21.33,22.25,28.62,33.97,40.0,0.0,24.67
session_e76a9803215e,user_043,hr,2026-07-24 07:49:26,2026-07-24 10:12:26,12,4,0,12,1,1,3,2,0,20.129,11.98,0,0,143.0,7.816666666666666,4,0,0,0.0,1.6774166666666666,normal,0.6254,1.6494,1.5738,0.0,0.0,0.0,0.0,0.923,0.0,0.5302,30,1.0,personal,23.29,18.44,23.9,26.28,20.0,1.95,21.31
session_f12df4c3953c,user_039,developer,2026-07-24 08:00:08,2026-07-24 13:31:08,25,6,0,25,1,1,5,0,0,0.0,0.0,0,0,331.0,8.0,4,0,0,0.0,0.0,normal,1.5526,0.3281,0.9743,0.0,0.0,0.0,0.0,0.0,0.0,0.3172,30,1.0,personal,14.67,18.88,19.84,21.34,0.0,0.0,14.75
session_bffeff2a241b,user_044,developer,2026-07-24 08:00:43,2026-07-24 12:56:43,20,3,0,20,1,1,5,0,0,0.0,0.0,0,0,296.0,8.0,4,0,0,0.0,0.0,normal,1.1037,0.8354,0.6745,0.0,0.0,0.0,0.0,0.0,0.0,0.2904,30,1.0,personal,13.52,12.13,15.82,20.29,20.0,0.0,14.23
session_3c941ad0ab56,user_042,developer,2026-07-24 08:03:26,2026-07-24 11:13:26,14,2,0,14,1,1,5,0,0,0.0,0.0,0,0,190.0,8.05,4,0,0,0.0,0.0,normal,0.1065,1.1397,0.8431,0.0,0.0,0.0,0.0,0.0,0.0,0.2321,30,1.0,personal,10.96,10.59,22.28,21.63,40.0,0.0,16.0
session_227dc54043c5,user_008,developer,2026-07-24 08:04:23,2026-07-24 10:52:23,9,4,0,9,1,1,5,0,0,0.0,0.0,0,0,168.0,8.066666666666666,4,0,0,0.0,0.0,normal,0.9285,0.6939,1.1804,0.0,0.0,0.0,0.0,0.0,0.0,0.3114,30,1.0,personal,14.42,9.59,8.71,12.51,0.0,0.0,10.24
session_a21bbde27ba2,user_040,finance,2026-07-24 08:07:13,2026-07-24 10:43:13,11,4,0,11,1,1,3,2,1,56.136,29.175,0,0,156.0,8.116666666666667,4,0,0,0.0,5.103272727272727,normal,0.3256,0.8252,1.1242,0.0,0.0,0.0,0.0,0.8856,0.0,0.3512,30,1.0,personal,16.1,17.64,17.52,25.55,20.0,0.0,17.15
session_6847f22a2a55,user_012,analyst,2026-07-24 08:09:13,2026-07-24 10:34:13,12,2,0,12,1,1,4,5,0,26.509,7.569,0,0,145.0,8.15,4,0,0,0.0,2.209083333333333,normal,0.497,1.0867,1.0117,0.0,0.0,0.0,0.0,0.6382,0.0,0.3593,30,1.0,personal,16.44,14.83,24.51,23.32,40.0,0.0,19.55
session_be5498ab2a2a,user_022,developer,2026-07-24 08:12:36,2026-07-24 11:42:36,14,4,0,14,1,1,5,0,0,0.0,0.0,0,0,210.0,8.2,4,0,0,0.0,0.0,normal,0.2583,1.0805,1.0117,0.0,0.0,0.0,0.0,0.0,0.0,0.2612,30,1.0,personal,12.24,45.31,48.62,45.39,80.0,0.0,33.79
session_0d89be413c87,user_022,developer,2026-07-24 08:14:23,2026-07-24 08:36:23,2,2,0,2,2,2,1,0,0,0.0,0.0,0,1,22.0,8.233333333333333,4,0,0,0.0,0.0,impossible_travel,0.1649,3.5427,3.7097,0.0,1.0,1.0,4.0,0.0,0.0,1.4908,30,1.0,personal,52.55,43.35,49.11,47.25,80.0,19.02,50.73
session_8090f70619b5,user_020,finance,2026-07-24 08:17:14,2026-07-24 13:33:14,16,3,0,16,1,1,3,1,6,118.944,21.853,0,0,316.0,8.283333333333333,4,0,0,0.0,7.434,normal,0.7571,0.9696,0.1686,0.0,0.0,0.0,0.0,0.8109,0.0,0.3007,30,1.0,personal,13.96,11.32,13.68,17.5,20.0,0.0,13.65
session_230a21999903,user_052,finance,2026-07-24 08:27:10,2026-07-24 14:22:10,23,4,0,23,1,1,3,6,5,61.522,10.434,0,0,355.0,8.45,4,0,0,0.0,2.674869565217392,normal,1.2928,0.5475,0.7494,0.0,0.0,0.0,0.0,0.6463,0.0,0.3596,30,1.0,personal,16.46,38.41,38.18,38.47,80.0,16.17,32.65
session_f6ce43f8a3b0,user_058,hr,2026-07-24 08:29:27,2026-07-24 10:59:27,12,4,0,12,1,1,3,5,0,52.902,20.804,0,0,150.0,8.483333333333333,4,0,0,0.0,4.4085,normal,0.3372,0.8295,0.7708,0.0,0.0,0.0,0.0,0.1805,0.0,0.2353,30,1.0,personal,11.1,10.35,11.49,13.9,0.0,0.0,9.62
session_4ad4b1a3a51d,user_025,hr,2026-07-24 08:30:23,2026-07-24 15:59:23,24,8,0,24,1,1,3,4,0,7.97,3.26,0,0,449.0,8.5,4,0,0,0.0,0.3320833333333333,normal,1.4473,1.6716,1.274,0.0,0.0,0.0,0.0,0.1398,0.0,0.5036,30,1.0,personal,22.26,19.1,19.5,20.76,0.0,0.0,17.72
session_52510cd7b34c,user_058,hr,2026-07-24 08:32:39,2026-07-24 09:16:39,2,2,0,2,2,2,1,0,0,0.0,0.0,0,1,44.0,8.533333333333333,4,0,0,0.0,0.0,impossible_travel,0.2361,1.5764,2.1921,0.0,1.0,1.0,2.0,1.945,0.0,1.1055,30,1.0,personal,42.46,26.22,19.1,17.23,20.0,31.77,30.41
session_6bb220810c80,user_057,developer,2026-07-24 08:33:23,2026-07-24 14:26:23,20,5,0,20,1,1,5,0,0,0.0,0.0,0,0,353.0,8.55,4,0,0,0.0,0.0,normal,0.71,1.6556,1.0599,0.0,0.0,0.0,0.0,0.0,0.0,0.3806,30,1.0,personal,17.33,15.85,14.46,17.5,0.0,20.34,15.04
session_51918be56580,user_035,admin,2026-07-24 08:34:10,2026-07-24 14:46:10,24,6,0,24,1,1,5,0,0,0.0,0.0,3,0,372.0,8.566666666666666,4,0,0,0.0,0.0,normal,0.4247,1.1339,1.5417,0.0,0.0,0.0,0.0,0.0,0.6745,0.4194,30,1.0,personal,18.92,27.43,34.28,29.75,40.0,17.82,26.06
session_9acf6a75bfde,user_001,finance,2026-07-24 08:34:37,2026-07-24 14:23:37,24,8,0,24,1,1,3,3,6,130.678,29.074,0,0,349.0,8.566666666666666,4,0,0,0.0,5.444916666666667,normal,1.3972,1.045,1.0792,0.0,0.0,0.0,0.0,0.9358,0.0,0.4952,30,1.0,personal,21.93,17.16,16.8,18.37,0.0,0.0,16.56
session_09222252fda3,user_066,developer,2026-07-24 08:37:31,2026-07-24 14:55:31,24,5,0,24,1,1,5,0,0,0.0,0.0,0,0,378.0,8.616666666666667,4,0,0,0.0,0.0,normal,1.8509,2.0599,2.0235,0.0,0.0,0.0,0.0,0.0,0.0,0.6594,30,1.0,personal,28.09,27.55,26.55,22.23,20.0,27.61,26.33
session_b11d3330d283,user_023,developer,2026-07-24 08:45:39,2026-07-24 14:58:39,23,3,0,23,1,1,5,0,0,0.0,0.0,0,0,373.0,8.75,4,0,0,0.0,0.0,normal,0.8584,0.9604,1.349,0.0,0.0,0.0,0.0,0.0,0.0,0.352,30,1.0,personal,16.14,30.0,23.04,18.27,20.0,30.63,21.27
session_f16e6346bfec,user_005,hr,2026-07-24 08:46:15,2026-07-24 11:01:15,11,3,0,11,1,1,3,3,0,11.076,4.935,0,0,135.0,8.766666666666667,4,0,0,0.0,1.006909090909091,normal,1.2263,0.9238,0.7494,0.0,0.0,0.0,0.0,0.156,0.0,0.3395,30,1.0,personal,15.61,16.57,18.61,25.04,20.0,0.0,16.86
session_1f7b73205dfc,user_070,admin,2026-07-24 08:50:14,2026-07-24 10:59:14,9,2,0,9,1,1,3,0,0,0.0,0.0,1,0,129.0,8.833333333333334,4,0,0,0.0,0.0,normal,0.8094,1.7259,1.274,0.0,0.0,0.0,2.0,0.0,0.6745,0.7204,30,1.0,personal,30.25,29.03,23.58,21.46,0.0,15.77,24.38
session_3581f118326b,user_064,finance,2026-07-24 08:50:55,2026-07-24 14:39:55,21,4,0,21,1,1,3,8,3,186.783,31.597,0,0,349.0,8.833333333333334,4,0,0,0.0,8.894428571428572,normal,0.9858,0.6745,0.6745,0.0,0.0,0.0,0.0,1.2732,0.0,0.4009,29,1.0,personal,18.16,18.49,17.08,17.35,0.0,1.07,15.31
session_31189e03f550,user_024,hr,2026-07-24 08:53:55,2026-07-24 11:46:55,10,3,0,10,1,1,2,1,0,16.43,16.43,0,0,173.0,8.883333333333333,4,0,0,0.0,1.643,normal,0.7567,0.7191,1.1242,0.0,0.0,0.0,1.0,1.792,0.0,0.5991,30,1.0,personal,25.88,22.65,26.23,28.61,40.0,0.0,25.68
session_f9fd782f461d,user_038,developer,2026-07-24 08:55:23,2026-07-24 14:52:23,21,1,0,21,1,1,5,0,0,0.0,0.0,0,0,357.0,8.916666666666666,4,0,0,0.0,0.0,normal,0.092,1.1425,0.8993,0.0,0.0,0.0,0.0,0.0,0.0,0.2371,30,1.0,personal,11.18,17.23,23.36,27.55,40.0,0.0,18.18
session_15c57fc66641,user_010,finance,2026-07-24 08:58:20,2026-07-24 12:21:20,12,4,0,12,1,1,3,1,1,19.934,11.644,0,0,203.0,8.966666666666667,4,0,0,0.0,1.6611666666666665,normal,0.8865,0.3595,0.7971,0.0,0.0,0.0,0.0,0.7364,0.0,0.3088,30,1.0,personal,14.31,15.3,22.59,20.96,20.0,0.0,16.27
session_890d7483c990,user_028,developer,2026-07-24 08:58:49,2026-07-24 15:02:49,19,4,0,19,1,1,5,0,0,0.0,0.0,0,0,364.0,8.966666666666667,4,0,0,0.0,0.0,normal,0.5151,1.818,0.7494,0.0,0.0,0.0,0.0,0.0,0.0,0.3425,30,1.0,personal,15.74,16.98,19.26,18.87,20.0,1.41,16.54
session_6bdf51debdca,user_077,admin,2026-07-24 08:59:45,2026-07-24 15:09:45,22,4,0,22,1,1,5,0,0,0.0,0.0,3,0,370.0,8.983333333333333,4,0,0,0.0,0.0,normal,0.3603,1.0695,0.8094,0.0,0.0,0.0,0.0,0.0,0.6745,0.3237,30,1.0,personal,14.94,13.22,20.42,21.05,20.0,0.0,15.79
session_a5e95668077a,user_009,developer,2026-07-24 08:59:46,2026-07-24 15:16:46,25,7,0,25,1,1,5,0,0,0.0,0.0,0,0,377.0,8.983333333333333,4,0,0,0.0,0.0,normal,0.468,0.9791,0.9743,0.0,0.0,0.0,0.0,0.0,0.0,0.269,30,1.0,personal,12.58,17.46,22.95,21.78,20.0,0.0,16.15
session_2a0ec563d3ff,user_016,developer,2026-07-24 09:01:58,2026-07-24 13:27:58,20,6,0,20,1,1,5,0,0,0.0,0.0,0,0,266.0,9.016666666666667,4,0,0,0.0,0.0,normal,0.3613,0.0275,0.6745,0.0,0.0,0.0,0.0,0.0,0.0,0.1181,30,1.0,personal,5.73,8.84,14.58,16.23,20.0,0.0,9.87
session_26b08caac649,user_044,developer,2026-07-24 09:03:06,2026-07-24 09:04:46,5,5,4,5,1,1,1,0,0,0.0,0.0,0,0,1.6666666666666667,9.05,4,0,0,0.8,0.0,normal,0.4415,3.6765,2.2162,0.8,0.0,0.0,4.0,0.0,0.0,1.2371,30,1.0,personal,46.13,29.67,22.43,23.51,40.0,0.0,34.1
session_00bbeacc192c,user_018,developer,2026-07-24 09:06:04,2026-07-24 12:05:04,13,4,0,13,1,1,4,0,0,0.0,0.0,0,0,179.0,9.1,4,0,0,0.0,0.0,normal,0.4606,0.5046,0.3854,0.0,0.0,0.0,1.0,0.0,0.0,0.2612,30,1.0,personal,12.24,14.85,13.8,12.74,0.0,5.87,11.5
session_4d27a6a9f842,user_011,analyst,2026-07-24 09:06:31,2026-07-24 11:03:31,10,3,0,10,1,1,4,1,0,15.74,15.74,0,0,117.0,9.1,4,0,0,0.0,1.574,normal,1.2971,1.3212,0.9443,0.0,0.0,0.0,0.0,0.8494,0.0,0.4902,30,1.0,personal,21.74,20.21,22.05,22.77,20.0,0.0,20.32
session_c1d59a69c19f,user_011,analyst,2026-07-24 09:12:26,2026-07-24 09:14:06,5,5,4,5,1,1,1,0,0,0.0,0.0,0,0,1.6666666666666667,9.2,4,0,0,0.8,0.0,normal,1.5032,2.8093,1.9111,0.8,0.0,0.0,3.0,1.3024,0.0,1.2584,30,1.0,personal,46.7,33.89,27.23,25.8,40.0,0.0,36.12
session_96807a1119d6,user_065,hr,2026-07-24 09:12:40,2026-07-24 13:26:40,18,7,0,18,1,1,3,1,0,10.88,10.88,0,0,254.0,9.2,4,0,0,0.0,0.6044444444444445,normal,0.2632,0.2368,0.1226,0.0,0.0,0.0,0.0,1.2705,0.0,0.2103,30,1.0,personal,9.98,10.8,10.67,13.58,0.0,0.0,9.11
session_554c75444e16,user_051,analyst,2026-07-24 09:13:06,2026-07-24 10:54:06,10,2,0,10,1,1,4,2,0,15.775,11.123,0,0,101.0,9.216666666666669,4,0,0,0.0,1.5775,normal,0.184,1.7902,0.9274,0.0,0.0,0.0,0.0,0.9847,0.0,0.4318,30,1.0,personal,19.42,16.57,14.7,15.35,0.0,20.46,15.84
session_1aa81bd025ec,user_078,developer,2026-07-24 09:13:20,2026-07-24 15:40:20,25,2,0,25,1,1,5,0,0,0.0,0.0,0,0,387.0,9.216666666666669,4,0,0,0.0,0.0,normal,0.1737,1.349,1.5738,0.0,0.0,0.0,0.0,0.0,0.0,0.3441,30,1.0,personal,15.81,14.71,16.06,17.91,20.0,0.0,15.47
session_6382b4bbc196,user_013,hr,2026-07-24 09:13:23,2026-07-24 14:12:23,23,7,0,23,1,1,3,7,0,31.309,7.112,0,0,299.0,9.216666666666669,4,0,0,0.0,1.3612608695652175,normal,0.1686,0.341,1.2366,0.0,0.0,0.0,0.0,1.928,0.0,0.4082,30,1.0,personal,18.46,16.82,19.85,25.66,20.0,0.0,18.29
session_45864c87e2e1,user_014,hr,2026-07-24 09:15:15,2026-07-24 13:52:15,19,9,0,19,1,1,3,2,0,24.919,13.501,0,0,277.0,9.25,4,0,0,0.0,1.3115263157894734,normal,0.4216,0.272,0.2248,0.0,0.0,0.0,0.0,0.6027,0.0,0.169,30,1.0,personal,8.1,17.71,19.56,24.36,40.0,0.0,16.15
session_4e8545099b02,user_017,admin,2026-07-24 09:15:44,2026-07-24 11:32:44,9,4,0,9,1,1,5,0,0,0.0,0.0,0,0,137.0,9.25,4,0,0,0.0,0.0,normal,0.4142,1.1599,0.9743,0.0,0.0,0.0,0.0,0.0,1.349,0.433,30,1.0,personal,19.47,27.15,26.94,23.17,20.0,22.61,22.7
session_c48c1aed4c9e,user_034,finance,2026-07-24 09:25:06,2026-07-24 12:19:06,10,3,0,10,1,1,3,0,1,5.798,5.798,0,0,174.0,9.416666666666666,4,0,0,0.0,0.5798,normal,0.6434,0.7264,1.2526,0.0,0.0,0.0,0.0,1.3153,0.0,0.4375,30,1.0,personal,19.65,17.14,16.38,17.43,0.0,4.83,15.73
session_d335f1e18401,user_072,hr,2026-07-24 09:25:33,2026-07-24 12:36:33,12,3,0,12,1,1,3,2,0,31.728,21.387,0,0,191.0,9.416666666666666,4,0,0,0.0,2.644,normal,0.7074,0.7667,0.8094,0.0,0.0,0.0,0.0,0.6362,0.0,0.3244,30,1.0,personal,14.97,17.33,17.37,16.23,0.0,12.13,14.29
session_42f4df3fc157,user_059,analyst,2026-07-24 09:26:18,2026-07-24 11:48:18,11,4,0,11,1,1,4,4,0,50.681,17.186,0,0,142.0,9.433333333333334,4,0,0,0.0,4.607363636363636,normal,0.0674,1.6096,1.1804,0.0,0.0,0.0,0.0,0.8796,0.0,0.4152,29,1.0,personal,18.75,19.43,24.11,29.25,40.0,0.0,21.93
session_0960f75c7d69,user_032,hr,2026-07-24 09:27:30,2026-07-24 13:29:30,18,5,0,18,1,1,3,5,0,21.603,6.873,0,0,242.0,9.45,4,0,0,0.0,1.2001666666666668,normal,1.3771,0.4577,0.0,0.0,0.0,0.0,0.0,0.768,0.0,0.2892,29,1.0,personal,13.46,11.95,11.72,13.36,0.0,4.14,11.08
session_eededb8a8606,user_062,hr,2026-07-24 09:28:31,2026-07-24 12:33:31,11,3,0,11,1,1,3,3,0,49.197,22.342,0,0,185.0,9.466666666666669,4,0,0,0.0,4.4724545454545455,normal,0.3632,1.0087,1.0117,0.0,0.0,0.0,0.0,0.4298,0.0,0.3126,30,1.0,personal,14.47,13.23,16.47,20.54,40.0,0.0,16.96
session_7b08326f81db,user_049,analyst,2026-07-24 09:28:53,2026-07-24 13:29:53,15,4,0,15,1,1,4,7,0,34.367,9.665,0,0,241.0,9.466666666666669,4,0,0,0.0,2.291133333333333,normal,0.0442,0.0397,0.2248,0.0,0.0,0.0,0.0,1.9093,0.0,0.2464,30,1.0,personal,11.59,14.31,21.51,21.59,20.0,2.62,15.01
session_a52752b654f8,user_028,developer,2026-07-24 09:29:39,2026-07-24 09:59:39,2,2,0,2,2,2,1,0,0,0.0,0.0,0,1,30.0,9.483333333333333,4,0,0,0.0,0.0,impossible_travel,0.3703,1.541,1.6188,0.0,1.0,1.0,3.3333,0.0,0.0,0.9848,30,1.0,personal,38.88,25.88,24.2,21.41,40.0,24.6,31.73
session_aae96532bb85,user_066,developer,2026-07-24 09:30:13,2026-07-24 09:50:13,2,2,0,2,2,2,1,0,0,0.0,0.0,0,1,20.0,9.5,4,0,0,0.0,0.0,impossible_travel,0.1557,2.2908,2.2162,0.0,1.0,1.0,4.0,0.0,0.0,1.1847,30,1.0,personal,44.7,32.6,31.77,25.07,40.0,34.42,37.39
session_0a6e077262a7,user_027,developer,2026-07-24 09:30:18,2026-07-24 14:41:18,20,4,0,20,1,1,5,0,0,0.0,0.0,0,0,311.0,9.5,4,0,0,0.0,0.0,normal,0.2248,0.4497,0.5059,0.0,0.0,0.0,0.0,0.0,0.0,0.1312,30,1.0,personal,6.35,11.01,14.19,18.1,0.0,0.0,8.68
session_06ce0b463c45,user_069,hr,2026-07-24 09:30:30,2026-07-24 14:54:30,20,4,0,20,1,1,3,2,0,17.358,8.858,0,0,324.0,9.5,4,0,0,0.0,0.8679,normal,1.9335,0.3516,0.2248,0.0,0.0,0.0,0.0,1.6591,0.0,0.4632,30,1.0,personal,20.67,19.99,21.79,24.42,20.0,0.0,19.98
session_d623904aa387,user_041,finance,2026-07-24 09:33:31,2026-07-24 12:05:31,9,2,0,9,1,1,3,1,1,53.937000000000005,36.017,0,0,152.0,9.55,4,0,0,0.0,5.993,normal,0.5318,0.7647,1.0599,0.0,0.0,0.0,0.0,1.0247,0.0,0.3757,30,1.0,personal,17.13,16.6,19.71,21.67,20.0,0.0,17.29
session_fd9b3dc3cc87,user_068,developer,2026-07-24 09:38:13,2026-07-24 10:12:13,2,2,0,2,2,2,1,0,0,0.0,0.0,0,1,34.0,9.633333333333333,4,0,0,0.0,0.0,impossible_travel,0.1349,1.9897,2.2483,0.0,1.0,1.0,4.0,0.0,0.0,1.1525,30,1.0,personal,43.8,31.61,23.96,19.97,20.0,44.18,33.64
session_901e4ab30f9e,user_055,analyst,2026-07-24 09:39:19,2026-07-24 14:17:19,17,3,0,17,1,1,4,4,0,77.7,24.44,0,0,278.0,9.65,4,0,0,0.0,4.570588235294117,normal,1.2217,0.3217,0.2248,0.0,0.0,0.0,0.0,0.5269,0.0,0.255,30,1.0,personal,11.97,19.22,29.04,29.61,40.0,0.0,19.95
session_b43a3f4d87c1,user_029,admin,2026-07-24 09:41:31,2026-07-24 13:47:31,18,4,0,18,1,1,5,0,0,0.0,0.0,6,0,246.0,9.683333333333334,4,0,0,0.0,0.0,normal,2.4527,0.1392,0.2248,0.0,0.0,0.0,0.0,0.0,2.698,0.6127,30,1.0,personal,26.39,21.71,26.27,24.93,20.0,19.96,24.33
session_aa7aeb0616d5,user_063,finance,2026-07-24 09:42:14,2026-07-24 16:03:14,22,2,0,22,1,1,3,5,5,60.562,10.57,0,0,381.0,9.7,4,0,0,0.0,2.752818181818182,normal,0.093,1.5061,1.1242,0.0,0.0,0.0,0.0,1.3857,0.0,0.4566,30,1.0,personal,20.41,32.33,29.42,26.63,20.0,37.55,25.58
session_e6f435cd7f33,user_021,finance,2026-07-24 09:44:08,2026-07-24 17:08:08,25,5,0,25,1,1,3,6,4,54.289,8.18,0,0,444.0,9.733333333333333,4,0,0,0.0,2.17156,normal,2.0893,1.6691,1.5738,0.0,0.0,0.0,0.0,1.3242,0.0,0.7396,30,1.0,personal,30.91,20.28,20.42,22.92,20.0,0.0,23.78
session_aa551cca8131,user_056,hr,2026-07-24 09:46:59,2026-07-24 14:37:59,16,4,0,16,1,1,3,7,0,201.409,49.975,0,0,291.0,9.766666666666667,4,0,0,0.0,12.5880625,normal,0.2013,0.0836,0.8672,0.0,0.0,0.0,0.0,1.4359,0.0,0.2876,30,1.0,personal,13.39,13.28,14.32,17.8,0.0,0.0,11.94
session_23b2c5880c61,user_026,analyst,2026-07-24 09:51:33,2026-07-24 14:37:33,18,4,0,18,1,1,4,4,0,20.173,5.648,0,0,286.0,9.85,4,0,0,0.0,1.1207222222222222,normal,0.181,0.634,0.6745,0.0,0.0,0.0,0.0,0.5078,0.0,0.2219,30,1.0,personal,10.5,25.14,28.08,27.87,40.0,0.0,20.23
session_8fbbd4061b59,user_037,developer,2026-07-24 09:52:11,2026-07-24 16:18:11,23,5,0,23,1,1,5,0,0,0.0,0.0,0,0,386.0,9.866666666666667,4,0,0,0.0,0.0,normal,0.3301,0.9218,0.8244,0.0,0.0,0.0,0.0,0.0,0.0,0.2307,30,1.0,personal,10.89,11.13,12.25,12.75,0.0,0.0,9.7
session_c415211c3486,user_033,developer,2026-07-24 09:53:56,2026-07-24 14:27:56,20,5,0,20,1,1,5,0,0,0.0,0.0,0,0,274.0,9.883333333333333,4,0,0,0.0,0.0,normal,0.188,0.3589,0.0,0.0,0.0,0.0,0.0,0.0,0.0,0.0608,30,1.0,personal,2.99,14.14,28.66,32.83,40.0,0.0,15.61
session_144d93b549bd,user_031,developer,2026-07-24 09:56:14,2026-07-24 16:03:14,24,4,0,24,1,1,5,0,0,0.0,0.0,0,0,367.0,9.933333333333334,4,0,0,0.0,0.0,normal,0.548,0.9517,1.0424,0.0,0.0,0.0,0.0,0.0,0.0,0.2825,30,1.0,personal,13.17,12.2,12.1,16.81,0.0,0.0,11.2
session_26ed7ded470e,user_036,developer,2026-07-24 09:56:31,2026-07-24 12:22:31,9,2,0,9,1,1,4,0,0,0.0,0.0,0,0,146.0,9.933333333333334,4,0,0,0.0,0.0,normal,0.3666,0.8919,1.1242,0.0,0.0,0.0,1.0,0.0,0.0,0.3759,30,1.0,personal,17.13,14.63,18.24,18.78,20.0,0.0,16.39
session_177803ebd487,user_071,analyst,2026-07-24 09:56:37,2026-07-24 13:57:37,15,4,0,15,1,1,3,7,0,124.013,26.189,0,0,241.0,9.933333333333334,4,0,0,0.0,8.267533333333335,normal,0.6524,0.4292,0.1499,0.0,0.0,0.0,1.0,1.8597,0.0,0.4546,30,1.0,personal,20.33,22.44,25.76,21.77,20.0,1.66,20.74
session_7b86caff588e,user_047,developer,2026-07-24 10:01:32,2026-07-24 16:02:32,22,4,0,22,1,1,5,0,0,0.0,0.0,0,0,361.0,10.016666666666667,4,0,0,0.0,0.0,normal,0.1242,0.9019,0.8584,0.0,0.0,0.0,0.0,0.0,0.0,0.2094,30,1.0,personal,9.94,7.96,8.99,11.67,0.0,0.0,8.08
session_7b5971481c64,user_061,analyst,2026-07-24 10:04:03,2026-07-24 14:36:03,18,3,0,18,1,1,4,5,0,22.571,7.969,0,0,272.0,10.066666666666666,4,0,0,0.0,1.2539444444444443,normal,0.6844,0.1992,0.3372,0.0,0.0,0.0,0.0,0.0369,0.0,0.1397,30,1.0,personal,6.75,9.29,18.66,18.02,20.0,0.0,11.16
session_e17dfa3bed5a,user_075,developer,2026-07-24 10:11:12,2026-07-24 13:09:12,11,4,0,11,1,1,5,0,0,0.0,0.0,0,0,178.0,10.183333333333334,4,0,0,0.0,0.0,normal,0.8094,0.9845,1.0117,0.0,0.0,0.0,0.0,0.0,0.0,0.3117,28,1.0,personal,14.43,13.57,12.7,12.15,0.0,9.18,12.07
session_ae4cc537ab84,user_054,developer,2026-07-24 10:13:16,2026-07-24 13:34:16,17,4,0,17,1,1,5,0,0,0.0,0.0,0,0,201.0,10.216666666666669,4,0,0,0.0,0.0,normal,0.6624,0.1871,0.2998,0.0,0.0,0.0,0.0,0.0,0.0,0.1277,30,1.0,personal,6.19,10.04,15.45,15.33,0.0,0.0,8.33
session_2fb9ab878124,user_068,developer,2026-07-24 10:16:39,2026-07-24 13:39:39,15,6,0,15,1,1,5,0,0,0.0,0.0,0,0,203.0,10.266666666666667,4,0,0,0.0,0.0,normal,1.0042,0.3613,0.2998,0.0,0.0,0.0,0.0,0.0,0.0,0.185,30,1.0,personal,8.84,22.57,21.29,18.69,20.0,14.08,15.81
session_73c037fd8136,user_019,developer,2026-07-24 10:20:17,2026-07-24 15:34:17,21,5,0,21,1,1,5,0,0,0.0,0.0,0,0,314.0,10.333333333333334,4,0,0,0.0,0.0,normal,0.5621,0.6605,0.5246,0.0,0.0,0.0,0.0,0.0,0.0,0.1941,30,1.0,personal,9.25,12.15,19.3,19.82,20.0,0.0,13.01
session_44477d2c6ba4,user_053,hr,2026-07-24 10:20:40,2026-07-24 14:40:40,17,3,0,17,1,1,3,6,0,27.342,5.937,0,0,260.0,10.333333333333334,4,0,0,0.0,1.6083529411764703,normal,0.3009,0.1648,0.0,0.0,0.0,0.0,0.0,0.7666,0.0,0.1369,30,1.0,personal,6.62,9.24,12.82,19.19,20.0,0.0,10.34
session_67fd46a71d36,user_067,analyst,2026-07-24 10:26:16,2026-07-24 15:39:16,21,7,0,21,1,1,4,5,0,79.453,24.721,0,0,313.0,10.433333333333334,4,0,0,0.0,3.783476190476191,normal,2.2595,0.5499,0.8431,0.0,0.0,0.0,0.0,1.5178,0.0,0.5745,30,1.0,personal,24.97,21.83,17.92,18.33,0.0,19.52,19.85
session_61d679cc755e,user_048,developer,2026-07-24 10:26:44,2026-07-24 13:27:44,13,3,0,13,1,1,5,0,0,0.0,0.0,0,0,181.0,10.433333333333334,4,0,0,0.0,0.0,normal,0.7142,1.137,1.1242,0.0,0.0,0.0,0.0,0.0,0.0,0.3306,30,1.0,personal,15.24,14.63,18.61,19.73,20.0,0.0,15.79
session_cc963d9db290,user_076,analyst,2026-07-24 10:33:43,2026-07-24 16:55:43,24,7,0,24,1,1,4,4,0,16.084,5.461,0,0,382.0,10.55,4,0,0,0.0,0.6701666666666667,normal,0.639,1.5578,1.349,0.0,0.0,0.0,0.0,0.6061,0.0,0.4613,30,1.0,personal,20.6,26.5,31.1,33.8,60.0,0.0,27.58
session_c46cda289976,user_079,developer,2026-07-24 10:38:19,2026-07-24 15:12:19,18,7,0,18,1,1,4,0,0,0.0,0.0,0,0,274.0,10.633333333333333,4,0,0,0.0,0.0,normal,0.5188,0.428,0.0,0.0,0.0,0.0,1.0,0.0,0.0,0.2163,29,1.0,personal,10.25,8.64,11.74,14.72,20.0,0.0,11.06
session_f331c188b431,user_080,hr,2026-07-24 10:39:11,2026-07-24 15:58:11,23,5,0,23,1,1,3,7,0,96.747,20.187,0,0,319.0,10.65,4,0,0,0.0,4.206391304347826,normal,2.2874,0.9136,1.1804,0.0,0.0,0.0,0.0,0.5167,0.0,0.5442,30,1.0,personal,23.82,23.39,25.05,25.34,20.0,0.0,22.5
session_b9d225ecabe8,user_002,finance,2026-07-24 10:45:03,2026-07-24 13:27:03,10,2,0,10,1,1,3,4,2,55.551,11.677,0,0,162.0,10.75,4,0,0,0.0,5.5551,normal,0.7166,0.6379,0.8431,0.0,0.0,0.0,0.0,0.1397,0.0,0.2597,30,1.0,personal,12.18,12.29,13.39,17.91,0.0,0.0,11.13
session_63300286447d,user_076,analyst,2026-07-24 10:53:06,2026-07-24 11:20:06,10,7,0,10,1,10,4,1,0,133.266,19.612,0,1,27.0,10.883333333333333,4,0,0,0.0,13.3266,device_spoofing,1.0301,1.9626,1.0117,0.0,0.0,9.0,0.0,8.7555,0.0,2.4178,30,1.0,personal,70.15,45.14,39.93,38.41,60.0,35.93,54.71
session_3376ee2a4171,user_004,developer,2026-07-24 10:53:19,2026-07-24 15:01:19,16,2,0,16,1,1,5,0,0,0.0,0.0,0,0,248.0,10.883333333333333,4,0,0,0.0,0.0,normal,2.0785,0.4989,0.5396,0.0,0.0,0.0,0.0,0.0,0.0,0.3463,30,1.0,personal,15.9,12.56,15.29,18.42,20.0,0.0,15.01
session_a51a7d84eea4,user_003,developer,2026-07-24 11:08:16,2026-07-24 13:34:16,11,2,0,11,1,1,4,0,0,0.0,0.0,0,0,146.0,11.133333333333333,4,0,0,0.0,0.0,normal,1.4762,0.8294,0.5246,0.0,0.0,0.0,1.0,0.0,0.0,0.4256,30,1.0,personal,19.17,26.05,22.31,17.83,20.0,26.15,21.32
session_11153cd443e8,user_046,hr,2026-07-24 11:34:00,2026-07-24 17:12:00,17,6,0,17,1,1,3,4,0,31.535000000000004,8.675,0,0,338.0,11.566666666666666,4,0,0,0.0,1.855,normal,1.7028,0.7966,0.0,0.0,0.0,0.0,0.0,0.0243,0.0,0.2804,30,1.0,personal,13.08,10.78,10.33,11.98,0.0,0.79,10.18
session_f4a32b992584,user_022,developer,2026-07-24 12:03:43,2026-07-24 12:03:43,1,0,0,1,1,1,1,1,0,67.2,67.2,0,1,0.0,12.05,4,0,0,0.0,67.2,low_slow_exfiltration,6.6999,3.8308,3.9345,0.0,0.0,0.0,4.0,67.2,0.0,3.1628,30,1.0,personal,79.43,59.27,57.17,52.05,100.0,0.25,67.42
session_96bdec43783b,user_052,finance,2026-07-24 13:57:57,2026-07-24 13:57:57,1,0,0,1,1,1,1,1,0,19.401,19.401,0,1,0.0,13.95,4,0,0,0.0,19.401,low_slow_exfiltration,5.6821,2.3669,2.5481,0.0,0.0,0.0,2.0,1.9786,0.0,1.6195,30,1.0,personal,55.5,44.26,42.91,40.72,100.0,0.0,51.56
session_35bdba0aded7,user_050,developer,2026-07-25 07:07:02,2026-07-25 10:07:02,12,4,0,12,1,1,5,0,0,0.0,0.0,0,0,180.0,7.116666666666666,5,1,0,0.0,0.0,normal,1.4212,1.0017,0.8993,0.0,0.0,0.0,0.0,0.0,0.0,0.3691,30,1.0,personal,16.85,19.95,20.69,25.66,20.0,0.0,18.4
session_c5a190d29ace,user_033,developer,2026-07-25 07:39:35,2026-07-25 14:28:35,24,4,0,24,1,1,5,0,0,0.0,0.0,0,0,409.0,7.65,5,1,0,0.0,0.0,normal,2.7754,1.3119,1.349,0.0,0.0,0.0,0.0,0.0,0.0,0.604,30,1.0,personal,26.07,19.83,27.39,32.27,40.0,0.0,25.73
session_5931da24e920,user_044,developer,2026-07-25 07:45:11,2026-07-25 09:13:11,9,3,0,9,1,1,4,0,0,0.0,0.0,0,0,88.0,7.75,5,1,0,0.0,0.0,normal,1.4716,2.2029,1.4453,0.0,0.0,0.0,1.0,0.0,0.0,0.68,30,1.0,personal,28.82,32.04,23.52,24.29,20.0,46.2,28.2
session_63a214e86afa,user_067,analyst,2026-07-25 07:49:07,2026-07-25 14:30:07,25,9,0,25,1,1,4,3,0,40.261,18.581,0,0,401.0,7.816666666666666,5,1,0,0.0,1.61044,normal,2.8907,1.282,1.274,0.0,0.0,0.0,0.0,0.1818,0.0,0.6254,30,1.0,personal,26.85,25.0,20.64,19.29,0.0,23.23,21.93
session_e5edaadfab7f,user_016,developer,2026-07-25 07:58:17,2026-07-25 12:30:17,16,4,0,16,1,1,5,0,0,0.0,0.0,0,0,272.0,7.966666666666667,5,1,0,0.0,0.0,normal,1.1397,0.0593,0.4497,0.0,0.0,0.0,0.0,0.0,0.0,0.1832,30,1.0,personal,8.75,8.82,12.71,15.37,20.0,0.0,10.71
session_b6cf06d65d11,user_038,developer,2026-07-25 08:37:47,2026-07-25 11:10:47,10,3,0,10,1,1,5,0,0,0.0,0.0,0,0,153.0,8.616666666666667,5,1,0,0.0,0.0,normal,0.6745,1.4705,1.5738,0.0,0.0,0.0,0.0,0.0,0.0,0.4132,30,1.0,personal,18.67,14.71,20.58,26.22,20.0,0.0,18.12
session_6e97ede818c3,user_009,developer,2026-07-25 08:49:43,2026-07-25 13:11:43,13,2,0,13,1,1,5,0,0,0.0,0.0,0,0,262.0,8.816666666666666,5,1,0,0.0,0.0,normal,0.2098,0.3562,1.096,0.0,0.0,0.0,0.0,0.0,0.0,0.1847,30,1.0,personal,8.82,12.85,19.2,20.11,20.0,0.0,12.99
session_5de1c014b1bb,user_030,hr,2026-07-25 09:12:14,2026-07-25 13:37:14,18,5,0,18,1,1,3,3,0,30.473,10.565,0,0,265.0,9.2,5,1,0,0.0,1.6929444444444444,normal,0.8754,0.2457,0.1124,0.0,0.0,0.0,0.0,0.4754,0.0,0.1899,30,1.0,personal,9.06,12.25,18.73,21.15,20.0,0.0,13.0
session_20d660f4e0da,user_008,developer,2026-07-25 09:19:00,2026-07-25 15:39:00,23,4,0,23,1,1,5,0,0,0.0,0.0,0,0,380.0,9.316666666666666,5,1,0,0.0,0.0,normal,0.3619,1.1471,1.0492,0.0,0.0,0.0,0.0,0.0,0.0,0.2842,30,1.0,personal,13.25,11.74,9.82,12.19,0.0,4.27,10.55
session_bbff0369199d,user_023,developer,2026-07-25 09:28:58,2026-07-25 11:52:58,9,2,0,9,1,1,4,0,0,0.0,0.0,0,0,144.0,9.466666666666669,5,1,0,0.0,0.0,normal,0.4863,1.0854,1.349,0.0,0.0,0.0,1.0,0.0,0.0,0.4356,30,1.0,personal,19.57,25.06,22.94,18.78,20.0,28.96,21.61
session_70803599677e,user_052,finance,2026-07-25 09:39:25,2026-07-25 16:38:25,24,7,0,24,1,1,3,6,4,65.609,9.702,0,0,419.0,9.65,5,1,0,0.0,2.733708333333333,normal,0.4088,1.1007,0.8993,0.0,0.0,0.0,0.0,0.901,0.0,0.3678,30,1.0,personal,16.8,29.64,36.3,37.77,80.0,0.0,29.87
session_71a6fed47940,user_065,hr,2026-07-25 09:44:55,2026-07-25 12:53:55,12,2,0,12,1,1,3,1,0,8.795,8.795,0,0,189.0,9.733333333333333,5,1,0,0.0,0.7329166666666667,normal,0.819,0.735,0.6745,0.0,0.0,0.0,0.0,1.2673,0.0,0.3884,30,1.0,personal,17.65,14.38,12.4,13.86,0.0,0.0,13.18
session_c5892880783d,user_036,developer,2026-07-25 09:47:46,2026-07-25 16:30:46,23,7,0,23,1,1,5,0,0,0.0,0.0,0,0,403.0,9.783333333333331,5,1,0,0.0,0.0,normal,0.1124,1.2435,1.349,0.0,0.0,0.0,0.0,0.0,0.0,0.3005,30,1.0,personal,13.95,14.28,16.39,17.83,20.0,0.0,14.68
session_ea360eaeadbb,user_071,analyst,2026-07-25 10:12:22,2026-07-25 13:47:22,14,7,0,14,1,1,4,2,0,34.653,29.437,0,0,215.0,10.2,5,1,0,0.0,2.475214285714286,normal,1.096,0.4185,0.1686,0.0,0.0,0.0,0.0,1.1231,0.0,0.3118,30,1.0,personal,14.44,16.02,22.97,21.19,20.0,0.0,16.54
session_ed17ad6294fc,user_060,developer,2026-07-25 10:20:19,2026-07-25 15:19:19,18,4,0,18,1,1,5,0,0,0.0,0.0,0,0,299.0,10.333333333333334,5,1,0,0.0,0.0,normal,0.0457,0.8594,0.5059,0.0,0.0,0.0,0.0,0.0,0.0,0.1568,30,1.0,personal,7.54,11.26,23.94,26.16,60.0,0.0,17.47
session_ff751398bd18,user_028,developer,2026-07-25 10:53:45,2026-07-25 17:39:45,23,4,0,23,1,1,5,0,0,0.0,0.0,0,0,406.0,10.883333333333333,5,1,0,0.0,0.0,normal,2.5922,1.9813,1.2141,0.0,0.0,0.0,0.0,0.0,0.0,0.6431,30,1.0,personal,27.5,29.33,25.64,22.29,40.0,20.58,27.97
session_83bcae5babbb,user_046,hr,2026-07-25 10:55:12,2026-07-25 15:59:12,23,8,0,23,1,1,3,7,0,53.028,13.374,0,0,304.0,10.916666666666666,5,1,0,0.0,2.305565217391304,normal,0.7767,0.3343,1.349,0.0,0.0,0.0,0.0,1.2268,0.0,0.4096,30,1.0,personal,18.52,14.96,12.39,12.68,0.0,10.11,14.03
session_b33b3316d929,user_066,developer,2026-07-25 11:03:40,2026-07-25 11:03:40,1,0,0,1,1,1,1,1,0,39.625,39.625,0,0,0.0,11.05,5,1,0,0.0,39.625,normal,2.2569,2.5339,2.4089,0.0,0.0,0.0,4.0,2.945,0.0,1.5716,30,1.0,personal,54.42,46.79,38.3,28.94,60.0,47.33,48.13
session_6b9879e366ab,user_003,developer,2026-07-25 11:22:17,2026-07-25 16:49:17,19,5,0,19,1,1,5,0,0,0.0,0.0,0,0,327.0,11.366666666666667,5,1,0,0.0,0.0,normal,1.7659,1.071,0.7494,0.0,0.0,0.0,0.0,0.0,0.0,0.3985,30,1.0,personal,18.07,22.97,21.91,18.2,20.0,11.49,19.5
session_738ccbbfd3cf,user_008,developer,2026-07-25 21:31:25,2026-07-25 22:19:25,7,2,0,7,1,1,5,0,0,73.517,18.865,0,0,48.0,21.516666666666666,5,1,0,0.0,10.50242857142857,normal,13.2095,1.6242,1.349,0.0,0.0,0.0,0.0,1.9124,0.0,1.654,30,1.0,personal,56.26,34.95,21.54,17.58,20.0,57.09,39.34
session_d084758ad8d2,user_026,analyst,2026-07-25 23:30:43,2026-07-25 23:41:43,35,35,35,35,4,1,1,0,0,0.0,0.0,0,1,11.0,23.5,5,1,1,1.0,0.0,brute_force,27.1277,3.0452,5.261,1.0,3.0,0.0,3.0,1.9857,0.0,3.0324,30,1.0,personal,78.05,46.66,39.63,34.31,40.0,62.5,57.05
