session_id,user_id,role,session_start,session_end,event_count,login_attempts,failed_logins,unique_ips,unique_locations,unique_devices,unique_resources,download_events,upload_events,total_data_mb,max_single_transfer_mb,privileged_actions,is_attack,duration_minutes,start_hour,day_of_week,is_weekend,is_night,failed_login_rate,data_per_event_mb,attack_type
session_244c74dbcf45,user_069,hr,2026-06-11 07:06:48,2026-06-11 09:19:48,11,4,0,11,1,1,3,4,0,71.582,23.736,0,0,133.0,7.1,3,0,0,0.0,6.507454545454545,normal
session_30512c7e4ca7,user_064,finance,2026-06-11 07:38:00,2026-06-11 11:08:00,15,5,0,15,1,1,3,2,2,47.504,14.455,0,0,210.0,7.633333333333333,3,0,0,0.0,3.166933333333333,normal
session_3132bc14da0c,user_073,hr,2026-06-11 07:39:27,2026-06-11 11:57:27,16,5,0,16,1,1,3,1,0,5.208,5.208,0,0,258.0,7.65,3,0,0,0.0,0.3255,normal
session_8ef82eb514b6,user_011,analyst,2026-06-11 07:47:15,2026-06-11 11:05:15,11,4,0,11,1,1,4,4,0,37.914,15.933,0,0,198.0,7.783333333333333,3,0,0,0.0,3.446727272727273,normal
session_bdd27597a60d,user_050,developer,2026-06-11 07:50:14,2026-06-11 13:55:14,24,6,0,24,1,1,5,0,0,0.0,0.0,0,0,365.0,7.833333333333333,3,0,0,0.0,0.0,normal
session_247694b5ac54,user_007,developer,2026-06-11 07:52:52,2026-06-11 11:25:52,16,4,0,16,1,1,4,0,0,0.0,0.0,0,0,213.0,7.866666666666667,3,0,0,0.0,0.0,normal
session_10e03809268d,user_032,hr,2026-06-11 07:59:24,2026-06-11 12:52:24,19,7,0,19,1,1,3,5,0,19.408,6.767,0,0,293.0,7.983333333333333,3,0,0,0.0,1.0214736842105263,normal
session_ef3abc26d7d6,user_068,developer,2026-06-11 08:09:57,2026-06-11 10:14:57,10,3,0,10,1,1,5,0,0,0.0,0.0,0,0,125.0,8.15,3,0,0,0.0,0.0,normal
session_7246daff7da6,user_022,developer,2026-06-11 08:09:58,2026-06-11 12:07:58,16,3,0,16,1,1,5,0,0,0.0,0.0,0,0,238.0,8.15,3,0,0,0.0,0.0,normal
session_f3dd678dfadb,user_042,developer,2026-06-11 08:11:39,2026-06-11 12:55:39,19,7,0,19,1,1,5,0,0,0.0,0.0,0,0,284.0,8.183333333333334,3,0,0,0.0,0.0,normal
session_cde44dd84ffe,user_040,finance,2026-06-11 08:16:15,2026-06-11 10:16:15,9,4,0,9,1,1,3,3,2,82.062,25.321,0,0,120.0,8.266666666666667,3,0,0,0.0,9.118,normal
session_267b1c60df6a,user_051,analyst,2026-06-11 08:17:49,2026-06-11 14:29:49,22,5,0,22,1,1,4,6,0,39.801,10.314,0,0,372.0,8.283333333333333,3,0,0,0.0,1.8091363636363638,normal
session_0b3badbe6689,user_029,admin,2026-06-11 08:20:25,2026-06-11 10:12:25,10,3,0,10,1,1,5,0,0,0.0,0.0,2,0,112.0,8.333333333333334,3,0,0,0.0,0.0,normal
session_2496af372b69,user_018,developer,2026-06-11 08:21:15,2026-06-11 14:11:15,22,6,0,22,1,1,5,0,0,0.0,0.0,0,0,350.0,8.35,3,0,0,0.0,0.0,normal
session_1257271fa88f,user_058,hr,2026-06-11 08:23:59,2026-06-11 13:03:59,17,5,0,17,1,1,3,5,0,71.92,19.147,0,0,280.0,8.383333333333333,3,0,0,0.0,4.2305882352941175,normal
session_132ddab5edb1,user_006,analyst,2026-06-11 08:26:53,2026-06-11 12:07:53,13,3,0,13,1,1,4,4,0,54.171,18.089,0,0,221.0,8.433333333333334,3,0,0,0.0,4.167,normal
session_80a918ef5efe,user_013,hr,2026-06-11 08:33:11,2026-06-11 13:50:11,21,6,0,21,1,1,3,5,0,24.938,9.548,0,0,317.0,8.55,3,0,0,0.0,1.1875238095238094,normal
session_12b070358332,user_074,finance,2026-06-11 08:33:16,2026-06-11 11:01:16,12,2,0,12,1,1,3,2,4,23.346,5.781,0,0,148.0,8.55,3,0,0,0.0,1.9455,normal
session_843f62d29dc0,user_065,hr,2026-06-11 08:35:32,2026-06-11 12:17:32,13,4,0,13,1,1,3,5,0,60.178,21.973,0,0,222.0,8.583333333333334,3,0,0,0.0,4.629076923076923,normal
session_28edab2411f8,user_021,finance,2026-06-11 08:41:18,2026-06-11 16:12:18,24,3,0,24,1,1,3,7,2,52.388,7.833,0,0,451.0,8.683333333333334,3,0,0,0.0,2.1828333333333334,normal
session_38890894d585,user_062,hr,2026-06-11 08:41:45,2026-06-11 13:25:45,18,5,0,18,1,1,3,7,0,78.024,16.152,0,0,284.0,8.683333333333334,3,0,0,0.0,4.334666666666667,normal
session_99ca39078b23,user_049,analyst,2026-06-11 08:49:46,2026-06-11 13:34:46,17,4,0,17,1,1,4,4,0,23.591,8.939,0,0,285.0,8.816666666666666,3,0,0,0.0,1.3877058823529413,normal
session_8f2a4e9b3e2d,user_035,admin,2026-06-11 08:51:53,2026-06-11 11:08:53,9,1,0,9,1,1,3,0,0,0.0,0.0,1,0,137.0,8.85,3,0,0,0.0,0.0,normal
session_f4f635eee557,user_034,finance,2026-06-11 08:54:16,2026-06-11 14:43:16,24,7,0,24,1,1,3,4,4,59.452,12.945,0,0,349.0,8.9,3,0,0,0.0,2.4771666666666667,normal
session_e0f5f705a70b,user_038,developer,2026-06-11 08:55:06,2026-06-11 13:43:06,18,5,0,18,1,1,5,0,0,0.0,0.0,0,0,288.0,8.916666666666666,3,0,0,0.0,0.0,normal
session_1bbbafcea7b6,user_028,developer,2026-06-11 08:56:17,2026-06-11 14:09:17,22,7,0,22,1,1,5,0,0,0.0,0.0,0,0,313.0,8.933333333333334,3,0,0,0.0,0.0,normal
session_b7d1a4ea7b59,user_014,hr,2026-06-11 08:57:38,2026-06-11 11:21:38,10,2,0,10,1,1,3,3,0,25.317,9.203,0,0,144.0,8.95,3,0,0,0.0,2.5317,normal
session_3134450ea138,user_044,developer,2026-06-11 09:01:12,2026-06-11 15:09:12,21,4,0,21,1,1,5,0,0,0.0,0.0,0,0,368.0,9.016666666666667,3,0,0,0.0,0.0,normal
session_c7420e49c0d3,user_024,hr,2026-06-11 09:04:11,2026-06-11 14:52:11,20,8,0,20,1,1,3,1,0,16.371,16.371,0,0,348.0,9.066666666666666,3,0,0,0.0,0.8185499999999999,normal
session_5ef8d1b605ba,user_001,finance,2026-06-11 09:04:15,2026-06-11 12:22:15,11,1,0,11,1,1,3,4,3,88.963,18.82,0,0,198.0,9.066666666666666,3,0,0,0.0,8.087545454545454,normal
session_feed07f256b1,user_072,hr,2026-06-11 09:06:11,2026-06-11 10:55:11,11,3,0,11,1,1,3,3,0,33.436,15.437,0,0,109.0,9.1,3,0,0,0.0,3.0396363636363635,normal
session_0e58226f911c,user_012,analyst,2026-06-11 09:06:47,2026-06-11 15:06:47,23,3,0,23,1,1,4,10,0,47.171,8.182,0,0,360.0,9.1,3,0,0,0.0,2.050913043478261,normal
session_4679c2484694,user_016,developer,2026-06-11 09:09:31,2026-06-11 13:35:31,16,3,0,16,1,1,5,0,0,0.0,0.0,0,0,266.0,9.15,3,0,0,0.0,0.0,normal
session_dcb9285ca5b2,user_027,developer,2026-06-11 09:10:05,2026-06-11 13:03:05,12,2,0,12,1,1,5,0,0,0.0,0.0,0,0,233.0,9.166666666666666,3,0,0,0.0,0.0,normal
session_92a9d93c3478,user_039,developer,2026-06-11 09:11:07,2026-06-11 13:11:07,14,2,0,14,1,1,5,0,0,0.0,0.0,0,0,240.0,9.183333333333334,3,0,0,0.0,0.0,normal
session_a9cec07f9a9c,user_023,developer,2026-06-11 09:12:22,2026-06-11 14:36:22,18,6,0,18,1,1,5,0,0,0.0,0.0,0,0,324.0,9.2,3,0,0,0.0,0.0,normal
session_b29edd7038ad,user_077,admin,2026-06-11 09:13:53,2026-06-11 12:12:53,16,4,0,16,1,1,5,0,0,0.0,0.0,2,0,179.0,9.216666666666667,3,0,0,0.0,0.0,normal
session_793406e9a95c,user_066,developer,2026-06-11 09:21:17,2026-06-11 14:39:17,18,2,0,18,1,1,5,0,0,0.0,0.0,0,0,318.0,9.35,3,0,0,0.0,0.0,normal
session_5973bc98dec9,user_031,developer,2026-06-11 09:25:49,2026-06-11 15:51:49,23,4,0,23,1,1,5,0,0,0.0,0.0,0,0,386.0,9.416666666666666,3,0,0,0.0,0.0,normal
session_e17d617107f1,user_020,finance,2026-06-11 09:26:03,2026-06-11 14:57:03,20,3,0,20,1,1,3,4,2,113.714,27.015,0,0,331.0,9.433333333333334,3,0,0,0.0,5.6857,normal
session_a5868e8b41f1,user_010,finance,2026-06-11 09:27:42,2026-06-11 14:51:42,18,2,0,18,1,1,3,3,2,33.103,14.555,0,0,324.0,9.45,3,0,0,0.0,1.8390555555555557,normal
session_db896d451168,user_045,admin,2026-06-11 09:34:20,2026-06-11 16:07:20,22,1,0,22,1,1,5,0,0,0.0,0.0,4,0,393.0,9.566666666666666,3,0,0,0.0,0.0,normal
session_c6c8a607b0dc,user_067,analyst,2026-06-11 09:38:10,2026-06-11 14:50:10,18,5,0,18,1,1,4,4,0,43.098,15.145,0,0,312.0,9.633333333333333,3,0,0,0.0,2.3943333333333334,normal
session_2af60016f787,user_003,developer,2026-06-11 09:38:15,2026-06-11 14:27:15,22,7,0,22,1,1,5,0,0,0.0,0.0,0,0,289.0,9.633333333333333,3,0,0,0.0,0.0,normal
session_548baa9e9759,user_015,finance,2026-06-11 09:39:15,2026-06-11 12:48:15,11,1,0,11,1,1,3,2,2,16.634,5.327,0,0,189.0,9.65,3,0,0,0.0,1.5121818181818183,normal
session_e13f1aab700e,user_019,developer,2026-06-11 09:39:29,2026-06-11 14:47:29,21,6,0,21,1,1,5,0,0,0.0,0.0,0,0,308.0,9.65,3,0,0,0.0,0.0,normal
session_91eb7de95cad,user_080,hr,2026-06-11 09:42:46,2026-06-11 13:31:46,13,5,0,13,1,1,3,1,0,11.602,11.602,0,0,229.0,9.7,3,0,0,0.0,0.8924615384615385,normal
session_1607021f3a31,user_030,hr,2026-06-11 09:43:58,2026-06-11 14:55:58,19,4,0,19,1,1,3,6,0,65.917,13.544,0,0,312.0,9.716666666666667,3,0,0,0.0,3.469315789473684,normal
session_5a8cae8d1734,user_036,developer,2026-06-11 09:47:24,2026-06-11 12:35:24,10,2,0,10,1,1,5,0,0,0.0,0.0,0,0,168.0,9.783333333333333,3,0,0,0.0,0.0,normal
session_3e9f02bf4adb,user_070,admin,2026-06-11 09:48:08,2026-06-11 13:23:08,13,3,0,13,1,1,5,0,0,0.0,0.0,2,0,215.0,9.8,3,0,0,0.0,0.0,normal
session_3146fd27b8b5,user_043,hr,2026-06-11 09:49:24,2026-06-11 14:54:24,22,5,0,22,1,1,3,7,0,50.429,10.175,0,0,305.0,9.816666666666666,3,0,0,0.0,2.292227272727273,normal
session_84ada3cb28ab,user_037,developer,2026-06-11 09:51:29,2026-06-11 13:45:29,15,3,0,15,1,1,5,0,0,0.0,0.0,0,0,234.0,9.85,3,0,0,0.0,0.0,normal
session_4d1818e06e53,user_048,developer,2026-06-11 09:52:47,2026-06-11 11:49:47,10,3,0,10,1,1,5,0,0,0.0,0.0,0,0,117.0,9.866666666666667,3,0,0,0.0,0.0,normal
session_31764449a543,user_017,admin,2026-06-11 09:53:18,2026-06-11 13:08:18,14,2,0,14,1,1,5,0,0,0.0,0.0,2,0,195.0,9.883333333333333,3,0,0,0.0,0.0,normal
session_1c4baf4ec268,user_033,developer,2026-06-11 09:59:56,2026-06-11 13:07:56,13,1,0,13,1,1,4,0,0,0.0,0.0,0,0,188.0,9.983333333333333,3,0,0,0.0,0.0,normal
session_c68bc0d6fb7f,user_063,finance,2026-06-11 10:00:01,2026-06-11 14:07:01,18,4,0,18,1,1,3,3,5,41.546,7.956,0,0,247.0,10.0,3,0,0,0.0,2.3081111111111112,normal
session_2f0683a29eed,user_079,developer,2026-06-11 10:00:03,2026-06-11 14:01:03,16,2,0,16,1,1,5,0,0,0.0,0.0,0,0,241.0,10.0,3,0,0,0.0,0.0,normal
session_ec5f72c5bf2d,user_054,developer,2026-06-11 10:03:09,2026-06-11 12:26:09,10,5,0,10,1,1,5,0,0,0.0,0.0,0,0,143.0,10.05,3,0,0,0.0,0.0,normal
session_d8f1b97af1bc,user_059,analyst,2026-06-11 10:06:24,2026-06-11 14:57:24,21,6,0,21,1,1,4,7,0,60.434,16.589,0,0,291.0,10.1,3,0,0,0.0,2.877809523809524,normal
session_fd82ef3b71a3,user_057,developer,2026-06-11 10:08:33,2026-06-11 14:08:33,18,4,0,18,1,1,5,0,0,0.0,0.0,0,0,240.0,10.133333333333333,3,0,0,0.0,0.0,normal
session_92724d6dd930,user_004,developer,2026-06-11 10:13:20,2026-06-11 16:07:20,24,7,0,24,1,1,5,0,0,0.0,0.0,0,0,354.0,10.216666666666667,3,0,0,0.0,0.0,normal
session_8818caab6a4d,user_026,analyst,2026-06-11 10:22:16,2026-06-11 16:45:16,22,8,0,22,1,1,4,7,0,56.823,11.141,0,0,383.0,10.366666666666667,3,0,0,0.0,2.5828636363636366,normal
session_38f6a46939e3,user_076,analyst,2026-06-11 10:25:08,2026-06-11 14:38:08,21,6,0,21,1,1,4,4,0,13.552,4.381,0,0,253.0,10.416666666666666,3,0,0,0.0,0.6453333333333333,normal
session_70c27b4c8ccf,user_041,finance,2026-06-11 10:27:43,2026-06-11 13:58:43,13,4,0,13,1,1,3,1,2,94.638,49.548,0,0,211.0,10.45,3,0,0,0.0,7.2798461538461545,normal
session_5f2b61c1b9f6,user_047,developer,2026-06-11 10:28:47,2026-06-11 15:01:47,15,6,0,15,1,1,5,0,0,0.0,0.0,0,0,273.0,10.466666666666667,3,0,0,0.0,0.0,normal
session_fec7a9c09e85,user_025,hr,2026-06-11 10:31:23,2026-06-11 15:14:23,22,6,0,22,1,1,3,3,0,5.746,3.178,0,0,283.0,10.516666666666667,3,0,0,0.0,0.2611818181818182,normal
session_64f030a8649d,user_056,hr,2026-06-11 10:32:56,2026-06-11 12:43:56,10,4,0,10,1,1,3,4,0,167.8,64.224,0,0,131.0,10.533333333333333,3,0,0,0.0,16.78,normal
session_ed15da7ef500,user_055,analyst,2026-06-11 10:35:13,2026-06-11 14:37:13,19,2,0,19,1,1,4,5,0,76.086,26.819,0,0,242.0,10.583333333333334,3,0,0,0.0,4.004526315789474,normal
session_ad4783c841dd,user_078,developer,2026-06-11 10:36:26,2026-06-11 16:14:26,24,2,0,24,1,1,5,0,0,0.0,0.0,0,0,338.0,10.6,3,0,0,0.0,0.0,normal
session_5e96a3a7f65c,user_053,hr,2026-06-11 10:43:26,2026-06-11 13:18:26,10,2,0,10,1,1,3,5,0,21.039,5.665,0,0,155.0,10.716666666666667,3,0,0,0.0,2.1039000000000003,normal
session_d23e6f9f1114,user_075,developer,2026-06-11 10:44:33,2026-06-11 15:29:33,21,2,0,21,1,1,5,0,0,0.0,0.0,0,0,285.0,10.733333333333333,3,0,0,0.0,0.0,normal
session_9d58e620fcdb,user_005,hr,2026-06-11 10:46:56,2026-06-11 14:22:56,13,3,0,13,1,1,3,2,0,6.590999999999999,4.845,0,0,216.0,10.766666666666667,3,0,0,0.0,0.5069999999999999,normal
session_9ba374a5ae9c,user_060,developer,2026-06-11 11:25:50,2026-06-11 15:18:50,17,2,0,17,1,1,5,0,0,0.0,0.0,0,0,233.0,11.416666666666666,3,0,0,0.0,0.0,normal
session_3efbe9efacb8,user_002,finance,2026-06-11 11:33:14,2026-06-11 14:03:14,9,5,0,9,1,1,3,0,1,9.221,9.221,0,0,150.0,11.55,3,0,0,0.0,1.0245555555555557,normal
session_7d38b832f588,user_071,analyst,2026-06-11 11:39:46,2026-06-11 14:10:46,9,3,0,9,1,1,4,2,0,40.233,25.034,0,0,151.0,11.65,3,0,0,0.0,4.470333333333333,normal
session_b64038a2cd16,user_058,hr,2026-06-12 06:49:02,2026-06-12 11:12:02,19,7,0,19,1,1,3,4,0,49.857,18.231,0,0,263.0,6.816666666666666,4,0,0,0.0,2.624052631578947,normal
session_9ec1832ac36b,user_022,developer,2026-06-12 07:35:58,2026-06-12 11:37:58,14,6,0,14,1,1,5,0,0,0.0,0.0,0,0,242.0,7.583333333333333,4,0,0,0.0,0.0,normal
session_7bfbfd52c3b4,user_052,finance,2026-06-12 07:37:32,2026-06-12 11:08:32,13,3,0,13,1,1,3,3,2,40.423,12.317,0,0,211.0,7.616666666666667,4,0,0,0.0,3.1094615384615385,normal
session_e31cde6ea246,user_023,developer,2026-06-12 07:55:43,2026-06-12 12:27:43,16,4,0,16,1,1,5,0,0,0.0,0.0,0,0,272.0,7.916666666666667,4,0,0,0.0,0.0,normal
session_bfc41a671c1b,user_050,developer,2026-06-12 07:58:33,2026-06-12 12:15:33,18,5,0,18,1,1,5,0,0,0.0,0.0,0,0,257.0,7.966666666666667,4,0,0,0.0,0.0,normal
session_f81f6b0690fa,user_038,developer,2026-06-12 08:01:13,2026-06-12 12:26:13,17,2,0,17,1,1,5,0,0,0.0,0.0,0,0,265.0,8.016666666666667,4,0,0,0.0,0.0,normal
session_ff89f02e21b0,user_073,hr,2026-06-12 08:04:45,2026-06-12 10:31:45,10,5,0,10,1,1,3,3,0,19.796,7.941,0,0,147.0,8.066666666666666,4,0,0,0.0,1.9796,normal
session_96eb4a67ba29,user_074,finance,2026-06-12 08:09:00,2026-06-12 14:30:00,24,6,0,24,1,1,3,3,4,27.179,5.731,0,0,381.0,8.15,4,0,0,0.0,1.1324583333333333,normal
session_4c36c6a4fca2,user_066,developer,2026-06-12 08:09:42,2026-06-12 11:58:42,13,2,0,13,1,1,5,0,0,0.0,0.0,0,0,229.0,8.15,4,0,0,0.0,0.0,normal
session_0363a228a833,user_009,developer,2026-06-12 08:10:51,2026-06-12 12:37:51,17,3,0,17,1,1,4,0,0,0.0,0.0,0,0,267.0,8.166666666666666,4,0,0,0.0,0.0,normal
session_a0a66565705f,user_006,analyst,2026-06-12 08:19:55,2026-06-12 14:02:55,20,6,0,20,1,1,4,4,0,32.699,13.692,0,0,343.0,8.316666666666666,4,0,0,0.0,1.63495,normal
session_ace33571522f,user_049,analyst,2026-06-12 08:19:56,2026-06-12 14:28:56,20,4,0,20,1,1,4,6,0,27.654000000000003,8.377,0,0,369.0,8.316666666666666,4,0,0,0.0,1.3827000000000003,normal
session_721fc6c89434,user_069,hr,2026-06-12 08:21:23,2026-06-12 13:09:23,17,4,0,17,1,1,3,6,0,79.789,19.112,0,0,288.0,8.35,4,0,0,0.0,4.693470588235294,normal
session_ea49c7a856da,user_032,hr,2026-06-12 08:22:21,2026-06-12 14:25:21,24,10,0,24,1,1,3,6,0,24.524,5.68,0,0,363.0,8.366666666666667,4,0,0,0.0,1.0218333333333334,normal
session_d758a9a915ca,user_034,finance,2026-06-12 08:22:34,2026-06-12 12:07:34,15,4,0,15,1,1,3,4,3,58.627,12.06,0,0,225.0,8.366666666666667,4,0,0,0.0,3.908466666666667,normal
session_03542da55889,user_045,admin,2026-06-12 08:23:25,2026-06-12 14:27:25,24,7,0,24,1,1,5,0,0,0.0,0.0,3,0,364.0,8.383333333333333,4,0,0,0.0,0.0,normal
session_3fa8bd02afd5,user_051,analyst,2026-06-12 08:25:52,2026-06-12 11:28:52,12,4,0,12,1,1,4,2,0,10.821000000000002,5.44,0,0,183.0,8.416666666666666,4,0,0,0.0,0.9017500000000002,normal
session_918386e1c0ec,user_024,hr,2026-06-12 08:27:16,2026-06-12 13:35:16,23,4,0,23,1,1,3,4,0,113.973,44.407,0,0,308.0,8.45,4,0,0,0.0,4.955347826086957,normal
session_4169ece024c1,user_011,analyst,2026-06-12 08:28:39,2026-06-12 12:18:39,15,4,0,15,1,1,4,5,0,49.763999999999996,13.389,0,0,230.0,8.466666666666667,4,0,0,0.0,3.3175999999999997,normal
session_aafd0a3475d2,user_007,developer,2026-06-12 08:30:53,2026-06-12 10:44:53,10,2,0,10,1,1,5,0,0,0.0,0.0,0,0,134.0,8.5,4,0,0,0.0,0.0,normal
session_1076655f814b,user_016,developer,2026-06-12 08:31:06,2026-06-12 11:50:06,10,4,0,10,1,1,5,0,0,0.0,0.0,0,0,199.0,8.516666666666667,4,0,0,0.0,0.0,normal
session_7b2811e15a31,user_037,developer,2026-06-12 08:35:25,2026-06-12 15:19:25,25,5,0,25,1,1,5,0,0,0.0,0.0,0,0,404.0,8.583333333333334,4,0,0,0.0,0.0,normal
session_3484c95aaf25,user_072,hr,2026-06-12 08:36:38,2026-06-12 11:05:38,14,4,0,14,1,1,3,7,0,98.07000000000001,19.157,0,0,149.0,8.6,4,0,0,0.0,7.005000000000001,normal
session_24354991459f,user_029,admin,2026-06-12 08:40:54,2026-06-12 11:09:54,9,1,0,9,1,1,4,0,0,0.0,0.0,0,0,149.0,8.666666666666666,4,0,0,0.0,0.0,normal
session_a65b4339171b,user_040,finance,2026-06-12 08:41:46,2026-06-12 13:08:46,16,4,0,16,1,1,3,2,2,76.435,37.692,0,0,267.0,8.683333333333334,4,0,0,0.0,4.7771875,normal
session_7cc42203784a,user_044,developer,2026-06-12 08:42:10,2026-06-12 13:21:10,21,5,0,21,1,1,5,0,0,0.0,0.0,0,0,279.0,8.7,4,0,0,0.0,0.0,normal
session_91c4ede55ea7,user_064,finance,2026-06-12 08:44:22,2026-06-12 12:27:22,14,4,0,14,1,1,3,0,8,123.732,21.834,0,0,223.0,8.733333333333333,4,0,0,0.0,8.838,normal
session_3ddcf8c87eda,user_014,hr,2026-06-12 08:50:48,2026-06-12 15:21:48,21,10,0,21,1,1,3,2,0,21.820999999999998,12.599,0,0,391.0,8.833333333333334,4,0,0,0.0,1.039095238095238,normal
session_b14e03de10e9,user_080,hr,2026-06-12 08:51:51,2026-06-12 11:35:51,12,4,0,12,1,1,3,4,0,39.528999999999996,11.785,0,0,164.0,8.85,4,0,0,0.0,3.294083333333333,normal
session_4d3b4deb15aa,user_078,developer,2026-06-12 08:54:56,2026-06-12 10:54:56,10,3,0,10,1,1,4,0,0,0.0,0.0,0,0,120.0,8.9,4,0,0,0.0,0.0,normal
session_e3561880c7ee,user_075,developer,2026-06-12 08:55:04,2026-06-12 12:21:04,13,3,0,13,1,1,4,0,0,0.0,0.0,0,0,206.0,8.916666666666666,4,0,0,0.0,0.0,normal
session_2beb52406457,user_077,admin,2026-06-12 08:57:37,2026-06-12 14:08:37,22,3,0,22,1,1,5,0,0,0.0,0.0,6,0,311.0,8.95,4,0,0,0.0,0.0,normal
session_692c134faa39,user_021,finance,2026-06-12 09:00:32,2026-06-12 13:10:32,14,2,0,14,1,1,3,0,6,34.838,10.659,0,0,250.0,9.0,4,0,0,0.0,2.4884285714285714,normal
session_7909e04fb88f,user_065,hr,2026-06-12 09:01:04,2026-06-12 14:36:04,24,8,0,24,1,1,3,7,0,72.824,20.203,0,0,335.0,9.016666666666667,4,0,0,0.0,3.034333333333333,normal
session_89dd01c50214,user_036,developer,2026-06-12 09:01:33,2026-06-12 11:54:33,10,3,0,10,1,1,4,0,0,0.0,0.0,0,0,173.0,9.016666666666667,4,0,0,0.0,0.0,normal
session_fe2ce6e68729,user_020,finance,2026-06-12 09:10:47,2026-06-12 12:10:47,12,5,0,12,1,1,3,2,3,73.377,18.975,0,0,180.0,9.166666666666666,4,0,0,0.0,6.11475,normal
session_e73cf126ce1c,user_059,analyst,2026-06-12 09:10:53,2026-06-12 14:18:53,19,6,0,19,1,1,4,3,0,17.677,6.664,0,0,308.0,9.166666666666666,4,0,0,0.0,0.9303684210526315,normal
session_eac031d92dbc,user_008,developer,2026-06-12 09:11:44,2026-06-12 11:51:44,9,1,0,9,1,1,4,0,0,0.0,0.0,0,0,160.0,9.183333333333334,4,0,0,0.0,0.0,normal
session_b9c2f888c72f,user_033,developer,2026-06-12 09:15:42,2026-06-12 11:34:42,9,2,0,9,1,1,4,0,0,0.0,0.0,0,0,139.0,9.25,4,0,0,0.0,0.0,normal
session_601a2e2a67c4,user_043,hr,2026-06-12 09:16:30,2026-06-12 12:14:30,11,3,0,11,1,1,2,3,0,32.379,18.121,0,0,178.0,9.266666666666667,4,0,0,0.0,2.9435454545454545,normal
session_a5a514d6be94,user_001,finance,2026-06-12 09:16:50,2026-06-12 11:21:50,9,2,0,9,1,1,3,3,1,43.044,13.572,0,0,125.0,9.266666666666667,4,0,0,0.0,4.782666666666667,normal
session_dd66b69b2216,user_068,developer,2026-06-12 09:17:34,2026-06-12 13:06:34,18,2,0,18,1,1,4,0,0,0.0,0.0,0,0,229.0,9.283333333333333,4,0,0,0.0,0.0,normal
session_99320ca59eb6,user_012,analyst,2026-06-12 09:17:46,2026-06-12 11:03:46,9,2,0,9,1,1,4,1,0,1.614,1.614,0,0,106.0,9.283333333333333,4,0,0,0.0,0.17933333333333334,normal
session_997a0a11cdaa,user_042,developer,2026-06-12 09:18:33,2026-06-12 15:21:33,22,6,0,22,1,1,5,0,0,0.0,0.0,0,0,363.0,9.3,4,0,0,0.0,0.0,normal
session_7cdaa3b38771,user_015,finance,2026-06-12 09:20:26,2026-06-12 11:48:26,10,4,0,10,1,1,3,1,1,6.7669999999999995,3.848,0,0,148.0,9.333333333333334,4,0,0,0.0,0.6767,normal
session_691fddcc2692,user_063,finance,2026-06-12 09:25:12,2026-06-12 12:19:12,11,2,0,11,1,1,3,3,1,23.076,7.216,0,0,174.0,9.416666666666666,4,0,0,0.0,2.097818181818182,normal
session_bc6dbe4998be,user_056,hr,2026-06-12 09:26:01,2026-06-12 13:55:01,17,3,0,17,1,1,3,7,0,171.482,29.39,0,0,269.0,9.433333333333334,4,0,0,0.0,10.087176470588235,normal
session_9d2daac4c0f3,user_047,developer,2026-06-12 09:34:38,2026-06-12 13:01:38,14,5,0,14,1,1,3,0,0,0.0,0.0,0,0,207.0,9.566666666666666,4,0,0,0.0,0.0,normal
session_29c37de9184c,user_048,developer,2026-06-12 09:35:08,2026-06-12 11:54:08,10,3,0,10,1,1,4,0,0,0.0,0.0,0,0,139.0,9.583333333333334,4,0,0,0.0,0.0,normal
session_05bdd7a832e5,user_030,hr,2026-06-12 09:37:23,2026-06-12 14:11:23,16,2,0,16,1,1,3,2,0,18.96,10.219,0,0,274.0,9.616666666666667,4,0,0,0.0,1.185,normal
session_de0bf7283df6,user_018,developer,2026-06-12 09:39:24,2026-06-12 16:54:24,24,7,0,24,1,1,5,0,0,0.0,0.0,0,0,435.0,9.65,4,0,0,0.0,0.0,normal
session_7492e63df532,user_076,analyst,2026-06-12 09:39:50,2026-06-12 11:49:50,10,5,0,10,1,1,4,1,0,4.777,4.777,0,0,130.0,9.65,4,0,0,0.0,0.4777,normal
session_a1ddcd1e9c75,user_027,developer,2026-06-12 09:41:42,2026-06-12 12:57:42,14,4,0,14,1,1,5,0,0,0.0,0.0,0,0,196.0,9.683333333333334,4,0,0,0.0,0.0,normal
session_ad9cbf81c801,user_004,developer,2026-06-12 09:41:56,2026-06-12 13:01:56,14,3,0,14,1,1,5,0,0,0.0,0.0,0,0,200.0,9.683333333333334,4,0,0,0.0,0.0,normal
session_d54994703f6b,user_025,hr,2026-06-12 09:42:06,2026-06-12 12:18:06,9,2,0,9,1,1,3,2,0,3.024,2.198,0,0,156.0,9.7,4,0,0,0.0,0.336,normal
session_1321daba8e12,user_054,developer,2026-06-12 09:44:24,2026-06-12 12:54:24,12,4,0,12,1,1,5,0,0,0.0,0.0,0,0,190.0,9.733333333333333,4,0,0,0.0,0.0,normal
session_a9c3d6f61d19,user_070,admin,2026-06-12 09:48:51,2026-06-12 14:47:51,19,6,0,19,1,1,5,0,0,0.0,0.0,4,0,299.0,9.8,4,0,0,0.0,0.0,normal
session_8c432644b7eb,user_003,developer,2026-06-12 09:49:18,2026-06-12 12:18:18,12,5,0,12,1,1,5,0,0,0.0,0.0,0,0,149.0,9.816666666666666,4,0,0,0.0,0.0,normal
session_912b01a0ce2e,user_031,developer,2026-06-12 09:49:24,2026-06-12 12:07:24,11,1,0,11,1,1,5,0,0,0.0,0.0,0,0,138.0,9.816666666666666,4,0,0,0.0,0.0,normal
session_22bf6e7c7a34,user_005,hr,2026-06-12 09:52:48,2026-06-12 13:11:48,14,6,0,14,1,1,3,2,0,5.628,3.984,0,0,199.0,9.866666666666667,4,0,0,0.0,0.402,normal
session_b5cb6dc22c5a,user_062,hr,2026-06-12 09:54:02,2026-06-12 15:31:02,25,9,0,25,1,1,3,2,0,26.919,18.423,0,0,337.0,9.9,4,0,0,0.0,1.07676,normal
session_aeb42a0e1e99,user_010,finance,2026-06-12 09:54:47,2026-06-12 13:59:47,15,3,0,15,1,1,3,3,3,34.871,7.721,0,0,245.0,9.9,4,0,0,0.0,2.3247333333333335,normal
session_3091e2fd7ae2,user_041,finance,2026-06-12 09:55:26,2026-06-12 13:30:26,15,2,0,15,1,1,3,2,4,138.706,27.994,0,0,215.0,9.916666666666666,4,0,0,0.0,9.247066666666665,normal
session_89743cbb150c,user_057,developer,2026-06-12 09:58:25,2026-06-12 16:37:25,25,8,0,25,1,1,5,0,0,0.0,0.0,0,0,399.0,9.966666666666667,4,0,0,0.0,0.0,normal
session_dadeb314c58a,user_039,developer,2026-06-12 10:01:55,2026-06-12 12:48:55,14,2,0,14,1,1,5,0,0,0.0,0.0,0,0,167.0,10.016666666666667,4,0,0,0.0,0.0,normal
session_464b772f97e7,user_055,analyst,2026-06-12 10:06:52,2026-06-12 15:18:52,17,4,0,17,1,1,4,1,0,17.414,17.414,0,0,312.0,10.1,4,0,0,0.0,1.0243529411764707,normal
session_77cdac51e9cf,user_035,admin,2026-06-12 10:08:25,2026-06-12 13:30:25,12,4,0,12,1,1,5,0,0,0.0,0.0,0,0,202.0,10.133333333333333,4,0,0,0.0,0.0,normal
session_d3a48780b0d2,user_019,developer,2026-06-12 10:11:14,2026-06-12 16:15:14,21,10,0,21,1,1,5,0,0,0.0,0.0,0,0,364.0,10.183333333333334,4,0,0,0.0,0.0,normal
session_896cd83e27c1,user_061,analyst,2026-06-12 10:18:21,2026-06-12 17:45:21,24,6,0,24,1,1,4,4,0,21.099,7.894,0,0,447.0,10.3,4,0,0,0.0,0.879125,normal
session_f4fec4353787,user_067,analyst,2026-06-12 10:20:11,2026-06-12 12:12:11,9,5,0,9,1,1,3,2,0,22.933,12.171,0,0,112.0,10.333333333333334,4,0,0,0.0,2.548111111111111,normal
session_f46e62ae3e98,user_026,analyst,2026-06-12 10:21:50,2026-06-12 13:45:50,11,4,0,11,1,1,4,4,0,31.118000000000002,11.919,0,0,204.0,10.35,4,0,0,0.0,2.8289090909090913,normal
session_2f9e66265487,user_053,hr,2026-06-12 10:31:10,2026-06-12 16:15:10,23,10,0,23,1,1,3,3,0,19.72,12.361,0,0,344.0,10.516666666666667,4,0,0,0.0,0.8573913043478261,normal
session_454e349399ed,user_002,finance,2026-06-12 10:35:16,2026-06-12 13:23:16,11,3,0,11,1,1,3,3,3,46.685,10.609,0,0,168.0,10.583333333333334,4,0,0,0.0,4.244090909090909,normal
session_c7f1c78ffe22,user_028,developer,2026-06-12 10:57:36,2026-06-12 17:01:36,23,6,0,23,1,1,5,0,0,0.0,0.0,0,0,364.0,10.95,4,0,0,0.0,0.0,normal
session_6121ccf15720,user_079,developer,2026-06-12 11:02:14,2026-06-12 15:54:14,24,6,0,24,1,1,5,0,0,0.0,0.0,0,0,292.0,11.033333333333333,4,0,0,0.0,0.0,normal
session_246b017ddc48,user_046,hr,2026-06-12 11:09:09,2026-06-12 14:05:09,12,1,0,12,1,1,3,3,0,24.479999999999997,13.716,0,0,176.0,11.15,4,0,0,0.0,2.0399999999999996,normal
session_a1ba17681ff2,user_060,developer,2026-06-12 11:30:01,2026-06-12 14:34:01,12,4,0,12,1,1,5,0,0,0.0,0.0,0,0,184.0,11.5,4,0,0,0.0,0.0,normal
session_4a42a086ad46,user_022,developer,2026-06-13 07:24:03,2026-06-13 13:31:03,24,5,0,24,1,1,5,0,0,0.0,0.0,0,0,367.0,7.4,5,1,0,0.0,0.0,normal
session_7dd91ffe9862,user_040,finance,2026-06-13 07:41:54,2026-06-13 12:59:54,21,3,0,21,1,1,3,7,4,178.739,25.278,0,0,318.0,7.683333333333334,5,1,0,0.0,8.511380952380952,normal
session_9bc9f53044ce,user_050,developer,2026-06-13 07:48:49,2026-06-13 10:53:49,12,2,0,12,1,1,4,0,0,0.0,0.0,0,0,185.0,7.8,5,1,0,0.0,0.0,normal
session_3bace2eaebfc,user_023,developer,2026-06-13 08:26:19,2026-06-13 14:52:19,22,3,0,22,1,1,5,0,0,0.0,0.0,0,0,386.0,8.433333333333334,5,1,0,0.0,0.0,normal
session_3e1d1b40ff2e,user_013,hr,2026-06-13 08:29:44,2026-06-13 11:57:44,16,6,0,16,1,1,3,2,0,9.928999999999998,5.193,0,0,208.0,8.483333333333333,5,1,0,0.0,0.6205624999999999,normal
session_bdc2e1abfabe,user_006,analyst,2026-06-13 08:41:28,2026-06-13 12:17:28,14,4,0,14,1,1,4,5,0,66.839,22.129,0,0,216.0,8.683333333333334,5,1,0,0.0,4.774214285714286,normal
session_2c8a2086224d,user_034,finance,2026-06-13 08:42:57,2026-06-13 11:22:57,10,3,0,10,1,1,3,4,0,25.542,7.663,0,0,160.0,8.7,5,1,0,0.0,2.5542000000000002,normal
session_2b48617d0e99,user_012,analyst,2026-06-13 08:45:23,2026-06-13 14:14:23,20,8,0,20,1,1,4,1,0,4.658,4.658,0,0,329.0,8.75,5,1,0,0.0,0.23290000000000002,normal
session_107704de4f3e,user_016,developer,2026-06-13 08:54:07,2026-06-13 14:06:07,19,8,0,19,1,1,5,0,0,0.0,0.0,0,0,312.0,8.9,5,1,0,0.0,0.0,normal
session_2128d4d4ec0c,user_052,finance,2026-06-13 09:06:04,2026-06-13 14:02:04,21,3,0,21,1,1,3,6,2,44.2,10.931,0,0,296.0,9.1,5,1,0,0.0,2.104761904761905,normal
session_c20d900f1606,user_070,admin,2026-06-13 09:14:36,2026-06-13 14:17:36,21,5,0,21,1,1,5,0,0,0.0,0.0,6,0,303.0,9.233333333333333,5,1,0,0.0,0.0,normal
session_956f1bcbe54a,user_072,hr,2026-06-13 09:18:18,2026-06-13 16:00:18,21,7,0,21,1,1,3,1,0,22.897,22.897,0,0,402.0,9.3,5,1,0,0.0,1.0903333333333332,normal
session_fc5c55a9f11e,user_015,finance,2026-06-13 09:28:52,2026-06-13 10:57:52,9,3,0,9,1,1,3,2,3,20.909,5.727,0,0,89.0,9.466666666666667,5,1,0,0.0,2.3232222222222223,normal
session_829a84b4ac5d,user_065,hr,2026-06-13 09:33:00,2026-06-13 11:21:00,9,2,0,9,1,1,3,4,0,50.396,26.736,0,0,108.0,9.55,5,1,0,0.0,5.599555555555556,normal
session_cc6e9b9900fa,user_017,admin,2026-06-13 09:36:54,2026-06-13 12:22:54,12,4,0,12,1,1,5,0,0,0.0,0.0,3,0,166.0,9.6,5,1,0,0.0,0.0,normal
session_a91f0d27de5f,user_002,finance,2026-06-13 09:47:40,2026-06-13 14:55:40,19,3,0,19,1,1,3,3,5,79.961,22.477,0,0,308.0,9.783333333333333,5,1,0,0.0,4.208473684210526,normal
session_bf5d2abf448e,user_044,developer,2026-06-13 09:49:20,2026-06-13 15:46:20,22,7,0,22,1,1,5,0,0,0.0,0.0,0,0,357.0,9.816666666666666,5,1,0,0.0,0.0,normal
session_a426c93808e0,user_025,hr,2026-06-13 09:51:12,2026-06-13 13:09:12,13,4,0,13,1,1,3,3,0,6.619,2.627,0,0,198.0,9.85,5,1,0,0.0,0.5091538461538462,normal
session_f4abfad1d04a,user_039,developer,2026-06-13 09:51:55,2026-06-13 16:43:55,24,5,0,24,1,1,5,0,0,0.0,0.0,0,0,412.0,9.85,5,1,0,0.0,0.0,normal
session_64b83995fcfd,user_026,analyst,2026-06-13 09:52:16,2026-06-13 13:55:16,17,6,0,17,1,1,4,3,0,24.951999999999998,10.978,0,0,243.0,9.866666666666667,5,1,0,0.0,1.4677647058823529,normal
session_93465f34667e,user_009,developer,2026-06-13 09:56:05,2026-06-13 15:09:05,23,3,0,23,1,1,5,0,0,0.0,0.0,0,0,313.0,9.933333333333334,5,1,0,0.0,0.0,normal
session_91e672cf3a4d,user_010,finance,2026-06-13 09:57:52,2026-06-13 14:38:52,18,2,0,18,1,1,3,5,3,60.624,11.179,0,0,281.0,9.95,5,1,0,0.0,3.3680000000000003,normal
session_5b76fb69814b,user_053,hr,2026-06-13 10:02:29,2026-06-13 16:08:29,24,8,0,24,1,1,3,8,0,38.775,6.547,0,0,366.0,10.033333333333333,5,1,0,0.0,1.6156249999999999,normal
session_e31368c71545,user_019,developer,2026-06-13 10:12:11,2026-06-13 15:25:11,19,3,0,19,1,1,5,0,0,0.0,0.0,0,0,313.0,10.2,5,1,0,0.0,0.0,normal
session_5c6f47175e47,user_078,developer,2026-06-13 10:17:06,2026-06-13 14:32:06,12,3,0,12,1,1,5,0,0,0.0,0.0,0,0,255.0,10.283333333333333,5,1,0,0.0,0.0,normal
session_d829ee518ad2,user_003,developer,2026-06-13 10:32:04,2026-06-13 17:00:04,23,3,0,23,1,1,5,0,0,0.0,0.0,0,0,388.0,10.533333333333333,5,1,0,0.0,0.0,normal
session_d2e83992baa7,user_079,developer,2026-06-13 10:32:10,2026-06-13 16:45:10,20,5,0,20,1,1,5,0,0,0.0,0.0,0,0,373.0,10.533333333333333,5,1,0,0.0,0.0,normal
session_9f61fe5273bc,user_041,finance,2026-06-13 10:44:06,2026-06-13 12:52:06,10,3,0,10,1,1,3,2,2,125.606,52.522,0,0,128.0,10.733333333333333,5,1,0,0.0,12.560599999999999,normal
session_c8ed51a76e41,user_005,hr,2026-06-13 11:03:23,2026-06-13 13:01:23,10,3,0,10,1,1,3,0,0,0.0,0.0,0,0,118.0,11.05,5,1,0,0.0,0.0,normal
session_4c9a814d6105,user_032,hr,2026-06-14 08:02:06,2026-06-14 11:27:06,18,7,0,18,1,1,3,4,0,17.238,7.688,0,0,205.0,8.033333333333333,6,1,0,0.0,0.9576666666666667,normal
session_30b7417ddaf9,user_074,finance,2026-06-14 08:16:10,2026-06-14 10:35:10,9,3,0,9,1,1,3,0,1,2.354,2.354,0,0,139.0,8.266666666666667,6,1,0,0.0,0.26155555555555554,normal
session_d25e9996e6d3,user_031,developer,2026-06-14 08:45:39,2026-06-14 14:36:39,22,4,0,22,1,1,5,0,0,0.0,0.0,0,0,351.0,8.75,6,1,0,0.0,0.0,normal
session_f8c8030c2f4f,user_045,admin,2026-06-14 08:47:36,2026-06-14 15:25:36,25,7,0,25,1,1,5,0,0,0.0,0.0,4,0,398.0,8.783333333333333,6,1,0,0.0,0.0,normal
session_a2ab51d91851,user_059,analyst,2026-06-14 08:53:02,2026-06-14 13:24:02,15,3,0,15,1,1,4,5,0,52.5,15.168,0,0,271.0,8.883333333333333,6,1,0,0.0,3.5,normal
session_f77ac45be28c,user_010,finance,2026-06-14 08:57:34,2026-06-14 12:25:34,13,3,0,13,1,1,3,1,4,37.33,9.759,0,0,208.0,8.95,6,1,0,0.0,2.8715384615384614,normal
session_4b59f545e04d,user_035,admin,2026-06-14 09:04:40,2026-06-14 12:26:40,13,2,0,13,1,1,5,0,0,0.0,0.0,2,0,202.0,9.066666666666666,6,1,0,0.0,0.0,normal
session_d3993b13279b,user_022,developer,2026-06-14 09:14:50,2026-06-14 12:43:50,13,3,0,13,1,1,5,0,0,0.0,0.0,0,0,209.0,9.233333333333333,6,1,0,0.0,0.0,normal
session_6ca784121a19,user_080,hr,2026-06-14 09:18:06,2026-06-14 12:17:06,14,3,0,14,1,1,3,3,0,52.43,31.942,0,0,179.0,9.3,6,1,0,0.0,3.745,normal
session_e9af57b25af5,user_065,hr,2026-06-14 09:24:05,2026-06-14 16:02:05,25,7,0,25,1,1,3,3,0,32.271,13.496,0,0,398.0,9.4,6,1,0,0.0,1.29084,normal
session_f5e788649437,user_056,hr,2026-06-14 09:25:14,2026-06-14 12:35:14,14,5,0,14,1,1,3,2,0,75.50200000000001,45.635,0,0,190.0,9.416666666666666,6,1,0,0.0,5.393000000000001,normal
session_48b8ff99ce01,user_071,analyst,2026-06-14 09:27:12,2026-06-14 15:13:12,21,4,0,21,1,1,4,8,0,149.50799999999998,30.066,0,0,346.0,9.45,6,1,0,0.0,7.11942857142857,normal
session_da8149bc413a,user_044,developer,2026-06-14 09:28:31,2026-06-14 12:05:31,10,2,0,10,1,1,5,0,0,0.0,0.0,0,0,157.0,9.466666666666667,6,1,0,0.0,0.0,normal
session_44b0e2a98b2c,user_036,developer,2026-06-14 09:30:05,2026-06-14 13:00:05,12,2,0,12,1,1,5,0,0,0.0,0.0,0,0,210.0,9.5,6,1,0,0.0,0.0,normal
session_cbc3f97733b5,user_072,hr,2026-06-14 09:50:57,2026-06-14 15:37:57,22,8,0,22,1,1,3,5,0,80.017,22.952,0,0,347.0,9.833333333333334,6,1,0,0.0,3.6371363636363636,normal
session_cce44c651fcb,user_076,analyst,2026-06-14 10:18:40,2026-06-14 12:57:40,12,6,0,12,1,1,4,1,0,8.842,8.842,0,0,159.0,10.3,6,1,0,0.0,0.7368333333333333,normal
session_552e58aeecad,user_041,finance,2026-06-14 10:36:56,2026-06-14 13:33:56,11,4,0,11,1,1,3,1,2,91.689,57.538,0,0,177.0,10.6,6,1,0,0.0,8.335363636363637,normal
session_4da029797ca3,user_030,hr,2026-06-14 10:37:32,2026-06-14 16:02:32,23,4,0,23,1,1,3,7,0,102.794,27.441,0,0,325.0,10.616666666666667,6,1,0,0.0,4.469304347826087,normal
session_9d0e88de0627,user_055,analyst,2026-06-14 10:49:19,2026-06-14 17:17:19,25,7,0,25,1,1,4,3,0,74.497,27.963,0,0,388.0,10.816666666666666,6,1,0,0.0,2.97988,normal
session_27e6dff2b3b3,user_070,admin,2026-06-14 11:01:49,2026-06-14 17:22:49,22,3,0,22,1,1,5,0,0,0.0,0.0,2,0,381.0,11.016666666666667,6,1,0,0.0,0.0,normal
session_1bece9af53cb,user_053,hr,2026-06-14 11:53:03,2026-06-14 17:39:03,21,10,0,21,1,1,3,6,0,33.417,6.881,0,0,346.0,11.883333333333333,6,1,0,0.0,1.5912857142857144,normal
session_a5720ed65242,user_069,hr,2026-06-15 06:28:35,2026-06-15 08:56:35,10,3,0,10,1,1,3,2,0,37.786,30.735,0,0,148.0,6.466666666666667,0,0,0,0.0,3.7786,normal
session_ce0465afa1ba,user_043,hr,2026-06-15 06:33:59,2026-06-15 08:29:59,9,3,0,9,1,1,3,1,0,15.17,15.17,0,0,116.0,6.55,0,0,0,0.0,1.6855555555555555,normal
session_6f30e3df699a,user_050,developer,2026-06-15 07:07:04,2026-06-15 12:12:04,19,4,0,19,1,1,5,0,0,0.0,0.0,0,0,305.0,7.116666666666666,0,0,0,0.0,0.0,normal
session_1f50a27c0248,user_044,developer,2026-06-15 07:39:51,2026-06-15 13:35:51,25,5,0,25,1,1,5,0,0,0.0,0.0,0,0,356.0,7.65,0,0,0,0.0,0.0,normal
session_c1ac0d90bfda,user_045,admin,2026-06-15 08:06:38,2026-06-15 11:47:38,15,4,0,15,1,1,5,0,0,0.0,0.0,3,0,221.0,8.1,0,0,0,0.0,0.0,normal
session_2d4a73183d77,user_001,finance,2026-06-15 08:10:37,2026-06-15 15:34:37,25,5,0,25,1,1,3,3,5,105.425,18.87,0,0,444.0,8.166666666666666,0,0,0,0.0,4.217,normal
session_30a3fbfe24b7,user_032,hr,2026-06-15 08:16:19,2026-06-15 12:09:19,15,7,0,15,1,1,3,3,0,9.708,4.4,0,0,233.0,8.266666666666667,0,0,0,0.0,0.6472,normal
session_978af5dfe621,user_064,finance,2026-06-15 08:16:34,2026-06-15 14:32:34,25,4,0,25,1,1,3,3,6,162.272,26.157,0,0,376.0,8.266666666666667,0,0,0,0.0,6.49088,normal
session_f1a6d7d01211,user_073,hr,2026-06-15 08:23:16,2026-06-15 14:38:16,24,6,0,24,1,1,3,8,0,51.147999999999996,11.77,0,0,375.0,8.383333333333333,0,0,0,0.0,2.1311666666666667,normal
session_dc72a9476c20,user_077,admin,2026-06-15 08:28:54,2026-06-15 12:59:54,17,2,0,17,1,1,5,0,0,0.0,0.0,2,0,271.0,8.466666666666667,0,0,0,0.0,0.0,normal
session_9881b9499561,user_070,admin,2026-06-15 08:32:02,2026-06-15 13:31:02,17,2,0,17,1,1,5,0,0,0.0,0.0,3,0,299.0,8.533333333333333,0,0,0,0.0,0.0,normal
session_989e3fafb5f8,user_042,developer,2026-06-15 08:34:34,2026-06-15 13:59:34,21,8,0,21,1,1,5,0,0,0.0,0.0,0,0,325.0,8.566666666666666,0,0,0,0.0,0.0,normal
session_91f804200951,user_049,analyst,2026-06-15 08:34:41,2026-06-15 11:11:41,12,3,0,12,1,1,4,2,0,9.927,6.4,0,0,157.0,8.566666666666666,0,0,0,0.0,0.8272499999999999,normal
session_5efe573ce66f,user_006,analyst,2026-06-15 08:35:00,2026-06-15 14:36:00,24,8,0,24,1,1,4,7,0,91.731,19.415,0,0,361.0,8.583333333333334,0,0,0,0.0,3.8221249999999998,normal
session_da1c7b7e2323,user_057,developer,2026-06-15 08:35:01,2026-06-15 11:52:01,14,4,0,14,1,1,5,0,0,0.0,0.0,0,0,197.0,8.583333333333334,0,0,0,0.0,0.0,normal
session_7a1d63ef349a,user_035,admin,2026-06-15 08:37:56,2026-06-15 11:10:56,10,2,0,10,1,1,5,0,0,0.0,0.0,3,0,153.0,8.616666666666667,0,0,0,0.0,0.0,normal
session_2948aeb6cd23,user_067,analyst,2026-06-15 08:41:08,2026-06-15 13:16:08,22,5,0,22,1,1,4,9,0,118.43,27.54,0,0,275.0,8.683333333333334,0,0,0,0.0,5.383181818181819,normal
session_3fb2f93f96c3,user_034,finance,2026-06-15 08:41:36,2026-06-15 11:04:36,11,2,0,11,1,1,3,3,3,53.44,13.752,0,0,143.0,8.683333333333334,0,0,0,0.0,4.858181818181818,normal
session_937aa05f4ff2,user_019,developer,2026-06-15 08:41:46,2026-06-15 12:47:46,20,5,0,20,1,1,5,0,0,0.0,0.0,0,0,246.0,8.683333333333334,0,0,0,0.0,0.0,normal
session_d43423d3a135,user_080,hr,2026-06-15 08:43:39,2026-06-15 12:38:39,13,7,0,13,1,1,3,1,0,15.699,15.699,0,0,235.0,8.716666666666667,0,0,0,0.0,1.2076153846153845,normal
session_062f461625fb,user_020,finance,2026-06-15 08:47:49,2026-06-15 14:59:49,25,5,0,25,1,1,3,4,3,125.147,33.262,0,0,372.0,8.783333333333333,0,0,0,0.0,5.00588,normal
session_8d2723a45e80,user_022,developer,2026-06-15 08:49:37,2026-06-15 12:14:37,15,5,0,15,1,1,5,0,0,0.0,0.0,0,0,205.0,8.816666666666666,0,0,0,0.0,0.0,normal
session_a5ac18e98934,user_040,finance,2026-06-15 08:50:02,2026-06-15 15:09:02,22,4,0,22,1,1,3,6,3,148.128,25.579,0,0,379.0,8.833333333333334,0,0,0,0.0,6.733090909090908,normal
session_eaa2e9c03394,user_007,developer,2026-06-15 08:50:24,2026-06-15 14:12:24,20,8,0,20,1,1,5,0,0,0.0,0.0,0,0,322.0,8.833333333333334,0,0,0,0.0,0.0,normal
session_8a1c78802a85,user_063,finance,2026-06-15 08:50:53,2026-06-15 13:26:53,17,4,0,17,1,1,3,5,2,44.586999999999996,10.354,0,0,276.0,8.833333333333334,0,0,0,0.0,2.6227647058823527,normal
session_ca9a437d1fef,user_013,hr,2026-06-15 08:55:44,2026-06-15 14:37:44,25,9,0,25,1,1,3,4,0,14.14,5.694,0,0,342.0,8.916666666666666,0,0,0,0.0,0.5656,normal
session_ed18854967fa,user_039,developer,2026-06-15 08:56:34,2026-06-15 14:47:34,21,6,0,21,1,1,5,0,0,0.0,0.0,0,0,351.0,8.933333333333334,0,0,0,0.0,0.0,normal
session_bd2d4491d0b3,user_018,developer,2026-06-15 09:01:10,2026-06-15 12:18:10,12,4,0,12,1,1,5,0,0,0.0,0.0,0,0,197.0,9.016666666666667,0,0,0,0.0,0.0,normal
session_393edaff1ee2,user_014,hr,2026-06-15 09:03:05,2026-06-15 14:30:05,22,6,0,22,1,1,3,3,0,22.659,13.558,0,0,327.0,9.05,0,0,0,0.0,1.0299545454545453,normal
session_43f8a17374cc,user_028,developer,2026-06-15 09:06:24,2026-06-15 15:54:24,24,6,0,24,1,1,5,0,0,0.0,0.0,0,0,408.0,9.1,0,0,0,0.0,0.0,normal
session_c8191115436e,user_075,developer,2026-06-15 09:06:29,2026-06-15 14:35:29,25,6,0,25,1,1,5,0,0,0.0,0.0,0,0,329.0,9.1,0,0,0,0.0,0.0,normal
session_cc7ce7e99a73,user_051,analyst,2026-06-15 09:07:54,2026-06-15 15:30:54,24,10,0,24,1,1,4,1,0,10.939,10.939,0,0,383.0,9.116666666666667,0,0,0,0.0,0.45579166666666665,normal
session_88664157f7b6,user_038,developer,2026-06-15 09:09:34,2026-06-15 12:39:34,14,2,0,14,1,1,5,0,0,0.0,0.0,0,0,210.0,9.15,0,0,0,0.0,0.0,normal
session_383e95889125,user_009,developer,2026-06-15 09:10:37,2026-06-15 16:02:37,21,3,0,21,1,1,5,0,0,0.0,0.0,0,0,412.0,9.166666666666666,0,0,0,0.0,0.0,normal
session_fec96e2f2132,user_008,developer,2026-06-15 09:18:28,2026-06-15 16:10:28,24,7,0,24,1,1,5,0,0,0.0,0.0,0,0,412.0,9.3,0,0,0,0.0,0.0,normal
session_3d840057d799,user_024,hr,2026-06-15 09:21:08,2026-06-15 14:19:08,18,3,0,18,1,1,3,5,0,150.704,52.088,0,0,298.0,9.35,0,0,0,0.0,8.372444444444445,normal
session_bb69c7867a45,user_041,finance,2026-06-15 09:23:06,2026-06-15 12:44:06,13,4,0,13,1,1,3,1,3,98.283,33.474,0,0,201.0,9.383333333333333,0,0,0,0.0,7.5602307692307695,normal
session_653a8118aae4,user_068,developer,2026-06-15 09:26:18,2026-06-15 14:49:18,23,6,0,23,1,1,5,0,0,0.0,0.0,0,0,323.0,9.433333333333334,0,0,0,0.0,0.0,normal
session_a75087ef17a4,user_030,hr,2026-06-15 09:26:24,2026-06-15 14:51:24,22,6,0,22,1,1,3,5,0,93.41,28.93,0,0,325.0,9.433333333333334,0,0,0,0.0,4.245909090909091,normal
session_981ec5544e40,user_065,hr,2026-06-15 09:27:41,2026-06-15 14:49:41,25,10,0,25,1,1,3,4,0,31.506999999999998,10.076,0,0,322.0,9.45,0,0,0,0.0,1.2602799999999998,normal
session_eeea12181d5d,user_017,admin,2026-06-15 09:29:31,2026-06-15 12:44:31,12,1,0,12,1,1,3,0,0,0.0,0.0,5,0,195.0,9.483333333333333,0,0,0,0.0,0.0,normal
session_937a99eb690c,user_012,analyst,2026-06-15 09:31:24,2026-06-15 12:06:24,11,4,0,11,1,1,3,3,0,11.283,4.566,0,0,155.0,9.516666666666667,0,0,0,0.0,1.0257272727272726,normal
session_cb5f447a58c7,user_023,developer,2026-06-15 09:33:44,2026-06-15 14:53:44,21,1,0,21,1,1,5,0,0,0.0,0.0,0,0,320.0,9.55,0,0,0,0.0,0.0,normal
session_adb06b93f74e,user_004,developer,2026-06-15 09:34:48,2026-06-15 15:29:48,24,3,0,24,1,1,5,0,0,0.0,0.0,0,0,355.0,9.566666666666666,0,0,0,0.0,0.0,normal
session_dbe4b9574ec8,user_027,developer,2026-06-15 09:36:59,2026-06-15 12:46:59,11,2,0,11,1,1,5,0,0,0.0,0.0,0,0,190.0,9.6,0,0,0,0.0,0.0,normal
session_8b724546188b,user_015,finance,2026-06-15 09:37:47,2026-06-15 15:02:47,21,5,0,21,1,1,3,2,6,32.093,6.782,0,0,325.0,9.616666666666667,0,0,0,0.0,1.5282380952380954,normal
session_bb2a5d35d0e8,user_026,analyst,2026-06-15 09:38:19,2026-06-15 12:31:19,13,7,0,13,1,1,4,1,0,8.938,8.938,0,0,173.0,9.633333333333333,0,0,0,0.0,0.6875384615384615,normal
session_d823a962852a,user_061,analyst,2026-06-15 09:39:21,2026-06-15 11:51:21,10,4,0,10,1,1,4,1,0,5.144,5.144,0,0,132.0,9.65,0,0,0,0.0,0.5144,normal
session_cd1ff81d7cf0,user_059,analyst,2026-06-15 09:39:33,2026-06-15 12:40:33,12,7,0,12,1,1,4,0,0,0.0,0.0,0,0,181.0,9.65,0,0,0,0.0,0.0,normal
session_e7295730a16a,user_031,developer,2026-06-15 09:40:52,2026-06-15 12:15:52,11,5,0,11,1,1,4,0,0,0.0,0.0,0,0,155.0,9.666666666666666,0,0,0,0.0,0.0,normal
session_8e9a8b9abe34,user_046,hr,2026-06-15 09:42:25,2026-06-15 15:57:25,25,12,0,25,1,1,3,5,0,38.283,11.835,0,0,375.0,9.7,0,0,0,0.0,1.53132,normal
session_18ceae43f584,user_021,finance,2026-06-15 09:43:14,2026-06-15 15:38:14,22,6,0,22,1,1,3,1,4,26.655,6.726,0,0,355.0,9.716666666666667,0,0,0,0.0,1.2115909090909092,normal
session_0103d53977ac,user_058,hr,2026-06-15 09:47:14,2026-06-15 13:21:14,14,5,0,14,1,1,3,5,0,63.294,15.685,0,0,214.0,9.783333333333333,0,0,0,0.0,4.521,normal
session_faccf20b5820,user_033,developer,2026-06-15 09:51:40,2026-06-15 14:22:40,16,3,0,16,1,1,5,0,0,0.0,0.0,0,0,271.0,9.85,0,0,0,0.0,0.0,normal
session_9cd351d634f6,user_052,finance,2026-06-15 09:56:08,2026-06-15 14:23:08,18,4,0,18,1,1,3,1,6,51.595,13.492,0,0,267.0,9.933333333333334,0,0,0,0.0,2.866388888888889,normal
session_1bdc3823e2c3,user_055,analyst,2026-06-15 10:04:30,2026-06-15 14:10:30,16,4,0,16,1,1,4,8,0,146.859,37.091,0,0,246.0,10.066666666666666,0,0,0,0.0,9.1786875,normal
session_43d608c74dbe,user_072,hr,2026-06-15 10:06:10,2026-06-15 14:22:10,19,6,0,19,1,1,3,6,0,94.462,20.02,0,0,256.0,10.1,0,0,0,0.0,4.971684210526316,normal
session_0644e9a59bf4,user_047,developer,2026-06-15 10:09:15,2026-06-15 16:10:15,24,7,0,24,1,1,5,0,0,0.0,0.0,0,0,361.0,10.15,0,0,0,0.0,0.0,normal
session_7dc528267db4,user_054,developer,2026-06-15 10:12:19,2026-06-15 12:28:19,9,4,0,9,1,1,4,0,0,0.0,0.0,0,0,136.0,10.2,0,0,0,0.0,0.0,normal
session_3a9e83a41172,user_036,developer,2026-06-15 10:13:11,2026-06-15 14:54:11,21,8,0,21,1,1,5,0,0,0.0,0.0,0,0,281.0,10.216666666666667,0,0,0,0.0,0.0,normal
session_4fe546442759,user_056,hr,2026-06-15 10:15:29,2026-06-15 13:56:29,14,1,0,14,1,1,3,3,0,73.049,35.988,0,0,221.0,10.25,0,0,0,0.0,5.217785714285715,normal
session_f66dcd93eb52,user_062,hr,2026-06-15 10:16:42,2026-06-15 15:09:42,17,3,0,17,1,1,3,5,0,97.1,26.623,0,0,293.0,10.266666666666667,0,0,0,0.0,5.711764705882352,normal
session_351bd9001afc,user_048,developer,2026-06-15 10:17:28,2026-06-15 13:14:28,12,3,0,12,1,1,5,0,0,0.0,0.0,0,0,177.0,10.283333333333333,0,0,0,0.0,0.0,normal
session_c0aa39903567,user_025,hr,2026-06-15 10:17:52,2026-06-15 14:26:52,15,10,0,15,1,1,3,3,0,5.354,2.165,0,0,249.0,10.283333333333333,0,0,0,0.0,0.3569333333333333,normal
session_406ced9791c4,user_071,analyst,2026-06-15 10:19:43,2026-06-15 15:34:43,18,5,0,18,1,1,4,3,0,90.324,42.449,0,0,315.0,10.316666666666666,0,0,0,0.0,5.018,normal
session_fe30b964970a,user_010,finance,2026-06-15 10:21:59,2026-06-15 15:47:59,21,5,0,21,1,1,3,3,2,44.823,13.478,0,0,326.0,10.35,0,0,0,0.0,2.1344285714285713,normal
session_3dc6fbd3a7bf,user_066,developer,2026-06-15 10:32:33,2026-06-15 17:06:33,24,3,0,24,1,1,5,0,0,0.0,0.0,0,0,394.0,10.533333333333333,0,0,0,0.0,0.0,normal
session_9516fc8a667f,user_005,hr,2026-06-15 10:35:29,2026-06-15 14:08:29,13,4,0,13,1,1,3,5,0,12.945,3.534,0,0,213.0,10.583333333333334,0,0,0,0.0,0.9957692307692307,normal
session_f275dc528985,user_076,analyst,2026-06-15 10:40:29,2026-06-15 13:33:29,11,4,0,11,1,1,4,1,0,3.191,3.191,0,0,173.0,10.666666666666666,0,0,0,0.0,0.29009090909090907,normal
session_a5fb696f83de,user_053,hr,2026-06-15 10:50:50,2026-06-15 16:55:50,22,9,0,22,1,1,3,6,0,27.122,5.908,0,0,365.0,10.833333333333334,0,0,0,0.0,1.2328181818181818,normal
session_bc51059486b2,user_003,developer,2026-06-15 10:53:09,2026-06-15 13:47:09,13,2,0,13,1,1,5,0,0,0.0,0.0,0,0,174.0,10.883333333333333,0,0,0,0.0,0.0,normal
session_c829b72220b2,user_079,developer,2026-06-15 11:16:45,2026-06-15 17:20:45,22,4,0,22,1,1,4,0,0,0.0,0.0,0,0,364.0,11.266666666666667,0,0,0,0.0,0.0,normal
session_86f4a8943ba9,user_060,developer,2026-06-15 11:55:35,2026-06-15 16:32:35,19,6,0,19,1,1,5,0,0,0.0,0.0,0,0,277.0,11.916666666666666,0,0,0,0.0,0.0,normal
session_3db75871c512,user_080,hr,2026-06-16 00:07:19,2026-06-16 00:17:19,6,1,0,6,1,1,6,0,0,0.0,0.0,1,1,10.0,0.11666666666666667,1,0,1,0.0,0.0,lateral_movement
session_d8078b4cec6e,user_007,developer,2026-06-16 07:42:51,2026-06-16 13:48:51,25,5,0,25,1,1,5,0,0,0.0,0.0,0,0,366.0,7.7,1,0,0,0.0,0.0,normal
session_12e1ce48a594,user_040,finance,2026-06-16 07:52:11,2026-06-16 11:56:11,19,5,0,19,1,1,3,3,3,90.691,17.515,0,0,244.0,7.866666666666667,1,0,0,0.0,4.77321052631579,normal
session_93249b9198c5,user_018,developer,2026-06-16 08:06:39,2026-06-16 12:18:39,13,1,0,13,1,1,4,0,0,0.0,0.0,0,0,252.0,8.1,1,0,0,0.0,0.0,normal
session_7b20449ae276,user_045,admin,2026-06-16 08:07:08,2026-06-16 11:18:08,15,1,0,15,1,1,5,0,0,0.0,0.0,2,0,191.0,8.116666666666667,1,0,0,0.0,0.0,normal
session_fb44cc24a003,user_021,finance,2026-06-16 08:13:53,2026-06-16 15:43:53,25,5,0,25,1,1,3,3,13,85.372,11.751,0,0,450.0,8.216666666666667,1,0,0,0.0,3.41488,normal
session_2d2989e60be1,user_006,analyst,2026-06-16 08:16:21,2026-06-16 12:18:21,14,3,0,14,1,1,4,7,0,97.237,25.703,0,0,242.0,8.266666666666667,1,0,0,0.0,6.9455,normal
session_1669f28d4ae7,user_025,hr,2026-06-16 08:18:30,2026-06-16 11:43:30,13,6,0,13,1,1,3,4,0,5.542,2.451,0,0,205.0,8.3,1,0,0,0.0,0.4263076923076923,normal
session_d5034b8e8313,user_015,finance,2026-06-16 08:18:37,2026-06-16 13:28:37,19,7,0,19,1,1,3,3,4,23.681,5.188,0,0,310.0,8.3,1,0,0,0.0,1.2463684210526316,normal
session_e477771cf485,user_022,developer,2026-06-16 08:19:42,2026-06-16 13:41:42,20,7,0,20,1,1,5,0,0,0.0,0.0,0,0,322.0,8.316666666666666,1,0,0,0.0,0.0,normal
session_1a564c6a121a,user_057,developer,2026-06-16 08:22:09,2026-06-16 13:01:09,21,5,0,21,1,1,5,0,0,0.0,0.0,0,0,279.0,8.366666666666667,1,0,0,0.0,0.0,normal
session_9a88e9035e53,user_050,developer,2026-06-16 08:25:59,2026-06-16 10:44:59,11,3,0,11,1,1,4,0,0,0.0,0.0,0,0,139.0,8.416666666666666,1,0,0,0.0,0.0,normal
session_f390b8a1e459,user_069,hr,2026-06-16 08:26:38,2026-06-16 13:38:38,23,9,0,23,1,1,3,5,0,70.495,19.753,0,0,312.0,8.433333333333334,1,0,0,0.0,3.0650000000000004,normal
session_7d0935d92c12,user_038,developer,2026-06-16 08:29:36,2026-06-16 15:28:36,23,8,0,23,1,1,5,0,0,0.0,0.0,0,0,419.0,8.483333333333333,1,0,0,0.0,0.0,normal
session_7b3a24e03f1b,user_041,finance,2026-06-16 08:32:49,2026-06-16 11:49:49,16,7,0,16,1,1,3,3,1,73.676,26.62,0,0,197.0,8.533333333333333,1,0,0,0.0,4.60475,normal
session_84d3bde83b08,user_037,developer,2026-06-16 08:33:03,2026-06-16 10:36:03,10,3,0,10,1,1,3,0,0,0.0,0.0,0,0,123.0,8.55,1,0,0,0.0,0.0,normal
session_1139afa913c7,user_029,admin,2026-06-16 08:36:10,2026-06-16 14:12:10,21,6,0,21,1,1,5,0,0,0.0,0.0,4,0,336.0,8.6,1,0,0,0.0,0.0,normal
session_5d27d5a1b3b6,user_011,analyst,2026-06-16 08:37:22,2026-06-16 15:13:22,22,4,0,22,1,1,4,7,0,87.43299999999999,25.123,0,0,396.0,8.616666666666667,1,0,0,0.0,3.9742272727272723,normal
session_ed1123deeeae,user_031,developer,2026-06-16 08:41:45,2026-06-16 14:36:45,20,7,0,20,1,1,5,0,0,0.0,0.0,0,0,355.0,8.683333333333334,1,0,0,0.0,0.0,normal
session_ea998cea1053,user_001,finance,2026-06-16 08:43:02,2026-06-16 12:36:02,15,6,0,15,1,1,3,1,1,25.593,15.128,0,0,233.0,8.716666666666667,1,0,0,0.0,1.7062,normal
session_5cd132052549,user_039,developer,2026-06-16 08:50:28,2026-06-16 13:46:28,18,5,0,18,1,1,5,0,0,0.0,0.0,0,0,296.0,8.833333333333334,1,0,0,0.0,0.0,normal
session_beb433e4cc66,user_016,developer,2026-06-16 08:52:33,2026-06-16 12:37:33,17,5,0,17,1,1,5,0,0,0.0,0.0,0,0,225.0,8.866666666666667,1,0,0,0.0,0.0,normal
session_4a676b01d2a3,user_044,developer,2026-06-16 08:53:39,2026-06-16 12:50:39,16,1,0,16,1,1,5,0,0,0.0,0.0,0,0,237.0,8.883333333333333,1,0,0,0.0,0.0,normal
session_2cf00d4e72c2,user_032,hr,2026-06-16 08:57:31,2026-06-16 14:43:31,21,5,0,21,1,1,3,5,0,22.978,5.791,0,0,346.0,8.95,1,0,0,0.0,1.0941904761904762,normal
session_982fcbe56589,user_068,developer,2026-06-16 08:58:21,2026-06-16 15:15:21,24,7,0,24,1,1,5,0,0,0.0,0.0,0,0,377.0,8.966666666666667,1,0,0,0.0,0.0,normal
session_06c341543a79,user_013,hr,2026-06-16 08:59:44,2026-06-16 13:39:44,17,3,0,17,1,1,3,2,0,5.848,3.137,0,0,280.0,8.983333333333333,1,0,0,0.0,0.344,normal
session_17551886ec51,user_053,hr,2026-06-16 09:01:20,2026-06-16 14:26:20,20,4,0,20,1,1,3,6,0,23.406,6.417,0,0,325.0,9.016666666666667,1,0,0,0.0,1.1703,normal
session_ec6e1b8568b5,user_023,developer,2026-06-16 09:02:07,2026-06-16 12:27:07,15,5,0,15,1,1,5,0,0,0.0,0.0,0,0,205.0,9.033333333333333,1,0,0,0.0,0.0,normal
session_eb265de14224,user_042,developer,2026-06-16 09:04:39,2026-06-16 12:16:39,13,5,0,13,1,1,5,0,0,0.0,0.0,0,0,192.0,9.066666666666666,1,0,0,0.0,0.0,normal
session_1cbde8b4660e,user_077,admin,2026-06-16 09:06:16,2026-06-16 12:52:16,14,6,0,14,1,1,5,0,0,0.0,0.0,1,0,226.0,9.1,1,0,0,0.0,0.0,normal
session_5cdf4e18955a,user_024,hr,2026-06-16 09:08:08,2026-06-16 12:25:08,13,2,0,13,1,1,3,2,0,49.882000000000005,33.298,0,0,197.0,9.133333333333333,1,0,0,0.0,3.8370769230769235,normal
session_6f119397938f,user_049,analyst,2026-06-16 09:09:17,2026-06-16 15:38:17,23,8,0,23,1,1,4,3,0,13.483999999999998,4.6,0,0,389.0,9.15,1,0,0,0.0,0.5862608695652173,normal
session_d7e5b2758aa6,user_009,developer,2026-06-16 09:10:14,2026-06-16 13:54:14,18,5,0,18,1,1,5,0,0,0.0,0.0,0,0,284.0,9.166666666666666,1,0,0,0.0,0.0,normal
session_eb1bba8b3d03,user_043,hr,2026-06-16 09:11:38,2026-06-16 12:53:38,14,9,0,14,1,1,3,2,0,26.19,17.393,0,0,222.0,9.183333333333334,1,0,0,0.0,1.8707142857142858,normal
session_e60f0f8f03cd,user_073,hr,2026-06-16 09:11:39,2026-06-16 14:13:39,17,1,0,17,1,1,3,2,0,14.41,7.51,0,0,302.0,9.183333333333334,1,0,0,0.0,0.8476470588235294,normal
session_2a7b1ad78006,user_063,finance,2026-06-16 09:11:53,2026-06-16 16:30:53,24,5,0,24,1,1,3,6,5,82.214,12.869,0,0,439.0,9.183333333333334,1,0,0,0.0,3.4255833333333334,normal
session_a3439fe44af3,user_008,developer,2026-06-16 09:13:15,2026-06-16 16:45:15,25,6,0,25,1,1,5,0,0,0.0,0.0,0,0,452.0,9.216666666666667,1,0,0,0.0,0.0,normal
session_79dcb439c24b,user_020,finance,2026-06-16 09:13:37,2026-06-16 13:24:37,15,2,0,15,1,1,3,4,1,85.138,20.26,0,0,251.0,9.216666666666667,1,0,0,0.0,5.675866666666667,normal
session_10e42c53a47e,user_027,developer,2026-06-16 09:16:20,2026-06-16 15:53:20,24,3,0,24,1,1,5,0,0,0.0,0.0,0,0,397.0,9.266666666666667,1,0,0,0.0,0.0,normal
session_60d330a8e31f,user_066,developer,2026-06-16 09:16:44,2026-06-16 12:33:44,15,4,0,15,1,1,5,0,0,0.0,0.0,0,0,197.0,9.266666666666667,1,0,0,0.0,0.0,normal
session_435092da829f,user_035,admin,2026-06-16 09:17:32,2026-06-16 14:59:32,19,4,0,19,1,1,5,0,0,0.0,0.0,3,0,342.0,9.283333333333333,1,0,0,0.0,0.0,normal
session_17b8439a2503,user_057,developer,2026-06-16 09:19:03,2026-06-16 10:49:03,7,0,0,7,1,1,1,3,0,111.123,28.857,0,0,90.0,9.316666666666666,1,0,0,0.0,15.874714285714287,normal
session_384759c650c4,user_058,hr,2026-06-16 09:19:26,2026-06-16 12:03:26,11,6,0,11,1,1,3,2,0,21.35,10.955,0,0,164.0,9.316666666666666,1,0,0,0.0,1.9409090909090911,normal
session_0f8e74275dbc,user_067,analyst,2026-06-16 09:21:58,2026-06-16 11:34:58,10,5,0,10,1,1,3,4,0,40.792,18.081,0,0,133.0,9.35,1,0,0,0.0,4.0792,normal
session_c9ef32dcede6,user_002,finance,2026-06-16 09:22:24,2026-06-16 12:05:24,14,1,0,14,1,1,3,4,3,63.877,13.534,0,0,163.0,9.366666666666667,1,0,0,0.0,4.5626428571428574,normal
session_0cbc048ed275,user_030,hr,2026-06-16 09:23:46,2026-06-16 15:02:46,20,7,0,20,1,1,3,9,0,119.708,18.261,0,0,339.0,9.383333333333333,1,0,0,0.0,5.9854,normal
session_7c1a890558c4,user_061,analyst,2026-06-16 09:24:55,2026-06-16 14:40:55,18,6,0,18,1,1,4,2,0,7.761,4.429,0,0,316.0,9.4,1,0,0,0.0,0.4311666666666667,normal
session_36c3fa8edddf,user_012,analyst,2026-06-16 09:25:01,2026-06-16 16:00:01,23,7,0,23,1,1,4,6,0,33.46,8.487,0,0,395.0,9.416666666666666,1,0,0,0.0,1.4547826086956521,normal
session_efe81adb06c4,user_005,hr,2026-06-16 09:25:15,2026-06-16 15:11:15,22,5,0,22,1,1,3,7,0,20.802,6.455,0,0,346.0,9.416666666666666,1,0,0,0.0,0.9455454545454546,normal
session_8bc4edfd011c,user_071,analyst,2026-06-16 09:26:53,2026-06-16 13:10:53,13,1,0,13,1,1,4,6,0,131.261,38.031,0,0,224.0,9.433333333333334,1,0,0,0.0,10.097,normal
session_e3cc1fd66735,user_047,developer,2026-06-16 09:27:49,2026-06-16 14:30:49,21,5,0,21,1,1,5,0,0,0.0,0.0,0,0,303.0,9.45,1,0,0,0.0,0.0,normal
session_b26616855e2b,user_080,hr,2026-06-16 09:28:26,2026-06-16 15:13:26,24,7,0,24,1,1,3,6,0,94.132,24.699,0,0,345.0,9.466666666666667,1,0,0,0.0,3.922166666666667,normal
session_3e8f3bb05cb3,user_036,developer,2026-06-16 09:31:51,2026-06-16 14:50:51,22,7,0,22,1,1,5,0,0,0.0,0.0,0,0,319.0,9.516666666666667,1,0,0,0.0,0.0,normal
session_9657e0ef4e5b,user_056,hr,2026-06-16 09:38:52,2026-06-16 13:19:52,13,4,0,13,1,1,3,3,0,93.047,35.509,0,0,221.0,9.633333333333333,1,0,0,0.0,7.157461538461538,normal
session_02d7f7d4f855,user_065,hr,2026-06-16 09:40:33,2026-06-16 12:06:33,9,2,0,9,1,1,3,3,0,40.616,22.405,0,0,146.0,9.666666666666666,1,0,0,0.0,4.512888888888889,normal
session_e73e61c57ef2,user_060,developer,2026-06-16 09:45:20,2026-06-16 13:59:20,21,5,0,21,1,1,5,0,0,0.0,0.0,0,0,254.0,9.75,1,0,0,0.0,0.0,normal
session_39a890add237,user_055,analyst,2026-06-16 09:45:33,2026-06-16 15:33:33,20,5,0,20,1,1,4,4,0,46.358000000000004,18.817,0,0,348.0,9.75,1,0,0,0.0,2.3179000000000003,normal
session_483d772cca01,user_010,finance,2026-06-16 09:46:26,2026-06-16 12:03:26,9,2,0,9,1,1,3,1,2,21.938,7.71,0,0,137.0,9.766666666666667,1,0,0,0.0,2.4375555555555555,normal
session_950be31ec255,user_078,developer,2026-06-16 09:48:39,2026-06-16 13:38:39,14,2,0,14,1,1,5,0,0,0.0,0.0,0,0,230.0,9.8,1,0,0,0.0,0.0,normal
session_35598c76ff9f,user_075,developer,2026-06-16 09:56:50,2026-06-16 15:01:50,22,5,0,22,1,1,5,0,0,0.0,0.0,0,0,305.0,9.933333333333334,1,0,0,0.0,0.0,normal
session_d6e18ff2faa1,user_004,developer,2026-06-16 09:59:30,2026-06-16 14:14:30,17,3,0,17,1,1,5,0,0,0.0,0.0,0,0,255.0,9.983333333333333,1,0,0,0.0,0.0,normal
session_a713c2f15c2c,user_028,developer,2026-06-16 10:01:34,2026-06-16 13:46:34,16,2,0,16,1,1,4,0,0,0.0,0.0,0,0,225.0,10.016666666666667,1,0,0,0.0,0.0,normal
session_b2c6fb90516e,user_048,developer,2026-06-16 10:02:02,2026-06-16 15:37:02,21,3,0,21,1,1,5,0,0,0.0,0.0,0,0,335.0,10.033333333333333,1,0,0,0.0,0.0,normal
session_34b6fd521358,user_026,analyst,2026-06-16 10:06:47,2026-06-16 14:51:47,15,2,0,15,1,1,4,1,0,20.446,20.446,0,0,285.0,10.1,1,0,0,0.0,1.3630666666666669,normal
session_2bd1a86a6585,user_051,analyst,2026-06-16 10:10:36,2026-06-16 12:45:36,12,3,0,12,1,1,4,2,0,12.088,8.774,0,0,155.0,10.166666666666666,1,0,0,0.0,1.0073333333333332,normal
session_6dab8617c932,user_054,developer,2026-06-16 10:13:09,2026-06-16 13:36:09,15,3,0,15,1,1,5,0,0,0.0,0.0,0,0,203.0,10.216666666666667,1,0,0,0.0,0.0,normal
session_27b23813dfa9,user_074,finance,2026-06-16 10:15:41,2026-06-16 15:04:41,20,5,0,20,1,1,3,5,6,33.628,6.7,0,0,289.0,10.25,1,0,0,0.0,1.6814,normal
session_6f7f26e464cf,user_017,admin,2026-06-16 10:16:55,2026-06-16 16:57:55,23,3,0,23,1,1,5,0,0,0.0,0.0,2,0,401.0,10.266666666666667,1,0,0,0.0,0.0,normal
session_b01bf417ad9e,user_033,developer,2026-06-16 10:20:14,2026-06-16 14:26:14,15,2,0,15,1,1,5,0,0,0.0,0.0,0,0,246.0,10.333333333333334,1,0,0,0.0,0.0,normal
session_4d7fecb96351,user_003,developer,2026-06-16 10:32:44,2026-06-16 14:52:44,17,3,0,17,1,1,5,0,0,0.0,0.0,0,0,260.0,10.533333333333333,1,0,0,0.0,0.0,normal
session_8ff879d5b941,user_070,admin,2026-06-16 10:35:51,2026-06-16 14:14:51,16,3,0,16,1,1,5,0,0,0.0,0.0,3,0,219.0,10.583333333333334,1,0,0,0.0,0.0,normal
session_86ddd65ebcde,user_076,analyst,2026-06-16 10:36:06,2026-06-16 16:35:06,22,4,0,22,1,1,4,7,0,39.153,8.992,0,0,359.0,10.6,1,0,0,0.0,1.7796818181818181,normal
session_7016cd49273b,user_062,hr,2026-06-16 10:41:23,2026-06-16 16:34:23,22,9,0,22,1,1,3,6,0,84.551,24.95,0,0,353.0,10.683333333333334,1,0,0,0.0,3.843227272727273,normal
session_e87d4f579fb7,user_019,developer,2026-06-16 11:06:25,2026-06-16 17:30:25,22,5,0,22,1,1,5,0,0,0.0,0.0,0,0,384.0,11.1,1,0,0,0.0,0.0,normal
session_9cfea293a645,user_043,hr,2026-06-16 11:19:21,2026-06-16 12:09:21,6,2,0,6,1,1,3,0,0,67.283,16.707,0,0,50.0,11.316666666666666,1,0,0,0.0,11.213833333333334,normal
session_37746f8e6d2d,user_079,developer,2026-06-16 11:40:03,2026-06-16 14:39:03,13,2,0,13,1,1,4,0,0,0.0,0.0,0,0,179.0,11.666666666666666,1,0,0,0.0,0.0,normal
session_980377f9a484,user_037,developer,2026-06-17 01:05:01,2026-06-17 01:05:01,1,1,1,1,1,1,1,0,0,0.0,0.0,0,1,0.0,1.0833333333333333,2,0,1,1.0,0.0,credential_stuffing
session_32d62a5f1884,user_022,developer,2026-06-17 01:05:21,2026-06-17 01:05:21,1,1,1,1,1,1,1,0,0,0.0,0.0,0,1,0.0,1.0833333333333333,2,0,1,1.0,0.0,credential_stuffing
session_1d3c7f85d8d1,user_015,finance,2026-06-17 01:05:41,2026-06-17 01:05:41,1,1,1,1,1,1,1,0,0,0.0,0.0,0,1,0.0,1.0833333333333333,2,0,1,1.0,0.0,credential_stuffing
session_901447bcdced,user_020,finance,2026-06-17 01:06:01,2026-06-17 01:06:01,1,1,1,1,1,1,1,0,0,0.0,0.0,0,1,0.0,1.1,2,0,1,1.0,0.0,credential_stuffing
session_ef6b5916e17f,user_005,hr,2026-06-17 01:06:21,2026-06-17 01:06:21,1,1,1,1,1,1,1,0,0,0.0,0.0,0,1,0.0,1.1,2,0,1,1.0,0.0,credential_stuffing
session_afa9527c64f3,user_021,finance,2026-06-17 01:06:41,2026-06-17 01:06:41,1,1,1,1,1,1,1,0,0,0.0,0.0,0,1,0.0,1.1,2,0,1,1.0,0.0,credential_stuffing
session_fb7e343bfbd3,user_068,developer,2026-06-17 01:07:01,2026-06-17 01:07:01,1,1,1,1,1,1,1,0,0,0.0,0.0,0,1,0.0,1.1166666666666667,2,0,1,1.0,0.0,credential_stuffing
session_344cc8ce005e,user_041,finance,2026-06-17 01:07:21,2026-06-17 01:07:21,1,1,1,1,1,1,1,0,0,0.0,0.0,0,1,0.0,1.1166666666666667,2,0,1,1.0,0.0,credential_stuffing
session_156ccd6698a2,user_031,developer,2026-06-17 01:07:41,2026-06-17 01:07:41,1,1,1,1,1,1,1,0,0,0.0,0.0,0,1,0.0,1.1166666666666667,2,0,1,1.0,0.0,credential_stuffing
session_828bfd960138,user_028,developer,2026-06-17 01:08:01,2026-06-17 01:08:01,1,1,1,1,1,1,1,0,0,0.0,0.0,0,1,0.0,1.1333333333333333,2,0,1,1.0,0.0,credential_stuffing
session_497eb138691a,user_057,developer,2026-06-17 01:17:37,2026-06-17 01:17:37,1,1,0,1,1,1,1,0,0,0.0,0.0,0,1,0.0,1.2833333333333332,2,0,1,0.0,0.0,credential_stuffing
session_6be9fcae807d,user_060,developer,2026-06-17 01:17:57,2026-06-17 01:17:57,1,1,1,1,1,1,1,0,0,0.0,0.0,0,1,0.0,1.2833333333333332,2,0,1,1.0,0.0,credential_stuffing
session_580f02056fa4,user_079,developer,2026-06-17 01:18:17,2026-06-17 01:18:17,1,1,1,1,1,1,1,0,0,0.0,0.0,0,1,0.0,1.3,2,0,1,1.0,0.0,credential_stuffing
session_4cf2e05585e4,user_035,admin,2026-06-17 01:18:37,2026-06-17 01:18:37,1,1,1,1,1,1,1,0,0,0.0,0.0,0,1,0.0,1.3,2,0,1,1.0,0.0,credential_stuffing
session_29d94dfac27b,user_063,finance,2026-06-17 01:18:57,2026-06-17 01:18:57,1,1,1,1,1,1,1,0,0,0.0,0.0,0,1,0.0,1.3,2,0,1,1.0,0.0,credential_stuffing
session_9e06b430c63d,user_016,developer,2026-06-17 01:19:17,2026-06-17 01:19:17,1,1,0,1,1,1,1,0,0,0.0,0.0,0,1,0.0,1.3166666666666667,2,0,1,0.0,0.0,credential_stuffing
session_5d574d0d1332,user_040,finance,2026-06-17 01:19:37,2026-06-17 01:19:37,1,1,0,1,1,1,1,0,0,0.0,0.0,0,1,0.0,1.3166666666666667,2,0,1,0.0,0.0,credential_stuffing
session_2085288b84ad,user_023,developer,2026-06-17 01:19:57,2026-06-17 01:19:57,1,1,1,1,1,1,1,0,0,0.0,0.0,0,1,0.0,1.3166666666666667,2,0,1,1.0,0.0,credential_stuffing
session_cca85730ed06,user_017,admin,2026-06-17 01:20:17,2026-06-17 01:20:17,1,1,1,1,1,1,1,0,0,0.0,0.0,0,1,0.0,1.3333333333333333,2,0,1,1.0,0.0,credential_stuffing
session_ad8d120ddf6a,user_061,analyst,2026-06-17 01:20:37,2026-06-17 01:20:37,1,1,1,1,1,1,1,0,0,0.0,0.0,0,1,0.0,1.3333333333333333,2,0,1,1.0,0.0,credential_stuffing
session_4e902060f35d,user_021,finance,2026-06-17 01:20:57,2026-06-17 01:20:57,1,1,1,1,1,1,1,0,0,0.0,0.0,0,1,0.0,1.3333333333333333,2,0,1,1.0,0.0,credential_stuffing
session_748a73e1f881,user_036,developer,2026-06-17 01:21:17,2026-06-17 01:21:17,1,1,1,1,1,1,1,0,0,0.0,0.0,0,1,0.0,1.35,2,0,1,1.0,0.0,credential_stuffing
session_7a47257d6a3f,user_003,developer,2026-06-17 02:30:52,2026-06-17 02:39:52,32,32,32,32,4,1,1,0,0,0.0,0.0,0,1,9.0,2.5,2,0,1,1.0,0.0,brute_force
session_0f6980a848cb,user_048,developer,2026-06-17 04:14:41,2026-06-17 04:24:41,6,1,0,6,1,1,6,0,0,0.0,0.0,1,1,10.0,4.233333333333333,2,0,1,0.0,0.0,lateral_movement
session_0e14e31ac52e,user_029,admin,2026-06-17 07:20:31,2026-06-17 10:38:31,15,4,0,15,1,1,5,0,0,0.0,0.0,4,0,198.0,7.333333333333333,2,0,0,0.0,0.0,normal
session_1a42f4183201,user_058,hr,2026-06-17 07:31:10,2026-06-17 12:49:10,19,5,0,19,1,1,3,3,0,30.886,15.217,0,0,318.0,7.516666666666667,2,0,0,0.0,1.625578947368421,normal
session_05060dbb2063,user_042,developer,2026-06-17 07:41:33,2026-06-17 13:27:33,20,3,0,20,1,1,4,0,0,0.0,0.0,0,0,346.0,7.683333333333334,2,0,0,0.0,0.0,normal
session_2a669f2d99d2,user_007,developer,2026-06-17 07:57:09,2026-06-17 10:30:09,10,3,0,10,1,1,5,0,0,0.0,0.0,0,0,153.0,7.95,2,0,0,0.0,0.0,normal
session_546f464a1091,user_012,analyst,2026-06-17 08:06:46,2026-06-17 11:03:46,15,4,0,15,1,1,4,5,0,25.859,8.656,0,0,177.0,8.1,2,0,0,0.0,1.7239333333333335,normal
session_97859f2ce937,user_024,hr,2026-06-17 08:09:34,2026-06-17 10:05:34,11,3,0,11,1,1,3,3,0,62.841,22.68,0,0,116.0,8.15,2,0,0,0.0,5.712818181818182,normal
session_e64cfe2a2df0,user_013,hr,2026-06-17 08:13:17,2026-06-17 13:48:17,20,8,0,20,1,1,3,5,0,26.776,11.318,0,0,335.0,8.216666666666667,2,0,0,0.0,1.3388,normal
session_c7de74b41403,user_050,developer,2026-06-17 08:22:50,2026-06-17 15:54:50,22,6,0,22,1,1,5,0,0,0.0,0.0,0,0,452.0,8.366666666666667,2,0,0,0.0,0.0,normal
session_ab7ee766152a,user_009,developer,2026-06-17 08:41:51,2026-06-17 13:40:51,19,2,0,19,1,1,5,0,0,0.0,0.0,0,0,299.0,8.683333333333334,2,0,0,0.0,0.0,normal
session_2c8f8634bb32,user_043,hr,2026-06-17 08:42:57,2026-06-17 12:11:57,13,6,0,13,1,1,3,2,0,17.237000000000002,10.81,0,0,209.0,8.7,2,0,0,0.0,1.325923076923077,normal
session_65b470fd1d6c,user_016,developer,2026-06-17 08:44:26,2026-06-17 11:00:26,9,4,0,9,1,1,5,0,0,0.0,0.0,0,0,136.0,8.733333333333333,2,0,0,0.0,0.0,normal
session_6ded59e69ca5,user_022,developer,2026-06-17 08:44:33,2026-06-17 13:45:33,23,5,0,23,1,1,5,0,0,0.0,0.0,0,0,301.0,8.733333333333333,2,0,0,0.0,0.0,normal
session_a22fed624201,user_023,developer,2026-06-17 08:47:06,2026-06-17 14:43:06,25,4,0,25,1,1,5,0,0,0.0,0.0,0,0,356.0,8.783333333333333,2,0,0,0.0,0.0,normal
session_10cb0d434b7b,user_069,hr,2026-06-17 08:50:13,2026-06-17 14:27:13,22,7,0,22,1,1,3,6,0,91.886,26.006,0,0,337.0,8.833333333333334,2,0,0,0.0,4.176636363636363,normal
session_c32e50d1ccab,user_005,hr,2026-06-17 08:50:47,2026-06-17 13:10:47,19,6,0,19,1,1,3,5,0,18.593,6.253,0,0,260.0,8.833333333333334,2,0,0,0.0,0.9785789473684211,normal
session_65610d3f5bb4,user_064,finance,2026-06-17 08:52:07,2026-06-17 14:55:07,23,4,0,23,1,1,3,6,4,142.4,28.896,0,0,363.0,8.866666666666667,2,0,0,0.0,6.191304347826088,normal
session_52b946e662e2,user_028,developer,2026-06-17 09:01:44,2026-06-17 12:03:44,12,2,0,12,1,1,5,0,0,0.0,0.0,0,0,182.0,9.016666666666667,2,0,0,0.0,0.0,normal
session_f37662f59c5e,user_006,analyst,2026-06-17 09:02:08,2026-06-17 15:08:08,20,6,0,20,1,1,4,4,0,47.418,17.588,0,0,366.0,9.033333333333333,2,0,0,0.0,2.3709,normal
session_93573e260def,user_067,analyst,2026-06-17 09:07:42,2026-06-17 15:28:42,25,8,0,25,1,1,4,3,0,61.009,40.122,0,0,381.0,9.116666666666667,2,0,0,0.0,2.44036,normal
session_724b8467a13e,user_045,admin,2026-06-17 09:08:03,2026-06-17 14:30:03,21,6,0,21,1,1,5,0,0,0.0,0.0,7,0,322.0,9.133333333333333,2,0,0,0.0,0.0,normal
session_7eef8650e006,user_027,developer,2026-06-17 09:08:27,2026-06-17 12:52:27,14,3,0,14,1,1,5,0,0,0.0,0.0,0,0,224.0,9.133333333333333,2,0,0,0.0,0.0,normal
session_9d12f85229d4,user_036,developer,2026-06-17 09:16:13,2026-06-17 13:17:13,15,6,0,15,1,1,5,0,0,0.0,0.0,0,0,241.0,9.266666666666667,2,0,0,0.0,0.0,normal
session_9a4f706999bc,user_040,finance,2026-06-17 09:16:16,2026-06-17 15:05:16,20,4,0,20,1,1,3,5,4,108.82000000000001,17.402,0,0,349.0,9.266666666666667,2,0,0,0.0,5.441000000000001,normal
session_6a6a77ca03b5,user_077,admin,2026-06-17 09:16:46,2026-06-17 14:36:46,22,5,0,22,1,1,5,0,0,0.0,0.0,1,0,320.0,9.266666666666667,2,0,0,0.0,0.0,normal
session_46f8de41bd6e,user_044,developer,2026-06-17 09:17:51,2026-06-17 13:32:51,13,3,0,13,1,1,4,0,0,0.0,0.0,0,0,255.0,9.283333333333333,2,0,0,0.0,0.0,normal
session_61ae2c45d5a3,user_047,developer,2026-06-17 09:18:34,2026-06-17 15:07:34,23,6,0,23,1,1,5,0,0,0.0,0.0,0,0,349.0,9.3,2,0,0,0.0,0.0,normal
session_68f2c4748e6e,user_070,admin,2026-06-17 09:19:31,2026-06-17 11:53:31,12,4,0,12,1,1,5,0,0,0.0,0.0,0,0,154.0,9.316666666666666,2,0,0,0.0,0.0,normal
session_844cd51c5b2a,user_062,hr,2026-06-17 09:20:20,2026-06-17 14:43:20,20,5,0,20,1,1,3,4,0,37.611000000000004,14.337,0,0,323.0,9.333333333333334,2,0,0,0.0,1.8805500000000002,normal
session_91f2f2acc456,user_032,hr,2026-06-17 09:20:54,2026-06-17 13:04:54,14,7,0,14,1,1,3,1,0,2.49,2.49,0,0,224.0,9.333333333333334,2,0,0,0.0,0.17785714285714288,normal
session_d42177ebed01,user_076,analyst,2026-06-17 09:22:31,2026-06-17 14:10:31,17,2,0,17,1,1,4,7,0,36.421,8.316,0,0,288.0,9.366666666666667,2,0,0,0.0,2.1424117647058822,normal
session_6723c9f92c4e,user_068,developer,2026-06-17 09:22:46,2026-06-17 15:15:46,22,6,0,22,1,1,5,0,0,0.0,0.0,0,0,353.0,9.366666666666667,2,0,0,0.0,0.0,normal
session_f17fbabfe257,user_030,hr,2026-06-17 09:24:34,2026-06-17 12:15:34,10,4,0,10,1,1,3,1,0,11.696,11.696,0,0,171.0,9.4,2,0,0,0.0,1.1696,normal
session_6d5e37c591b9,user_008,developer,2026-06-17 09:26:23,2026-06-17 12:40:23,15,3,0,15,1,1,5,0,0,0.0,0.0,0,0,194.0,9.433333333333334,2,0,0,0.0,0.0,normal
session_53bb9d603e3c,user_036,developer,2026-06-17 09:26:51,2026-06-17 11:50:51,13,3,0,13,1,1,4,0,0,109.199,13.525,0,0,144.0,9.433333333333334,2,0,0,0.0,8.399923076923077,normal
session_232a3cddcc13,user_066,developer,2026-06-17 09:27:05,2026-06-17 13:40:05,24,6,0,24,1,1,5,0,0,0.0,0.0,0,0,253.0,9.45,2,0,0,0.0,0.0,normal
session_9a4df47e232d,user_041,finance,2026-06-17 09:29:03,2026-06-17 13:44:03,11,2,0,11,1,1,3,3,3,141.148,42.546,0,0,255.0,9.483333333333333,2,0,0,0.0,12.831636363636363,normal
session_8755ba51b210,user_004,developer,2026-06-17 09:29:15,2026-06-17 11:35:15,9,3,0,9,1,1,4,0,0,0.0,0.0,0,0,126.0,9.483333333333333,2,0,0,0.0,0.0,normal
session_e2c43cdb7e3f,user_059,analyst,2026-06-17 09:36:10,2026-06-17 16:40:10,25,7,0,25,1,1,4,6,0,51.255,14.493,0,0,424.0,9.6,2,0,0,0.0,2.0502000000000002,normal
session_53ad3a2d51e6,user_001,finance,2026-06-17 09:36:12,2026-06-17 15:10:12,25,4,0,25,1,1,3,5,6,202.788,37.686,0,0,334.0,9.6,2,0,0,0.0,8.11152,normal
session_f5cf9523f568,user_025,hr,2026-06-17 09:37:42,2026-06-17 11:57:42,9,4,0,9,1,1,3,0,0,0.0,0.0,0,0,140.0,9.616666666666667,2,0,0,0.0,0.0,normal
session_c4cdccd2f7ef,user_003,developer,2026-06-17 09:40:04,2026-06-17 12:01:04,10,3,0,10,1,1,4,0,0,0.0,0.0,0,0,141.0,9.666666666666666,2,0,0,0.0,0.0,normal
session_ced82f4f6198,user_080,hr,2026-06-17 09:43:39,2026-06-17 14:29:39,21,5,0,21,1,1,3,7,0,118.68400000000001,25.495,0,0,286.0,9.716666666666667,2,0,0,0.0,5.651619047619048,normal
session_22773046d0b9,user_020,finance,2026-06-17 09:44:07,2026-06-17 13:27:07,15,7,0,15,1,1,3,1,1,44.948,24.409,0,0,223.0,9.733333333333333,2,0,0,0.0,2.9965333333333333,normal
session_1604e382d46b,user_010,finance,2026-06-17 09:46:00,2026-06-17 11:55:00,10,2,0,10,1,1,3,2,1,21.786,10.114,0,0,129.0,9.766666666666667,2,0,0,0.0,2.1786000000000003,normal
session_7a641bc90d2f,user_034,finance,2026-06-17 09:48:52,2026-06-17 12:18:52,9,4,0,9,1,1,3,1,2,20.032,8.85,0,0,150.0,9.8,2,0,0,0.0,2.2257777777777776,normal
session_fff3fadb14fd,user_061,analyst,2026-06-17 09:49:00,2026-06-17 15:26:00,24,6,0,24,1,1,4,6,0,32.534,7.515,0,0,337.0,9.816666666666666,2,0,0,0.0,1.3555833333333334,normal
session_8e2a18cc557d,user_060,developer,2026-06-17 09:50:28,2026-06-17 14:04:28,17,5,0,17,1,1,5,0,0,0.0,0.0,0,0,254.0,9.833333333333334,2,0,0,0.0,0.0,normal
session_46c84d31b151,user_063,finance,2026-06-17 09:51:15,2026-06-17 13:26:15,13,2,0,13,1,1,3,4,4,47.433,12.366,0,0,215.0,9.85,2,0,0,0.0,3.6486923076923077,normal
session_d0814ccca515,user_065,hr,2026-06-17 09:56:40,2026-06-17 12:26:40,10,4,0,10,1,1,3,0,0,0.0,0.0,0,0,150.0,9.933333333333334,2,0,0,0.0,0.0,normal
session_cc7e3507f011,user_051,analyst,2026-06-17 09:59:38,2026-06-17 12:47:38,9,4,0,9,1,1,4,2,0,15.255,10.903,0,0,168.0,9.983333333333333,2,0,0,0.0,1.695,normal
session_d949922e8ad0,user_072,hr,2026-06-17 10:02:12,2026-06-17 14:42:12,23,7,0,23,1,1,3,7,0,93.756,21.485,0,0,280.0,10.033333333333333,2,0,0,0.0,4.076347826086956,normal
session_f569b07f1808,user_054,developer,2026-06-17 10:03:36,2026-06-17 13:16:36,12,1,0,12,1,1,4,0,0,0.0,0.0,0,0,193.0,10.05,2,0,0,0.0,0.0,normal
session_44979f6fff20,user_048,developer,2026-06-17 10:05:11,2026-06-17 14:26:11,14,2,0,14,1,1,4,0,0,0.0,0.0,0,0,261.0,10.083333333333334,2,0,0,0.0,0.0,normal
session_deb143df1f62,user_037,developer,2026-06-17 10:06:39,2026-06-17 17:10:39,24,7,0,24,1,1,5,0,0,0.0,0.0,0,0,424.0,10.1,2,0,0,0.0,0.0,normal
session_659bd998feaf,user_078,developer,2026-06-17 10:08:38,2026-06-17 13:35:38,14,5,0,14,1,1,5,0,0,0.0,0.0,0,0,207.0,10.133333333333333,2,0,0,0.0,0.0,normal
session_e3506e80d768,user_018,developer,2026-06-17 10:11:16,2026-06-17 14:15:16,19,6,0,19,1,1,5,0,0,0.0,0.0,0,0,244.0,10.183333333333334,2,0,0,0.0,0.0,normal
session_8a322a699f40,user_031,developer,2026-06-17 10:15:50,2026-06-17 14:50:50,21,3,0,21,1,1,5,0,0,0.0,0.0,0,0,275.0,10.25,2,0,0,0.0,0.0,normal
session_e09861594120,user_046,hr,2026-06-17 10:22:08,2026-06-17 12:48:08,11,3,0,11,1,1,3,2,0,12.093,6.857,0,0,146.0,10.366666666666667,2,0,0,0.0,1.0993636363636363,normal
session_5609bfae18fe,user_038,developer,2026-06-17 10:24:37,2026-06-17 15:41:37,22,8,0,22,1,1,5,0,0,0.0,0.0,0,0,317.0,10.4,2,0,0,0.0,0.0,normal
session_fba734e05966,user_026,analyst,2026-06-17 10:28:12,2026-06-17 12:57:12,14,4,0,14,1,1,4,3,0,26.213,13.621,0,0,149.0,10.466666666666667,2,0,0,0.0,1.8723571428571428,normal
session_43f59e968d6f,user_017,admin,2026-06-17 10:28:18,2026-06-17 13:05:18,12,4,0,12,1,1,4,0,0,0.0,0.0,2,0,157.0,10.466666666666667,2,0,0,0.0,0.0,normal
session_c3ebec223d9f,user_071,analyst,2026-06-17 10:29:01,2026-06-17 13:55:01,12,4,0,12,1,1,4,2,0,38.937,22.5,0,0,206.0,10.483333333333333,2,0,0,0.0,3.24475,normal
session_456cf2671ce0,user_053,hr,2026-06-17 10:30:02,2026-06-17 16:56:02,23,4,0,23,1,1,3,7,0,30.029,6.289,0,0,386.0,10.5,2,0,0,0.0,1.305608695652174,normal
session_c669c5f24cde,user_033,developer,2026-06-17 10:38:25,2026-06-17 15:37:25,18,4,0,18,1,1,5,0,0,0.0,0.0,0,0,299.0,10.633333333333333,2,0,0,0.0,0.0,normal
session_c6e36aaa9289,user_075,developer,2026-06-17 11:05:34,2026-06-17 16:46:34,18,5,0,18,1,1,5,0,0,0.0,0.0,0,0,341.0,11.083333333333334,2,0,0,0.0,0.0,normal
session_6a5ea1233c9b,user_019,developer,2026-06-17 11:21:01,2026-06-17 14:29:01,13,1,0,13,1,1,5,0,0,0.0,0.0,0,0,188.0,11.35,2,0,0,0.0,0.0,normal
session_76fd0f53e37d,user_079,developer,2026-06-17 12:35:36,2026-06-17 15:47:36,11,3,0,11,1,1,4,0,0,0.0,0.0,0,0,192.0,12.583333333333334,2,0,0,0.0,0.0,normal
session_bdaa45615af7,user_003,developer,2026-06-17 21:57:01,2026-06-17 23:01:01,9,1,0,9,1,1,4,0,0,84.013,17.274,0,0,64.0,21.95,2,0,0,0.0,9.334777777777779,normal
session_9ad4b7251150,user_056,hr,2026-06-17 22:05:01,2026-06-17 23:09:01,9,5,0,9,1,1,3,2,0,100.975,19.668,0,0,64.0,22.083333333333332,2,0,1,0.0,11.219444444444443,normal
session_2b908ea8a1ad,user_002,finance,2026-06-18 01:30:00,2026-06-18 01:35:40,21,21,21,21,4,1,1,0,0,0.0,0.0,0,1,5.666666666666667,1.5,3,0,1,1.0,0.0,brute_force
session_8fa401c33eac,user_051,analyst,2026-06-18 02:15:20,2026-06-18 02:25:20,6,1,0,6,1,1,6,0,0,0.0,0.0,1,1,10.0,2.25,3,0,1,0.0,0.0,lateral_movement
session_0eda09c874fc,user_064,finance,2026-06-18 02:32:55,2026-06-18 02:42:55,6,1,0,6,1,1,6,0,0,0.0,0.0,1,1,10.0,2.533333333333333,3,0,1,0.0,0.0,lateral_movement
session_acdcc3c1122d,user_076,analyst,2026-06-18 03:39:52,2026-06-18 03:39:52,1,1,0,1,1,1,1,0,0,0.0,0.0,0,1,0.0,3.65,3,0,1,0.0,0.0,credential_stuffing
session_a940559ec2f6,user_042,developer,2026-06-18 03:40:12,2026-06-18 03:40:12,1,1,1,1,1,1,1,0,0,0.0,0.0,0,1,0.0,3.6666666666666665,3,0,1,1.0,0.0,credential_stuffing
session_514c11f7c389,user_077,admin,2026-06-18 03:40:32,2026-06-18 03:40:32,1,1,1,1,1,1,1,0,0,0.0,0.0,0,1,0.0,3.6666666666666665,3,0,1,1.0,0.0,credential_stuffing
session_9d8a322dce70,user_067,analyst,2026-06-18 03:40:52,2026-06-18 03:40:52,1,1,1,1,1,1,1,0,0,0.0,0.0,0,1,0.0,3.6666666666666665,3,0,1,1.0,0.0,credential_stuffing
session_50fd1c32e05c,user_047,developer,2026-06-18 03:41:12,2026-06-18 03:41:12,1,1,0,1,1,1,1,0,0,0.0,0.0,0,1,0.0,3.6833333333333336,3,0,1,0.0,0.0,credential_stuffing
session_1a5b8769c474,user_052,finance,2026-06-18 03:41:32,2026-06-18 03:41:32,1,1,1,1,1,1,1,0,0,0.0,0.0,0,1,0.0,3.6833333333333336,3,0,1,1.0,0.0,credential_stuffing
session_9f07f8a32601,user_064,finance,2026-06-18 03:41:52,2026-06-18 03:41:52,1,1,1,1,1,1,1,0,0,0.0,0.0,0,1,0.0,3.6833333333333336,3,0,1,1.0,0.0,credential_stuffing
session_9eb40dd1ca68,user_034,finance,2026-06-18 07:15:59,2026-06-18 09:27:59,9,4,0,9,1,1,3,1,1,14.594,9.196,0,0,132.0,7.25,3,0,0,0.0,1.6215555555555554,normal
session_1b047bf243ec,user_077,admin,2026-06-18 07:27:50,2026-06-18 10:11:50,9,1,0,9,1,1,5,0,0,0.0,0.0,1,0,164.0,7.45,3,0,0,0.0,0.0,normal
session_6eccc8fc59cc,user_035,admin,2026-06-18 07:44:14,2026-06-18 11:27:14,12,1,0,12,1,1,4,0,0,0.0,0.0,1,0,223.0,7.733333333333333,3,0,0,0.0,0.0,normal
session_4a98947e82d4,user_042,developer,2026-06-18 07:47:03,2026-06-18 13:30:03,22,5,0,22,1,1,5,0,0,0.0,0.0,0,0,343.0,7.783333333333333,3,0,0,0.0,0.0,normal
session_a7b58a45843d,user_064,finance,2026-06-18 07:49:16,2026-06-18 10:22:16,9,3,0,9,1,1,3,2,2,68.842,20.867,0,0,153.0,7.816666666666666,3,0,0,0.0,7.649111111111111,normal
session_d7cfa81b3b07,user_043,hr,2026-06-18 07:57:07,2026-06-18 12:06:07,14,3,0,14,1,1,3,1,0,5.459,5.459,0,0,249.0,7.95,3,0,0,0.0,0.3899285714285714,normal
session_cbd4c1801601,user_022,developer,2026-06-18 07:57:34,2026-06-18 13:31:34,23,5,0,23,1,1,5,0,0,0.0,0.0,0,0,334.0,7.95,3,0,0,0.0,0.0,normal
session_1458e5d9205a,user_011,analyst,2026-06-18 08:07:19,2026-06-18 11:05:19,11,3,0,11,1,1,3,2,0,15.778,10.192,0,0,178.0,8.116666666666667,3,0,0,0.0,1.4343636363636365,normal
session_af064bc27438,user_050,developer,2026-06-18 08:11:34,2026-06-18 08:23:34,5,4,0,5,1,5,2,0,0,44.439,16.28,0,1,12.0,8.183333333333334,3,0,0,0.0,8.8878,device_spoofing
session_184f45185adf,user_050,developer,2026-06-18 08:16:06,2026-06-18 11:12:06,9,2,0,9,1,1,4,0,0,0.0,0.0,0,0,176.0,8.266666666666667,3,0,0,0.0,0.0,normal
session_d2b3dd8b9975,user_020,finance,2026-06-18 08:19:45,2026-06-18 10:36:45,13,6,0,13,1,1,3,1,4,83.29599999999999,25.233,0,0,137.0,8.316666666666666,3,0,0,0.0,6.407384615384615,normal
session_c163c2509401,user_062,hr,2026-06-18 08:21:01,2026-06-18 11:47:01,13,4,0,13,1,1,3,5,0,72.428,22.981,0,0,206.0,8.35,3,0,0,0.0,5.571384615384615,normal
session_44a6ec86fe4d,user_029,admin,2026-06-18 08:21:53,2026-06-18 13:17:53,21,2,0,21,1,1,5,0,0,0.0,0.0,3,0,296.0,8.35,3,0,0,0.0,0.0,normal
session_814a9cdafbf9,user_066,developer,2026-06-18 08:25:43,2026-06-18 14:39:43,21,8,0,21,1,1,5,0,0,0.0,0.0,0,0,374.0,8.416666666666666,3,0,0,0.0,0.0,normal
session_c631bc76f4fd,user_016,developer,2026-06-18 08:28:51,2026-06-18 13:27:51,19,7,0,19,1,1,5,0,0,0.0,0.0,0,0,299.0,8.466666666666667,3,0,0,0.0,0.0,normal
session_2bc4e5ffecee,user_024,hr,2026-06-18 08:30:48,2026-06-18 12:01:48,14,4,0,14,1,1,3,4,0,110.25399999999999,35.065,0,0,211.0,8.5,3,0,0,0.0,7.875285714285714,normal
session_a1058b796335,user_073,hr,2026-06-18 08:31:14,2026-06-18 13:43:14,20,7,0,20,1,1,3,4,0,33.125,12.785,0,0,312.0,8.516666666666667,3,0,0,0.0,1.65625,normal
session_f1e90128d57f,user_070,admin,2026-06-18 08:31:38,2026-06-18 13:02:38,19,3,0,19,1,1,5,0,0,0.0,0.0,2,0,271.0,8.516666666666667,3,0,0,0.0,0.0,normal
session_ceb61d612c45,user_057,developer,2026-06-18 08:34:10,2026-06-18 11:07:10,11,3,0,11,1,1,5,0,0,0.0,0.0,0,0,153.0,8.566666666666666,3,0,0,0.0,0.0,normal
session_282fa7871315,user_069,hr,2026-06-18 08:36:11,2026-06-18 12:12:11,18,7,0,18,1,1,3,4,0,63.369,21.484,0,0,216.0,8.6,3,0,0,0.0,3.5205,normal
session_be03f2588e7b,user_058,hr,2026-06-18 08:39:19,2026-06-18 12:24:19,13,3,0,13,1,1,3,3,0,39.851,19.474,0,0,225.0,8.65,3,0,0,0.0,3.0654615384615385,normal
session_5dcd7d9a0c62,user_044,developer,2026-06-18 08:44:54,2026-06-18 13:58:54,23,6,0,23,1,1,5,0,0,0.0,0.0,0,0,314.0,8.733333333333333,3,0,0,0.0,0.0,normal
session_1bb63341d2c1,user_021,finance,2026-06-18 08:45:34,2026-06-18 11:59:34,12,3,0,12,1,1,3,2,1,16.494,6.172,0,0,194.0,8.75,3,0,0,0.0,1.3745,normal
session_09e8850f7a91,user_008,developer,2026-06-18 08:48:13,2026-06-18 14:55:13,20,5,0,20,1,1,5,0,0,0.0,0.0,0,0,367.0,8.8,3,0,0,0.0,0.0,normal
session_e30b8ed38a5e,user_032,hr,2026-06-18 08:49:15,2026-06-18 14:45:15,24,6,0,24,1,1,3,7,0,30.709000000000003,5.969,0,0,356.0,8.816666666666666,3,0,0,0.0,1.2795416666666668,normal
session_560678a9a700,user_025,hr,2026-06-18 08:49:33,2026-06-18 11:02:33,10,3,0,10,1,1,3,3,0,9.251999999999999,4.172,0,0,133.0,8.816666666666666,3,0,0,0.0,0.9251999999999999,normal
session_f07376a2873d,user_051,analyst,2026-06-18 08:54:48,2026-06-18 12:03:48,16,5,0,16,1,1,4,3,0,18.875999999999998,9.229,0,0,189.0,8.9,3,0,0,0.0,1.1797499999999999,normal
session_ca0fe3b4b1cb,user_049,analyst,2026-06-18 08:55:18,2026-06-18 14:42:18,22,6,0,22,1,1,4,6,0,28.405,7.345,0,0,347.0,8.916666666666666,3,0,0,0.0,1.2911363636363637,normal
session_3da8599d6db9,user_001,finance,2026-06-18 08:56:00,2026-06-18 14:07:00,18,3,0,18,1,1,3,1,3,61.939,22.544,0,0,311.0,8.933333333333334,3,0,0,0.0,3.4410555555555558,normal
session_bad131b283bd,user_080,hr,2026-06-18 08:56:10,2026-06-18 11:53:10,16,5,0,16,1,1,3,6,0,80.015,20.3,0,0,177.0,8.933333333333334,3,0,0,0.0,5.0009375,normal
session_7cea666fff1a,user_063,finance,2026-06-18 09:00:39,2026-06-18 13:33:39,18,4,0,18,1,1,3,3,6,62.626000000000005,11.046,0,0,273.0,9.0,3,0,0,0.0,3.4792222222222224,normal
session_7b8d5e742f31,user_078,developer,2026-06-18 09:01:48,2026-06-18 12:45:48,12,4,0,12,1,1,5,0,0,0.0,0.0,0,0,224.0,9.016666666666667,3,0,0,0.0,0.0,normal
session_67da231dcf8b,user_027,developer,2026-06-18 09:02:31,2026-06-18 12:48:31,13,3,0,13,1,1,5,0,0,0.0,0.0,0,0,226.0,9.033333333333333,3,0,0,0.0,0.0,normal
session_8a3054b48e90,user_074,finance,2026-06-18 09:04:04,2026-06-18 16:01:04,25,4,0,25,1,1,3,5,4,26.198,4.706,0,0,417.0,9.066666666666666,3,0,0,0.0,1.04792,normal
session_6437627c4d2b,user_038,developer,2026-06-18 09:05:09,2026-06-18 12:45:09,13,4,0,13,1,1,5,0,0,0.0,0.0,0,0,220.0,9.083333333333334,3,0,0,0.0,0.0,normal
session_213bfe01012e,user_071,analyst,2026-06-18 09:07:30,2026-06-18 15:32:30,25,6,0,25,1,1,4,10,0,169.835,30.528,0,0,385.0,9.116666666666667,3,0,0,0.0,6.7934,normal
session_466e6d67e00b,user_012,analyst,2026-06-18 09:07:34,2026-06-18 15:11:34,25,6,0,25,1,1,4,9,0,39.391999999999996,6.147,0,0,364.0,9.116666666666667,3,0,0,0.0,1.5756799999999997,normal
session_125787fb1a56,user_041,finance,2026-06-18 09:17:27,2026-06-18 15:53:27,24,2,0,24,1,1,3,5,7,283.985,49.902,0,0,396.0,9.283333333333333,3,0,0,0.0,11.832708333333334,normal
session_776a0ff19465,user_040,finance,2026-06-18 09:18:31,2026-06-18 12:19:31,14,6,0,14,1,1,3,5,1,105.266,27.307,0,0,181.0,9.3,3,0,0,0.0,7.519,normal
session_f6be7e29b9f8,user_059,analyst,2026-06-18 09:21:27,2026-06-18 12:33:27,14,5,0,14,1,1,4,2,0,21.238999999999997,12.074,0,0,192.0,9.35,3,0,0,0.0,1.5170714285714284,normal
session_90f9574e1c88,user_052,finance,2026-06-18 09:23:50,2026-06-18 12:17:50,14,1,0,14,1,1,3,4,3,38.472,12.577,0,0,174.0,9.383333333333333,3,0,0,0.0,2.748,normal
session_cf19bfdd6907,user_068,developer,2026-06-18 09:26:10,2026-06-18 11:59:10,10,2,0,10,1,1,4,0,0,0.0,0.0,0,0,153.0,9.433333333333334,3,0,0,0.0,0.0,normal
session_c4f56ef28435,user_046,hr,2026-06-18 09:27:39,2026-06-18 12:19:39,10,2,0,10,1,1,3,3,0,21.924,10.082,0,0,172.0,9.45,3,0,0,0.0,2.1924,normal
session_e302fc3b09a2,user_023,developer,2026-06-18 09:28:00,2026-06-18 14:32:00,22,5,0,22,1,1,5,0,0,0.0,0.0,0,0,304.0,9.466666666666667,3,0,0,0.0,0.0,normal
session_627b722b1ab1,user_028,developer,2026-06-18 09:28:43,2026-06-18 12:16:43,14,2,0,14,1,1,4,0,0,0.0,0.0,0,0,168.0,9.466666666666667,3,0,0,0.0,0.0,normal
session_7b257aaac37d,user_014,hr,2026-06-18 09:28:56,2026-06-18 10:41:56,9,3,0,9,1,1,3,2,0,23.671999999999997,12.164,0,0,73.0,9.466666666666667,3,0,0,0.0,2.630222222222222,normal
session_11e50c3647d2,user_007,developer,2026-06-18 09:31:16,2026-06-18 13:40:16,15,4,0,15,1,1,5,0,0,0.0,0.0,0,0,249.0,9.516666666666667,3,0,0,0.0,0.0,normal
session_c82cae9d6657,user_015,finance,2026-06-18 09:31:36,2026-06-18 12:12:36,9,5,0,9,1,1,3,2,0,10.172999999999998,5.794,0,0,161.0,9.516666666666667,3,0,0,0.0,1.1303333333333332,normal
session_b942ee7b754b,user_009,developer,2026-06-18 09:33:08,2026-06-18 12:42:08,16,5,0,16,1,1,4,0,0,0.0,0.0,0,0,189.0,9.55,3,0,0,0.0,0.0,normal
session_024f16139e73,user_056,hr,2026-06-18 09:34:08,2026-06-18 14:51:08,20,5,0,20,1,1,3,1,0,25.742,25.742,0,0,317.0,9.566666666666666,3,0,0,0.0,1.2871000000000001,normal
session_6b8192361567,user_025,hr,2026-06-18 09:37:27,2026-06-18 11:49:27,12,3,0,12,1,1,3,3,0,85.66,14.007,0,0,132.0,9.616666666666667,3,0,0,0.0,7.138333333333333,normal
session_29d7de8f60da,user_068,developer,2026-06-18 09:38:31,2026-06-18 09:49:31,2,2,0,2,2,2,1,0,0,0.0,0.0,0,1,11.0,9.633333333333333,3,0,0,0.0,0.0,impossible_travel
session_8c5a19b05f8e,user_039,developer,2026-06-18 09:39:19,2026-06-18 14:33:19,19,4,0,19,1,1,4,0,0,0.0,0.0,0,0,294.0,9.65,3,0,0,0.0,0.0,normal
session_451fb72d2003,user_026,analyst,2026-06-18 09:42:13,2026-06-18 13:32:13,13,4,0,13,1,1,4,0,0,0.0,0.0,0,0,230.0,9.7,3,0,0,0.0,0.0,normal
session_526884ec8fb4,user_005,hr,2026-06-18 09:44:21,2026-06-18 14:45:21,15,7,0,15,1,1,3,4,0,10.641,2.914,0,0,301.0,9.733333333333333,3,0,0,0.0,0.7094,normal
session_ba8e4ea4869e,user_036,developer,2026-06-18 09:51:39,2026-06-18 13:35:39,15,4,0,15,1,1,5,0,0,0.0,0.0,0,0,224.0,9.85,3,0,0,0.0,0.0,normal
session_f22f5f68f457,user_065,hr,2026-06-18 09:53:01,2026-06-18 13:45:01,14,7,0,14,1,1,3,2,0,21.847,16.872,0,0,232.0,9.883333333333333,3,0,0,0.0,1.5605,normal
session_7b884297cf18,user_017,admin,2026-06-18 09:54:11,2026-06-18 14:57:11,18,3,0,18,1,1,5,0,0,0.0,0.0,1,0,303.0,9.9,3,0,0,0.0,0.0,normal
session_6915827dfa28,user_067,analyst,2026-06-18 09:55:59,2026-06-18 15:35:59,20,4,0,20,1,1,4,5,0,51.729,17.555,0,0,340.0,9.916666666666666,3,0,0,0.0,2.58645,normal
session_fbf65c463559,user_019,developer,2026-06-18 09:56:43,2026-06-18 14:49:43,19,6,0,19,1,1,5,0,0,0.0,0.0,0,0,293.0,9.933333333333334,3,0,0,0.0,0.0,normal
session_e07c03ff48e4,user_030,hr,2026-06-18 09:58:43,2026-06-18 18:01:43,25,4,0,25,1,1,3,6,0,76.579,24.342,0,0,483.0,9.966666666666667,3,0,0,0.0,3.06316,normal
session_a51432deb0fb,user_002,finance,2026-06-18 10:01:56,2026-06-18 13:20:56,13,4,0,13,1,1,3,3,0,26.204,13.175,0,0,199.0,10.016666666666667,3,0,0,0.0,2.0156923076923077,normal
session_f52aac053e69,user_048,developer,2026-06-18 10:02:36,2026-06-18 12:42:36,11,4,0,11,1,1,4,0,0,0.0,0.0,0,0,160.0,10.033333333333333,3,0,0,0.0,0.0,normal
session_80f676a30ccb,user_072,hr,2026-06-18 10:04:04,2026-06-18 17:16:04,23,9,0,23,1,1,3,3,0,39.838,14.267,0,0,432.0,10.066666666666666,3,0,0,0.0,1.7320869565217392,normal
session_d0e210888b5b,user_076,analyst,2026-06-18 10:04:45,2026-06-18 10:40:45,2,2,0,2,2,2,1,0,0,0.0,0.0,0,1,36.0,10.066666666666666,3,0,0,0.0,0.0,impossible_travel
session_5eada5355054,user_033,developer,2026-06-18 10:05:26,2026-06-18 15:38:26,23,8,0,23,1,1,5,0,0,0.0,0.0,0,0,333.0,10.083333333333334,3,0,0,0.0,0.0,normal
session_1f7fe66577e8,user_018,developer,2026-06-18 10:07:39,2026-06-18 12:35:39,11,3,0,11,1,1,5,0,0,0.0,0.0,0,0,148.0,10.116666666666667,3,0,0,0.0,0.0,normal
session_faa65985f591,user_003,developer,2026-06-18 10:08:39,2026-06-18 11:45:39,9,2,0,9,1,1,3,0,0,0.0,0.0,0,0,97.0,10.133333333333333,3,0,0,0.0,0.0,normal
session_c3de56c491ae,user_076,analyst,2026-06-18 10:09:26,2026-06-18 13:42:26,16,6,0,16,1,1,4,4,0,32.872,11.541,0,0,213.0,10.15,3,0,0,0.0,2.0545,normal
session_133f38ebb988,user_004,developer,2026-06-18 10:10:55,2026-06-18 15:16:55,20,5,0,20,1,1,5,0,0,0.0,0.0,0,0,306.0,10.166666666666666,3,0,0,0.0,0.0,normal
session_5023b848b6ce,user_037,developer,2026-06-18 10:17:51,2026-06-18 14:03:51,15,5,0,15,1,1,5,0,0,0.0,0.0,0,0,226.0,10.283333333333333,3,0,0,0.0,0.0,normal
session_1b3f44a9a952,user_061,analyst,2026-06-18 10:19:56,2026-06-18 16:14:56,25,5,0,25,1,1,4,8,0,36.046,5.485,0,0,355.0,10.316666666666666,3,0,0,0.0,1.44184,normal
session_cc9c5790c659,user_079,developer,2026-06-18 10:24:28,2026-06-18 15:14:28,20,8,0,20,1,1,5,0,0,0.0,0.0,0,0,290.0,10.4,3,0,0,0.0,0.0,normal
session_1850853caca9,user_002,finance,2026-06-18 10:25:34,2026-06-18 10:41:34,2,2,0,2,2,2,1,0,0,0.0,0.0,0,1,16.0,10.416666666666666,3,0,0,0.0,0.0,impossible_travel
session_b70cf5760df2,user_010,finance,2026-06-18 10:29:40,2026-06-18 16:54:40,24,10,0,24,1,1,3,3,1,34.076,11.294,0,0,385.0,10.483333333333333,3,0,0,0.0,1.4198333333333333,normal
session_5a6a45851034,user_008,developer,2026-06-18 10:29:48,2026-06-18 10:29:48,1,0,0,1,1,1,1,1,0,12.802,12.802,0,0,0.0,10.483333333333333,3,0,0,0.0,12.802,normal
session_10b5568c92b1,user_060,developer,2026-06-18 10:30:03,2026-06-18 14:00:03,15,3,0,15,1,1,5,0,0,0.0,0.0,0,0,210.0,10.5,3,0,0,0.0,0.0,normal
session_2ce62893d7b6,user_013,hr,2026-06-18 10:37:45,2026-06-18 15:23:45,17,4,0,17,1,1,3,3,0,10.824,4.996,0,0,286.0,10.616666666666667,3,0,0,0.0,0.6367058823529411,normal
session_2ab62ed2dc89,user_055,analyst,2026-06-18 10:42:12,2026-06-18 15:12:12,18,5,0,18,1,1,4,7,0,85.468,15.264,0,0,270.0,10.7,3,0,0,0.0,4.748222222222222,normal
session_5289ee1a4116,user_054,developer,2026-06-18 10:46:11,2026-06-18 13:10:11,12,2,0,12,1,1,5,0,0,0.0,0.0,0,0,144.0,10.766666666666667,3,0,0,0.0,0.0,normal
session_f6841ed56943,user_053,hr,2026-06-18 11:01:04,2026-06-18 14:26:04,12,4,0,12,1,1,3,4,0,16.986,6.317,0,0,205.0,11.016666666666667,3,0,0,0.0,1.4155,normal
session_0abea6ce3d16,user_059,analyst,2026-06-19 03:30:34,2026-06-19 03:36:16,19,19,19,19,4,1,1,0,0,0.0,0.0,0,1,5.7,3.5,4,0,1,1.0,0.0,brute_force
session_96e113ba09c4,user_036,developer,2026-06-19 07:33:47,2026-06-19 11:13:47,13,1,0,13,1,1,5,0,0,0.0,0.0,0,0,220.0,7.55,4,0,0,0.0,0.0,normal
session_aadb112fe6c8,user_042,developer,2026-06-19 07:44:36,2026-06-19 10:20:36,9,3,0,9,1,1,4,0,0,0.0,0.0,0,0,156.0,7.733333333333333,4,0,0,0.0,0.0,normal
session_63a28042399b,user_058,hr,2026-06-19 07:51:44,2026-06-19 13:46:44,22,11,0,22,1,1,3,2,0,21.310000000000002,15.361,0,0,355.0,7.85,4,0,0,0.0,0.9686363636363637,normal
session_b41a93019fa4,user_008,developer,2026-06-19 07:52:09,2026-06-19 12:20:09,18,5,0,18,1,1,5,0,0,0.0,0.0,0,0,268.0,7.866666666666667,4,0,0,0.0,0.0,normal
session_a81e9314b95f,user_045,admin,2026-06-19 07:55:56,2026-06-19 11:20:56,13,3,0,13,1,1,5,0,0,0.0,0.0,2,0,205.0,7.916666666666667,4,0,0,0.0,0.0,normal
session_d7a9feaf82b1,user_012,analyst,2026-06-19 07:57:08,2026-06-19 11:39:08,19,5,0,19,1,1,4,5,0,35.947,15.22,0,0,222.0,7.95,4,0,0,0.0,1.8919473684210528,normal
session_33bd14baa791,user_073,hr,2026-06-19 08:02:42,2026-06-19 13:54:42,21,5,0,21,1,1,3,6,0,43.563,13.11,0,0,352.0,8.033333333333333,4,0,0,0.0,2.0744285714285717,normal
session_2d5ecbc25c82,user_007,developer,2026-06-19 08:06:31,2026-06-19 09:51:31,8,0,0,8,1,1,1,2,0,126.294,26.96,0,0,105.0,8.1,4,0,0,0.0,15.78675,normal
session_4cf9af43d49e,user_069,hr,2026-06-19 08:09:15,2026-06-19 13:46:15,24,7,0,24,1,1,3,4,0,50.297,22.843,0,0,337.0,8.15,4,0,0,0.0,2.095708333333333,normal
session_6871039f28a1,user_044,developer,2026-06-19 08:14:54,2026-06-19 13:01:54,22,5,0,22,1,1,5,0,0,0.0,0.0,0,0,287.0,8.233333333333333,4,0,0,0.0,0.0,normal
session_8822a79bac37,user_040,finance,2026-06-19 08:24:57,2026-06-19 11:58:57,12,2,0,12,1,1,3,6,3,167.831,42.735,0,0,214.0,8.4,4,0,0,0.0,13.985916666666666,normal
session_55ef3aed000e,user_029,admin,2026-06-19 08:25:34,2026-06-19 11:41:34,14,2,0,14,1,1,5,0,0,0.0,0.0,4,0,196.0,8.416666666666666,4,0,0,0.0,0.0,normal
session_3b03c7a8ff82,user_007,developer,2026-06-19 08:26:16,2026-06-19 10:49:16,10,3,0,10,1,1,4,0,0,0.0,0.0,0,0,143.0,8.433333333333334,4,0,0,0.0,0.0,normal
session_13ae6fc53dda,user_074,finance,2026-06-19 08:26:35,2026-06-19 12:44:35,16,2,0,16,1,1,3,4,4,24.748,4.915,0,0,258.0,8.433333333333334,4,0,0,0.0,1.54675,normal
session_cfd190e7f8f3,user_022,developer,2026-06-19 08:28:23,2026-06-19 14:18:23,21,5,0,21,1,1,5,0,0,0.0,0.0,0,0,350.0,8.466666666666667,4,0,0,0.0,0.0,normal
session_06fdf2a6f944,user_043,hr,2026-06-19 08:30:00,2026-06-19 12:22:00,16,3,0,16,1,1,3,7,0,72.951,15.002,0,0,232.0,8.5,4,0,0,0.0,4.5594375,normal
session_bf1e9f173730,user_006,analyst,2026-06-19 08:31:36,2026-06-19 14:21:36,22,9,0,22,1,1,4,5,0,63.915,17.098,0,0,350.0,8.516666666666667,4,0,0,0.0,2.9052272727272728,normal
session_4ec354054391,user_077,admin,2026-06-19 08:34:00,2026-06-19 13:28:00,21,3,0,21,1,1,5,0,0,0.0,0.0,1,0,294.0,8.566666666666666,4,0,0,0.0,0.0,normal
session_ac517bfac19b,user_033,developer,2026-06-19 08:37:04,2026-06-19 13:55:04,18,6,0,18,1,1,5,0,0,0.0,0.0,0,0,318.0,8.616666666666667,4,0,0,0.0,0.0,normal
session_49ff102b6dde,user_018,developer,2026-06-19 08:38:51,2026-06-19 11:16:51,9,3,0,9,1,1,4,0,0,0.0,0.0,0,0,158.0,8.633333333333333,4,0,0,0.0,0.0,normal
session_2db5e0609853,user_024,hr,2026-06-19 08:39:09,2026-06-19 12:10:09,14,2,0,14,1,1,3,6,0,109.406,21.435,0,0,211.0,8.65,4,0,0,0.0,7.814714285714286,normal
session_b4c49f5bc1c4,user_016,developer,2026-06-19 08:45:27,2026-06-19 13:51:27,20,5,0,20,1,1,5,0,0,0.0,0.0,0,0,306.0,8.75,4,0,0,0.0,0.0,normal
session_2712bd997540,user_080,hr,2026-06-19 08:48:01,2026-06-19 13:16:01,18,2,0,18,1,1,3,7,0,134.74,34.719,0,0,268.0,8.8,4,0,0,0.0,7.485555555555556,normal
session_c4fd08885c66,user_026,analyst,2026-06-19 08:48:07,2026-06-19 11:53:07,12,7,0,12,1,1,4,3,0,16.283,5.559,0,0,185.0,8.8,4,0,0,0.0,1.3569166666666668,normal
session_6f3c7fa16c8d,user_062,hr,2026-06-19 08:48:59,2026-06-19 14:04:59,23,7,0,23,1,1,3,7,0,108.161,26.722,0,0,316.0,8.8,4,0,0,0.0,4.702652173913044,normal
session_ec80b103cd76,user_025,hr,2026-06-19 08:58:33,2026-06-19 15:36:33,25,4,0,25,1,1,3,6,0,12.072,2.91,0,0,398.0,8.966666666666667,4,0,0,0.0,0.48288,normal
session_ed3a32c9171a,user_052,finance,2026-06-19 08:59:26,2026-06-19 14:54:26,23,5,0,23,1,1,3,4,5,51.691,9.516,0,0,355.0,8.983333333333333,4,0,0,0.0,2.247434782608696,normal
session_21cb89fda537,user_034,finance,2026-06-19 09:03:14,2026-06-19 11:55:14,14,5,0,14,1,1,3,1,2,24.073,12.084,0,0,172.0,9.05,4,0,0,0.0,1.7195,normal
session_9afc0c73fba5,user_050,developer,2026-06-19 09:04:42,2026-06-19 13:01:42,15,5,0,15,1,1,4,0,0,0.0,0.0,0,0,237.0,9.066666666666666,4,0,0,0.0,0.0,normal
session_b36f3068fd84,user_005,hr,2026-06-19 09:08:47,2026-06-19 11:47:47,11,2,0,11,1,1,3,1,0,3.57,3.57,0,0,159.0,9.133333333333333,4,0,0,0.0,0.3245454545454545,normal
session_a483d987a843,user_015,finance,2026-06-19 09:09:09,2026-06-19 13:33:09,17,3,0,17,1,1,3,4,3,26.914,5.85,0,0,264.0,9.15,4,0,0,0.0,1.5831764705882354,normal
session_72937c3966b9,user_078,developer,2026-06-19 09:09:11,2026-06-19 14:25:11,19,6,0,19,1,1,5,0,0,0.0,0.0,0,0,316.0,9.15,4,0,0,0.0,0.0,normal
session_1256f0414b70,user_025,hr,2026-06-19 09:14:11,2026-06-19 09:23:11,4,0,0,4,1,4,2,2,0,39.261,18.306,0,1,9.0,9.233333333333333,4,0,0,0.0,9.81525,device_spoofing
session_58ca80d696f7,user_068,developer,2026-06-19 09:16:20,2026-06-19 12:24:20,12,3,0,12,1,1,4,0,0,0.0,0.0,0,0,188.0,9.266666666666667,4,0,0,0.0,0.0,normal
session_03c7b5fd27fa,user_021,finance,2026-06-19 09:17:51,2026-06-19 14:10:51,20,7,0,20,1,1,3,3,4,41.159,7.476,0,0,293.0,9.283333333333333,4,0,0,0.0,2.05795,normal
session_a463ec06e741,user_030,hr,2026-06-19 09:17:54,2026-06-19 13:44:54,18,9,0,18,1,1,3,1,0,5.509,5.509,0,0,267.0,9.283333333333333,4,0,0,0.0,0.3060555555555556,normal
session_530b8c02f37a,user_013,hr,2026-06-19 09:19:02,2026-06-19 14:46:02,18,3,0,18,1,1,3,4,0,19.916,5.265,0,0,327.0,9.316666666666666,4,0,0,0.0,1.1064444444444446,normal
session_e0b11bd3a621,user_055,analyst,2026-06-19 09:23:30,2026-06-19 15:01:30,19,8,0,19,1,1,4,3,0,61.021,24.378,0,0,338.0,9.383333333333333,4,0,0,0.0,3.2116315789473684,normal
session_2c34e1ff02e2,user_017,admin,2026-06-19 09:27:56,2026-06-19 13:47:56,15,6,0,15,1,1,5,0,0,0.0,0.0,3,0,260.0,9.45,4,0,0,0.0,0.0,normal
session_dada51c3251e,user_037,developer,2026-06-19 09:31:03,2026-06-19 15:00:03,23,4,0,23,1,1,5,0,0,0.0,0.0,0,0,329.0,9.516666666666667,4,0,0,0.0,0.0,normal
session_2531688389d5,user_064,finance,2026-06-19 09:33:52,2026-06-19 15:00:52,23,7,0,23,1,1,3,5,4,156.363,23.56,0,0,327.0,9.55,4,0,0,0.0,6.798391304347826,normal
session_81d797012199,user_020,finance,2026-06-19 09:34:57,2026-06-19 13:42:57,14,2,0,14,1,1,3,6,2,130.4,23.726,0,0,248.0,9.566666666666666,4,0,0,0.0,9.314285714285715,normal
session_d5051ca4e690,user_063,finance,2026-06-19 09:36:17,2026-06-19 13:56:17,17,4,0,17,1,1,3,5,2,30.943,7.303,0,0,260.0,9.6,4,0,0,0.0,1.8201764705882353,normal
session_8781f43e9264,user_067,analyst,2026-06-19 09:37:43,2026-06-19 11:42:43,11,5,0,11,1,1,4,1,0,9.709,9.709,0,0,125.0,9.616666666666667,4,0,0,0.0,0.8826363636363636,normal
session_537ff2be38b0,user_070,admin,2026-06-19 09:38:51,2026-06-19 13:03:51,17,4,0,17,1,1,5,0,0,0.0,0.0,4,0,205.0,9.633333333333333,4,0,0,0.0,0.0,normal
session_8be20a98612a,user_049,analyst,2026-06-19 09:39:33,2026-06-19 15:13:33,19,6,0,19,1,1,4,5,0,17.996000000000002,4.778,0,0,334.0,9.65,4,0,0,0.0,0.9471578947368422,normal
session_b3292883c2df,user_065,hr,2026-06-19 09:39:34,2026-06-19 13:43:34,13,4,0,13,1,1,3,1,0,10.092,10.092,0,0,244.0,9.65,4,0,0,0.0,0.7763076923076924,normal
session_e1f72f0fa67b,user_031,developer,2026-06-19 09:41:46,2026-06-19 13:51:46,19,6,0,19,1,1,4,0,0,0.0,0.0,0,0,250.0,9.683333333333334,4,0,0,0.0,0.0,normal
session_18eb183b6df3,user_041,finance,2026-06-19 09:48:28,2026-06-19 12:13:28,11,1,0,11,1,1,3,1,2,43.958,17.778,0,0,145.0,9.8,4,0,0,0.0,3.996181818181818,normal
session_14c4ff12db06,user_027,developer,2026-06-19 09:48:53,2026-06-19 15:12:53,22,6,0,22,1,1,5,0,0,0.0,0.0,0,0,324.0,9.8,4,0,0,0.0,0.0,normal
session_9312b28a5dce,user_004,developer,2026-06-19 09:50:05,2026-06-19 14:30:05,18,5,0,18,1,1,5,0,0,0.0,0.0,0,0,280.0,9.833333333333334,4,0,0,0.0,0.0,normal
session_01545c7d7117,user_072,hr,2026-06-19 09:50:09,2026-06-19 16:27:09,24,8,0,24,1,1,3,4,0,62.03,25.825,0,0,397.0,9.833333333333334,4,0,0,0.0,2.5845833333333332,normal
session_62f68e209448,user_023,developer,2026-06-19 09:50:40,2026-06-19 14:44:40,23,2,0,23,1,1,5,0,0,0.0,0.0,0,0,294.0,9.833333333333334,4,0,0,0.0,0.0,normal
session_97d63b23bcdd,user_039,developer,2026-06-19 09:51:08,2026-06-19 15:08:08,23,5,0,23,1,1,5,0,0,0.0,0.0,0,0,317.0,9.85,4,0,0,0.0,0.0,normal
session_9eb978ec60ec,user_066,developer,2026-06-19 09:56:18,2026-06-19 13:57:18,18,4,0,18,1,1,5,0,0,0.0,0.0,0,0,241.0,9.933333333333334,4,0,0,0.0,0.0,normal
session_9aad824dafcd,user_061,analyst,2026-06-19 09:56:59,2026-06-19 13:28:59,13,6,0,13,1,1,4,3,0,14.107,7.446,0,0,212.0,9.933333333333334,4,0,0,0.0,1.0851538461538461,normal
session_3974b4fe8805,user_051,analyst,2026-06-19 10:00:50,2026-06-19 14:53:50,17,3,0,17,1,1,4,4,0,31.381999999999998,9.84,0,0,293.0,10.0,4,0,0,0.0,1.8459999999999999,normal
session_b93b14bbf41d,user_054,developer,2026-06-19 10:07:42,2026-06-19 12:18:42,9,2,0,9,1,1,4,0,0,0.0,0.0,0,0,131.0,10.116666666666667,4,0,0,0.0,0.0,normal
session_7fa613e14a09,user_048,developer,2026-06-19 10:09:00,2026-06-19 15:49:00,21,8,0,21,1,1,5,0,0,0.0,0.0,0,0,340.0,10.15,4,0,0,0.0,0.0,normal
session_f1e058749d75,user_046,hr,2026-06-19 10:14:25,2026-06-19 16:26:25,19,5,0,19,1,1,3,6,0,42.707,10.554,0,0,372.0,10.233333333333333,4,0,0,0.0,2.247736842105263,normal
session_d9bc4aaa1525,user_010,finance,2026-06-19 10:19:57,2026-06-19 12:25:57,10,4,0,10,1,1,3,1,1,11.106,5.833,0,0,126.0,10.316666666666666,4,0,0,0.0,1.1106,normal
session_aa621efd3aaf,user_038,developer,2026-06-19 10:20:10,2026-06-19 13:57:10,16,5,0,16,1,1,5,0,0,0.0,0.0,0,0,217.0,10.333333333333334,4,0,0,0.0,0.0,normal
session_3ef1e54165ba,user_053,hr,2026-06-19 10:20:42,2026-06-19 15:17:42,21,7,0,21,1,1,3,7,0,32.067,7.895,0,0,297.0,10.333333333333334,4,0,0,0.0,1.527,normal
session_03a05a59360f,user_047,developer,2026-06-19 10:24:59,2026-06-19 16:12:59,22,7,0,22,1,1,5,0,0,0.0,0.0,0,0,348.0,10.4,4,0,0,0.0,0.0,normal
session_03ad733c341e,user_019,developer,2026-06-19 10:45:37,2026-06-19 17:30:37,23,8,0,23,1,1,5,0,0,0.0,0.0,0,0,405.0,10.75,4,0,0,0.0,0.0,normal
session_2ff88c2c5a90,user_076,analyst,2026-06-19 10:48:24,2026-06-19 16:21:24,21,5,0,21,1,1,4,7,0,35.342,8.896,0,0,333.0,10.8,4,0,0,0.0,1.682952380952381,normal
session_6270e0b80396,user_001,finance,2026-06-19 10:56:19,2026-06-19 15:12:19,22,7,0,22,1,1,3,6,3,123.923,29.135,0,0,256.0,10.933333333333334,4,0,0,0.0,5.632863636363637,normal
session_45681b6b7103,user_079,developer,2026-06-19 11:00:14,2026-06-19 12:40:14,9,1,0,9,1,1,4,0,0,0.0,0.0,0,0,100.0,11.0,4,0,0,0.0,0.0,normal
session_e7592fba8135,user_002,finance,2026-06-19 12:08:36,2026-06-19 18:34:36,25,6,0,25,1,1,3,3,2,42.698,12.108,0,0,386.0,12.133333333333333,4,0,0,0.0,1.70792,normal
session_561877c2a4d4,user_029,admin,2026-06-20 07:58:16,2026-06-20 08:10:16,5,2,0,5,1,5,4,1,0,57.641,16.232,0,1,12.0,7.966666666666667,5,1,0,0.0,11.5282,device_spoofing
session_b12a6a8ad109,user_043,hr,2026-06-20 08:17:50,2026-06-20 12:09:50,16,1,0,16,1,1,3,5,0,52.624,16.905,0,0,232.0,8.283333333333333,5,1,0,0.0,3.289,normal
session_50f7b79e3eeb,user_038,developer,2026-06-20 08:21:48,2026-06-20 10:14:48,10,3,0,10,1,1,5,0,0,0.0,0.0,0,0,113.0,8.35,5,1,0,0.0,0.0,normal
session_4b8fa7d2611c,user_009,developer,2026-06-20 08:29:37,2026-06-20 14:03:37,24,9,0,24,1,1,5,0,0,0.0,0.0,0,0,334.0,8.483333333333333,5,1,0,0.0,0.0,normal
session_718c4d5e04bb,user_042,developer,2026-06-20 08:33:19,2026-06-20 14:12:19,21,4,0,21,1,1,5,0,0,0.0,0.0,0,0,339.0,8.55,5,1,0,0.0,0.0,normal
session_c3c7e793804c,user_040,finance,2026-06-20 08:39:20,2026-06-20 10:58:20,13,4,0,13,1,1,3,2,2,59.497,20.168,0,0,139.0,8.65,5,1,0,0.0,4.576692307692308,normal
session_2082a8dfd555,user_050,developer,2026-06-20 08:39:38,2026-06-20 11:33:38,10,3,0,10,1,1,5,0,0,0.0,0.0,0,0,174.0,8.65,5,1,0,0.0,0.0,normal
session_1ec486ad78f2,user_035,admin,2026-06-20 08:43:02,2026-06-20 13:46:02,19,2,0,19,1,1,5,0,0,0.0,0.0,3,0,303.0,8.716666666666667,5,1,0,0.0,0.0,normal
session_3c35b7d1514b,user_012,analyst,2026-06-20 08:44:17,2026-06-20 15:09:17,25,9,0,25,1,1,4,4,0,19.773,9.75,0,0,385.0,8.733333333333333,5,1,0,0.0,0.79092,normal
session_f38515b62567,user_025,hr,2026-06-20 08:44:35,2026-06-20 13:22:35,18,6,0,18,1,1,3,4,0,8.364,2.431,0,0,278.0,8.733333333333333,5,1,0,0.0,0.46466666666666673,normal
session_1ad3074e690b,user_077,admin,2026-06-20 09:00:06,2026-06-20 13:44:06,19,5,0,19,1,1,4,0,0,0.0,0.0,2,0,284.0,9.0,5,1,0,0.0,0.0,normal
session_738908c639a3,user_061,analyst,2026-06-20 09:00:13,2026-06-20 09:21:13,8,3,0,8,1,8,4,2,0,76.322,18.207,0,1,21.0,9.0,5,1,0,0.0,9.54025,device_spoofing
session_08e2473b7160,user_045,admin,2026-06-20 09:00:35,2026-06-20 13:47:35,22,9,0,22,1,1,5,0,0,0.0,0.0,4,0,287.0,9.0,5,1,0,0.0,0.0,normal
session_a0e90dc559d7,user_023,developer,2026-06-20 09:15:40,2026-06-20 13:48:40,17,3,0,17,1,1,5,0,0,0.0,0.0,0,0,273.0,9.25,5,1,0,0.0,0.0,normal
session_148920270bf7,user_033,developer,2026-06-20 09:18:46,2026-06-20 14:51:46,21,5,0,21,1,1,5,0,0,0.0,0.0,0,0,333.0,9.3,5,1,0,0.0,0.0,normal
session_5b33d5bef4af,user_053,hr,2026-06-20 09:24:04,2026-06-20 12:10:04,11,7,0,11,1,1,3,1,0,6.311,6.311,0,0,166.0,9.4,5,1,0,0.0,0.5737272727272728,normal
session_8ff03f8018e6,user_034,finance,2026-06-20 09:28:01,2026-06-20 13:27:01,15,5,0,15,1,1,3,5,0,38.213,12.696,0,0,239.0,9.466666666666667,5,1,0,0.0,2.5475333333333334,normal
session_3b3c62b5e981,user_036,developer,2026-06-20 09:31:55,2026-06-20 12:53:55,18,7,0,18,1,1,4,0,0,0.0,0.0,0,0,202.0,9.516666666666667,5,1,0,0.0,0.0,normal
session_b4665a2ecc35,user_041,finance,2026-06-20 09:32:37,2026-06-20 12:13:37,14,4,0,14,1,1,3,2,3,122.16999999999999,48.5,0,0,161.0,9.533333333333333,5,1,0,0.0,8.72642857142857,normal
session_9a003fccbbb3,user_060,developer,2026-06-20 09:34:12,2026-06-20 12:37:12,10,3,0,10,1,1,4,0,0,0.0,0.0,0,0,183.0,9.566666666666666,5,1,0,0.0,0.0,normal
session_8f448bb4917e,user_072,hr,2026-06-20 09:43:24,2026-06-20 13:55:24,18,3,0,18,1,1,3,4,0,55.379999999999995,18.726,0,0,252.0,9.716666666666667,5,1,0,0.0,3.076666666666666,normal
session_2854afd7af61,user_048,developer,2026-06-20 09:48:49,2026-06-20 16:07:49,23,6,0,23,1,1,5,0,0,0.0,0.0,0,0,379.0,9.8,5,1,0,0.0,0.0,normal
session_7dd78734afaa,user_068,developer,2026-06-20 10:07:59,2026-06-20 12:54:59,11,4,0,11,1,1,4,0,0,0.0,0.0,0,0,167.0,10.116666666666667,5,1,0,0.0,0.0,normal
session_35f1bed8e14f,user_005,hr,2026-06-20 10:17:43,2026-06-20 12:30:43,10,3,0,10,1,1,3,4,0,11.941,5.921,0,0,133.0,10.283333333333333,5,1,0,0.0,1.1941000000000002,normal
session_7708a1be3417,user_003,developer,2026-06-20 10:20:26,2026-06-20 15:19:26,18,4,0,18,1,1,5,0,0,0.0,0.0,0,0,299.0,10.333333333333334,5,1,0,0.0,0.0,normal
session_fd102c59dafa,user_060,developer,2026-06-20 10:27:09,2026-06-20 12:39:09,12,4,0,12,1,1,5,0,0,61.639,13.402,0,0,132.0,10.45,5,1,0,0.0,5.136583333333333,normal
session_c58514ed623f,user_028,developer,2026-06-20 10:39:42,2026-06-20 13:34:42,11,2,0,11,1,1,5,0,0,0.0,0.0,0,0,175.0,10.65,5,1,0,0.0,0.0,normal
session_98e9d449aaf2,user_047,developer,2026-06-20 11:24:18,2026-06-20 12:09:18,4,0,0,4,1,1,1,3,0,51.625,23.949,0,0,45.0,11.4,5,1,0,0.0,12.90625,normal
session_5285ceced92f,user_079,developer,2026-06-20 12:11:17,2026-06-20 14:42:17,12,2,0,12,1,1,4,0,0,0.0,0.0,0,0,151.0,12.183333333333334,5,1,0,0.0,0.0,normal
session_fb96bbd60138,user_074,finance,2026-06-20 14:27:30,2026-06-20 15:27:30,7,0,0,7,1,1,3,1,3,95.307,24.763,0,0,60.0,14.45,5,1,0,0.0,13.615285714285715,normal
session_7c864d0ffeba,user_061,analyst,2026-06-20 23:11:30,2026-06-21 00:39:30,12,6,0,12,1,1,4,1,0,126.829,18.513,0,0,88.0,23.183333333333334,5,1,1,0.0,10.569083333333333,normal
session_6515db5a418e,user_068,developer,2026-06-21 00:13:48,2026-06-21 00:23:48,6,1,0,6,1,1,6,0,0,0.0,0.0,1,1,10.0,0.21666666666666667,6,1,1,0.0,0.0,lateral_movement
session_d8ed7a80c714,user_012,analyst,2026-06-21 07:24:19,2026-06-21 09:30:19,10,4,0,10,1,1,4,2,0,6.946,4.317,0,0,126.0,7.4,6,1,0,0.0,0.6946,normal
session_475d9111862a,user_042,developer,2026-06-21 07:46:41,2026-06-21 09:54:41,9,2,0,9,1,1,5,0,0,0.0,0.0,0,0,128.0,7.766666666666667,6,1,0,0.0,0.0,normal
session_40089bfdf069,user_073,hr,2026-06-21 08:13:05,2026-06-21 13:18:05,19,7,0,19,1,1,3,3,0,21.596000000000004,9.211,0,0,305.0,8.216666666666667,6,1,0,0.0,1.1366315789473687,normal
session_da153af33f7b,user_011,analyst,2026-06-21 08:38:22,2026-06-21 11:19:22,9,1,0,9,1,1,4,1,0,16.385,16.385,0,0,161.0,8.633333333333333,6,1,0,0.0,1.8205555555555557,normal
session_318b1f1c7b44,user_045,admin,2026-06-21 08:39:12,2026-06-21 13:40:12,16,4,0,16,1,1,5,0,0,0.0,0.0,4,0,301.0,8.65,6,1,0,0.0,0.0,normal
session_494ac7a9852d,user_020,finance,2026-06-21 08:40:11,2026-06-21 13:00:11,21,6,0,21,1,1,3,5,2,120.009,26.566,0,0,260.0,8.666666666666666,6,1,0,0.0,5.714714285714286,normal
session_8d2f8c72503d,user_037,developer,2026-06-21 08:46:26,2026-06-21 13:24:26,19,2,0,19,1,1,5,0,0,0.0,0.0,0,0,278.0,8.766666666666667,6,1,0,0.0,0.0,normal
session_455c55bde0d8,user_028,developer,2026-06-21 09:02:01,2026-06-21 12:11:01,14,5,0,14,1,1,5,0,0,0.0,0.0,0,0,189.0,9.033333333333333,6,1,0,0.0,0.0,normal
session_fb51d0deaafb,user_034,finance,2026-06-21 09:02:31,2026-06-21 13:51:31,18,3,0,18,1,1,3,2,6,49.165,9.201,0,0,289.0,9.033333333333333,6,1,0,0.0,2.7313888888888886,normal
session_7747b63dc1ba,user_050,developer,2026-06-21 09:04:13,2026-06-21 12:28:13,15,6,0,15,1,1,5,0,0,0.0,0.0,0,0,204.0,9.066666666666666,6,1,0,0.0,0.0,normal
session_7e0eae24217c,user_023,developer,2026-06-21 09:08:01,2026-06-21 09:36:01,2,2,0,2,2,2,1,0,0,0.0,0.0,0,1,28.0,9.133333333333333,6,1,0,0.0,0.0,impossible_travel
session_1f9a481d9b91,user_070,admin,2026-06-21 09:12:53,2026-06-21 11:30:53,13,4,0,13,1,1,5,0,0,0.0,0.0,4,0,138.0,9.2,6,1,0,0.0,0.0,normal
session_fd40dcf64677,user_009,developer,2026-06-21 09:17:26,2026-06-21 09:18:46,4,4,3,4,1,1,1,0,0,0.0,0.0,0,0,1.3333333333333333,9.283333333333333,6,1,0,0.75,0.0,normal
session_568ed16fe01b,user_009,developer,2026-06-21 09:21:52,2026-06-21 15:34:52,23,6,0,23,1,1,5,0,0,0.0,0.0,0,0,373.0,9.35,6,1,0,0.0,0.0,normal
session_97152e4e2c6a,user_002,finance,2026-06-21 09:24:00,2026-06-21 12:07:00,10,5,0,10,1,1,3,0,1,14.975,14.975,0,0,163.0,9.4,6,1,0,0.0,1.4975,normal
session_a78978b18123,user_005,hr,2026-06-21 09:27:44,2026-06-21 15:36:44,20,7,0,20,1,1,3,3,0,7.093,2.972,0,0,369.0,9.45,6,1,0,0.0,0.35465,normal
session_7cc6a31e3503,user_024,hr,2026-06-21 09:27:47,2026-06-21 13:17:47,18,4,0,18,1,1,3,6,0,122.28999999999999,26.099,0,0,230.0,9.45,6,1,0,0.0,6.793888888888889,normal
session_193a8f4cae07,user_074,finance,2026-06-21 09:33:16,2026-06-21 15:50:16,23,8,0,23,1,1,3,4,4,27.596,5.751,0,0,377.0,9.55,6,1,0,0.0,1.1998260869565218,normal
session_0e3f542eebee,user_014,hr,2026-06-21 09:35:48,2026-06-21 13:11:48,13,5,0,13,1,1,3,1,0,14.262,14.262,0,0,216.0,9.583333333333334,6,1,0,0.0,1.097076923076923,normal
session_2329a63d2833,user_062,hr,2026-06-21 09:54:25,2026-06-21 13:26:25,13,5,0,13,1,1,3,3,0,53.85,19.375,0,0,212.0,9.9,6,1,0,0.0,4.142307692307693,normal
session_3e97772a726d,user_076,analyst,2026-06-21 10:01:51,2026-06-21 16:04:51,24,5,0,24,1,1,4,9,0,44.594,6.75,0,0,363.0,10.016666666666667,6,1,0,0.0,1.8580833333333333,normal
session_cf8c5c7bcef5,user_056,hr,2026-06-21 10:12:55,2026-06-21 12:04:55,9,3,0,9,1,1,3,2,0,43.049,24.155,0,0,112.0,10.2,6,1,0,0.0,4.783222222222222,normal
session_cf4cb58f2e8b,user_036,developer,2026-06-21 10:17:06,2026-06-21 14:52:06,17,2,0,17,1,1,5,0,0,0.0,0.0,0,0,275.0,10.283333333333333,6,1,0,0.0,0.0,normal
session_e53ca849d2ab,user_052,finance,2026-06-21 10:30:05,2026-06-21 17:09:05,25,5,0,25,1,1,3,6,3,58.595,10.299,0,0,399.0,10.5,6,1,0,0.0,2.3438,normal
session_15aff96c756b,user_060,developer,2026-06-21 10:31:34,2026-06-21 14:40:34,15,7,0,15,1,1,5,0,0,0.0,0.0,0,0,249.0,10.516666666666667,6,1,0,0.0,0.0,normal
session_6563e6f749b0,user_046,hr,2026-06-21 10:56:00,2026-06-21 14:50:00,17,10,0,17,1,1,3,2,0,12.585,6.727,0,0,234.0,10.933333333333334,6,1,0,0.0,0.7402941176470589,normal
session_82ba5377cb74,user_061,analyst,2026-06-21 10:59:18,2026-06-21 17:00:18,24,6,0,24,1,1,4,8,0,58.69,16.468,0,0,361.0,10.983333333333333,6,1,0,0.0,2.4454166666666666,normal
session_9686a82896a3,user_071,analyst,2026-06-22 04:41:59,2026-06-22 04:41:59,1,1,0,1,1,1,1,0,0,0.0,0.0,0,1,0.0,4.683333333333334,0,0,1,0.0,0.0,credential_stuffing
session_79f9e949c124,user_049,analyst,2026-06-22 04:42:19,2026-06-22 04:42:19,1,1,1,1,1,1,1,0,0,0.0,0.0,0,1,0.0,4.7,0,0,1,1.0,0.0,credential_stuffing
session_3ba243c7f6c9,user_017,admin,2026-06-22 04:42:39,2026-06-22 04:42:39,1,1,1,1,1,1,1,0,0,0.0,0.0,0,1,0.0,4.7,0,0,1,1.0,0.0,credential_stuffing
session_2773bb19bffc,user_068,developer,2026-06-22 04:42:59,2026-06-22 04:42:59,1,1,1,1,1,1,1,0,0,0.0,0.0,0,1,0.0,4.7,0,0,1,1.0,0.0,credential_stuffing
session_f6b037c69620,user_045,admin,2026-06-22 04:43:19,2026-06-22 04:43:19,1,1,1,1,1,1,1,0,0,0.0,0.0,0,1,0.0,4.716666666666667,0,0,1,1.0,0.0,credential_stuffing
session_18c4ca079a13,user_030,hr,2026-06-22 04:43:39,2026-06-22 04:43:39,1,1,1,1,1,1,1,0,0,0.0,0.0,0,1,0.0,4.716666666666667,0,0,1,1.0,0.0,credential_stuffing
session_ed089813f09e,user_022,developer,2026-06-22 04:43:59,2026-06-22 04:43:59,1,1,1,1,1,1,1,0,0,0.0,0.0,0,1,0.0,4.716666666666667,0,0,1,1.0,0.0,credential_stuffing
session_b49c31b7b7ba,user_032,hr,2026-06-22 04:44:19,2026-06-22 04:44:19,1,1,1,1,1,1,1,0,0,0.0,0.0,0,1,0.0,4.733333333333333,0,0,1,1.0,0.0,credential_stuffing
session_d0f6d97f80ff,user_028,developer,2026-06-22 04:44:39,2026-06-22 04:44:39,1,1,1,1,1,1,1,0,0,0.0,0.0,0,1,0.0,4.733333333333333,0,0,1,1.0,0.0,credential_stuffing
session_5c3b9b6eb72c,user_011,analyst,2026-06-22 04:44:59,2026-06-22 04:44:59,1,1,0,1,1,1,1,0,0,0.0,0.0,0,1,0.0,4.733333333333333,0,0,1,0.0,0.0,credential_stuffing
session_a5ffa2ce3a0c,user_022,developer,2026-06-22 07:16:30,2026-06-22 13:32:30,23,7,0,23,1,1,5,0,0,0.0,0.0,0,0,376.0,7.266666666666667,0,0,0,0.0,0.0,normal
session_37d6344bcf0b,user_069,hr,2026-06-22 07:21:39,2026-06-22 09:19:39,9,2,0,9,1,1,3,1,0,14.857,14.857,0,0,118.0,7.35,0,0,0,0.0,1.6507777777777777,normal
session_677f364228bb,user_006,analyst,2026-06-22 07:35:43,2026-06-22 09:19:43,9,2,0,9,1,1,4,1,0,12.833,12.833,0,0,104.0,7.583333333333333,0,0,0,0.0,1.425888888888889,normal
session_63230bcd1b56,user_021,finance,2026-06-22 07:36:38,2026-06-22 10:02:38,11,7,0,11,1,1,3,0,1,3.204,3.204,0,0,146.0,7.6,0,0,0,0.0,0.2912727272727273,normal
session_0063af28046f,user_029,admin,2026-06-22 07:42:22,2026-06-22 10:08:22,11,2,0,11,1,1,4,0,0,0.0,0.0,1,0,146.0,7.7,0,0,0,0.0,0.0,normal
session_67594baa8aa2,user_058,hr,2026-06-22 07:43:26,2026-06-22 11:30:26,13,4,0,13,1,1,3,4,0,50.333,15.332,0,0,227.0,7.716666666666667,0,0,0,0.0,3.871769230769231,normal
session_aefe74400c2b,user_009,developer,2026-06-22 07:46:15,2026-06-22 13:17:15,21,7,0,21,1,1,5,0,0,0.0,0.0,0,0,331.0,7.766666666666667,0,0,0,0.0,0.0,normal
session_20edc718f67c,user_006,analyst,2026-06-22 07:47:38,2026-06-22 09:17:38,7,0,0,7,1,1,1,3,0,76.529,22.99,0,0,90.0,7.783333333333333,0,0,0,0.0,10.932714285714285,normal
session_751ce59aa9d6,user_007,developer,2026-06-22 07:48:49,2026-06-22 12:28:49,16,4,0,16,1,1,5,0,0,0.0,0.0,0,0,280.0,7.8,0,0,0,0.0,0.0,normal
session_f60698a9338d,user_045,admin,2026-06-22 07:53:59,2026-06-22 10:58:59,11,1,0,11,1,1,5,0,0,0.0,0.0,1,0,185.0,7.883333333333333,0,0,0,0.0,0.0,normal
session_5a425204dee7,user_077,admin,2026-06-22 08:01:31,2026-06-22 10:52:31,11,3,0,11,1,1,4,0,0,0.0,0.0,1,0,171.0,8.016666666666667,0,0,0,0.0,0.0,normal
session_ce5f4797ad38,user_074,finance,2026-06-22 08:02:14,2026-06-22 11:03:14,14,5,0,14,1,1,3,1,1,9.662,6.222,0,0,181.0,8.033333333333333,0,0,0,0.0,0.6901428571428572,normal
session_b09e034e75af,user_008,developer,2026-06-22 08:08:48,2026-06-22 11:15:48,10,2,0,10,1,1,5,0,0,0.0,0.0,0,0,187.0,8.133333333333333,0,0,0,0.0,0.0,normal
session_e58efe101f52,user_040,finance,2026-06-22 08:09:04,2026-06-22 10:48:04,11,2,0,11,1,1,3,2,3,72.793,19.719,0,0,159.0,8.15,0,0,0,0.0,6.617545454545455,normal
session_57083fa909e5,user_064,finance,2026-06-22 08:12:13,2026-06-22 10:55:13,12,3,0,12,1,1,3,4,0,46.319,15.614,0,0,163.0,8.2,0,0,0,0.0,3.859916666666667,normal
session_693d344bc98a,user_032,hr,2026-06-22 08:12:43,2026-06-22 12:46:43,16,3,0,16,1,1,3,3,0,12.414,5.635,0,0,274.0,8.2,0,0,0,0.0,0.775875,normal
session_f1b032f6512e,user_043,hr,2026-06-22 08:15:10,2026-06-22 12:15:10,20,6,0,20,1,1,3,4,0,27.782,7.269,0,0,240.0,8.25,0,0,0,0.0,1.3891,normal
session_d6755175b0c4,user_042,developer,2026-06-22 08:16:39,2026-06-22 14:22:39,20,7,0,20,1,1,5,0,0,0.0,0.0,0,0,366.0,8.266666666666667,0,0,0,0.0,0.0,normal
session_1ab8eaf4bcc6,user_015,finance,2026-06-22 08:28:17,2026-06-22 11:17:17,12,5,0,12,1,1,3,2,3,16.955,4.265,0,0,169.0,8.466666666666667,0,0,0,0.0,1.4129166666666666,normal
session_3016ab952875,user_016,developer,2026-06-22 08:28:44,2026-06-22 12:14:44,16,5,0,16,1,1,5,0,0,0.0,0.0,0,0,226.0,8.466666666666667,0,0,0,0.0,0.0,normal
session_2d47e2639d44,user_038,developer,2026-06-22 08:30:47,2026-06-22 13:19:47,17,7,0,17,1,1,5,0,0,0.0,0.0,0,0,289.0,8.5,0,0,0,0.0,0.0,normal
session_b92fb997e706,user_014,hr,2026-06-22 08:36:31,2026-06-22 09:06:31,3,0,0,3,1,1,1,2,0,75.063,28.569,0,0,30.0,8.6,0,0,0,0.0,25.021,normal
session_5acf3c0b2046,user_073,hr,2026-06-22 08:37:06,2026-06-22 15:12:06,24,4,0,24,1,1,3,11,0,85.672,17.805,0,0,395.0,8.616666666666667,0,0,0,0.0,3.5696666666666665,normal
session_c8ed5a482270,user_024,hr,2026-06-22 08:37:43,2026-06-22 14:19:43,20,5,0,20,1,1,3,4,0,68.29599999999999,24.673,0,0,342.0,8.616666666666667,0,0,0,0.0,3.4147999999999996,normal
session_159b2c7500da,user_023,developer,2026-06-22 08:43:05,2026-06-22 13:01:05,15,6,0,15,1,1,5,0,0,0.0,0.0,0,0,258.0,8.716666666666667,0,0,0,0.0,0.0,normal
session_3c6d4fdf7cc5,user_044,developer,2026-06-22 08:45:56,2026-06-22 12:42:56,14,6,0,14,1,1,5,0,0,0.0,0.0,0,0,237.0,8.75,0,0,0,0.0,0.0,normal
session_298e7485ffc3,user_041,finance,2026-06-22 08:47:06,2026-06-22 12:47:06,14,4,0,14,1,1,3,2,4,159.024,42.162,0,0,240.0,8.783333333333333,0,0,0,0.0,11.358857142857143,normal
session_ffbaf92024ec,user_017,admin,2026-06-22 08:52:37,2026-06-22 13:53:37,17,3,0,17,1,1,5,0,0,0.0,0.0,1,0,301.0,8.866666666666667,0,0,0,0.0,0.0,normal
session_54ea7ad249ba,user_070,admin,2026-06-22 09:00:15,2026-06-22 13:06:15,19,3,0,19,1,1,4,0,0,0.0,0.0,2,0,246.0,9.0,0,0,0,0.0,0.0,normal
session_2a76cd9c29a1,user_039,developer,2026-06-22 09:01:20,2026-06-22 15:07:20,23,3,0,23,1,1,5,0,0,0.0,0.0,0,0,366.0,9.016666666666667,0,0,0,0.0,0.0,normal
session_f6edd7ba57fa,user_012,analyst,2026-06-22 09:04:50,2026-06-22 16:02:50,25,8,0,25,1,1,4,6,0,26.965000000000003,8.012,0,0,418.0,9.066666666666666,0,0,0,0.0,1.0786000000000002,normal
session_9fa881a0412d,user_014,hr,2026-06-22 09:05:03,2026-06-22 11:18:03,10,4,0,10,1,1,3,1,0,11.1,11.1,0,0,133.0,9.083333333333334,0,0,0,0.0,1.1099999999999999,normal
session_2898ae8ace93,user_075,developer,2026-06-22 09:11:24,2026-06-22 13:01:24,17,5,0,17,1,1,5,0,0,0.0,0.0,0,0,230.0,9.183333333333334,0,0,0,0.0,0.0,normal
session_e3368b116f90,user_025,hr,2026-06-22 09:12:06,2026-06-22 13:20:06,15,4,0,15,1,1,3,4,0,7.046,2.147,0,0,248.0,9.2,0,0,0,0.0,0.46973333333333334,normal
session_583a7c116e97,user_034,finance,2026-06-22 09:14:48,2026-06-22 15:09:48,25,4,0,25,1,1,3,7,3,75.535,11.195,0,0,355.0,9.233333333333333,0,0,0,0.0,3.0214,normal
session_e980c85e8b11,user_013,hr,2026-06-22 09:15:13,2026-06-22 15:39:13,25,8,0,25,1,1,3,7,0,32.113,7.261,0,0,384.0,9.25,0,0,0,0.0,1.2845199999999999,normal
session_bfd25b4558ac,user_036,developer,2026-06-22 09:18:48,2026-06-22 15:51:48,25,5,0,25,1,1,5,0,0,0.0,0.0,0,0,393.0,9.3,0,0,0,0.0,0.0,normal
session_de2fd90defd9,user_018,developer,2026-06-22 09:28:13,2026-06-22 13:09:13,15,4,0,15,1,1,5,0,0,0.0,0.0,0,0,221.0,9.466666666666667,0,0,0,0.0,0.0,normal
session_307cd124055e,user_054,developer,2026-06-22 09:28:55,2026-06-22 15:26:55,24,5,0,24,1,1,5,0,0,0.0,0.0,0,0,358.0,9.466666666666667,0,0,0,0.0,0.0,normal
session_dbf319a966ff,user_065,hr,2026-06-22 09:29:13,2026-06-22 11:54:13,9,3,0,9,1,1,3,3,0,53.482,33.05,0,0,145.0,9.483333333333333,0,0,0,0.0,5.942444444444444,normal
session_c741dd930535,user_072,hr,2026-06-22 09:31:19,2026-06-22 13:00:19,10,2,0,10,1,1,3,3,0,50.218999999999994,21.025,0,0,209.0,9.516666666666667,0,0,0,0.0,5.0219,normal
session_7d738f67414c,user_056,hr,2026-06-22 09:31:22,2026-06-22 16:01:22,23,6,0,23,1,1,3,3,0,94.673,50.176,0,0,390.0,9.516666666666667,0,0,0,0.0,4.116217391304348,normal
session_c0c5ddcae694,user_078,developer,2026-06-22 09:32:47,2026-06-22 12:29:47,12,2,0,12,1,1,5,0,0,0.0,0.0,0,0,177.0,9.533333333333333,0,0,0,0.0,0.0,normal
session_011452352ea1,user_067,analyst,2026-06-22 09:33:29,2026-06-22 12:31:29,11,5,0,11,1,1,4,2,0,27.492,14.259,0,0,178.0,9.55,0,0,0,0.0,2.4992727272727273,normal
session_5d7b8eb16abf,user_035,admin,2026-06-22 09:39:55,2026-06-22 13:44:55,16,2,0,16,1,1,5,0,0,0.0,0.0,5,0,245.0,9.65,0,0,0,0.0,0.0,normal
session_00abae5435e7,user_049,analyst,2026-06-22 09:43:40,2026-06-22 15:25:40,22,3,0,22,1,1,4,7,0,31.956,6.127,0,0,342.0,9.716666666666667,0,0,0,0.0,1.4525454545454546,normal
session_c8e5e704d04a,user_037,developer,2026-06-22 09:46:31,2026-06-22 17:26:31,24,7,0,24,1,1,5,0,0,0.0,0.0,0,0,460.0,9.766666666666667,0,0,0,0.0,0.0,normal
session_173286f976e0,user_033,developer,2026-06-22 09:47:55,2026-06-22 16:00:55,22,6,0,22,1,1,5,0,0,0.0,0.0,0,0,373.0,9.783333333333333,0,0,0,0.0,0.0,normal
session_b694f5050aca,user_005,hr,2026-06-22 09:50:59,2026-06-22 14:36:59,18,3,0,18,1,1,3,5,0,16.782,5.206,0,0,286.0,9.833333333333334,0,0,0,0.0,0.9323333333333333,normal
session_dd6ae7946a49,user_052,finance,2026-06-22 09:51:53,2026-06-22 14:21:53,19,5,0,19,1,1,3,4,3,56.427,13.045,0,0,270.0,9.85,0,0,0,0.0,2.969842105263158,normal
session_1785d6c9df70,user_001,finance,2026-06-22 09:52:04,2026-06-22 13:49:04,13,4,0,13,1,1,3,1,3,53.262,20.645,0,0,237.0,9.866666666666667,0,0,0,0.0,4.097076923076923,normal
session_e82acb6111a4,user_047,developer,2026-06-22 09:54:21,2026-06-22 14:51:21,20,6,0,20,1,1,5,0,0,0.0,0.0,0,0,297.0,9.9,0,0,0,0.0,0.0,normal
session_30456ec8b6a4,user_030,hr,2026-06-22 10:00:05,2026-06-22 12:32:05,10,2,0,10,1,1,3,3,0,41.783,17.038,0,0,152.0,10.0,0,0,0,0.0,4.1783,normal
session_3d9a8777261e,user_071,analyst,2026-06-22 10:01:42,2026-06-22 12:37:42,10,3,0,10,1,1,4,2,0,24.615000000000002,13.537,0,0,156.0,10.016666666666667,0,0,0,0.0,2.4615,normal
session_3f331cbe028b,user_004,developer,2026-06-22 10:02:42,2026-06-22 15:49:42,20,1,0,20,1,1,5,0,0,0.0,0.0,0,0,347.0,10.033333333333333,0,0,0,0.0,0.0,normal
session_dd02c16f8088,user_061,analyst,2026-06-22 10:04:59,2026-06-22 16:12:59,23,5,0,23,1,1,4,5,0,21.353,6.992,0,0,368.0,10.066666666666666,0,0,0,0.0,0.9283913043478261,normal
session_4a23ff8e4a78,user_055,analyst,2026-06-22 10:05:20,2026-06-22 12:35:20,10,2,0,10,1,1,4,2,0,23.715000000000003,16.251,0,0,150.0,10.083333333333334,0,0,0,0.0,2.3715,normal
session_1992d9b2edab,user_051,analyst,2026-06-22 10:05:56,2026-06-22 14:44:56,14,5,0,14,1,1,4,4,0,30.061999999999998,15.449,0,0,279.0,10.083333333333334,0,0,0,0.0,2.1472857142857142,normal
session_3e96b5f52e29,user_002,finance,2026-06-22 10:06:03,2026-06-22 12:00:03,9,4,0,9,1,1,3,1,2,22.606,10.349,0,0,114.0,10.1,0,0,0,0.0,2.511777777777778,normal
session_62c25b9e4181,user_066,developer,2026-06-22 10:06:26,2026-06-22 12:40:26,11,1,0,11,1,1,5,0,0,0.0,0.0,0,0,154.0,10.1,0,0,0,0.0,0.0,normal
session_1165135ba127,user_055,analyst,2026-06-22 10:07:20,2026-06-22 10:28:20,2,2,0,2,2,2,1,0,0,0.0,0.0,0,1,21.0,10.116666666666667,0,0,0,0.0,0.0,impossible_travel
session_ea5ec99dc573,user_053,hr,2026-06-22 10:11:22,2026-06-22 15:03:22,17,3,0,17,1,1,3,2,0,9.772,6.228,0,0,292.0,10.183333333333334,0,0,0,0.0,0.5748235294117647,normal
session_3ec766428108,user_031,developer,2026-06-22 10:16:59,2026-06-22 14:44:59,14,3,0,14,1,1,5,0,0,0.0,0.0,0,0,268.0,10.266666666666667,0,0,0,0.0,0.0,normal
session_35d5089715d3,user_079,developer,2026-06-22 10:19:00,2026-06-22 13:30:00,11,3,0,11,1,1,5,0,0,0.0,0.0,0,0,191.0,10.316666666666666,0,0,0,0.0,0.0,normal
session_7aced9345a14,user_028,developer,2026-06-22 10:21:27,2026-06-22 12:53:27,9,3,0,9,1,1,4,0,0,0.0,0.0,0,0,152.0,10.35,0,0,0,0.0,0.0,normal
session_c87020e5d8c0,user_027,developer,2026-06-22 10:21:59,2026-06-22 12:42:59,9,4,0,9,1,1,3,0,0,0.0,0.0,0,0,141.0,10.35,0,0,0,0.0,0.0,normal
session_133e7d279d09,user_076,analyst,2026-06-22 10:25:00,2026-06-22 16:40:00,23,9,0,23,1,1,4,6,0,26.656,6.842,0,0,375.0,10.416666666666666,0,0,0,0.0,1.1589565217391304,normal
session_e02d2d88e402,user_046,hr,2026-06-22 10:28:48,2026-06-22 10:43:48,6,4,0,6,1,6,3,0,0,50.426,15.527,0,1,15.0,10.466666666666667,0,0,0,0.0,8.404333333333334,device_spoofing
session_55aaeec4a4bc,user_060,developer,2026-06-22 10:35:22,2026-06-22 15:55:22,19,6,0,19,1,1,5,0,0,0.0,0.0,0,0,320.0,10.583333333333334,0,0,0,0.0,0.0,normal
session_8917661144b4,user_019,developer,2026-06-22 10:41:34,2026-06-22 14:05:34,15,4,0,15,1,1,4,0,0,0.0,0.0,0,0,204.0,10.683333333333334,0,0,0,0.0,0.0,normal
session_8b1a79e3b4c8,user_048,developer,2026-06-22 10:43:04,2026-06-22 13:43:04,12,2,0,12,1,1,5,0,0,0.0,0.0,0,0,180.0,10.716666666666667,0,0,0,0.0,0.0,normal
session_efcabad4c579,user_046,hr,2026-06-22 10:52:08,2026-06-22 15:20:08,23,8,0,23,1,1,3,5,0,45.641999999999996,13.486,0,0,268.0,10.866666666666667,0,0,0,0.0,1.9844347826086954,normal
session_d1b11da32f2d,user_068,developer,2026-06-22 10:59:00,2026-06-22 14:25:00,14,1,0,14,1,1,5,0,0,0.0,0.0,0,0,206.0,10.983333333333333,0,0,0,0.0,0.0,normal
session_b01653b7ca81,user_003,developer,2026-06-22 11:09:38,2026-06-22 14:40:38,14,3,0,14,1,1,5,0,0,0.0,0.0,0,0,211.0,11.15,0,0,0,0.0,0.0,normal
session_0dca22b4a1ae,user_063,finance,2026-06-22 11:29:42,2026-06-22 17:10:42,24,5,0,24,1,1,3,4,4,45.467999999999996,8.933,0,0,341.0,11.483333333333333,0,0,0,0.0,1.8944999999999999,normal
session_672cccae5ada,user_026,analyst,2026-06-22 23:30:15,2026-06-22 23:39:35,32,32,32,32,4,1,1,0,0,0.0,0.0,0,1,9.333333333333334,23.5,0,0,1,1.0,0.0,brute_force
session_24075c799d7a,user_078,developer,2026-06-23 01:20:10,2026-06-23 01:20:10,1,1,1,1,1,1,1,0,0,0.0,0.0,0,1,0.0,1.3333333333333333,1,0,1,1.0,0.0,credential_stuffing
session_3b6c7f364943,user_008,developer,2026-06-23 01:20:30,2026-06-23 01:20:30,1,1,1,1,1,1,1,0,0,0.0,0.0,0,1,0.0,1.3333333333333333,1,0,1,1.0,0.0,credential_stuffing
session_e9427fb3fdca,user_050,developer,2026-06-23 01:20:50,2026-06-23 01:20:50,1,1,1,1,1,1,1,0,0,0.0,0.0,0,1,0.0,1.3333333333333333,1,0,1,1.0,0.0,credential_stuffing
session_db1d6ee06a3c,user_077,admin,2026-06-23 01:21:10,2026-06-23 01:21:10,1,1,1,1,1,1,1,0,0,0.0,0.0,0,1,0.0,1.35,1,0,1,1.0,0.0,credential_stuffing
session_051122366a2e,user_007,developer,2026-06-23 01:21:30,2026-06-23 01:21:30,1,1,1,1,1,1,1,0,0,0.0,0.0,0,1,0.0,1.35,1,0,1,1.0,0.0,credential_stuffing
session_90a15261e934,user_062,hr,2026-06-23 01:21:50,2026-06-23 01:21:50,1,1,1,1,1,1,1,0,0,0.0,0.0,0,1,0.0,1.35,1,0,1,1.0,0.0,credential_stuffing
session_8b4eaf8bd61f,user_079,developer,2026-06-23 01:22:10,2026-06-23 01:22:10,1,1,1,1,1,1,1,0,0,0.0,0.0,0,1,0.0,1.3666666666666667,1,0,1,1.0,0.0,credential_stuffing
session_64925dea1554,user_003,developer,2026-06-23 01:22:30,2026-06-23 01:22:30,1,1,0,1,1,1,1,0,0,0.0,0.0,0,1,0.0,1.3666666666666667,1,0,1,0.0,0.0,credential_stuffing
session_ae95927a6663,user_017,admin,2026-06-23 01:22:50,2026-06-23 01:22:50,1,1,1,1,1,1,1,0,0,0.0,0.0,0,1,0.0,1.3666666666666667,1,0,1,1.0,0.0,credential_stuffing
session_91482b960b28,user_038,developer,2026-06-23 01:30:50,2026-06-23 01:39:42,33,33,33,33,4,1,1,0,0,0.0,0.0,0,1,8.866666666666667,1.5,1,0,1,1.0,0.0,brute_force
session_169e86c7659c,user_053,hr,2026-06-23 01:55:05,2026-06-23 02:05:05,6,1,0,6,1,1,6,0,0,0.0,0.0,1,1,10.0,1.9166666666666665,1,0,1,0.0,0.0,lateral_movement
session_e546bbbc6d1c,user_069,hr,2026-06-23 07:32:06,2026-06-23 12:59:06,19,6,0,19,1,1,3,1,0,15.46,15.46,0,0,327.0,7.533333333333333,1,0,0,0.0,0.8136842105263158,normal
session_3218ed79543a,user_012,analyst,2026-06-23 07:34:26,2026-06-23 14:09:26,23,8,0,23,1,1,4,6,0,26.046,7.224,0,0,395.0,7.566666666666666,1,0,0,0.0,1.1324347826086956,normal
session_67a428142440,user_050,developer,2026-06-23 07:39:49,2026-06-23 12:45:49,16,5,0,16,1,1,4,0,0,0.0,0.0,0,0,306.0,7.65,1,0,0,0.0,0.0,normal
session_1da9fb216863,user_044,developer,2026-06-23 07:53:58,2026-06-23 11:44:58,14,2,0,14,1,1,4,0,0,0.0,0.0,0,0,231.0,7.883333333333333,1,0,0,0.0,0.0,normal
session_a506d90deb59,user_031,developer,2026-06-23 08:00:15,2026-06-23 13:34:15,25,7,0,25,1,1,5,0,0,0.0,0.0,0,0,334.0,8.0,1,0,0,0.0,0.0,normal
session_9757b93023da,user_058,hr,2026-06-23 08:03:34,2026-06-23 12:27:34,16,3,0,16,1,1,3,2,0,21.253999999999998,14.208,0,0,264.0,8.05,1,0,0,0.0,1.3283749999999999,normal
session_aa23e05b44f6,user_029,admin,2026-06-23 08:06:44,2026-06-23 13:20:44,17,3,0,17,1,1,5,0,0,0.0,0.0,1,0,314.0,8.1,1,0,0,0.0,0.0,normal
session_04c253309e38,user_050,developer,2026-06-23 08:08:34,2026-06-23 08:39:34,2,2,0,2,2,2,1,0,0,0.0,0.0,0,1,31.0,8.133333333333333,1,0,0,0.0,0.0,impossible_travel
session_d5ab04ca4bf1,user_040,finance,2026-06-23 08:10:12,2026-06-23 13:58:12,25,7,0,25,1,1,3,4,2,113.83,25.121,0,0,348.0,8.166666666666666,1,0,0,0.0,4.5532,normal
session_c95ac7ad6422,user_042,developer,2026-06-23 08:10:21,2026-06-23 10:34:21,10,3,0,10,1,1,4,0,0,0.0,0.0,0,0,144.0,8.166666666666666,1,0,0,0.0,0.0,normal
session_b5695a211518,user_064,finance,2026-06-23 08:17:15,2026-06-23 11:07:15,11,5,0,11,1,1,3,1,2,42.363,21.405,0,0,170.0,8.283333333333333,1,0,0,0.0,3.8511818181818183,normal
session_4fe662c5d785,user_021,finance,2026-06-23 08:18:07,2026-06-23 10:32:07,11,3,0,11,1,1,3,1,4,21.23,6.667,0,0,134.0,8.3,1,0,0,0.0,1.93,normal
session_8239debc7ae8,user_016,developer,2026-06-23 08:18:09,2026-06-23 12:36:09,14,1,0,14,1,1,5,0,0,0.0,0.0,0,0,258.0,8.3,1,0,0,0.0,0.0,normal
session_939d43801bb1,user_043,hr,2026-06-23 08:25:11,2026-06-23 11:50:11,16,8,0,16,1,1,3,5,0,62.523999999999994,17.906,0,0,205.0,8.416666666666666,1,0,0,0.0,3.9077499999999996,normal
session_2411ff6571a8,user_007,developer,2026-06-23 08:26:47,2026-06-23 14:03:47,22,4,0,22,1,1,5,0,0,0.0,0.0,0,0,337.0,8.433333333333334,1,0,0,0.0,0.0,normal
session_e95b5cd69758,user_070,admin,2026-06-23 08:27:07,2026-06-23 13:44:07,22,4,0,22,1,1,5,0,0,0.0,0.0,3,0,317.0,8.45,1,0,0,0.0,0.0,normal
session_6793300464a2,user_055,analyst,2026-06-23 08:28:56,2026-06-23 14:15:56,20,5,0,20,1,1,4,6,0,108.223,32.467,0,0,347.0,8.466666666666667,1,0,0,0.0,5.41115,normal
session_7a49851df724,user_018,developer,2026-06-23 08:32:53,2026-06-23 08:41:53,4,3,0,4,1,4,3,1,0,43.568,17.729,0,1,9.0,8.533333333333333,1,0,0,0.0,10.892,device_spoofing
session_b246a1b42dac,user_045,admin,2026-06-23 08:35:03,2026-06-23 13:11:03,19,2,0,19,1,1,5,0,0,0.0,0.0,3,0,276.0,8.583333333333334,1,0,0,0.0,0.0,normal
session_3bcccf12304d,user_043,hr,2026-06-23 08:38:42,2026-06-23 08:50:42,5,2,0,5,1,5,2,3,0,37.157000000000004,16.792,0,1,12.0,8.633333333333333,1,0,0,0.0,7.431400000000001,device_spoofing
session_8705fa6fa2a9,user_065,hr,2026-06-23 08:41:01,2026-06-23 14:30:01,24,8,0,24,1,1,3,5,0,38.602000000000004,8.698,0,0,349.0,8.683333333333334,1,0,0,0.0,1.6084166666666668,normal
session_73070f0a3811,user_037,developer,2026-06-23 08:44:40,2026-06-23 16:54:40,25,6,0,25,1,1,5,0,0,0.0,0.0,0,0,490.0,8.733333333333333,1,0,0,0.0,0.0,normal
session_6032698b8c67,user_011,analyst,2026-06-23 08:51:34,2026-06-23 11:39:34,11,3,0,11,1,1,4,5,0,44.461,14.468,0,0,168.0,8.85,1,0,0,0.0,4.0419090909090905,normal
session_b379fcb6b694,user_038,developer,2026-06-23 09:01:02,2026-06-23 12:53:02,14,2,0,14,1,1,5,0,0,0.0,0.0,0,0,232.0,9.016666666666667,1,0,0,0.0,0.0,normal
session_f50539feac9b,user_039,developer,2026-06-23 09:01:42,2026-06-23 12:10:42,11,4,0,11,1,1,4,0,0,0.0,0.0,0,0,189.0,9.016666666666667,1,0,0,0.0,0.0,normal
session_7213eba67d58,user_046,hr,2026-06-23 09:04:16,2026-06-23 13:22:16,17,6,0,17,1,1,3,6,0,56.172,16.255,0,0,258.0,9.066666666666666,1,0,0,0.0,3.304235294117647,normal
session_ccab54bf317e,user_051,analyst,2026-06-23 09:05:18,2026-06-23 14:32:18,20,7,0,20,1,1,4,2,0,21.594,11.775,0,0,327.0,9.083333333333334,1,0,0,0.0,1.0797,normal
session_ccdc746ee338,user_026,analyst,2026-06-23 09:05:43,2026-06-23 15:09:43,21,6,0,21,1,1,4,7,0,48.653999999999996,10.59,0,0,364.0,9.083333333333334,1,0,0,0.0,2.3168571428571427,normal
session_901ba719fd90,user_010,finance,2026-06-23 09:05:49,2026-06-23 14:49:49,22,8,0,22,1,1,3,6,5,77.946,12.428,0,0,344.0,9.083333333333334,1,0,0,0.0,3.5429999999999997,normal
session_a0e33e6a7646,user_057,developer,2026-06-23 09:07:46,2026-06-23 11:51:46,14,2,0,14,1,1,5,0,0,0.0,0.0,0,0,164.0,9.116666666666667,1,0,0,0.0,0.0,normal
session_0b47902556e8,user_020,finance,2026-06-23 09:09:02,2026-06-23 14:05:02,21,2,0,21,1,1,3,7,4,210.46699999999998,33.416,0,0,296.0,9.15,1,0,0,0.0,10.022238095238095,normal
session_c62fbfaa60ec,user_047,developer,2026-06-23 09:09:24,2026-06-23 14:06:24,21,8,0,21,1,1,5,0,0,0.0,0.0,0,0,297.0,9.15,1,0,0,0.0,0.0,normal
session_ff389a4cfca5,user_032,hr,2026-06-23 09:09:45,2026-06-23 15:14:45,22,5,0,22,1,1,3,5,0,17.522,4.921,0,0,365.0,9.15,1,0,0,0.0,0.7964545454545454,normal
session_97bb42810353,user_018,developer,2026-06-23 09:11:07,2026-06-23 11:05:07,9,2,0,9,1,1,4,0,0,0.0,0.0,0,0,114.0,9.183333333333334,1,0,0,0.0,0.0,normal
session_46a12d795b1b,user_033,developer,2026-06-23 09:13:01,2026-06-23 15:05:01,22,7,0,22,1,1,5,0,0,0.0,0.0,0,0,352.0,9.216666666666667,1,0,0,0.0,0.0,normal
session_a19b5b6d3097,user_022,developer,2026-06-23 09:13:44,2026-06-23 15:23:44,20,3,0,20,1,1,5,0,0,0.0,0.0,0,0,370.0,9.216666666666667,1,0,0,0.0,0.0,normal
session_c3e4af44b6f2,user_005,hr,2026-06-23 09:21:50,2026-06-23 11:41:50,9,1,0,9,1,1,3,2,0,11.201,9.146,0,0,140.0,9.35,1,0,0,0.0,1.2445555555555556,normal
session_b556d5a0d199,user_024,hr,2026-06-23 09:21:51,2026-06-23 13:26:51,15,4,0,15,1,1,3,3,0,64.095,31.965,0,0,245.0,9.35,1,0,0,0.0,4.273,normal
session_e60fa6cfdafd,user_075,developer,2026-06-23 09:23:02,2026-06-23 15:03:02,22,2,0,22,1,1,5,0,0,0.0,0.0,0,0,340.0,9.383333333333333,1,0,0,0.0,0.0,normal
session_870f2d06b046,user_071,analyst,2026-06-23 09:25:32,2026-06-23 14:57:32,25,6,0,25,1,1,4,3,0,82.238,46.975,0,0,332.0,9.416666666666666,1,0,0,0.0,3.28952,normal
session_cf783be62c82,user_035,admin,2026-06-23 09:25:48,2026-06-23 12:43:48,12,2,0,12,1,1,4,0,0,0.0,0.0,2,0,198.0,9.416666666666666,1,0,0,0.0,0.0,normal
session_d08129e96928,user_004,developer,2026-06-23 09:26:46,2026-06-23 13:46:46,18,5,0,18,1,1,5,0,0,0.0,0.0,0,0,260.0,9.433333333333334,1,0,0,0.0,0.0,normal
session_8e2b0ca122b0,user_063,finance,2026-06-23 09:27:35,2026-06-23 14:46:35,20,6,0,20,1,1,3,3,3,27.357,5.297,0,0,319.0,9.45,1,0,0,0.0,1.36785,normal
session_889d414537ca,user_009,developer,2026-06-23 09:28:37,2026-06-23 15:12:37,20,8,0,20,1,1,5,0,0,0.0,0.0,0,0,344.0,9.466666666666667,1,0,0,0.0,0.0,normal
session_e88f238db276,user_023,developer,2026-06-23 09:28:42,2026-06-23 11:50:42,11,3,0,11,1,1,5,0,0,0.0,0.0,0,0,142.0,9.466666666666667,1,0,0,0.0,0.0,normal
session_1b4482e507e9,user_034,finance,2026-06-23 09:29:15,2026-06-23 14:19:15,17,4,0,17,1,1,3,2,2,28.229000000000003,8.46,0,0,290.0,9.483333333333333,1,0,0,0.0,1.660529411764706,normal
session_d0c90cceb10a,user_074,finance,2026-06-23 09:29:37,2026-06-23 14:50:37,17,5,0,17,1,1,3,5,1,15.453,4.245,0,0,321.0,9.483333333333333,1,0,0,0.0,0.9089999999999999,normal
session_7e2c99a81d80,user_003,developer,2026-06-23 09:31:52,2026-06-23 16:00:52,22,4,0,22,1,1,5,0,0,0.0,0.0,0,0,389.0,9.516666666666667,1,0,0,0.0,0.0,normal
session_1d39e52b5461,user_062,hr,2026-06-23 09:33:13,2026-06-23 13:52:13,17,3,0,17,1,1,3,5,0,63.718999999999994,16.615,0,0,259.0,9.55,1,0,0,0.0,3.748176470588235,normal
session_c914df998be4,user_015,finance,2026-06-23 09:37:18,2026-06-23 16:39:18,21,7,0,21,1,1,3,6,1,31.933999999999997,6.534,0,0,422.0,9.616666666666667,1,0,0,0.0,1.5206666666666666,normal
session_ec8313e822ea,user_066,developer,2026-06-23 09:37:23,2026-06-23 12:50:23,12,3,0,12,1,1,4,0,0,0.0,0.0,0,0,193.0,9.616666666666667,1,0,0,0.0,0.0,normal
session_eb52ce6495e7,user_068,developer,2026-06-23 09:37:41,2026-06-23 13:26:41,16,6,0,16,1,1,4,0,0,0.0,0.0,0,0,229.0,9.616666666666667,1,0,0,0.0,0.0,normal
session_170366c89e4f,user_027,developer,2026-06-23 09:37:53,2026-06-23 14:31:53,16,2,0,16,1,1,4,0,0,0.0,0.0,0,0,294.0,9.616666666666667,1,0,0,0.0,0.0,normal
session_30e17c6141f8,user_067,analyst,2026-06-23 09:38:57,2026-06-23 12:36:57,12,3,0,12,1,1,4,3,0,26.154,9.483,0,0,178.0,9.633333333333333,1,0,0,0.0,2.1795,normal
session_a737c45342dc,user_017,admin,2026-06-23 09:40:24,2026-06-23 14:11:24,17,5,0,17,1,1,5,0,0,0.0,0.0,3,0,271.0,9.666666666666666,1,0,0,0.0,0.0,normal
session_aa661bca068d,user_006,analyst,2026-06-23 09:42:05,2026-06-23 13:46:05,16,4,0,16,1,1,4,5,0,75.83,22.021,0,0,244.0,9.7,1,0,0,0.0,4.739375,normal
session_123dc0f29bdf,user_014,hr,2026-06-23 09:44:31,2026-06-23 14:17:31,23,5,0,23,1,1,3,6,0,74.035,17.906,0,0,273.0,9.733333333333333,1,0,0,0.0,3.2189130434782607,normal
session_61a4fe835740,user_025,hr,2026-06-23 09:45:03,2026-06-23 12:27:03,11,5,0,11,1,1,3,2,0,4.6370000000000005,2.495,0,0,162.0,9.75,1,0,0,0.0,0.4215454545454546,normal
session_f096ac63bd10,user_052,finance,2026-06-23 09:45:21,2026-06-23 13:47:21,14,1,0,14,1,1,3,2,4,44.735,13.016,0,0,242.0,9.75,1,0,0,0.0,3.195357142857143,normal
session_84580e7e978f,user_077,admin,2026-06-23 09:45:49,2026-06-23 13:44:49,15,3,0,15,1,1,5,0,0,0.0,0.0,3,0,239.0,9.75,1,0,0,0.0,0.0,normal
session_3d3c8605facb,user_013,hr,2026-06-23 09:47:45,2026-06-23 13:54:45,16,7,0,16,1,1,3,3,0,10.391,4.057,0,0,247.0,9.783333333333333,1,0,0,0.0,0.6494375,normal
session_b42ff49d7d49,user_008,developer,2026-06-23 09:48:02,2026-06-23 12:39:02,11,2,0,11,1,1,5,0,0,0.0,0.0,0,0,171.0,9.8,1,0,0,0.0,0.0,normal
session_2a2a1d69e5c0,user_059,analyst,2026-06-23 09:49:02,2026-06-23 13:08:02,13,1,0,13,1,1,4,3,0,26.671,13.013,0,0,199.0,9.816666666666666,1,0,0,0.0,2.0516153846153844,normal
session_aef74ae0031c,user_030,hr,2026-06-23 09:50:17,2026-06-23 12:04:17,11,3,0,11,1,1,3,3,0,31.729999999999997,13.628,0,0,134.0,9.833333333333334,1,0,0,0.0,2.8845454545454543,normal
session_50bb43614c1f,user_028,developer,2026-06-23 09:53:55,2026-06-23 12:40:55,12,2,0,12,1,1,5,0,0,0.0,0.0,0,0,167.0,9.883333333333333,1,0,0,0.0,0.0,normal
session_14dde98bd84e,user_036,developer,2026-06-23 09:55:50,2026-06-23 14:14:50,16,4,0,16,1,1,5,0,0,0.0,0.0,0,0,259.0,9.916666666666666,1,0,0,0.0,0.0,normal
session_a1aa2a698311,user_076,analyst,2026-06-23 09:59:05,2026-06-23 12:34:05,10,5,0,10,1,1,4,1,0,3.666,3.666,0,0,155.0,9.983333333333333,1,0,0,0.0,0.3666,normal
session_5f1ddefc130b,user_054,developer,2026-06-23 10:05:39,2026-06-23 13:49:39,13,1,0,13,1,1,5,0,0,0.0,0.0,0,0,224.0,10.083333333333334,1,0,0,0.0,0.0,normal
session_54c21d592b19,user_041,finance,2026-06-23 10:05:59,2026-06-23 15:10:59,17,5,0,17,1,1,3,3,2,165.71099999999998,46.833,0,0,305.0,10.083333333333334,1,0,0,0.0,9.74770588235294,normal
session_1ce85ff675f7,user_002,finance,2026-06-23 10:09:01,2026-06-23 15:05:01,20,3,0,20,1,1,3,0,5,41.599000000000004,11.055,0,0,296.0,10.15,1,0,0,0.0,2.07995,normal
session_de22380cb5c3,user_019,developer,2026-06-23 10:09:51,2026-06-23 15:11:51,21,6,0,21,1,1,5,0,0,0.0,0.0,0,0,302.0,10.15,1,0,0,0.0,0.0,normal
session_dc19b8d8a0ce,user_028,developer,2026-06-23 10:11:23,2026-06-23 10:12:23,3,3,2,3,1,1,1,0,0,0.0,0.0,0,0,1.0,10.183333333333334,1,0,0,0.6666666666666666,0.0,normal
session_c207d5811db8,user_061,analyst,2026-06-23 10:14:38,2026-06-23 12:57:38,10,7,0,10,1,1,3,0,0,0.0,0.0,0,0,163.0,10.233333333333333,1,0,0,0.0,0.0,normal
session_aa55891e92cc,user_055,analyst,2026-06-23 10:27:37,2026-06-23 10:27:37,1,0,0,1,1,1,1,1,0,49.554,49.554,0,0,0.0,10.45,1,0,0,0.0,49.554,normal
session_14e99698da52,user_060,developer,2026-06-23 10:31:11,2026-06-23 13:19:11,11,4,0,11,1,1,4,0,0,0.0,0.0,0,0,168.0,10.516666666666667,1,0,0,0.0,0.0,normal
session_41c5e57b9cef,user_080,hr,2026-06-23 10:32:09,2026-06-23 16:32:09,20,5,0,20,1,1,3,6,0,94.582,20.845,0,0,360.0,10.533333333333333,1,0,0,0.0,4.7291,normal
session_f7384700adbe,user_056,hr,2026-06-23 10:33:51,2026-06-23 15:36:51,21,4,0,21,1,1,3,4,0,100.747,27.344,0,0,303.0,10.55,1,0,0,0.0,4.797476190476191,normal
session_ac63f892a7e1,user_049,analyst,2026-06-23 10:41:00,2026-06-23 14:14:00,14,2,0,14,1,1,3,3,0,18.09,7.348,0,0,213.0,10.683333333333334,1,0,0,0.0,1.292142857142857,normal
session_73963d69f623,user_079,developer,2026-06-23 10:42:36,2026-06-23 16:00:36,22,5,0,22,1,1,5,0,0,0.0,0.0,0,0,318.0,10.7,1,0,0,0.0,0.0,normal
session_37add640949f,user_017,admin,2026-06-23 10:50:00,2026-06-23 10:50:00,1,0,0,1,1,1,1,1,0,57.71,57.71,0,0,0.0,10.833333333333334,1,0,0,0.0,57.71,normal
session_75357ce2ee40,user_048,developer,2026-06-23 11:12:18,2026-06-23 15:33:18,16,7,0,16,1,1,5,0,0,0.0,0.0,0,0,261.0,11.2,1,0,0,0.0,0.0,normal
session_58db0644aa46,user_053,hr,2026-06-23 11:14:11,2026-06-23 14:05:11,10,3,0,10,1,1,3,3,0,15.021,5.315,0,0,171.0,11.233333333333333,1,0,0,0.0,1.5021,normal
session_aef074206b85,user_069,hr,2026-06-24 06:28:47,2026-06-24 09:32:47,14,5,0,14,1,1,3,2,0,24.185,14.738,0,0,184.0,6.466666666666667,2,0,0,0.0,1.7274999999999998,normal
session_429674fdd8f1,user_064,finance,2026-06-24 07:07:19,2026-06-24 11:01:19,16,5,0,16,1,1,3,4,5,131.972,25.64,0,0,234.0,7.116666666666666,2,0,0,0.0,8.24825,normal
session_aa095d7df9ba,user_029,admin,2026-06-24 07:10:35,2026-06-24 10:59:35,12,2,0,12,1,1,5,0,0,0.0,0.0,3,0,229.0,7.166666666666667,2,0,0,0.0,0.0,normal
session_dff7646fcac5,user_051,analyst,2026-06-24 07:27:20,2026-06-24 13:42:20,22,6,0,22,1,1,4,5,0,33.839999999999996,9.722,0,0,375.0,7.45,2,0,0,0.0,1.538181818181818,normal
session_e88fd7fe69de,user_032,hr,2026-06-24 07:34:27,2026-06-24 11:47:27,18,8,0,18,1,1,3,3,0,15.027000000000001,7.477,0,0,253.0,7.566666666666666,2,0,0,0.0,0.8348333333333334,normal
session_7f232477e2cb,user_022,developer,2026-06-24 07:38:56,2026-06-24 10:05:56,14,7,0,14,1,1,4,0,0,0.0,0.0,0,0,147.0,7.633333333333333,2,0,0,0.0,0.0,normal
session_e71558e29e82,user_045,admin,2026-06-24 07:57:23,2026-06-24 13:24:23,20,2,0,20,1,1,5,0,0,0.0,0.0,4,0,327.0,7.95,2,0,0,0.0,0.0,normal
session_1984d32f3fce,user_008,developer,2026-06-24 08:02:47,2026-06-24 13:56:47,23,4,0,23,1,1,5,0,0,0.0,0.0,0,0,354.0,8.033333333333333,2,0,0,0.0,0.0,normal
session_c090fb1f0837,user_026,analyst,2026-06-24 08:04:34,2026-06-24 14:10:34,24,8,0,24,1,1,4,4,0,31.897000000000002,13.144,0,0,366.0,8.066666666666666,2,0,0,0.0,1.3290416666666667,normal
session_f3c666d867d8,user_050,developer,2026-06-24 08:11:26,2026-06-24 13:43:26,22,3,0,22,1,1,5,0,0,0.0,0.0,0,0,332.0,8.183333333333334,2,0,0,0.0,0.0,normal
session_8f3cf44125fb,user_073,hr,2026-06-24 08:12:05,2026-06-24 11:15:05,14,4,0,14,1,1,3,6,0,43.941,10.723,0,0,183.0,8.2,2,0,0,0.0,3.1386428571428575,normal
session_2acd49f10c08,user_011,analyst,2026-06-24 08:19:07,2026-06-24 11:01:07,12,3,0,12,1,1,4,4,0,32.653,12.494,0,0,162.0,8.316666666666666,2,0,0,0.0,2.721083333333333,normal
session_5445176f1320,user_040,finance,2026-06-24 08:19:45,2026-06-24 11:22:45,13,4,0,13,1,1,3,3,3,95.135,23.796,0,0,183.0,8.316666666666666,2,0,0,0.0,7.318076923076924,normal
session_8d7b4c9e2936,user_020,finance,2026-06-24 08:22:28,2026-06-24 10:51:28,11,3,0,11,1,1,3,3,2,85.622,26.494,0,0,149.0,8.366666666666667,2,0,0,0.0,7.783818181818182,normal
session_83dc008a6d63,user_077,admin,2026-06-24 08:22:30,2026-06-24 10:52:30,9,1,0,9,1,1,4,0,0,0.0,0.0,0,0,150.0,8.366666666666667,2,0,0,0.0,0.0,normal
session_f6e5a85a27cb,user_021,finance,2026-06-24 08:26:52,2026-06-24 10:57:52,10,2,0,10,1,1,3,1,1,7.819,4.59,0,0,151.0,8.433333333333334,2,0,0,0.0,0.7819,normal
session_da5aa4263b29,user_012,analyst,2026-06-24 08:29:51,2026-06-24 13:00:51,16,7,0,16,1,1,4,2,0,10.595,7.062,0,0,271.0,8.483333333333333,2,0,0,0.0,0.6621875,normal
session_85c33fdb9626,user_056,hr,2026-06-24 08:38:05,2026-06-24 14:20:05,23,10,0,23,1,1,3,7,0,264.578,62.364,0,0,342.0,8.633333333333333,2,0,0,0.0,11.503391304347826,normal
session_d3c3705e8744,user_007,developer,2026-06-24 08:39:00,2026-06-24 13:21:00,19,5,0,19,1,1,5,0,0,0.0,0.0,0,0,282.0,8.65,2,0,0,0.0,0.0,normal
session_31f637db0e29,user_018,developer,2026-06-24 08:41:54,2026-06-24 14:52:54,21,6,0,21,1,1,4,0,0,0.0,0.0,0,0,371.0,8.683333333333334,2,0,0,0.0,0.0,normal
session_1d61bfde245d,user_023,developer,2026-06-24 08:42:17,2026-06-24 11:30:17,11,4,0,11,1,1,5,0,0,0.0,0.0,0,0,168.0,8.7,2,0,0,0.0,0.0,normal
session_d9f230d000f2,user_010,finance,2026-06-24 08:44:39,2026-06-24 10:43:39,10,1,0,10,1,1,3,1,3,24.552,8.262,0,0,119.0,8.733333333333333,2,0,0,0.0,2.4552,normal
session_bc346d1cb55f,user_034,finance,2026-06-24 08:44:49,2026-06-24 15:52:49,23,6,0,23,1,1,3,6,5,73.709,11.594,0,0,428.0,8.733333333333333,2,0,0,0.0,3.2047391304347825,normal
session_367c13fa1db9,user_014,hr,2026-06-24 08:53:23,2026-06-24 14:20:23,21,9,0,21,1,1,3,2,0,25.155,16.034,0,0,327.0,8.883333333333333,2,0,0,0.0,1.197857142857143,normal
session_c26f1ab7289b,user_016,developer,2026-06-24 08:53:53,2026-06-24 11:37:53,11,3,0,11,1,1,4,0,0,0.0,0.0,0,0,164.0,8.883333333333333,2,0,0,0.0,0.0,normal
session_9ff88baba0f6,user_061,analyst,2026-06-24 08:57:55,2026-06-24 12:16:55,12,5,0,12,1,1,4,5,0,36.446,12.455,0,0,199.0,8.95,2,0,0,0.0,3.0371666666666663,normal
session_29fbc3222443,user_070,admin,2026-06-24 08:58:28,2026-06-24 12:34:28,12,3,0,12,1,1,4,0,0,0.0,0.0,4,0,216.0,8.966666666666667,2,0,0,0.0,0.0,normal
session_c8687f4a51c1,user_062,hr,2026-06-24 08:58:32,2026-06-24 11:40:32,12,4,0,12,1,1,3,3,0,38.073,15.356,0,0,162.0,8.966666666666667,2,0,0,0.0,3.17275,normal
session_477d3effefe4,user_043,hr,2026-06-24 08:58:58,2026-06-24 17:02:58,25,8,0,25,1,1,3,4,0,42.34,14.04,0,0,484.0,8.966666666666667,2,0,0,0.0,1.6936000000000002,normal
session_79e087c88460,user_038,developer,2026-06-24 09:03:55,2026-06-24 14:59:55,19,7,0,19,1,1,5,0,0,0.0,0.0,0,0,356.0,9.05,2,0,0,0.0,0.0,normal
session_b217bd4dbd05,user_057,developer,2026-06-24 09:10:38,2026-06-24 12:55:38,14,2,0,14,1,1,5,0,0,0.0,0.0,0,0,225.0,9.166666666666666,2,0,0,0.0,0.0,normal
session_8032fdb7afb8,user_015,finance,2026-06-24 09:14:03,2026-06-24 12:56:03,15,5,0,15,1,1,3,2,2,14.789,4.881,0,0,222.0,9.233333333333333,2,0,0,0.0,0.9859333333333333,normal
session_9f12d0cca8dd,user_066,developer,2026-06-24 09:14:49,2026-06-24 11:22:49,11,2,0,11,1,1,5,0,0,0.0,0.0,0,0,128.0,9.233333333333333,2,0,0,0.0,0.0,normal
session_43e356bf2c61,user_080,hr,2026-06-24 09:17:05,2026-06-24 16:07:05,25,8,0,25,1,1,3,3,0,37.509,17.117,0,0,410.0,9.283333333333333,2,0,0,0.0,1.50036,normal
session_2f3c7105efe5,user_014,hr,2026-06-24 09:21:06,2026-06-24 10:00:06,2,2,0,2,2,2,1,0,0,0.0,0.0,0,1,39.0,9.35,2,0,0,0.0,0.0,impossible_travel
session_2307284a06f7,user_025,hr,2026-06-24 09:21:57,2026-06-24 12:04:57,11,2,0,11,1,1,3,5,0,7.5,2.402,0,0,163.0,9.35,2,0,0,0.0,0.6818181818181818,normal
session_d796f019ada3,user_058,hr,2026-06-24 09:22:43,2026-06-24 12:31:43,12,5,0,12,1,1,3,1,0,14.845,14.845,0,0,189.0,9.366666666666667,2,0,0,0.0,1.2370833333333333,normal
session_6bf093611252,user_033,developer,2026-06-24 09:24:55,2026-06-24 14:40:55,21,3,0,21,1,1,5,0,0,0.0,0.0,0,0,316.0,9.4,2,0,0,0.0,0.0,normal
session_a08ffe7cc6a7,user_035,admin,2026-06-24 09:25:55,2026-06-24 15:24:55,19,1,0,19,1,1,5,0,0,0.0,0.0,3,0,359.0,9.416666666666666,2,0,0,0.0,0.0,normal
session_05f6d9a68eab,user_039,developer,2026-06-24 09:28:02,2026-06-24 17:00:02,25,4,0,25,1,1,5,0,0,0.0,0.0,0,0,452.0,9.466666666666667,2,0,0,0.0,0.0,normal
session_52aee6bf12f7,user_019,developer,2026-06-24 09:28:52,2026-06-24 15:05:52,23,3,0,23,1,1,5,0,0,0.0,0.0,0,0,337.0,9.466666666666667,2,0,0,0.0,0.0,normal
session_d0ede6185dcb,user_027,developer,2026-06-24 09:31:52,2026-06-24 15:13:52,21,2,0,21,1,1,5,0,0,0.0,0.0,0,0,342.0,9.516666666666667,2,0,0,0.0,0.0,normal
session_3982b00e5fce,user_054,developer,2026-06-24 09:33:26,2026-06-24 12:39:26,15,3,0,15,1,1,4,0,0,0.0,0.0,0,0,186.0,9.55,2,0,0,0.0,0.0,normal
session_0da15616653b,user_076,analyst,2026-06-24 09:33:46,2026-06-24 14:19:46,16,3,0,16,1,1,4,5,0,24.656,9.462,0,0,286.0,9.55,2,0,0,0.0,1.541,normal
session_f9c27f8f79ec,user_028,developer,2026-06-24 09:34:05,2026-06-24 15:08:05,24,6,0,24,1,1,5,0,0,0.0,0.0,0,0,334.0,9.566666666666666,2,0,0,0.0,0.0,normal
session_0479dca20b6d,user_078,developer,2026-06-24 09:34:15,2026-06-24 12:16:15,9,2,0,9,1,1,4,0,0,0.0,0.0,0,0,162.0,9.566666666666666,2,0,0,0.0,0.0,normal
session_93cb25024691,user_059,analyst,2026-06-24 09:36:45,2026-06-24 13:51:45,18,8,0,18,1,1,4,3,0,19.547,8.66,0,0,255.0,9.6,2,0,0,0.0,1.0859444444444444,normal
session_5e8c39102a8e,user_049,analyst,2026-06-24 09:37:53,2026-06-24 11:46:53,10,3,0,10,1,1,3,1,0,2.715,2.715,0,0,129.0,9.616666666666667,2,0,0,0.0,0.27149999999999996,normal
session_a861b3003aec,user_068,developer,2026-06-24 09:40:05,2026-06-24 15:07:05,22,4,0,22,1,1,5,0,0,0.0,0.0,0,0,327.0,9.666666666666666,2,0,0,0.0,0.0,normal
session_4db65feaab5b,user_071,analyst,2026-06-24 09:41:00,2026-06-24 13:25:00,15,7,0,15,1,1,4,5,0,75.815,19.128,0,0,224.0,9.683333333333334,2,0,0,0.0,5.054333333333333,normal
session_a2f975072df5,user_009,developer,2026-06-24 09:43:26,2026-06-24 15:15:26,20,5,0,20,1,1,5,0,0,0.0,0.0,0,0,332.0,9.716666666666667,2,0,0,0.0,0.0,normal
session_8339d423ea14,user_044,developer,2026-06-24 09:45:43,2026-06-24 12:06:43,9,1,0,9,1,1,5,0,0,0.0,0.0,0,0,141.0,9.75,2,0,0,0.0,0.0,normal
session_df6b5ff31903,user_063,finance,2026-06-24 09:47:03,2026-06-24 13:03:03,12,1,0,12,1,1,3,2,4,34.423,11.554,0,0,196.0,9.783333333333333,2,0,0,0.0,2.8685833333333335,normal
session_8f97edfe12eb,user_006,analyst,2026-06-24 09:48:49,2026-06-24 11:57:49,9,4,0,9,1,1,3,2,0,36.697,26.471,0,0,129.0,9.8,2,0,0,0.0,4.077444444444445,normal
session_e9af5447a67b,user_030,hr,2026-06-24 09:57:53,2026-06-24 13:06:53,14,4,0,14,1,1,3,2,0,28.433,15.048,0,0,189.0,9.95,2,0,0,0.0,2.0309285714285714,normal
session_bbddbc16db4b,user_036,developer,2026-06-24 09:58:02,2026-06-24 16:00:02,24,6,0,24,1,1,5,0,0,0.0,0.0,0,0,362.0,9.966666666666667,2,0,0,0.0,0.0,normal
session_8e9d56bf1eea,user_041,finance,2026-06-24 09:59:22,2026-06-24 12:02:22,10,5,0,10,1,1,3,2,2,113.232,39.367,0,0,123.0,9.983333333333333,2,0,0,0.0,11.3232,normal
session_e0c396ef3bd6,user_067,analyst,2026-06-24 09:59:44,2026-06-24 15:35:44,23,8,0,23,1,1,4,5,0,49.453,13.388,0,0,336.0,9.983333333333333,2,0,0,0.0,2.150130434782609,normal
session_7fa9f118fd12,user_065,hr,2026-06-24 10:02:02,2026-06-24 14:36:02,21,3,0,21,1,1,3,6,0,54.028000000000006,16.184,0,0,274.0,10.033333333333333,2,0,0,0.0,2.5727619047619052,normal
session_856dd1afd34d,user_074,finance,2026-06-24 10:02:53,2026-06-24 12:27:53,10,2,0,10,1,1,3,1,2,6.540000000000001,2.623,0,0,145.0,10.033333333333333,2,0,0,0.0,0.6540000000000001,normal
session_938507e4de1d,user_072,hr,2026-06-24 10:07:19,2026-06-24 12:54:19,12,4,0,12,1,1,3,1,0,15.153,15.153,0,0,167.0,10.116666666666667,2,0,0,0.0,1.26275,normal
session_6b92405507a9,user_048,developer,2026-06-24 10:07:35,2026-06-24 15:27:35,20,5,0,20,1,1,5,0,0,0.0,0.0,0,0,320.0,10.116666666666667,2,0,0,0.0,0.0,normal
session_9a3d560352e3,user_001,finance,2026-06-24 10:08:55,2026-06-24 13:13:55,14,3,0,14,1,1,3,2,2,59.994,26.318,0,0,185.0,10.133333333333333,2,0,0,0.0,4.285285714285714,normal
session_a1e490ac1de2,user_053,hr,2026-06-24 10:09:56,2026-06-24 14:37:56,17,7,0,17,1,1,3,4,0,17.133000000000003,7.203,0,0,268.0,10.15,2,0,0,0.0,1.0078235294117648,normal
session_679324969a2f,user_067,analyst,2026-06-24 10:14:31,2026-06-24 10:35:31,8,5,0,8,1,8,4,1,0,101.381,19.766,0,1,21.0,10.233333333333333,2,0,0,0.0,12.672625,device_spoofing
session_971caf788eee,user_003,developer,2026-06-24 10:16:16,2026-06-24 15:46:16,20,2,0,20,1,1,5,0,0,0.0,0.0,0,0,330.0,10.266666666666667,2,0,0,0.0,0.0,normal
session_104c47c40e6e,user_047,developer,2026-06-24 10:16:31,2026-06-24 12:45:31,10,2,0,10,1,1,4,0,0,0.0,0.0,0,0,149.0,10.266666666666667,2,0,0,0.0,0.0,normal
session_6a500d1e95aa,user_046,hr,2026-06-24 10:17:26,2026-06-24 15:46:26,17,4,0,17,1,1,3,4,0,27.475,11.083,0,0,329.0,10.283333333333333,2,0,0,0.0,1.6161764705882353,normal
session_e089146442ea,user_048,developer,2026-06-24 10:19:26,2026-06-24 11:19:26,7,1,0,7,1,1,3,0,0,59.05,19.242,0,0,60.0,10.316666666666666,2,0,0,0.0,8.435714285714285,normal
session_a4b6af0dffb0,user_055,analyst,2026-06-24 10:21:27,2026-06-24 12:43:27,12,4,0,12,1,1,4,5,0,61.632999999999996,17.922,0,0,142.0,10.35,2,0,0,0.0,5.136083333333333,normal
session_3e35c47390c5,user_052,finance,2026-06-24 10:22:35,2026-06-24 12:38:35,10,2,0,10,1,1,3,5,1,42.768,11.826,0,0,136.0,10.366666666666667,2,0,0,0.0,4.2768,normal
session_baecb4e2628c,user_060,developer,2026-06-24 10:25:37,2026-06-24 16:01:37,21,5,0,21,1,1,5,0,0,0.0,0.0,0,0,336.0,10.416666666666666,2,0,0,0.0,0.0,normal
session_28cf91107285,user_037,developer,2026-06-24 10:36:54,2026-06-24 16:44:54,24,4,0,24,1,1,5,0,0,0.0,0.0,0,0,368.0,10.6,2,0,0,0.0,0.0,normal
session_ae9fdd668ce5,user_079,developer,2026-06-24 10:41:39,2026-06-24 15:52:39,18,7,0,18,1,1,5,0,0,0.0,0.0,0,0,311.0,10.683333333333334,2,0,0,0.0,0.0,normal
session_12fe4e239d54,user_004,developer,2026-06-24 10:52:28,2026-06-24 17:58:28,25,6,0,25,1,1,5,0,0,0.0,0.0,0,0,426.0,10.866666666666667,2,0,0,0.0,0.0,normal
session_c82ac06c3c16,user_002,finance,2026-06-24 11:13:27,2026-06-24 16:50:27,21,6,0,21,1,1,3,6,2,64.078,14.653,0,0,337.0,11.216666666666667,2,0,0,0.0,3.0513333333333335,normal
session_8dc2667c2abc,user_031,developer,2026-06-24 11:49:45,2026-06-24 16:05:45,16,2,0,16,1,1,4,0,0,0.0,0.0,0,0,256.0,11.816666666666666,2,0,0,0.0,0.0,normal
session_ca696614a178,user_072,hr,2026-06-25 02:30:45,2026-06-25 02:38:58,32,32,32,32,4,1,1,0,0,0.0,0.0,0,1,8.216666666666667,2.5,3,0,1,1.0,0.0,brute_force
session_12d30cad8602,user_073,hr,2026-06-25 06:57:26,2026-06-25 09:27:26,11,1,0,11,1,1,3,3,0,23.124,11.241,0,0,150.0,6.95,3,0,0,0.0,2.102181818181818,normal
session_c7e61f35e887,user_043,hr,2026-06-25 07:11:43,2026-06-25 12:18:43,19,4,0,19,1,1,3,7,0,74.343,15.98,0,0,307.0,7.183333333333334,3,0,0,0.0,3.9127894736842106,normal
session_a743058133a0,user_058,hr,2026-06-25 07:20:50,2026-06-25 12:59:50,24,10,0,24,1,1,3,4,0,57.785,16.911,0,0,339.0,7.333333333333333,3,0,0,0.0,2.4077083333333333,normal
session_5ee45cabfb49,user_064,finance,2026-06-25 07:24:53,2026-06-25 14:05:53,23,6,0,23,1,1,3,3,5,150.12099999999998,32.797,0,0,401.0,7.4,3,0,0,0.0,6.526999999999999,normal
session_d08d9e0377be,user_006,analyst,2026-06-25 07:28:40,2026-06-25 13:09:40,20,8,0,20,1,1,4,4,0,42.07,14.768,0,0,341.0,7.466666666666667,3,0,0,0.0,2.1035,normal
session_247576e7f98a,user_040,finance,2026-06-25 07:32:14,2026-06-25 12:57:14,18,2,0,18,1,1,3,6,2,137.696,29.459,0,0,325.0,7.533333333333333,3,0,0,0.0,7.649777777777778,normal
session_5a7db3a76354,user_029,admin,2026-06-25 07:44:03,2026-06-25 14:33:03,25,7,0,25,1,1,5,0,0,0.0,0.0,3,0,409.0,7.733333333333333,3,0,0,0.0,0.0,normal
session_ca1f8b9042d8,user_050,developer,2026-06-25 07:48:01,2026-06-25 10:14:01,9,4,0,9,1,1,4,0,0,0.0,0.0,0,0,146.0,7.8,3,0,0,0.0,0.0,normal
session_765ba5f7ad2b,user_045,admin,2026-06-25 07:50:47,2026-06-25 14:44:47,25,5,0,25,1,1,5,0,0,0.0,0.0,2,0,414.0,7.833333333333333,3,0,0,0.0,0.0,normal
session_4b46428cdd96,user_024,hr,2026-06-25 08:01:09,2026-06-25 12:36:09,18,2,0,18,1,1,3,6,0,129.087,31.866,0,0,275.0,8.016666666666667,3,0,0,0.0,7.171499999999999,normal
session_8ab84b5da107,user_031,developer,2026-06-25 08:08:43,2026-06-25 10:50:43,10,3,0,10,1,1,5,0,0,0.0,0.0,0,0,162.0,8.133333333333333,3,0,0,0.0,0.0,normal
session_3a47d9bc77e1,user_069,hr,2026-06-25 08:09:11,2026-06-25 08:18:11,4,1,0,4,1,4,2,1,0,37.385999999999996,17.741,0,1,9.0,8.15,3,0,0,0.0,9.346499999999999,device_spoofing
session_b1ffbe918b4e,user_068,developer,2026-06-25 08:14:50,2026-06-25 13:01:50,21,6,0,21,1,1,5,0,0,0.0,0.0,0,0,287.0,8.233333333333333,3,0,0,0.0,0.0,normal
session_bfaec08a5da9,user_016,developer,2026-06-25 08:18:36,2026-06-25 12:34:36,16,4,0,16,1,1,5,0,0,0.0,0.0,0,0,256.0,8.3,3,0,0,0.0,0.0,normal
session_72344387101f,user_004,developer,2026-06-25 08:21:29,2026-06-25 12:14:29,14,3,0,14,1,1,5,0,0,0.0,0.0,0,0,233.0,8.35,3,0,0,0.0,0.0,normal
session_7e116bbd1644,user_044,developer,2026-06-25 08:21:48,2026-06-25 12:01:48,15,4,0,15,1,1,5,0,0,0.0,0.0,0,0,220.0,8.35,3,0,0,0.0,0.0,normal
session_0f0df15554e8,user_034,finance,2026-06-25 08:23:03,2026-06-25 12:21:03,19,5,0,19,1,1,3,1,5,36.433,9.564,0,0,238.0,8.383333333333333,3,0,0,0.0,1.9175263157894737,normal
session_dd26d9083292,user_028,developer,2026-06-25 08:25:50,2026-06-25 14:52:50,23,6,0,23,1,1,5,0,0,0.0,0.0,0,0,387.0,8.416666666666666,3,0,0,0.0,0.0,normal
session_5901cab50e4f,user_022,developer,2026-06-25 08:31:13,2026-06-25 13:15:13,19,4,0,19,1,1,5,0,0,0.0,0.0,0,0,284.0,8.516666666666667,3,0,0,0.0,0.0,normal
session_d5772bef9ba2,user_042,developer,2026-06-25 08:32:35,2026-06-25 10:42:35,9,2,0,9,1,1,4,0,0,0.0,0.0,0,0,130.0,8.533333333333333,3,0,0,0.0,0.0,normal
session_e6ce4c1ef2dc,user_058,hr,2026-06-25 08:32:57,2026-06-25 09:09:57,2,2,0,2,2,2,1,0,0,0.0,0.0,0,1,37.0,8.533333333333333,3,0,0,0.0,0.0,impossible_travel
session_256cba425a2d,user_074,finance,2026-06-25 08:33:12,2026-06-25 12:24:12,17,4,0,17,1,1,3,5,3,24.825,5.756,0,0,231.0,8.55,3,0,0,0.0,1.4602941176470587,normal
session_3c3ce4637115,user_027,developer,2026-06-25 08:35:05,2026-06-25 14:03:05,21,4,0,21,1,1,5,0,0,0.0,0.0,0,0,328.0,8.583333333333334,3,0,0,0.0,0.0,normal
session_14bdc224d000,user_035,admin,2026-06-25 08:35:15,2026-06-25 11:36:15,13,3,0,13,1,1,5,0,0,0.0,0.0,0,0,181.0,8.583333333333334,3,0,0,0.0,0.0,normal
session_3035889d8b9c,user_078,developer,2026-06-25 08:36:24,2026-06-25 14:01:24,21,6,0,21,1,1,5,0,0,0.0,0.0,0,0,325.0,8.6,3,0,0,0.0,0.0,normal
session_dee73113cba7,user_077,admin,2026-06-25 08:37:11,2026-06-25 13:50:11,18,5,0,18,1,1,5,0,0,0.0,0.0,5,0,313.0,8.616666666666667,3,0,0,0.0,0.0,normal
session_c7d758e80f9b,user_071,analyst,2026-06-25 08:38:56,2026-06-25 11:41:56,11,6,0,11,1,1,4,2,0,43.206,29.188,0,0,183.0,8.633333333333333,3,0,0,0.0,3.927818181818182,normal
session_600df65018b0,user_005,hr,2026-06-25 08:40:12,2026-06-25 11:39:12,12,3,0,12,1,1,3,4,0,14.96,5.221,0,0,179.0,8.666666666666666,3,0,0,0.0,1.2466666666666668,normal
session_c877c0e2c525,user_032,hr,2026-06-25 08:41:37,2026-06-25 14:02:37,22,6,0,22,1,1,3,3,0,10.779,3.995,0,0,321.0,8.683333333333334,3,0,0,0.0,0.4899545454545455,normal
session_499b116d193a,user_012,analyst,2026-06-25 08:43:44,2026-06-25 14:19:44,19,4,0,19,1,1,4,7,0,25.438000000000002,5.195,0,0,336.0,8.716666666666667,3,0,0,0.0,1.338842105263158,normal
session_98df6e3a4c9a,user_020,finance,2026-06-25 08:43:50,2026-06-25 13:16:50,19,8,0,19,1,1,3,4,5,142.255,27.458,0,0,273.0,8.716666666666667,3,0,0,0.0,7.487105263157894,normal
session_da95d48c778c,user_065,hr,2026-06-25 08:48:15,2026-06-25 13:28:15,18,5,0,18,1,1,3,4,0,51.768,17.22,0,0,280.0,8.8,3,0,0,0.0,2.876,normal
session_c2ef67797e27,user_018,developer,2026-06-25 08:53:20,2026-06-25 09:22:20,2,2,0,2,2,2,1,0,0,0.0,0.0,0,1,29.0,8.883333333333333,3,0,0,0.0,0.0,impossible_travel
session_4c783827361e,user_052,finance,2026-06-25 08:54:14,2026-06-25 15:14:14,25,6,0,25,1,1,3,4,5,62.032000000000004,10.172,0,0,380.0,8.9,3,0,0,0.0,2.48128,normal
session_116d14664fd3,user_010,finance,2026-06-25 08:56:28,2026-06-25 13:46:28,25,6,0,25,1,1,3,4,3,66.824,12.639,0,0,290.0,8.933333333333334,3,0,0,0.0,2.67296,normal
session_a4431d3378b0,user_017,admin,2026-06-25 09:04:58,2026-06-25 11:10:58,9,4,0,9,1,1,4,0,0,0.0,0.0,0,0,126.0,9.066666666666666,3,0,0,0.0,0.0,normal
session_c0247aa00d6f,user_047,developer,2026-06-25 09:05:25,2026-06-25 11:13:25,9,4,0,9,1,1,5,0,0,0.0,0.0,0,0,128.0,9.083333333333334,3,0,0,0.0,0.0,normal
session_9dc02f0038b4,user_057,developer,2026-06-25 09:09:20,2026-06-25 16:12:20,25,7,0,25,1,1,5,0,0,0.0,0.0,0,0,423.0,9.15,3,0,0,0.0,0.0,normal
session_7430ccc0cf98,user_018,developer,2026-06-25 09:12:10,2026-06-25 13:50:10,18,3,0,18,1,1,5,0,0,0.0,0.0,0,0,278.0,9.2,3,0,0,0.0,0.0,normal
session_ae44264bf324,user_008,developer,2026-06-25 09:17:27,2026-06-25 14:42:27,18,3,0,18,1,1,5,0,0,0.0,0.0,0,0,325.0,9.283333333333333,3,0,0,0.0,0.0,normal
session_8ba6b40d259a,user_067,analyst,2026-06-25 09:20:47,2026-06-25 12:18:47,12,1,0,12,1,1,3,4,0,44.754999999999995,13.961,0,0,178.0,9.333333333333334,3,0,0,0.0,3.729583333333333,normal
session_e09d23efe944,user_013,hr,2026-06-25 09:22:40,2026-06-25 09:39:40,2,2,0,2,2,2,1,0,0,0.0,0.0,0,1,17.0,9.366666666666667,3,0,0,0.0,0.0,impossible_travel
session_ec3d95dc467b,user_039,developer,2026-06-25 09:23:02,2026-06-25 11:54:02,10,1,0,10,1,1,5,0,0,0.0,0.0,0,0,151.0,9.383333333333333,3,0,0,0.0,0.0,normal
session_8292d9bde4c8,user_025,hr,2026-06-25 09:27:53,2026-06-25 13:49:53,16,6,0,16,1,1,3,3,0,5.425,2.414,0,0,262.0,9.45,3,0,0,0.0,0.3390625,normal
session_88bf682b7a59,user_013,hr,2026-06-25 09:31:37,2026-06-25 14:23:37,20,8,0,20,1,1,3,4,0,20.845,7.887,0,0,292.0,9.516666666666667,3,0,0,0.0,1.04225,normal
session_f814f34a9733,user_030,hr,2026-06-25 09:32:32,2026-06-25 14:47:32,19,3,0,19,1,1,3,7,0,86.443,20.893,0,0,315.0,9.533333333333333,3,0,0,0.0,4.549631578947368,normal
session_0425adc73d37,user_072,hr,2026-06-25 09:35:54,2026-06-25 13:26:54,16,5,0,16,1,1,3,3,0,48.851,25.098,0,0,231.0,9.583333333333334,3,0,0,0.0,3.0531875,normal
session_0e2ddde91374,user_059,analyst,2026-06-25 09:39:14,2026-06-25 13:21:14,14,4,0,14,1,1,4,3,0,22.886,9.651,0,0,222.0,9.65,3,0,0,0.0,1.6347142857142856,normal
session_77f538d1833d,user_037,developer,2026-06-25 09:44:38,2026-06-25 12:50:38,10,4,0,10,1,1,5,0,0,0.0,0.0,0,0,186.0,9.733333333333333,3,0,0,0.0,0.0,normal
session_2f169bded083,user_023,developer,2026-06-25 09:45:18,2026-06-25 15:46:18,23,6,0,23,1,1,5,0,0,0.0,0.0,0,0,361.0,9.75,3,0,0,0.0,0.0,normal
session_6fed97c197c6,user_011,analyst,2026-06-25 09:47:01,2026-06-25 16:49:01,24,5,0,24,1,1,4,4,0,36.106,13.738,0,0,422.0,9.783333333333333,3,0,0,0.0,1.5044166666666667,normal
session_e6622d1efb2d,user_021,finance,2026-06-25 09:47:26,2026-06-25 11:32:26,9,4,0,9,1,1,3,1,0,4.724,4.724,0,0,105.0,9.783333333333333,3,0,0,0.0,0.524888888888889,normal
session_116568912705,user_026,analyst,2026-06-25 09:47:38,2026-06-25 13:23:38,15,6,0,15,1,1,4,5,0,31.191000000000003,10.563,0,0,216.0,9.783333333333333,3,0,0,0.0,2.0794,normal
session_f1cd73a86c65,user_038,developer,2026-06-25 09:48:59,2026-06-25 14:26:59,19,4,0,19,1,1,5,0,0,0.0,0.0,0,0,278.0,9.8,3,0,0,0.0,0.0,normal
session_f7361680801d,user_054,developer,2026-06-25 09:50:21,2026-06-25 17:49:21,24,3,0,24,1,1,5,0,0,0.0,0.0,0,0,479.0,9.833333333333334,3,0,0,0.0,0.0,normal
session_05e94f0121f2,user_036,developer,2026-06-25 10:01:11,2026-06-25 10:16:11,6,3,0,6,1,6,4,1,0,52.403,18.522,0,1,15.0,10.016666666666667,3,0,0,0.0,8.733833333333333,device_spoofing
session_9f79b5fbe063,user_036,developer,2026-06-25 10:09:49,2026-06-25 13:40:49,13,3,0,13,1,1,5,0,0,0.0,0.0,0,0,211.0,10.15,3,0,0,0.0,0.0,normal
session_a9881a3ab77c,user_070,admin,2026-06-25 10:10:46,2026-06-25 12:48:46,11,3,0,11,1,1,5,0,0,0.0,0.0,2,0,158.0,10.166666666666666,3,0,0,0.0,0.0,normal
session_3a33f4146c0b,user_056,hr,2026-06-25 10:13:51,2026-06-25 14:47:51,22,6,0,22,1,1,3,4,0,119.245,38.353,0,0,274.0,10.216666666666667,3,0,0,0.0,5.420227272727273,normal
session_e946cca6b7f9,user_066,developer,2026-06-25 10:16:52,2026-06-25 13:57:52,18,4,0,18,1,1,5,0,0,0.0,0.0,0,0,221.0,10.266666666666667,3,0,0,0.0,0.0,normal
session_8704f97442f5,user_041,finance,2026-06-25 10:17:53,2026-06-25 14:31:53,17,2,0,17,1,1,3,2,2,89.721,52.161,0,0,254.0,10.283333333333333,3,0,0,0.0,5.277705882352941,normal
session_6eadfd26e59f,user_049,analyst,2026-06-25 10:23:57,2026-06-25 14:13:57,14,6,0,14,1,1,4,3,0,16.744999999999997,8.763,0,0,230.0,10.383333333333333,3,0,0,0.0,1.1960714285714285,normal
session_4e409aafb17e,user_075,developer,2026-06-25 10:27:22,2026-06-25 12:36:22,11,3,0,11,1,1,4,0,0,0.0,0.0,0,0,129.0,10.45,3,0,0,0.0,0.0,normal
session_be06f4a13e4d,user_061,analyst,2026-06-25 10:38:29,2026-06-25 16:16:29,21,3,0,21,1,1,4,2,0,9.151,4.835,0,0,338.0,10.633333333333333,3,0,0,0.0,0.43576190476190474,normal
session_c8153c03ab93,user_080,hr,2026-06-25 10:42:22,2026-06-25 14:08:22,14,4,0,14,1,1,3,4,0,55.564,17.779,0,0,206.0,10.7,3,0,0,0.0,3.968857142857143,normal
session_25ca5d58c880,user_055,analyst,2026-06-25 10:44:24,2026-06-25 15:49:24,18,6,0,18,1,1,4,3,0,75.094,50.673,0,0,305.0,10.733333333333333,3,0,0,0.0,4.171888888888889,normal
session_3168a2c81261,user_001,finance,2026-06-25 10:44:40,2026-06-25 16:35:40,23,5,0,23,1,1,3,4,2,94.283,26.301,0,0,351.0,10.733333333333333,3,0,0,0.0,4.099260869565217,normal
session_b5c8e7a3462d,user_076,analyst,2026-06-25 10:45:00,2026-06-25 14:32:00,13,4,0,13,1,1,4,3,0,20.872999999999998,9.562,0,0,227.0,10.75,3,0,0,0.0,1.6056153846153844,normal
session_707e88ede3fb,user_046,hr,2026-06-25 10:58:37,2026-06-25 14:26:37,13,4,0,13,1,1,3,3,0,31.519,11.943,0,0,208.0,10.966666666666667,3,0,0,0.0,2.4245384615384613,normal
session_1f25a47db629,user_060,developer,2026-06-25 11:08:34,2026-06-25 13:56:34,9,2,0,9,1,1,5,0,0,0.0,0.0,0,0,168.0,11.133333333333333,3,0,0,0.0,0.0,normal
session_7a71b7b26966,user_053,hr,2026-06-25 11:11:20,2026-06-25 17:49:20,24,9,0,24,1,1,3,9,0,39.101,9.486,0,0,398.0,11.183333333333334,3,0,0,0.0,1.6292083333333334,normal
session_e05f8bfa9561,user_079,developer,2026-06-25 11:12:49,2026-06-25 14:21:49,13,2,0,13,1,1,4,0,0,0.0,0.0,0,0,189.0,11.2,3,0,0,0.0,0.0,normal
session_702856bc4546,user_048,developer,2026-06-25 11:19:46,2026-06-25 15:56:46,22,6,0,22,1,1,5,0,0,0.0,0.0,0,0,277.0,11.316666666666666,3,0,0,0.0,0.0,normal
session_44b7ea69da06,user_002,finance,2026-06-25 11:28:05,2026-06-25 15:11:05,11,1,0,11,1,1,3,3,5,79.237,16.228,0,0,223.0,11.466666666666667,3,0,0,0.0,7.203363636363636,normal
session_22bf14aa59d1,user_025,hr,2026-06-25 13:09:41,2026-06-25 13:09:41,1,0,0,1,1,1,1,1,0,2.4,2.4,0,1,0.0,13.15,3,0,0,0.0,2.4,low_slow_exfiltration
session_6e9ebeacc905,user_060,developer,2026-06-25 23:12:14,2026-06-26 00:16:14,9,2,0,9,1,1,4,0,0,95.735,19.331,0,0,64.0,23.2,3,0,1,0.0,10.637222222222222,normal
session_b4419884a6ce,user_053,hr,2026-06-25 23:30:24,2026-06-25 23:37:03,26,26,26,26,4,1,1,0,0,0.0,0.0,0,1,6.65,23.5,3,0,1,1.0,0.0,brute_force
session_d17469ef1cd0,user_059,analyst,2026-06-26 04:07:58,2026-06-26 04:17:58,6,1,0,6,1,1,6,0,0,0.0,0.0,1,1,10.0,4.116666666666666,4,0,1,0.0,0.0,lateral_movement
session_ccc97bfbdf7a,user_045,admin,2026-06-26 06:39:31,2026-06-26 10:17:31,13,4,0,13,1,1,5,0,0,0.0,0.0,2,0,218.0,6.65,4,0,0,0.0,0.0,normal
session_8681760ca153,user_039,developer,2026-06-26 07:08:48,2026-06-26 13:17:48,21,5,0,21,1,1,5,0,0,0.0,0.0,0,0,369.0,7.133333333333334,4,0,0,0.0,0.0,normal
session_325db344d74c,user_057,developer,2026-06-26 07:22:09,2026-06-26 10:38:09,12,4,0,12,1,1,3,0,0,0.0,0.0,0,0,196.0,7.366666666666666,4,0,0,0.0,0.0,normal
session_150cf7880096,user_042,developer,2026-06-26 07:23:05,2026-06-26 14:44:05,24,7,0,24,1,1,5,0,0,0.0,0.0,0,0,441.0,7.383333333333334,4,0,0,0.0,0.0,normal
session_ce1e7a472b06,user_069,hr,2026-06-26 07:36:45,2026-06-26 14:04:45,25,5,0,25,1,1,3,8,0,118.988,19.823,0,0,388.0,7.6,4,0,0,0.0,4.75952,normal
session_073dae4b276e,user_073,hr,2026-06-26 07:45:59,2026-06-26 10:54:59,14,7,0,14,1,1,3,1,0,7.565,7.565,0,0,189.0,7.75,4,0,0,0.0,0.5403571428571429,normal
session_dcb12a8d86ac,user_012,analyst,2026-06-26 07:53:42,2026-06-26 11:14:42,11,4,0,11,1,1,3,3,0,17.649,9.476,0,0,201.0,7.883333333333333,4,0,0,0.0,1.6044545454545456,normal
session_6a8635f5bf42,user_058,hr,2026-06-26 07:55:22,2026-06-26 10:42:22,10,4,0,10,1,1,3,1,0,21.25,21.25,0,0,167.0,7.916666666666667,4,0,0,0.0,2.125,normal
session_5051c059a633,user_043,hr,2026-06-26 07:56:53,2026-06-26 13:33:53,22,9,0,22,1,1,3,5,0,55.906,16.682,0,0,337.0,7.933333333333334,4,0,0,0.0,2.541181818181818,normal
session_73efeec57160,user_006,analyst,2026-06-26 08:04:30,2026-06-26 09:51:30,10,1,0,10,1,1,4,4,0,55.863,20.904,0,0,107.0,8.066666666666666,4,0,0,0.0,5.5863,normal
session_d44015b440f0,user_034,finance,2026-06-26 08:10:53,2026-06-26 13:00:53,22,4,0,22,1,1,3,5,6,78.896,13.238,0,0,290.0,8.166666666666666,4,0,0,0.0,3.586181818181818,normal
session_47516128558c,user_014,hr,2026-06-26 08:15:13,2026-06-26 12:41:13,15,4,0,15,1,1,3,3,0,22.384999999999998,8.943,0,0,266.0,8.25,4,0,0,0.0,1.4923333333333333,normal
session_b410222a9294,user_018,developer,2026-06-26 08:21:50,2026-06-26 10:58:50,12,3,0,12,1,1,5,0,0,0.0,0.0,0,0,157.0,8.35,4,0,0,0.0,0.0,normal
session_08d0656027c3,user_049,analyst,2026-06-26 08:22:00,2026-06-26 10:19:00,9,3,0,9,1,1,3,4,0,16.423000000000002,5.24,0,0,117.0,8.366666666666667,4,0,0,0.0,1.824777777777778,normal
session_24afa4f5b338,user_077,admin,2026-06-26 08:22:33,2026-06-26 11:56:33,11,3,0,11,1,1,4,0,0,0.0,0.0,2,0,214.0,8.366666666666667,4,0,0,0.0,0.0,normal
session_90a8860a8c91,user_064,finance,2026-06-26 08:26:27,2026-06-26 12:49:27,15,4,0,15,1,1,3,1,1,36.797,27.125,0,0,263.0,8.433333333333334,4,0,0,0.0,2.453133333333333,normal
session_732d0753a4f2,user_050,developer,2026-06-26 08:28:31,2026-06-26 12:53:31,16,2,0,16,1,1,4,0,0,0.0,0.0,0,0,265.0,8.466666666666667,4,0,0,0.0,0.0,normal
session_455340d8f45c,user_022,developer,2026-06-26 08:33:39,2026-06-26 12:14:39,15,3,0,15,1,1,5,0,0,0.0,0.0,0,0,221.0,8.55,4,0,0,0.0,0.0,normal
session_1b2247a62b29,user_035,admin,2026-06-26 08:36:34,2026-06-26 15:46:34,25,3,0,25,1,1,5,0,0,0.0,0.0,3,0,430.0,8.6,4,0,0,0.0,0.0,normal
session_048253e06d4d,user_044,developer,2026-06-26 08:36:42,2026-06-26 14:15:42,22,5,0,22,1,1,5,0,0,0.0,0.0,0,0,339.0,8.6,4,0,0,0.0,0.0,normal
session_bc031fa87256,user_033,developer,2026-06-26 08:36:57,2026-06-26 13:26:57,21,6,0,21,1,1,4,0,0,0.0,0.0,0,0,290.0,8.6,4,0,0,0.0,0.0,normal
session_3fce5ec331a2,user_009,developer,2026-06-26 08:40:54,2026-06-26 12:31:54,13,3,0,13,1,1,5,0,0,0.0,0.0,0,0,231.0,8.666666666666666,4,0,0,0.0,0.0,normal
session_4b15b96f6219,user_036,developer,2026-06-26 08:42:50,2026-06-26 11:34:50,13,3,0,13,1,1,5,0,0,0.0,0.0,0,0,172.0,8.7,4,0,0,0.0,0.0,normal
session_ec43e3a8fa4b,user_074,finance,2026-06-26 08:43:40,2026-06-26 11:34:40,9,2,0,9,1,1,3,2,1,6.326,2.28,0,0,171.0,8.716666666666667,4,0,0,0.0,0.7028888888888889,normal
session_6ec142d529f3,user_004,developer,2026-06-26 08:44:20,2026-06-26 13:17:20,21,4,0,21,1,1,5,0,0,0.0,0.0,0,0,273.0,8.733333333333333,4,0,0,0.0,0.0,normal
session_134179511797,user_011,analyst,2026-06-26 08:46:00,2026-06-26 14:34:00,23,3,0,23,1,1,4,7,0,40.4,10.753,0,0,348.0,8.766666666666667,4,0,0,0.0,1.7565217391304346,normal
session_f8ff56a89abe,user_024,hr,2026-06-26 08:48:20,2026-06-26 14:33:20,21,4,0,21,1,1,3,6,0,131.612,29.834,0,0,345.0,8.8,4,0,0,0.0,6.267238095238095,normal
session_e78fd6c44161,user_038,developer,2026-06-26 08:48:43,2026-06-26 12:38:43,14,3,0,14,1,1,5,0,0,0.0,0.0,0,0,230.0,8.8,4,0,0,0.0,0.0,normal
session_9d2e7ebd1762,user_062,hr,2026-06-26 08:54:14,2026-06-26 14:05:14,20,5,0,20,1,1,3,6,0,134.30599999999998,32.032,0,0,311.0,8.9,4,0,0,0.0,6.715299999999999,normal
session_5c4656f4bab5,user_061,analyst,2026-06-26 08:56:26,2026-06-26 11:55:26,14,4,0,14,1,1,4,3,0,17.521,10.855,0,0,179.0,8.933333333333334,4,0,0,0.0,1.2515,normal
session_0eb0621074b1,user_001,finance,2026-06-26 08:57:38,2026-06-26 14:33:38,21,8,0,21,1,1,3,5,3,136.912,33.671,0,0,336.0,8.95,4,0,0,0.0,6.519619047619048,normal
session_c655b10cead0,user_017,admin,2026-06-26 09:06:37,2026-06-26 14:15:37,25,3,0,25,1,1,5,0,0,0.0,0.0,4,0,309.0,9.1,4,0,0,0.0,0.0,normal
session_6d932696effa,user_054,developer,2026-06-26 09:09:10,2026-06-26 14:11:10,21,5,0,21,1,1,5,0,0,0.0,0.0,0,0,302.0,9.15,4,0,0,0.0,0.0,normal
session_dcd6e630ee81,user_052,finance,2026-06-26 09:09:17,2026-06-26 12:53:17,14,3,0,14,1,1,3,2,2,25.989,9.428,0,0,224.0,9.15,4,0,0,0.0,1.8563571428571428,normal
session_a7123c3b69cf,user_010,finance,2026-06-26 09:09:17,2026-06-26 14:51:17,23,7,0,23,1,1,3,1,4,36.479,8.992,0,0,342.0,9.15,4,0,0,0.0,1.5860434782608694,normal
session_e326861b99b0,user_043,hr,2026-06-26 09:09:30,2026-06-26 10:24:30,6,0,0,6,1,1,1,2,0,107.644,28.22,0,0,75.0,9.15,4,0,0,0.0,17.94066666666667,normal
session_154535deb494,user_067,analyst,2026-06-26 09:10:58,2026-06-26 13:30:58,16,8,0,16,1,1,4,1,0,6.652,6.652,0,0,260.0,9.166666666666666,4,0,0,0.0,0.41575,normal
session_6eb737a6f2ac,user_031,developer,2026-06-26 09:12:16,2026-06-26 14:21:16,19,6,0,19,1,1,5,0,0,0.0,0.0,0,0,309.0,9.2,4,0,0,0.0,0.0,normal
session_66e9b81fab48,user_005,hr,2026-06-26 09:17:53,2026-06-26 13:04:53,15,6,0,15,1,1,3,4,0,17.658,6.577,0,0,227.0,9.283333333333333,4,0,0,0.0,1.1772,normal
session_baa133467582,user_037,developer,2026-06-26 09:19:27,2026-06-26 15:44:27,22,5,0,22,1,1,5,0,0,0.0,0.0,0,0,385.0,9.316666666666666,4,0,0,0.0,0.0,normal
session_cb322d7bdfdd,user_065,hr,2026-06-26 09:20:32,2026-06-26 16:45:32,25,4,0,25,1,1,3,7,0,79.91,27.345,0,0,445.0,9.333333333333334,4,0,0,0.0,3.1963999999999997,normal
session_436ebdcdeac1,user_016,developer,2026-06-26 09:20:38,2026-06-26 14:27:38,18,4,0,18,1,1,5,0,0,0.0,0.0,0,0,307.0,9.333333333333334,4,0,0,0.0,0.0,normal
session_d71a6683a956,user_070,admin,2026-06-26 09:25:29,2026-06-26 13:17:29,14,2,0,14,1,1,5,0,0,0.0,0.0,1,0,232.0,9.416666666666666,4,0,0,0.0,0.0,normal
session_20489f32d584,user_027,developer,2026-06-26 09:26:44,2026-06-26 12:59:44,14,2,0,14,1,1,5,0,0,0.0,0.0,0,0,213.0,9.433333333333334,4,0,0,0.0,0.0,normal
session_33f26f709982,user_015,finance,2026-06-26 09:26:48,2026-06-26 13:48:48,17,3,0,17,1,1,3,2,3,27.251,8.837,0,0,262.0,9.433333333333334,4,0,0,0.0,1.603,normal
session_adad30edd795,user_008,developer,2026-06-26 09:27:03,2026-06-26 15:45:03,25,5,0,25,1,1,5,0,0,0.0,0.0,0,0,378.0,9.45,4,0,0,0.0,0.0,normal
session_a60d0339d3f1,user_023,developer,2026-06-26 09:30:04,2026-06-26 12:52:04,13,4,0,13,1,1,4,0,0,0.0,0.0,0,0,202.0,9.5,4,0,0,0.0,0.0,normal
session_d219d4e6c588,user_020,finance,2026-06-26 09:30:19,2026-06-26 14:17:19,19,4,0,19,1,1,3,7,4,217.168,40.202,0,0,287.0,9.5,4,0,0,0.0,11.429894736842106,normal
session_57218e01e771,user_026,analyst,2026-06-26 09:30:27,2026-06-26 14:40:27,19,4,0,19,1,1,4,6,0,46.34,11.544,0,0,310.0,9.5,4,0,0,0.0,2.438947368421053,normal
session_93d1839663d0,user_007,developer,2026-06-26 09:30:33,2026-06-26 12:50:33,14,1,0,14,1,1,4,0,0,0.0,0.0,0,0,200.0,9.5,4,0,0,0.0,0.0,normal
session_53eb482b1def,user_066,developer,2026-06-26 09:35:16,2026-06-26 11:40:16,9,3,0,9,1,1,5,0,0,0.0,0.0,0,0,125.0,9.583333333333334,4,0,0,0.0,0.0,normal
session_3f6a9cc301d2,user_040,finance,2026-06-26 09:35:31,2026-06-26 15:36:31,22,9,0,22,1,1,3,6,1,130.518,30.268,0,0,361.0,9.583333333333334,4,0,0,0.0,5.932636363636363,normal
session_7a36096c6031,user_003,developer,2026-06-26 09:35:56,2026-06-26 14:29:56,19,8,0,19,1,1,5,0,0,0.0,0.0,0,0,294.0,9.583333333333334,4,0,0,0.0,0.0,normal
session_eb6a0df63813,user_013,hr,2026-06-26 09:37:21,2026-06-26 15:22:21,21,10,0,21,1,1,3,5,0,26.402,8.381,0,0,345.0,9.616666666666667,4,0,0,0.0,1.2572380952380953,normal
session_485972824f4c,user_048,developer,2026-06-26 09:38:35,2026-06-26 15:54:35,22,5,0,22,1,1,5,0,0,0.0,0.0,0,0,376.0,9.633333333333333,4,0,0,0.0,0.0,normal
session_945b43460148,user_080,hr,2026-06-26 09:44:03,2026-06-26 14:33:03,20,6,0,20,1,1,3,3,0,71.05799999999999,37.823,0,0,289.0,9.733333333333333,4,0,0,0.0,3.5528999999999997,normal
session_5cb2f93c6201,user_030,hr,2026-06-26 09:45:10,2026-06-26 15:25:10,20,4,0,20,1,1,3,4,0,70.05,21.041,0,0,340.0,9.75,4,0,0,0.0,3.5025,normal
session_7182cc70b30c,user_068,developer,2026-06-26 09:47:26,2026-06-26 13:41:26,16,5,0,16,1,1,5,0,0,0.0,0.0,0,0,234.0,9.783333333333333,4,0,0,0.0,0.0,normal
session_f1f1dc88974f,user_060,developer,2026-06-26 09:59:41,2026-06-26 13:29:41,15,4,0,15,1,1,5,0,0,0.0,0.0,0,0,210.0,9.983333333333333,4,0,0,0.0,0.0,normal
session_aa82a52b53f7,user_063,finance,2026-06-26 10:01:16,2026-06-26 15:48:16,20,4,0,20,1,1,3,2,7,57.059,9.702,0,0,347.0,10.016666666666667,4,0,0,0.0,2.85295,normal
session_53e97348be7e,user_078,developer,2026-06-26 10:04:09,2026-06-26 12:17:09,11,3,0,11,1,1,5,0,0,0.0,0.0,0,0,133.0,10.066666666666666,4,0,0,0.0,0.0,normal
session_f735a8377842,user_019,developer,2026-06-26 10:04:21,2026-06-26 16:05:21,23,4,0,23,1,1,5,0,0,0.0,0.0,0,0,361.0,10.066666666666666,4,0,0,0.0,0.0,normal
session_ce9f9416b873,user_040,finance,2026-06-26 10:12:25,2026-06-26 11:27:25,6,0,0,6,1,1,1,1,0,96.885,24.639,0,0,75.0,10.2,4,0,0,0.0,16.1475,normal
session_ccf232456e8f,user_046,hr,2026-06-26 10:12:42,2026-06-26 13:24:42,13,1,0,13,1,1,3,4,0,31.991,13.72,0,0,192.0,10.2,4,0,0,0.0,2.4608461538461537,normal
session_0a7d9bb63e02,user_047,developer,2026-06-26 10:16:15,2026-06-26 12:52:15,9,3,0,9,1,1,3,0,0,0.0,0.0,0,0,156.0,10.266666666666667,4,0,0,0.0,0.0,normal
session_c61b8096ec3e,user_056,hr,2026-06-26 10:21:08,2026-06-26 12:32:08,9,3,0,9,1,1,3,2,0,46.042,34.438,0,0,131.0,10.35,4,0,0,0.0,5.115777777777778,normal
session_d43be30a9095,user_053,hr,2026-06-26 10:21:35,2026-06-26 15:52:35,19,4,0,19,1,1,3,6,0,28.041,7.196,0,0,331.0,10.35,4,0,0,0.0,1.4758421052631578,normal
session_52dfe84c0086,user_028,developer,2026-06-26 10:23:42,2026-06-26 12:42:42,11,2,0,11,1,1,4,0,0,0.0,0.0,0,0,139.0,10.383333333333333,4,0,0,0.0,0.0,normal
session_0a0a004d70bc,user_032,hr,2026-06-26 10:24:58,2026-06-26 13:20:58,12,6,0,12,1,1,2,2,0,10.07,5.352,0,0,176.0,10.4,4,0,0,0.0,0.8391666666666667,normal
session_5cfd4d4ea762,user_002,finance,2026-06-26 10:25:01,2026-06-26 16:07:01,23,6,0,23,1,1,3,5,3,76.148,14.812,0,0,342.0,10.416666666666666,4,0,0,0.0,3.310782608695652,normal
session_16f9869fcc7d,user_041,finance,2026-06-26 10:29:22,2026-06-26 17:42:22,24,4,0,24,1,1,3,5,4,173.056,22.461,0,0,433.0,10.483333333333333,4,0,0,0.0,7.2106666666666674,normal
session_c7f5a7db2c3c,user_025,hr,2026-06-26 10:30:23,2026-06-26 16:27:23,24,5,0,24,1,1,3,9,0,18.756,4.436,0,0,357.0,10.5,4,0,0,0.0,0.7815,normal
session_de882944a76e,user_072,hr,2026-06-26 10:34:15,2026-06-26 16:12:15,20,8,0,20,1,1,3,2,0,31.558,16.179,0,0,338.0,10.566666666666666,4,0,0,0.0,1.5779,normal
session_f48386687d50,user_051,analyst,2026-06-26 10:39:15,2026-06-26 13:52:15,14,6,0,14,1,1,4,3,0,19.78,8.316,0,0,193.0,10.65,4,0,0,0.0,1.412857142857143,normal
session_531580ea7a33,user_076,analyst,2026-06-26 10:56:07,2026-06-26 16:18:07,23,9,0,23,1,1,4,7,0,35.387,10.191,0,0,322.0,10.933333333333334,4,0,0,0.0,1.5385652173913045,normal
session_355001cdd21f,user_075,developer,2026-06-26 11:07:11,2026-06-26 15:09:11,16,2,0,16,1,1,5,0,0,0.0,0.0,0,0,242.0,11.116666666666667,4,0,0,0.0,0.0,normal
session_ef03f497d8c7,user_055,analyst,2026-06-26 11:14:26,2026-06-26 16:41:26,23,6,0,23,1,1,4,5,0,77.363,19.457,0,0,327.0,11.233333333333333,4,0,0,0.0,3.363608695652174,normal
session_86e0c5f849ef,user_025,hr,2026-06-26 12:12:52,2026-06-26 12:12:52,1,0,0,1,1,1,1,1,0,3.1,3.1,0,1,0.0,12.2,4,0,0,0.0,3.1,low_slow_exfiltration
session_c110fe016650,user_018,developer,2026-06-26 22:08:19,2026-06-26 23:04:19,8,2,0,8,1,1,5,0,0,83.53,18.182,0,0,56.0,22.133333333333333,4,0,1,0.0,10.44125,normal
session_7807e681e68d,user_026,analyst,2026-06-27 03:43:49,2026-06-27 03:53:49,6,1,0,6,1,1,6,0,0,0.0,0.0,1,1,10.0,3.716666666666667,5,1,1,0.0,0.0,lateral_movement
session_6e635f2c6279,user_050,developer,2026-06-27 07:36:39,2026-06-27 12:20:39,19,1,0,19,1,1,4,0,0,0.0,0.0,0,0,284.0,7.6,5,1,0,0.0,0.0,normal
session_6d68f17d367e,user_008,developer,2026-06-27 08:08:11,2026-06-27 10:58:11,12,2,0,12,1,1,5,0,0,0.0,0.0,0,0,170.0,8.133333333333333,5,1,0,0.0,0.0,normal
session_bcf6e1d3aeba,user_012,analyst,2026-06-27 08:22:46,2026-06-27 13:59:46,22,5,0,22,1,1,4,4,0,19.381,5.724,0,0,337.0,8.366666666666667,5,1,0,0.0,0.8809545454545454,normal
session_a9f04de28409,user_009,developer,2026-06-27 08:29:41,2026-06-27 11:38:41,11,2,0,11,1,1,5,0,0,0.0,0.0,0,0,189.0,8.483333333333333,5,1,0,0.0,0.0,normal
session_6d4cc4bf1981,user_038,developer,2026-06-27 08:32:54,2026-06-27 13:02:54,18,1,0,18,1,1,5,0,0,0.0,0.0,0,0,270.0,8.533333333333333,5,1,0,0.0,0.0,normal
session_ee00f2352f08,user_035,admin,2026-06-27 08:36:34,2026-06-27 13:12:34,20,5,0,20,1,1,5,0,0,0.0,0.0,2,0,276.0,8.6,5,1,0,0.0,0.0,normal
session_f3b699d44c6b,user_051,analyst,2026-06-27 08:40:26,2026-06-27 10:57:26,9,2,0,9,1,1,4,4,0,26.448999999999998,8.208,0,0,137.0,8.666666666666666,5,1,0,0.0,2.9387777777777777,normal
session_2613f95d6575,user_074,finance,2026-06-27 08:42:25,2026-06-27 12:41:25,15,3,0,15,1,1,3,5,1,26.661,7.954,0,0,239.0,8.7,5,1,0,0.0,1.7774,normal
session_a8c01d7f4ab6,user_066,developer,2026-06-27 08:46:28,2026-06-27 11:49:28,9,4,0,9,1,1,5,0,0,0.0,0.0,0,0,183.0,8.766666666666667,5,1,0,0.0,0.0,normal
session_3905209902ab,user_017,admin,2026-06-27 08:55:20,2026-06-27 12:44:20,13,2,0,13,1,1,5,0,0,0.0,0.0,3,0,229.0,8.916666666666666,5,1,0,0.0,0.0,normal
session_f37c65ff0e47,user_023,developer,2026-06-27 08:59:06,2026-06-27 11:49:06,13,2,0,13,1,1,5,0,0,0.0,0.0,0,0,170.0,8.983333333333333,5,1,0,0.0,0.0,normal
session_fc3e16110b2f,user_067,analyst,2026-06-27 08:59:10,2026-06-27 11:55:10,14,5,0,14,1,1,4,3,0,44.543,18.29,0,0,176.0,8.983333333333333,5,1,0,0.0,3.181642857142857,normal
session_0b184f0dd6da,user_007,developer,2026-06-27 09:10:25,2026-06-27 14:51:25,21,5,0,21,1,1,5,0,0,0.0,0.0,0,0,341.0,9.166666666666666,5,1,0,0.0,0.0,normal
session_e4f3863827a9,user_061,analyst,2026-06-27 09:13:36,2026-06-27 14:20:36,18,4,0,18,1,1,4,5,0,27.769,7.649,0,0,307.0,9.216666666666667,5,1,0,0.0,1.542722222222222,normal
session_68730c00afe7,user_065,hr,2026-06-27 09:16:22,2026-06-27 11:33:22,11,4,0,11,1,1,3,2,0,25.812,16.129,0,0,137.0,9.266666666666667,5,1,0,0.0,2.3465454545454545,normal
session_db238af92a77,user_037,developer,2026-06-27 09:17:51,2026-06-27 15:40:51,21,5,0,21,1,1,5,0,0,0.0,0.0,0,0,383.0,9.283333333333333,5,1,0,0.0,0.0,normal
session_0184735eae86,user_041,finance,2026-06-27 09:26:15,2026-06-27 09:26:15,1,0,0,1,1,1,1,1,0,74.809,74.809,0,0,0.0,9.433333333333334,5,1,0,0.0,74.809,normal
session_18c42a18271f,user_020,finance,2026-06-27 09:26:57,2026-06-27 13:13:57,12,5,0,12,1,1,3,3,1,54.469,20.571,0,0,227.0,9.433333333333334,5,1,0,0.0,4.539083333333333,normal
session_aa6230e04921,user_031,developer,2026-06-27 09:34:20,2026-06-27 14:10:20,20,6,0,20,1,1,4,0,0,0.0,0.0,0,0,276.0,9.566666666666666,5,1,0,0.0,0.0,normal
session_6d340b8e2e7a,user_015,finance,2026-06-27 09:35:24,2026-06-27 15:26:24,25,6,0,25,1,1,3,3,7,39.515,7.941,0,0,351.0,9.583333333333334,5,1,0,0.0,1.5806,normal
session_75c7de1fff41,user_052,finance,2026-06-27 09:39:31,2026-06-27 14:29:31,18,2,0,18,1,1,3,5,3,46.336,7.328,0,0,290.0,9.65,5,1,0,0.0,2.574222222222222,normal
session_2dc16a19be83,user_069,hr,2026-06-27 09:51:31,2026-06-27 09:51:31,1,0,0,1,1,1,1,1,0,55.24,55.24,0,0,0.0,9.85,5,1,0,0.0,55.24,normal
session_d4044e20a245,user_030,hr,2026-06-27 09:56:52,2026-06-27 14:13:52,14,5,0,14,1,1,3,5,0,64.846,14.535,0,0,257.0,9.933333333333334,5,1,0,0.0,4.631857142857143,normal
session_7ff23a8ab122,user_063,finance,2026-06-27 09:57:32,2026-06-27 16:26:32,25,6,0,25,1,1,3,3,6,54.689,8.196,0,0,389.0,9.95,5,1,0,0.0,2.18756,normal
session_7d1bc6f10c7f,user_048,developer,2026-06-27 10:13:07,2026-06-27 16:22:07,20,4,0,20,1,1,5,0,0,0.0,0.0,0,0,369.0,10.216666666666667,5,1,0,0.0,0.0,normal
session_317732af52b5,user_061,analyst,2026-06-27 10:15:40,2026-06-27 12:15:40,11,1,0,11,1,1,4,3,0,96.709,13.802,0,0,120.0,10.25,5,1,0,0.0,8.791727272727274,normal
session_249289f3dcf3,user_001,finance,2026-06-27 10:20:35,2026-06-27 16:33:35,25,4,0,25,1,1,3,5,6,157.054,30.221,0,0,373.0,10.333333333333334,5,1,0,0.0,6.28216,normal
session_9c5651a30d03,user_036,developer,2026-06-27 11:20:54,2026-06-27 12:10:54,6,0,0,6,1,1,4,0,0,71.782,23.306,0,0,50.0,11.333333333333334,5,1,0,0.0,11.963666666666667,normal
session_78c4d92e8777,user_055,analyst,2026-06-27 11:33:53,2026-06-27 15:10:53,14,5,0,14,1,1,4,1,0,13.93,13.93,0,0,217.0,11.55,5,1,0,0.0,0.995,normal
session_ff4041daee4a,user_025,hr,2026-06-27 12:34:03,2026-06-27 12:34:03,1,0,0,1,1,1,1,1,0,3.8,3.8,0,1,0.0,12.566666666666666,5,1,0,0.0,3.8,low_slow_exfiltration
session_b024194af2d4,user_039,developer,2026-06-27 22:30:24,2026-06-27 22:37:04,26,26,26,26,4,1,1,0,0,0.0,0.0,0,1,6.666666666666667,22.5,5,1,1,1.0,0.0,brute_force
session_ffb2e92a1e9f,user_021,finance,2026-06-28 03:30:36,2026-06-28 03:36:36,21,21,21,21,4,1,1,0,0,0.0,0.0,0,1,6.0,3.5,6,1,1,1.0,0.0,brute_force
session_ed730da08f08,user_067,analyst,2026-06-28 04:35:44,2026-06-28 04:35:44,1,1,0,1,1,1,1,0,0,0.0,0.0,0,1,0.0,4.583333333333333,6,1,1,0.0,0.0,credential_stuffing
session_a65935409480,user_071,analyst,2026-06-28 04:36:04,2026-06-28 04:36:04,1,1,1,1,1,1,1,0,0,0.0,0.0,0,1,0.0,4.6,6,1,1,1.0,0.0,credential_stuffing
session_2a53ec9d3510,user_028,developer,2026-06-28 04:36:24,2026-06-28 04:36:24,1,1,1,1,1,1,1,0,0,0.0,0.0,0,1,0.0,4.6,6,1,1,1.0,0.0,credential_stuffing
session_58b67ea11001,user_015,finance,2026-06-28 04:36:44,2026-06-28 04:36:44,1,1,1,1,1,1,1,0,0,0.0,0.0,0,1,0.0,4.6,6,1,1,1.0,0.0,credential_stuffing
session_9b363c37b596,user_049,analyst,2026-06-28 04:37:04,2026-06-28 04:37:04,1,1,1,1,1,1,1,0,0,0.0,0.0,0,1,0.0,4.616666666666667,6,1,1,1.0,0.0,credential_stuffing
session_8b478b750a25,user_053,hr,2026-06-28 04:37:24,2026-06-28 04:37:24,1,1,1,1,1,1,1,0,0,0.0,0.0,0,1,0.0,4.616666666666667,6,1,1,1.0,0.0,credential_stuffing
session_25a5d3464712,user_021,finance,2026-06-28 04:37:44,2026-06-28 04:37:44,1,1,0,1,1,1,1,0,0,0.0,0.0,0,1,0.0,4.616666666666667,6,1,1,0.0,0.0,credential_stuffing
session_7f3118ea623f,user_023,developer,2026-06-28 04:38:04,2026-06-28 04:38:04,1,1,1,1,1,1,1,0,0,0.0,0.0,0,1,0.0,4.633333333333333,6,1,1,1.0,0.0,credential_stuffing
session_2f036076fcc1,user_034,finance,2026-06-28 04:38:24,2026-06-28 04:38:24,1,1,1,1,1,1,1,0,0,0.0,0.0,0,1,0.0,4.633333333333333,6,1,1,1.0,0.0,credential_stuffing
session_c2d9125f262a,user_045,admin,2026-06-28 04:38:44,2026-06-28 04:38:44,1,1,1,1,1,1,1,0,0,0.0,0.0,0,1,0.0,4.633333333333333,6,1,1,1.0,0.0,credential_stuffing
session_f5abbbde2a0c,user_080,hr,2026-06-28 04:39:04,2026-06-28 04:39:04,1,1,1,1,1,1,1,0,0,0.0,0.0,0,1,0.0,4.65,6,1,1,1.0,0.0,credential_stuffing
session_f19941de8821,user_075,developer,2026-06-28 04:39:24,2026-06-28 04:39:24,1,1,1,1,1,1,1,0,0,0.0,0.0,0,1,0.0,4.65,6,1,1,1.0,0.0,credential_stuffing
session_ccc2d2a4e896,user_029,admin,2026-06-28 07:56:45,2026-06-28 08:23:45,10,4,0,10,1,10,5,2,0,93.616,16.857,0,1,27.0,7.933333333333334,6,1,0,0.0,9.3616,device_spoofing
session_c3416756b3ae,user_073,hr,2026-06-28 08:28:19,2026-06-28 14:18:19,23,5,0,23,1,1,3,6,0,38.012,8.309,0,0,350.0,8.466666666666667,6,1,0,0.0,1.6526956521739131,normal
session_983e6be5a8e1,user_071,analyst,2026-06-28 08:35:43,2026-06-28 14:07:43,19,5,0,19,1,1,4,7,0,100.786,24.54,0,0,332.0,8.583333333333334,6,1,0,0.0,5.304526315789474,normal
session_3588b8f62b5e,user_062,hr,2026-06-28 08:39:14,2026-06-28 13:19:14,15,3,0,15,1,1,3,4,0,50.352999999999994,20.769,0,0,280.0,8.65,6,1,0,0.0,3.3568666666666664,normal
session_1b35f9273c4a,user_057,developer,2026-06-28 09:01:55,2026-06-28 12:32:55,12,4,0,12,1,1,5,0,0,0.0,0.0,0,0,211.0,9.016666666666667,6,1,0,0.0,0.0,normal
session_446be1a31c8c,user_075,developer,2026-06-28 09:08:46,2026-06-28 09:09:46,3,3,2,3,1,1,1,0,0,0.0,0.0,0,0,1.0,9.133333333333333,6,1,0,0.6666666666666666,0.0,normal
session_08255340c7e8,user_016,developer,2026-06-28 09:24:46,2026-06-28 14:14:46,18,6,0,18,1,1,4,0,0,0.0,0.0,0,0,290.0,9.4,6,1,0,0.0,0.0,normal
session_be30e147ddeb,user_056,hr,2026-06-28 09:26:30,2026-06-28 15:23:30,24,12,0,24,1,1,3,4,0,136.433,48.374,0,0,357.0,9.433333333333334,6,1,0,0.0,5.684708333333333,normal
session_2e02294cb0d2,user_063,finance,2026-06-28 09:28:27,2026-06-28 13:34:27,15,4,0,15,1,1,3,1,3,43.791,19.869,0,0,246.0,9.466666666666667,6,1,0,0.0,2.9194,normal
session_b1afdc6bceec,user_031,developer,2026-06-28 09:29:13,2026-06-28 11:58:13,9,2,0,9,1,1,4,0,0,0.0,0.0,0,0,149.0,9.483333333333333,6,1,0,0.0,0.0,normal
session_9ca185739411,user_018,developer,2026-06-28 09:34:23,2026-06-28 12:50:23,13,5,0,13,1,1,5,0,0,0.0,0.0,0,0,196.0,9.566666666666666,6,1,0,0.0,0.0,normal
session_ab2fdee2c9ac,user_049,analyst,2026-06-28 10:00:23,2026-06-28 15:29:23,21,7,0,21,1,1,4,5,0,24.243,7.682,0,0,329.0,10.0,6,1,0,0.0,1.1544285714285714,normal
session_2d739a3d7e2a,user_030,hr,2026-06-28 10:01:52,2026-06-28 13:42:52,16,7,0,16,1,1,3,2,0,20.595,10.826,0,0,221.0,10.016666666666667,6,1,0,0.0,1.2871875,normal
session_e4e1e11db959,user_072,hr,2026-06-28 10:16:20,2026-06-28 16:34:20,24,8,0,24,1,1,3,6,0,76.59100000000001,19.544,0,0,378.0,10.266666666666667,6,1,0,0.0,3.191291666666667,normal
session_0a4f6b7fd8f9,user_079,developer,2026-06-28 10:16:41,2026-06-28 16:33:41,22,9,0,22,1,1,5,0,0,0.0,0.0,0,0,377.0,10.266666666666667,6,1,0,0.0,0.0,normal
session_7c3c1ae3da46,user_068,developer,2026-06-28 10:17:36,2026-06-28 13:38:36,13,3,0,13,1,1,5,0,0,0.0,0.0,0,0,201.0,10.283333333333333,6,1,0,0.0,0.0,normal
session_9260abc5a597,user_070,admin,2026-06-28 10:43:13,2026-06-28 17:13:13,24,5,0,24,1,1,5,0,0,0.0,0.0,3,0,390.0,10.716666666666667,6,1,0,0.0,0.0,normal
session_42a289fcfec1,user_025,hr,2026-06-28 12:35:21,2026-06-28 12:35:21,1,0,0,1,1,1,1,1,0,4.5,4.5,0,1,0.0,12.583333333333334,6,1,0,0.0,4.5,low_slow_exfiltration
session_a8ca2d9d5cb6,user_007,developer,2026-06-29 01:49:28,2026-06-29 01:49:28,1,1,1,1,1,1,1,0,0,0.0,0.0,0,1,0.0,1.8166666666666667,0,0,1,1.0,0.0,credential_stuffing
session_2d0795b8b22e,user_045,admin,2026-06-29 01:49:48,2026-06-29 01:49:48,1,1,1,1,1,1,1,0,0,0.0,0.0,0,1,0.0,1.8166666666666667,0,0,1,1.0,0.0,credential_stuffing
session_519ddf7900d9,user_035,admin,2026-06-29 01:50:08,2026-06-29 01:50:08,1,1,1,1,1,1,1,0,0,0.0,0.0,0,1,0.0,1.8333333333333335,0,0,1,1.0,0.0,credential_stuffing
session_f2f3139be382,user_001,finance,2026-06-29 01:50:28,2026-06-29 01:50:28,1,1,1,1,1,1,1,0,0,0.0,0.0,0,1,0.0,1.8333333333333335,0,0,1,1.0,0.0,credential_stuffing
session_b85483830f1e,user_061,analyst,2026-06-29 01:50:48,2026-06-29 01:50:48,1,1,0,1,1,1,1,0,0,0.0,0.0,0,1,0.0,1.8333333333333335,0,0,1,0.0,0.0,credential_stuffing
session_447ad385bb5a,user_030,hr,2026-06-29 01:55:24,2026-06-29 02:05:24,6,1,0,6,1,1,6,0,0,0.0,0.0,1,1,10.0,1.9166666666666665,0,0,1,0.0,0.0,lateral_movement
session_99fe04205383,user_069,hr,2026-06-29 07:22:02,2026-06-29 12:23:02,20,3,0,20,1,1,3,5,0,70.634,26.533,0,0,301.0,7.366666666666666,0,0,0,0.0,3.5317,normal
session_e80955de62ff,user_016,developer,2026-06-29 07:27:23,2026-06-29 13:33:23,25,6,0,25,1,1,5,0,0,0.0,0.0,0,0,366.0,7.45,0,0,0,0.0,0.0,normal
session_fd0b1ca708e8,user_022,developer,2026-06-29 07:48:50,2026-06-29 14:20:50,22,6,0,22,1,1,5,0,0,0.0,0.0,0,0,392.0,7.8,0,0,0,0.0,0.0,normal
session_2801c53e5cb2,user_008,developer,2026-06-29 07:52:50,2026-06-29 12:04:50,14,2,0,14,1,1,5,0,0,0.0,0.0,0,0,252.0,7.866666666666667,0,0,0,0.0,0.0,normal
session_fa7fc6cfde2a,user_024,hr,2026-06-29 07:55:41,2026-06-29 14:51:41,25,7,0,25,1,1,3,5,0,130.892,36.437,0,0,416.0,7.916666666666667,0,0,0,0.0,5.2356799999999994,normal
session_b0b1d77ef4e7,user_040,finance,2026-06-29 07:58:12,2026-06-29 13:19:12,22,6,0,22,1,1,3,4,2,76.368,16.102,0,0,321.0,7.966666666666667,0,0,0,0.0,3.471272727272727,normal
session_ccb2830f7247,user_007,developer,2026-06-29 07:58:13,2026-06-29 14:31:13,23,6,0,23,1,1,4,0,0,0.0,0.0,0,0,393.0,7.966666666666667,0,0,0,0.0,0.0,normal
session_9e3b7f6f943e,user_011,analyst,2026-06-29 08:02:21,2026-06-29 14:50:21,25,8,0,25,1,1,4,9,0,83.619,15.078,0,0,408.0,8.033333333333333,0,0,0,0.0,3.34476,normal
session_9c48ea325dc1,user_065,hr,2026-06-29 08:08:33,2026-06-29 13:41:33,25,6,0,25,1,1,3,10,0,128.541,22.421,0,0,333.0,8.133333333333333,0,0,0,0.0,5.14164,normal
session_09051c8187c0,user_020,finance,2026-06-29 08:10:34,2026-06-29 11:35:34,11,1,0,11,1,1,3,2,2,65.207,18.048,0,0,205.0,8.166666666666666,0,0,0,0.0,5.927909090909091,normal
session_353d6912db63,user_057,developer,2026-06-29 08:14:28,2026-06-29 11:45:28,16,4,0,16,1,1,5,0,0,0.0,0.0,0,0,211.0,8.233333333333333,0,0,0,0.0,0.0,normal
session_590be3412291,user_010,finance,2026-06-29 08:18:00,2026-06-29 10:20:00,9,2,0,9,1,1,3,5,0,29.04,7.32,0,0,122.0,8.3,0,0,0,0.0,3.2266666666666666,normal
session_7d37399f4ef6,user_077,admin,2026-06-29 08:18:57,2026-06-29 12:35:57,15,5,0,15,1,1,4,0,0,0.0,0.0,3,0,257.0,8.3,0,0,0,0.0,0.0,normal
session_35c76ad39fe7,user_029,admin,2026-06-29 08:21:14,2026-06-29 14:57:14,25,8,0,25,1,1,5,0,0,0.0,0.0,3,0,396.0,8.35,0,0,0,0.0,0.0,normal
session_b9ebe5d9437f,user_080,hr,2026-06-29 08:26:24,2026-06-29 13:55:24,23,3,0,23,1,1,3,4,0,52.967999999999996,16.296,0,0,329.0,8.433333333333334,0,0,0,0.0,2.30295652173913,normal
session_2a69347a962a,user_013,hr,2026-06-29 08:27:10,2026-06-29 12:03:10,14,5,0,14,1,1,3,4,0,11.827,4.336,0,0,216.0,8.45,0,0,0,0.0,0.8447857142857143,normal
session_ed049b4712c6,user_015,finance,2026-06-29 08:27:30,2026-06-29 12:21:30,13,4,0,13,1,1,3,3,1,13.142,4.397,0,0,234.0,8.45,0,0,0,0.0,1.0109230769230768,normal
session_830763abcf60,user_012,analyst,2026-06-29 08:31:36,2026-06-29 15:00:36,21,5,0,21,1,1,4,7,0,26.691000000000003,4.722,0,0,389.0,8.516666666666667,0,0,0,0.0,1.2710000000000001,normal
session_1f763375bca0,user_067,analyst,2026-06-29 08:33:08,2026-06-29 10:13:08,9,3,0,9,1,1,4,2,0,40.854,21.562,0,0,100.0,8.55,0,0,0,0.0,4.539333333333333,normal
session_2e1de551baf5,user_043,hr,2026-06-29 08:33:48,2026-06-29 14:20:48,19,2,0,19,1,1,3,6,0,46.429,10.81,0,0,347.0,8.55,0,0,0,0.0,2.4436315789473686,normal
session_890794678e3e,user_071,analyst,2026-06-29 08:33:51,2026-06-29 11:57:51,12,3,0,12,1,1,4,2,0,20.508000000000003,13.249,0,0,204.0,8.55,0,0,0,0.0,1.7090000000000003,normal
session_9f1b34ebbf16,user_036,developer,2026-06-29 08:36:02,2026-06-29 15:05:02,24,3,0,24,1,1,5,0,0,0.0,0.0,0,0,389.0,8.6,0,0,0,0.0,0.0,normal
session_e767709bd278,user_073,hr,2026-06-29 08:36:52,2026-06-29 13:23:52,19,7,0,19,1,1,3,3,0,21.887,13.015,0,0,287.0,8.6,0,0,0,0.0,1.1519473684210526,normal
session_56e8aa526eff,user_058,hr,2026-06-29 08:39:09,2026-06-29 14:33:09,19,4,0,19,1,1,3,4,0,65.706,20.408,0,0,354.0,8.65,0,0,0,0.0,3.45821052631579,normal
session_f64bf3477abc,user_045,admin,2026-06-29 08:41:06,2026-06-29 13:46:06,23,6,0,23,1,1,5,0,0,0.0,0.0,6,0,305.0,8.683333333333334,0,0,0,0.0,0.0,normal
session_0c17114ffd7c,user_042,developer,2026-06-29 08:41:52,2026-06-29 15:34:52,25,6,0,25,1,1,5,0,0,0.0,0.0,0,0,413.0,8.683333333333334,0,0,0,0.0,0.0,normal
session_d080f5e3856e,user_038,developer,2026-06-29 08:42:26,2026-06-29 14:23:26,23,8,0,23,1,1,5,0,0,0.0,0.0,0,0,341.0,8.7,0,0,0,0.0,0.0,normal
session_b339a1469d0b,user_044,developer,2026-06-29 08:45:39,2026-06-29 13:22:39,21,4,0,21,1,1,5,0,0,0.0,0.0,0,0,277.0,8.75,0,0,0,0.0,0.0,normal
session_15f5b75f9634,user_018,developer,2026-06-29 08:48:56,2026-06-29 11:12:56,9,3,0,9,1,1,3,0,0,0.0,0.0,0,0,144.0,8.8,0,0,0,0.0,0.0,normal
session_e8baa09fa22d,user_035,admin,2026-06-29 08:49:11,2026-06-29 13:09:11,15,4,0,15,1,1,4,0,0,0.0,0.0,3,0,260.0,8.816666666666666,0,0,0,0.0,0.0,normal
session_14266a7f9b15,user_006,analyst,2026-06-29 08:50:28,2026-06-29 11:26:28,14,4,0,14,1,1,4,6,0,80.753,13.865,0,0,156.0,8.833333333333334,0,0,0,0.0,5.768071428571429,normal
session_5906591d9370,user_028,developer,2026-06-29 08:51:14,2026-06-29 10:53:14,9,1,0,9,1,1,4,0,0,0.0,0.0,0,0,122.0,8.85,0,0,0,0.0,0.0,normal
session_12e2c935ed10,user_018,developer,2026-06-29 08:53:22,2026-06-29 09:10:22,2,2,0,2,2,2,1,0,0,0.0,0.0,0,1,17.0,8.883333333333333,0,0,0,0.0,0.0,impossible_travel
session_f7e5016d1734,user_039,developer,2026-06-29 08:55:36,2026-06-29 11:31:36,11,2,0,11,1,1,4,0,0,0.0,0.0,0,0,156.0,8.916666666666666,0,0,0,0.0,0.0,normal
session_15da0c4dd11e,user_046,hr,2026-06-29 09:00:05,2026-06-29 15:07:05,21,4,0,21,1,1,3,7,0,53.375,10.45,0,0,367.0,9.0,0,0,0,0.0,2.5416666666666665,normal
session_46732a02eebc,user_063,finance,2026-06-29 09:02:20,2026-06-29 13:42:20,17,3,0,17,1,1,3,3,6,56.943,13.008,0,0,280.0,9.033333333333333,0,0,0,0.0,3.3495882352941173,normal
session_253711945062,user_050,developer,2026-06-29 09:02:39,2026-06-29 13:46:39,17,3,0,17,1,1,5,0,0,0.0,0.0,0,0,284.0,9.033333333333333,0,0,0,0.0,0.0,normal
session_940e416d1ccd,user_030,hr,2026-06-29 09:03:01,2026-06-29 12:02:01,12,4,0,12,1,1,3,3,0,34.504,18.165,0,0,179.0,9.05,0,0,0,0.0,2.8753333333333333,normal
session_af79360f2514,user_009,developer,2026-06-29 09:04:20,2026-06-29 14:18:20,21,8,0,21,1,1,5,0,0,0.0,0.0,0,0,314.0,9.066666666666666,0,0,0,0.0,0.0,normal
session_5f2804d5248d,user_033,developer,2026-06-29 09:05:22,2026-06-29 11:45:22,12,2,0,12,1,1,5,0,0,0.0,0.0,0,0,160.0,9.083333333333334,0,0,0,0.0,0.0,normal
session_72c2032c5f50,user_070,admin,2026-06-29 09:06:19,2026-06-29 15:46:19,23,4,0,23,1,1,5,0,0,0.0,0.0,2,0,400.0,9.1,0,0,0,0.0,0.0,normal
session_7c25aa4fa6fa,user_006,analyst,2026-06-29 09:10:13,2026-06-29 14:22:13,21,6,0,21,1,1,4,4,0,41.904999999999994,16.269,0,0,312.0,9.166666666666666,0,0,0,0.0,1.9954761904761902,normal
session_f35f87736dbb,user_076,analyst,2026-06-29 09:10:16,2026-06-29 12:26:16,11,6,0,11,1,1,4,3,0,11.269,5.992,0,0,196.0,9.166666666666666,0,0,0,0.0,1.0244545454545455,normal
session_8d85b8e30975,user_052,finance,2026-06-29 09:10:30,2026-06-29 11:40:30,11,2,0,11,1,1,3,3,3,34.903,9.99,0,0,150.0,9.166666666666666,0,0,0,0.0,3.173,normal
session_c2aa7073dde2,user_026,analyst,2026-06-29 09:13:10,2026-06-29 11:52:10,11,6,0,11,1,1,4,2,0,18.809,12.375,0,0,159.0,9.216666666666667,0,0,0,0.0,1.709909090909091,normal
session_00857aeeb0b6,user_017,admin,2026-06-29 09:13:21,2026-06-29 13:22:21,17,3,0,17,1,1,5,0,0,0.0,0.0,1,0,249.0,9.216666666666667,0,0,0,0.0,0.0,normal
session_c1990f959cfa,user_064,finance,2026-06-29 09:13:28,2026-06-29 14:51:28,22,8,0,22,1,1,3,2,3,82.268,20.519,0,0,338.0,9.216666666666667,0,0,0,0.0,3.7394545454545454,normal
session_4e15ba8cdbbc,user_034,finance,2026-06-29 09:19:10,2026-06-29 12:25:10,12,3,0,12,1,1,3,0,3,22.337,11.776,0,0,186.0,9.316666666666666,0,0,0,0.0,1.8614166666666667,normal
session_93eb53cbdbc9,user_059,analyst,2026-06-29 09:27:40,2026-06-29 16:12:40,25,9,0,25,1,1,4,5,0,45.541,14.993,0,0,405.0,9.45,0,0,0,0.0,1.82164,normal
session_92bbf459c339,user_001,finance,2026-06-29 09:28:20,2026-06-29 14:03:20,18,4,0,18,1,1,3,7,3,125.783,23.574,0,0,275.0,9.466666666666667,0,0,0,0.0,6.9879444444444445,normal
session_854fdc6b222d,user_032,hr,2026-06-29 09:28:27,2026-06-29 13:56:27,23,9,0,23,1,1,3,4,0,14.565,5.802,0,0,268.0,9.466666666666667,0,0,0,0.0,0.6332608695652173,normal
session_1ea10359b1aa,user_074,finance,2026-06-29 09:29:41,2026-06-29 12:52:41,12,4,0,12,1,1,3,1,2,7.9559999999999995,2.965,0,0,203.0,9.483333333333333,0,0,0,0.0,0.6629999999999999,normal
session_70b743edece2,user_027,developer,2026-06-29 09:31:19,2026-06-29 12:10:19,17,4,0,17,1,1,5,0,0,0.0,0.0,0,0,159.0,9.516666666666667,0,0,0,0.0,0.0,normal
session_6380ed41a9be,user_005,hr,2026-06-29 09:32:16,2026-06-29 15:45:16,23,8,0,23,1,1,3,3,0,10.799,5.4,0,0,373.0,9.533333333333333,0,0,0,0.0,0.46952173913043477,normal
session_629e98274a0c,user_047,developer,2026-06-29 09:35:18,2026-06-29 14:10:18,15,5,0,15,1,1,5,0,0,0.0,0.0,0,0,275.0,9.583333333333334,0,0,0,0.0,0.0,normal
session_6fb0d1b0abc9,user_054,developer,2026-06-29 09:40:05,2026-06-29 13:27:05,15,3,0,15,1,1,5,0,0,0.0,0.0,0,0,227.0,9.666666666666666,0,0,0,0.0,0.0,normal
session_3cebf152ca94,user_056,hr,2026-06-29 09:40:43,2026-06-29 17:58:43,25,7,0,25,1,1,3,6,0,164.521,41.355,0,0,498.0,9.666666666666666,0,0,0,0.0,6.580839999999999,normal
session_675a96eb5197,user_014,hr,2026-06-29 09:41:51,2026-06-29 14:45:51,17,7,0,17,1,1,3,4,0,41.525,13.834,0,0,304.0,9.683333333333334,0,0,0,0.0,2.442647058823529,normal
session_f130f59592d4,user_019,developer,2026-06-29 09:45:11,2026-06-29 16:27:11,23,7,0,23,1,1,5,0,0,0.0,0.0,0,0,402.0,9.75,0,0,0,0.0,0.0,normal
session_b7c0d793d353,user_037,developer,2026-06-29 09:47:36,2026-06-29 15:10:36,23,8,0,23,1,1,5,0,0,0.0,0.0,0,0,323.0,9.783333333333333,0,0,0,0.0,0.0,normal
session_93af2b85f988,user_078,developer,2026-06-29 09:47:58,2026-06-29 11:46:58,10,1,0,10,1,1,3,0,0,0.0,0.0,0,0,119.0,9.783333333333333,0,0,0,0.0,0.0,normal
session_6ade6b598f6e,user_025,hr,2026-06-29 09:50:28,2026-06-29 12:55:28,9,5,0,9,1,1,2,1,0,1.132,1.132,0,0,185.0,9.833333333333334,0,0,0,0.0,0.12577777777777777,normal
session_b09e6720bdb2,user_051,analyst,2026-06-29 09:51:50,2026-06-29 15:38:50,23,5,0,23,1,1,4,7,0,51.878,11.7,0,0,347.0,9.85,0,0,0,0.0,2.2555652173913043,normal
session_1fbf1695133e,user_062,hr,2026-06-29 09:51:51,2026-06-29 13:05:51,10,2,0,10,1,1,3,3,0,37.71,17.022,0,0,194.0,9.85,0,0,0,0.0,3.771,normal
session_f1542a235967,user_066,developer,2026-06-29 09:52:50,2026-06-29 13:01:50,11,2,0,11,1,1,5,0,0,0.0,0.0,0,0,189.0,9.866666666666667,0,0,0,0.0,0.0,normal
session_e509ea37068d,user_023,developer,2026-06-29 09:54:41,2026-06-29 13:25:41,14,3,0,14,1,1,4,0,0,0.0,0.0,0,0,211.0,9.9,0,0,0,0.0,0.0,normal
session_d7672556d0f3,user_003,developer,2026-06-29 09:56:31,2026-06-29 17:13:31,24,6,0,24,1,1,5,0,0,0.0,0.0,0,0,437.0,9.933333333333334,0,0,0,0.0,0.0,normal
session_28200b6ad4f4,user_075,developer,2026-06-29 10:03:37,2026-06-29 16:36:37,24,4,0,24,1,1,5,0,0,0.0,0.0,0,0,393.0,10.05,0,0,0,0.0,0.0,normal
session_a62289608c22,user_004,developer,2026-06-29 10:10:36,2026-06-29 14:31:36,18,2,0,18,1,1,5,0,0,0.0,0.0,0,0,261.0,10.166666666666666,0,0,0,0.0,0.0,normal
session_c93561a0a96b,user_072,hr,2026-06-29 10:12:38,2026-06-29 13:23:38,12,4,0,12,1,1,3,1,0,6.23,6.23,0,0,191.0,10.2,0,0,0,0.0,0.5191666666666667,normal
session_cac41cf7be64,user_031,developer,2026-06-29 10:19:00,2026-06-29 16:03:00,24,8,0,24,1,1,5,0,0,0.0,0.0,0,0,344.0,10.316666666666666,0,0,0,0.0,0.0,normal
session_5bfa9134b094,user_055,analyst,2026-06-29 10:28:24,2026-06-29 14:31:24,14,3,0,14,1,1,4,3,0,73.021,33.792,0,0,243.0,10.466666666666667,0,0,0,0.0,5.2157857142857145,normal
session_b2d76d8d49de,user_002,finance,2026-06-29 10:29:05,2026-06-29 14:20:05,17,4,0,17,1,1,3,4,1,51.010999999999996,17.749,0,0,231.0,10.483333333333333,0,0,0,0.0,3.000647058823529,normal
session_621776787032,user_061,analyst,2026-06-29 10:30:00,2026-06-29 15:11:00,21,7,0,21,1,1,4,5,0,22.314,6.84,0,0,281.0,10.5,0,0,0,0.0,1.0625714285714285,normal
session_3a7dbb1e35f1,user_060,developer,2026-06-29 10:36:11,2026-06-29 13:22:11,11,2,0,11,1,1,5,0,0,0.0,0.0,0,0,166.0,10.6,0,0,0,0.0,0.0,normal
session_3cde8484bcb5,user_048,developer,2026-06-29 10:53:30,2026-06-29 16:10:30,21,6,0,21,1,1,5,0,0,0.0,0.0,0,0,317.0,10.883333333333333,0,0,0,0.0,0.0,normal
session_3b8b5471d826,user_041,finance,2026-06-29 10:54:05,2026-06-29 13:28:05,11,2,0,11,1,1,3,2,6,162.059,33.732,0,0,154.0,10.9,0,0,0,0.0,14.732636363636363,normal
session_705700e1ebbf,user_079,developer,2026-06-29 10:55:38,2026-06-29 13:57:38,12,2,0,12,1,1,5,0,0,0.0,0.0,0,0,182.0,10.916666666666666,0,0,0,0.0,0.0,normal
session_be744a396432,user_053,hr,2026-06-29 11:20:16,2026-06-29 16:58:16,20,5,0,20,1,1,3,3,0,9.83,4.257,0,0,338.0,11.333333333333334,0,0,0,0.0,0.4915,normal
session_7ed672f73d04,user_068,developer,2026-06-29 11:41:40,2026-06-29 15:48:40,16,4,0,16,1,1,5,0,0,0.0,0.0,0,0,247.0,11.683333333333334,0,0,0,0.0,0.0,normal
session_c570c9e156af,user_025,hr,2026-06-29 12:07:27,2026-06-29 12:07:27,1,0,0,1,1,1,1,1,0,5.2,5.2,0,1,0.0,12.116666666666667,0,0,0,0.0,5.2,low_slow_exfiltration
session_adc31b0589ee,user_079,developer,2026-06-29 15:54:50,2026-06-29 15:54:50,1,0,0,1,1,1,1,0,0,2.678,2.678,0,1,0.0,15.9,0,0,0,0.0,2.678,insider_drift
session_104e5a5fa701,user_025,hr,2026-06-29 22:30:25,2026-06-29 23:10:25,6,1,0,6,1,1,3,3,0,61.94,19.856,0,0,40.0,22.5,0,0,1,0.0,10.323333333333332,normal
session_c49e192915e5,user_009,developer,2026-06-30 01:30:23,2026-06-30 01:38:55,33,33,33,33,4,1,1,0,0,0.0,0.0,0,1,8.533333333333333,1.5,1,0,1,1.0,0.0,brute_force
session_a100f7b10af3,user_037,developer,2026-06-30 03:30:05,2026-06-30 03:39:25,33,33,33,33,4,1,1,0,0,0.0,0.0,0,1,9.333333333333334,3.5,1,0,1,1.0,0.0,brute_force
session_3d4b0fc2bcc2,user_073,hr,2026-06-30 07:17:25,2026-06-30 10:55:25,14,4,0,14,1,1,3,2,0,14.089,9.782,0,0,218.0,7.283333333333333,1,0,0,0.0,1.006357142857143,normal
session_ffee2ef96b8e,user_016,developer,2026-06-30 07:19:58,2026-06-30 12:40:58,20,6,0,20,1,1,5,0,0,0.0,0.0,0,0,321.0,7.316666666666666,1,0,0,0.0,0.0,normal
session_a0df02681dc3,user_056,hr,2026-06-30 07:34:24,2026-06-30 12:52:24,23,7,0,23,1,1,3,6,0,152.188,35.394,0,0,318.0,7.566666666666666,1,0,0,0.0,6.616869565217391,normal
session_ecb07239fabf,user_077,admin,2026-06-30 07:38:00,2026-06-30 12:18:00,16,1,0,16,1,1,5,0,0,0.0,0.0,3,0,280.0,7.633333333333333,1,0,0,0.0,0.0,normal
session_44bcfeaadede,user_004,developer,2026-06-30 07:47:58,2026-06-30 12:24:58,18,3,0,18,1,1,5,0,0,0.0,0.0,0,0,277.0,7.783333333333333,1,0,0,0.0,0.0,normal
session_f5cd1ec5aee4,user_008,developer,2026-06-30 07:58:23,2026-06-30 14:07:23,21,8,0,21,1,1,5,0,0,0.0,0.0,0,0,369.0,7.966666666666667,1,0,0,0.0,0.0,normal
session_674184ee41fa,user_064,finance,2026-06-30 07:59:19,2026-06-30 13:02:19,22,7,0,22,1,1,3,5,3,141.203,31.86,0,0,303.0,7.983333333333333,1,0,0,0.0,6.418318181818182,normal
session_5b754bc9ea9c,user_024,hr,2026-06-30 08:00:38,2026-06-30 13:25:38,20,10,0,20,1,1,3,4,0,91.674,28.819,0,0,325.0,8.0,1,0,0,0.0,4.5837,normal
session_ecaa8d0ae274,user_050,developer,2026-06-30 08:01:58,2026-06-30 11:50:58,15,6,0,15,1,1,5,0,0,0.0,0.0,0,0,229.0,8.016666666666667,1,0,0,0.0,0.0,normal
session_5967dd9e9bca,user_067,analyst,2026-06-30 08:02:26,2026-06-30 11:08:26,14,4,0,14,1,1,4,5,0,56.944,15.983,0,0,186.0,8.033333333333333,1,0,0,0.0,4.067428571428572,normal
session_bca7cec6278d,user_031,developer,2026-06-30 08:02:51,2026-06-30 10:30:51,10,4,0,10,1,1,5,0,0,0.0,0.0,0,0,148.0,8.033333333333333,1,0,0,0.0,0.0,normal
session_7dd91494940d,user_042,developer,2026-06-30 08:07:08,2026-06-30 11:21:08,11,4,0,11,1,1,5,0,0,0.0,0.0,0,0,194.0,8.116666666666667,1,0,0,0.0,0.0,normal
session_a566f3353b96,user_025,hr,2026-06-30 08:11:57,2026-06-30 11:33:57,15,3,0,15,1,1,3,3,0,7.749,3.433,0,0,202.0,8.183333333333334,1,0,0,0.0,0.5166,normal
session_203d7f77a944,user_006,analyst,2026-06-30 08:13:29,2026-06-30 11:22:29,15,3,0,15,1,1,4,6,0,70.255,15.978,0,0,189.0,8.216666666666667,1,0,0,0.0,4.683666666666666,normal
session_f6e043ee8bd5,user_034,finance,2026-06-30 08:18:15,2026-06-30 14:02:15,19,6,0,19,1,1,3,6,4,86.66499999999999,14.398,0,0,344.0,8.3,1,0,0,0.0,4.561315789473684,normal
session_59d3e8476e69,user_022,developer,2026-06-30 08:23:34,2026-06-30 13:45:34,22,3,0,22,1,1,5,0,0,0.0,0.0,0,0,322.0,8.383333333333333,1,0,0,0.0,0.0,normal
session_65aca9cb251b,user_043,hr,2026-06-30 08:24:12,2026-06-30 10:45:12,10,5,0,10,1,1,3,1,0,11.608,11.608,0,0,141.0,8.4,1,0,0,0.0,1.1608,normal
session_65389850e242,user_020,finance,2026-06-30 08:29:20,2026-06-30 11:32:20,12,4,0,12,1,1,3,2,1,66.637,31.715,0,0,183.0,8.483333333333333,1,0,0,0.0,5.553083333333333,normal
session_03131ffa502b,user_057,developer,2026-06-30 08:35:50,2026-06-30 13:14:50,20,3,0,20,1,1,5,0,0,0.0,0.0,0,0,279.0,8.583333333333334,1,0,0,0.0,0.0,normal
session_56e5c1fcd636,user_044,developer,2026-06-30 08:37:33,2026-06-30 12:19:33,15,7,0,15,1,1,5,0,0,0.0,0.0,0,0,222.0,8.616666666666667,1,0,0,0.0,0.0,normal
session_61bdda4528f5,user_032,hr,2026-06-30 08:38:12,2026-06-30 16:22:12,25,9,0,25,1,1,3,6,0,22.783,5.501,0,0,464.0,8.633333333333333,1,0,0,0.0,0.91132,normal
session_83f347d13e5d,user_021,finance,2026-06-30 08:40:14,2026-06-30 15:43:14,22,9,0,22,1,1,3,2,5,38.299,8.202,0,0,423.0,8.666666666666666,1,0,0,0.0,1.7408636363636363,normal
session_2989b22886c7,user_018,developer,2026-06-30 08:41:43,2026-06-30 10:57:43,11,2,0,11,1,1,5,0,0,0.0,0.0,0,0,136.0,8.683333333333334,1,0,0,0.0,0.0,normal
session_8afb0d144a0e,user_013,hr,2026-06-30 08:43:59,2026-06-30 13:19:59,19,4,0,19,1,1,3,6,0,25.97,6.201,0,0,276.0,8.716666666666667,1,0,0,0.0,1.3668421052631579,normal
session_0df8a7a592ac,user_080,hr,2026-06-30 08:50:23,2026-06-30 13:56:23,21,1,0,21,1,1,3,8,0,131.205,27.525,0,0,306.0,8.833333333333334,1,0,0,0.0,6.247857142857144,normal
session_0fbe67c42455,user_011,analyst,2026-06-30 08:50:29,2026-06-30 13:06:29,20,4,0,20,1,1,3,6,0,63.751999999999995,16.067,0,0,256.0,8.833333333333334,1,0,0,0.0,3.1875999999999998,normal
session_73769848d418,user_012,analyst,2026-06-30 08:50:59,2026-06-30 11:58:59,14,4,0,14,1,1,4,3,0,12.745000000000001,4.928,0,0,188.0,8.833333333333334,1,0,0,0.0,0.910357142857143,normal
session_888672e160ec,user_058,hr,2026-06-30 08:52:52,2026-06-30 15:54:52,25,7,0,25,1,1,3,7,0,57.884,15.239,0,0,422.0,8.866666666666667,1,0,0,0.0,2.31536,normal
session_376d445055e5,user_035,admin,2026-06-30 08:53:16,2026-06-30 13:05:16,16,4,0,16,1,1,5,0,0,0.0,0.0,1,0,252.0,8.883333333333333,1,0,0,0.0,0.0,normal
session_f984391a65f9,user_014,hr,2026-06-30 08:53:39,2026-06-30 14:39:39,16,7,0,16,1,1,3,3,0,23.215000000000003,9.439,0,0,346.0,8.883333333333333,1,0,0,0.0,1.4509375000000002,normal
session_625144c78dd5,user_070,admin,2026-06-30 08:54:35,2026-06-30 13:24:35,16,1,0,16,1,1,4,0,0,0.0,0.0,3,0,270.0,8.9,1,0,0,0.0,0.0,normal
session_9e601333353d,user_049,analyst,2026-06-30 08:56:34,2026-06-30 14:04:34,24,8,0,24,1,1,4,4,0,12.806,4.029,0,0,308.0,8.933333333333334,1,0,0,0.0,0.5335833333333333,normal
session_9d3d0cb733d2,user_009,developer,2026-06-30 08:57:25,2026-06-30 14:44:25,24,8,0,24,1,1,5,0,0,0.0,0.0,0,0,347.0,8.95,1,0,0,0.0,0.0,normal
session_c2223ee15a52,user_030,hr,2026-06-30 08:57:45,2026-06-30 14:58:45,20,4,0,20,1,1,3,5,0,74.855,23.566,0,0,361.0,8.95,1,0,0,0.0,3.74275,normal
session_0e73c6db964e,user_007,developer,2026-06-30 08:58:37,2026-06-30 14:28:37,24,4,0,24,1,1,5,0,0,0.0,0.0,0,0,330.0,8.966666666666667,1,0,0,0.0,0.0,normal
session_cb0dca56aeff,user_027,developer,2026-06-30 09:08:51,2026-06-30 15:49:51,25,10,0,25,1,1,5,0,0,0.0,0.0,0,0,401.0,9.133333333333333,1,0,0,0.0,0.0,normal
session_6d3317b113d4,user_052,finance,2026-06-30 09:09:32,2026-06-30 15:13:32,24,5,0,24,1,1,3,3,7,62.022,15.045,0,0,364.0,9.15,1,0,0,0.0,2.58425,normal
session_64746091c311,user_038,developer,2026-06-30 09:10:33,2026-06-30 13:21:33,15,4,0,15,1,1,5,0,0,0.0,0.0,0,0,251.0,9.166666666666666,1,0,0,0.0,0.0,normal
session_670f20ee4736,user_074,finance,2026-06-30 09:10:41,2026-06-30 14:55:41,24,7,0,24,1,1,3,1,4,10.146,2.827,0,0,345.0,9.166666666666666,1,0,0,0.0,0.42275,normal
session_dbefac2c4a5d,user_015,finance,2026-06-30 09:10:59,2026-06-30 13:00:59,17,3,0,17,1,1,3,0,1,3.214,3.214,0,0,230.0,9.166666666666666,1,0,0,0.0,0.18905882352941175,normal
session_13b2af8ff5b9,user_017,admin,2026-06-30 09:13:16,2026-06-30 10:50:16,10,3,0,10,1,1,5,0,0,0.0,0.0,2,0,97.0,9.216666666666667,1,0,0,0.0,0.0,normal
session_4bfb70e8e403,user_046,hr,2026-06-30 09:14:01,2026-06-30 14:50:01,20,7,0,20,1,1,3,3,0,23.081,10.219,0,0,336.0,9.233333333333333,1,0,0,0.0,1.15405,normal
session_b0064362c468,user_063,finance,2026-06-30 09:15:21,2026-06-30 12:37:21,15,5,0,15,1,1,3,2,2,18.52,7.613,0,0,202.0,9.25,1,0,0,0.0,1.2346666666666666,normal
session_a893da2fee46,user_029,admin,2026-06-30 09:17:06,2026-06-30 13:02:06,15,4,0,15,1,1,5,0,0,0.0,0.0,1,0,225.0,9.283333333333333,1,0,0,0.0,0.0,normal
session_7a8f75f09c2b,user_001,finance,2026-06-30 09:17:38,2026-06-30 12:44:38,12,2,0,12,1,1,3,2,4,86.845,31.709,0,0,207.0,9.283333333333333,1,0,0,0.0,7.2370833333333335,normal
session_2256a7407a15,user_040,finance,2026-06-30 09:19:41,2026-06-30 12:49:41,15,2,0,15,1,1,3,2,4,75.417,16.552,0,0,210.0,9.316666666666666,1,0,0,0.0,5.0278,normal
session_2ffe91bf4a8d,user_039,developer,2026-06-30 09:26:43,2026-06-30 15:09:43,21,6,0,21,1,1,5,0,0,0.0,0.0,0,0,343.0,9.433333333333334,1,0,0,0.0,0.0,normal
session_b29ac8777e99,user_066,developer,2026-06-30 09:27:24,2026-06-30 11:43:24,10,3,0,10,1,1,4,0,0,0.0,0.0,0,0,136.0,9.45,1,0,0,0.0,0.0,normal
session_dbe62624d1ed,user_059,analyst,2026-06-30 09:27:28,2026-06-30 13:27:28,18,4,0,18,1,1,4,1,0,11.372,11.372,0,0,240.0,9.45,1,0,0,0.0,0.6317777777777778,normal
session_95b27e04edc1,user_041,finance,2026-06-30 09:29:36,2026-06-30 15:10:36,23,5,0,23,1,1,3,7,3,223.219,32.878,0,0,341.0,9.483333333333333,1,0,0,0.0,9.705173913043478,normal
session_63a41e1d8ee5,user_069,hr,2026-06-30 09:31:12,2026-06-30 13:45:12,15,6,0,15,1,1,3,5,0,72.628,18.9,0,0,254.0,9.516666666666667,1,0,0,0.0,4.841866666666666,normal
session_02a368d4b3b6,user_072,hr,2026-06-30 09:32:00,2026-06-30 15:42:00,19,7,0,19,1,1,3,5,0,79.161,19.282,0,0,370.0,9.533333333333333,1,0,0,0.0,4.166368421052631,normal
session_b8db1b425069,user_028,developer,2026-06-30 09:38:55,2026-06-30 13:24:55,15,2,0,15,1,1,5,0,0,0.0,0.0,0,0,226.0,9.633333333333333,1,0,0,0.0,0.0,normal
session_326a6802c6a8,user_076,analyst,2026-06-30 09:40:57,2026-06-30 14:16:57,18,5,0,18,1,1,4,4,0,24.198999999999998,10.92,0,0,276.0,9.666666666666666,1,0,0,0.0,1.3443888888888889,normal
session_f21a6e0a0098,user_047,developer,2026-06-30 09:41:35,2026-06-30 12:39:35,9,2,0,9,1,1,4,0,0,0.0,0.0,0,0,178.0,9.683333333333334,1,0,0,0.0,0.0,normal
session_5222ffc5b4a2,user_003,developer,2026-06-30 09:42:38,2026-06-30 15:31:38,18,3,0,18,1,1,5,0,0,0.0,0.0,0,0,349.0,9.7,1,0,0,0.0,0.0,normal
session_97d6deeb904f,user_051,analyst,2026-06-30 09:43:14,2026-06-30 11:37:14,9,2,0,9,1,1,4,3,0,25.16,12.396,0,0,114.0,9.716666666666667,1,0,0,0.0,2.7955555555555556,normal
session_55c669835c4c,user_036,developer,2026-06-30 09:44:22,2026-06-30 15:48:22,21,4,0,21,1,1,5,0,0,0.0,0.0,0,0,364.0,9.733333333333333,1,0,0,0.0,0.0,normal
session_3ef30325a39a,user_068,developer,2026-06-30 09:45:08,2026-06-30 13:17:08,13,2,0,13,1,1,5,0,0,0.0,0.0,0,0,212.0,9.75,1,0,0,0.0,0.0,normal
session_253cb71e01ab,user_071,analyst,2026-06-30 09:48:30,2026-06-30 15:31:30,25,5,0,25,1,1,4,6,0,114.41399999999999,28.281,0,0,343.0,9.8,1,0,0,0.0,4.57656,normal
session_6e99cf374b6c,user_026,analyst,2026-06-30 09:49:25,2026-06-30 13:45:25,15,4,0,15,1,1,4,3,0,27.996000000000002,12.978,0,0,236.0,9.816666666666666,1,0,0,0.0,1.8664,normal
session_8646f369458e,user_023,developer,2026-06-30 09:56:01,2026-06-30 13:06:01,13,4,0,13,1,1,5,0,0,0.0,0.0,0,0,190.0,9.933333333333334,1,0,0,0.0,0.0,normal
session_c171506a8d12,user_037,developer,2026-06-30 09:59:39,2026-06-30 14:29:39,17,6,0,17,1,1,4,0,0,0.0,0.0,0,0,270.0,9.983333333333333,1,0,0,0.0,0.0,normal
session_47a6396ea823,user_031,developer,2026-06-30 10:04:32,2026-06-30 10:04:32,1,0,0,1,1,1,1,1,0,26.744,26.744,0,0,0.0,10.066666666666666,1,0,0,0.0,26.744,normal
session_c195d5874f74,user_010,finance,2026-06-30 10:06:28,2026-06-30 13:16:28,14,1,0,14,1,1,3,3,5,78.825,23.356,0,0,190.0,10.1,1,0,0,0.0,5.630357142857143,normal
session_faddec265dec,user_078,developer,2026-06-30 10:07:27,2026-06-30 14:09:27,15,5,0,15,1,1,5,0,0,0.0,0.0,0,0,242.0,10.116666666666667,1,0,0,0.0,0.0,normal
session_5a4b4bb8c30c,user_065,hr,2026-06-30 10:15:56,2026-06-30 15:35:56,24,7,0,24,1,1,3,7,0,76.1,17.907,0,0,320.0,10.25,1,0,0,0.0,3.170833333333333,normal
session_aafff02e12bf,user_019,developer,2026-06-30 10:26:22,2026-06-30 13:11:22,13,6,0,13,1,1,5,0,0,0.0,0.0,0,0,165.0,10.433333333333334,1,0,0,0.0,0.0,normal
session_01127e12d7dc,user_048,developer,2026-06-30 10:53:43,2026-06-30 15:10:43,18,3,0,18,1,1,5,0,0,0.0,0.0,0,0,257.0,10.883333333333333,1,0,0,0.0,0.0,normal
session_7de034eb6ffc,user_002,finance,2026-06-30 10:55:56,2026-06-30 13:23:56,11,3,0,11,1,1,3,5,3,66.885,14.864,0,0,148.0,10.916666666666666,1,0,0,0.0,6.080454545454546,normal
session_713401b0850f,user_053,hr,2026-06-30 10:56:06,2026-06-30 14:42:06,13,6,0,13,1,1,3,1,0,4.907,4.907,0,0,226.0,10.933333333333334,1,0,0,0.0,0.37746153846153846,normal
session_fa323c844619,user_055,analyst,2026-06-30 10:57:18,2026-06-30 15:29:18,21,6,0,21,1,1,4,5,0,59.032000000000004,24.952,0,0,272.0,10.95,1,0,0,0.0,2.8110476190476192,normal
session_638571f96d21,user_079,developer,2026-06-30 11:32:24,2026-06-30 16:18:24,18,4,0,18,1,1,5,0,0,0.0,0.0,0,0,286.0,11.533333333333333,1,0,0,0.0,0.0,normal
session_3770b3ade58c,user_060,developer,2026-06-30 11:34:08,2026-06-30 13:49:08,11,4,0,11,1,1,5,0,0,0.0,0.0,0,0,135.0,11.566666666666666,1,0,0,0.0,0.0,normal
session_a01b6e223e8d,user_025,hr,2026-06-30 13:53:11,2026-06-30 13:53:11,1,0,0,1,1,1,1,1,0,5.9,5.9,0,1,0.0,13.883333333333333,1,0,0,0.0,5.9,low_slow_exfiltration
session_540ddeef7803,user_079,developer,2026-06-30 16:03:27,2026-06-30 16:03:27,1,0,0,1,1,1,1,0,0,3.347,3.347,0,1,0.0,16.05,1,0,0,0.0,3.347,insider_drift
session_434d817a2e9f,user_062,hr,2026-06-30 23:30:11,2026-06-30 23:36:51,21,21,21,21,4,1,1,0,0,0.0,0.0,0,1,6.666666666666667,23.5,1,0,1,1.0,0.0,brute_force
session_848022696289,user_064,finance,2026-07-01 01:54:35,2026-07-01 02:04:35,6,1,0,6,1,1,6,0,0,0.0,0.0,1,1,10.0,1.9,2,0,1,0.0,0.0,lateral_movement
session_a5d8962c39ac,user_039,developer,2026-07-01 07:25:16,2026-07-01 13:42:16,19,3,0,19,1,1,5,0,0,0.0,0.0,0,0,377.0,7.416666666666667,2,0,0,0.0,0.0,normal
session_75346c952e46,user_069,hr,2026-07-01 07:31:07,2026-07-01 11:42:07,16,3,0,16,1,1,3,6,0,78.328,16.702,0,0,251.0,7.516666666666667,2,0,0,0.0,4.8955,normal
session_4745b0354c54,user_022,developer,2026-07-01 07:31:16,2026-07-01 11:56:16,19,5,0,19,1,1,4,0,0,0.0,0.0,0,0,265.0,7.516666666666667,2,0,0,0.0,0.0,normal
session_4abfd08c61fc,user_043,hr,2026-07-01 07:42:49,2026-07-01 12:32:49,21,8,0,21,1,1,3,5,0,53.614,15.831,0,0,290.0,7.7,2,0,0,0.0,2.553047619047619,normal
session_6f3f95fea860,user_064,finance,2026-07-01 07:56:59,2026-07-01 13:55:59,24,3,0,24,1,1,3,5,3,109.318,23.034,0,0,359.0,7.933333333333334,2,0,0,0.0,4.554916666666666,normal
session_863e73f1ba51,user_013,hr,2026-07-01 08:01:36,2026-07-01 11:30:36,12,3,0,12,1,1,3,2,0,9.51,5.927,0,0,209.0,8.016666666666667,2,0,0,0.0,0.7925,normal
session_c080ee7ca0d5,user_009,developer,2026-07-01 08:01:50,2026-07-01 13:10:50,20,3,0,20,1,1,5,0,0,0.0,0.0,0,0,309.0,8.016666666666667,2,0,0,0.0,0.0,normal
session_6de279afa6d4,user_007,developer,2026-07-01 08:12:48,2026-07-01 11:12:48,10,2,0,10,1,1,5,0,0,0.0,0.0,0,0,180.0,8.2,2,0,0,0.0,0.0,normal
session_00344e4f0f8a,user_044,developer,2026-07-01 08:14:33,2026-07-01 12:20:33,15,5,0,15,1,1,5,0,0,0.0,0.0,0,0,246.0,8.233333333333333,2,0,0,0.0,0.0,normal
session_25b2af111204,user_032,hr,2026-07-01 08:21:39,2026-07-01 15:33:39,24,7,0,24,1,1,3,3,0,13.796,5.777,0,0,432.0,8.35,2,0,0,0.0,0.5748333333333333,normal
session_376f86cb0621,user_040,finance,2026-07-01 08:23:46,2026-07-01 10:51:46,9,2,0,9,1,1,3,0,1,18.078,18.078,0,0,148.0,8.383333333333333,2,0,0,0.0,2.0086666666666666,normal
session_1a98e2bfa79f,user_031,developer,2026-07-01 08:23:53,2026-07-01 13:53:53,21,5,0,21,1,1,5,0,0,0.0,0.0,0,0,330.0,8.383333333333333,2,0,0,0.0,0.0,normal
session_f80c5e0692ab,user_045,admin,2026-07-01 08:25:04,2026-07-01 13:14:04,18,3,0,18,1,1,4,0,0,0.0,0.0,4,0,289.0,8.416666666666666,2,0,0,0.0,0.0,normal
session_8d529cc2999f,user_021,finance,2026-07-01 08:25:44,2026-07-01 12:45:44,19,4,0,19,1,1,3,2,5,33.911,10.755,0,0,260.0,8.416666666666666,2,0,0,0.0,1.7847894736842107,normal
session_739f1daa8165,user_050,developer,2026-07-01 08:28:25,2026-07-01 11:25:25,10,2,0,10,1,1,4,0,0,0.0,0.0,0,0,177.0,8.466666666666667,2,0,0,0.0,0.0,normal
session_af4707c5b9c4,user_012,analyst,2026-07-01 08:29:42,2026-07-01 10:41:42,11,4,0,11,1,1,4,4,0,16.131,5.306,0,0,132.0,8.483333333333333,2,0,0,0.0,1.4664545454545455,normal
session_d633ec70ac40,user_038,developer,2026-07-01 08:29:50,2026-07-01 13:19:50,17,5,0,17,1,1,5,0,0,0.0,0.0,0,0,290.0,8.483333333333333,2,0,0,0.0,0.0,normal
session_b246953c5229,user_051,analyst,2026-07-01 08:31:18,2026-07-01 13:01:18,20,4,0,20,1,1,4,6,0,33.34,7.878,0,0,270.0,8.516666666666667,2,0,0,0.0,1.6670000000000003,normal
session_71755b9402c3,user_063,finance,2026-07-01 08:32:27,2026-07-01 13:00:27,17,5,0,17,1,1,3,3,3,37.969,7.157,0,0,268.0,8.533333333333333,2,0,0,0.0,2.2334705882352943,normal
session_6fc285c1560b,user_080,hr,2026-07-01 08:33:20,2026-07-01 12:22:20,16,4,0,16,1,1,3,5,0,88.055,26.905,0,0,229.0,8.55,2,0,0,0.0,5.5034375,normal
session_81f2dbfcb7e6,user_074,finance,2026-07-01 08:36:11,2026-07-01 11:11:11,10,4,0,10,1,1,3,3,0,9.6,3.826,0,0,155.0,8.6,2,0,0,0.0,0.96,normal
session_a0035b2a2414,user_059,analyst,2026-07-01 08:38:24,2026-07-01 13:19:24,19,6,0,19,1,1,4,3,0,28.033,11.349,0,0,281.0,8.633333333333333,2,0,0,0.0,1.475421052631579,normal
session_7e08434989fb,user_061,analyst,2026-07-01 08:39:25,2026-07-01 11:41:25,14,5,0,14,1,1,4,4,0,20.886,6.753,0,0,182.0,8.65,2,0,0,0.0,1.4918571428571428,normal
session_308928c213c0,user_029,admin,2026-07-01 08:40:23,2026-07-01 13:52:23,21,3,0,21,1,1,5,0,0,0.0,0.0,4,0,312.0,8.666666666666666,2,0,0,0.0,0.0,normal
session_0f2282da057a,user_054,developer,2026-07-01 08:43:53,2026-07-01 14:31:53,22,5,0,22,1,1,5,0,0,0.0,0.0,0,0,348.0,8.716666666666667,2,0,0,0.0,0.0,normal
session_e019fd183aea,user_070,admin,2026-07-01 08:56:59,2026-07-01 14:44:59,18,3,0,18,1,1,5,0,0,0.0,0.0,4,0,348.0,8.933333333333334,2,0,0,0.0,0.0,normal
session_9e1627df461e,user_006,analyst,2026-07-01 08:59:30,2026-07-01 12:06:30,11,4,0,11,1,1,4,0,0,0.0,0.0,0,0,187.0,8.983333333333333,2,0,0,0.0,0.0,normal
session_99632b73784e,user_078,developer,2026-07-01 09:00:10,2026-07-01 11:29:10,9,2,0,9,1,1,4,0,0,0.0,0.0,0,0,149.0,9.0,2,0,0,0.0,0.0,normal
session_cbf66ee16911,user_018,developer,2026-07-01 09:02:57,2026-07-01 15:00:57,23,7,0,23,1,1,5,0,0,0.0,0.0,0,0,358.0,9.033333333333333,2,0,0,0.0,0.0,normal
session_af7262977193,user_028,developer,2026-07-01 09:03:18,2026-07-01 11:38:18,13,3,0,13,1,1,5,0,0,0.0,0.0,0,0,155.0,9.05,2,0,0,0.0,0.0,normal
session_cf84bc4b88c5,user_075,developer,2026-07-01 09:03:23,2026-07-01 11:52:23,12,1,0,12,1,1,5,0,0,0.0,0.0,0,0,169.0,9.05,2,0,0,0.0,0.0,normal
session_cbfdb07aa958,user_030,hr,2026-07-01 09:04:05,2026-07-01 14:07:05,20,2,0,20,1,1,3,10,0,128.457,17.181,0,0,303.0,9.066666666666666,2,0,0,0.0,6.4228499999999995,normal
session_3d823d64a794,user_036,developer,2026-07-01 09:05:53,2026-07-01 11:22:53,12,3,0,12,1,1,4,0,0,0.0,0.0,0,0,137.0,9.083333333333334,2,0,0,0.0,0.0,normal
session_6e0074b980b2,user_073,hr,2026-07-01 09:08:09,2026-07-01 13:48:09,19,9,0,19,1,1,3,3,0,17.098,6.534,0,0,280.0,9.133333333333333,2,0,0,0.0,0.8998947368421052,normal
session_ea8650de892e,user_015,finance,2026-07-01 09:08:42,2026-07-01 10:58:42,9,2,0,9,1,1,2,2,1,9.637,4.369,0,0,110.0,9.133333333333333,2,0,0,0.0,1.0707777777777778,normal
session_1ab9f8749b8a,user_011,analyst,2026-07-01 09:12:54,2026-07-01 12:21:54,14,4,0,14,1,1,4,0,0,0.0,0.0,0,0,189.0,9.2,2,0,0,0.0,0.0,normal
session_64b6eda0e0f9,user_004,developer,2026-07-01 09:13:03,2026-07-01 14:13:03,17,5,0,17,1,1,5,0,0,0.0,0.0,0,0,300.0,9.216666666666667,2,0,0,0.0,0.0,normal
session_80775f203bfc,user_023,developer,2026-07-01 09:13:57,2026-07-01 15:16:57,23,3,0,23,1,1,5,0,0,0.0,0.0,0,0,363.0,9.216666666666667,2,0,0,0.0,0.0,normal
session_36aaf9def506,user_020,finance,2026-07-01 09:20:24,2026-07-01 11:25:24,9,1,0,9,1,1,3,4,1,95.49199999999999,26.141,0,0,125.0,9.333333333333334,2,0,0,0.0,10.610222222222221,normal
session_15c4b329f32e,user_037,developer,2026-07-01 09:21:19,2026-07-01 14:03:19,21,4,0,21,1,1,5,0,0,0.0,0.0,0,0,282.0,9.35,2,0,0,0.0,0.0,normal
session_cdcbdcbadfdd,user_027,developer,2026-07-01 09:23:39,2026-07-01 11:57:39,10,4,0,10,1,1,4,0,0,0.0,0.0,0,0,154.0,9.383333333333333,2,0,0,0.0,0.0,normal
session_6cc8e0659373,user_058,hr,2026-07-01 09:23:43,2026-07-01 15:21:43,24,5,0,24,1,1,3,7,0,90.325,16.882,0,0,358.0,9.383333333333333,2,0,0,0.0,3.763541666666667,normal
session_5e873bc52f58,user_003,developer,2026-07-01 09:25:15,2026-07-01 12:36:15,15,5,0,15,1,1,5,0,0,0.0,0.0,0,0,191.0,9.416666666666666,2,0,0,0.0,0.0,normal
session_c6404549c06d,user_001,finance,2026-07-01 09:27:45,2026-07-01 13:18:45,14,3,0,14,1,1,3,4,1,60.501999999999995,21.569,0,0,231.0,9.45,2,0,0,0.0,4.321571428571429,normal
session_57a85eaa65ab,user_052,finance,2026-07-01 09:27:48,2026-07-01 12:48:48,15,3,0,15,1,1,3,2,6,59.758,10.698,0,0,201.0,9.45,2,0,0,0.0,3.9838666666666667,normal
session_560b4f956c57,user_014,hr,2026-07-01 09:28:10,2026-07-01 15:45:10,25,7,0,25,1,1,3,9,0,89.106,21.805,0,0,377.0,9.466666666666667,2,0,0,0.0,3.56424,normal
session_8c7ae38c14ab,user_001,finance,2026-07-01 09:28:46,2026-07-01 09:30:06,4,4,3,4,1,1,1,0,0,0.0,0.0,0,0,1.3333333333333333,9.466666666666667,2,0,0,0.75,0.0,normal
session_a2b4204e62fb,user_047,developer,2026-07-01 09:29:23,2026-07-01 14:37:23,22,5,0,22,1,1,5,0,0,0.0,0.0,0,0,308.0,9.483333333333333,2,0,0,0.0,0.0,normal
session_52fb4c3ee083,user_035,admin,2026-07-01 09:29:32,2026-07-01 14:26:32,20,6,0,20,1,1,5,0,0,0.0,0.0,1,0,297.0,9.483333333333333,2,0,0,0.0,0.0,normal
session_4d08e1c9f877,user_065,hr,2026-07-01 09:35:35,2026-07-01 16:10:35,25,5,0,25,1,1,3,8,0,103.42399999999999,22.964,0,0,395.0,9.583333333333334,2,0,0,0.0,4.136959999999999,normal
session_6e13b5fedbdb,user_072,hr,2026-07-01 09:39:08,2026-07-01 13:49:08,18,4,0,18,1,1,3,5,0,88.404,24.845,0,0,250.0,9.65,2,0,0,0.0,4.911333333333333,normal
session_a71d7e6832fc,user_008,developer,2026-07-01 09:40:35,2026-07-01 15:34:35,24,5,0,24,1,1,5,0,0,0.0,0.0,0,0,354.0,9.666666666666666,2,0,0,0.0,0.0,normal
session_b1e65d940081,user_013,hr,2026-07-01 09:42:51,2026-07-01 09:57:51,6,4,0,6,1,6,3,2,0,56.057,17.829,0,1,15.0,9.7,2,0,0,0.0,9.342833333333333,device_spoofing
session_1d6df7fb2088,user_034,finance,2026-07-01 09:42:56,2026-07-01 13:42:56,16,6,0,16,1,1,3,5,2,50.915,9.839,0,0,240.0,9.7,2,0,0,0.0,3.1821875,normal
session_672a63708d77,user_067,analyst,2026-07-01 09:44:01,2026-07-01 12:50:01,15,3,0,15,1,1,4,5,0,61.882000000000005,16.326,0,0,186.0,9.733333333333333,2,0,0,0.0,4.125466666666667,normal
session_434ac9f3a864,user_033,developer,2026-07-01 09:45:00,2026-07-01 15:14:00,20,7,0,20,1,1,5,0,0,0.0,0.0,0,0,329.0,9.75,2,0,0,0.0,0.0,normal
session_f7aa3bd559d1,user_019,developer,2026-07-01 09:48:41,2026-07-01 13:49:41,16,3,0,16,1,1,5,0,0,0.0,0.0,0,0,241.0,9.8,2,0,0,0.0,0.0,normal
session_f5cbee0b0f2b,user_025,hr,2026-07-01 09:49:05,2026-07-01 14:26:05,17,7,0,17,1,1,3,2,0,3.3649999999999998,2.59,0,0,277.0,9.816666666666666,2,0,0,0.0,0.19794117647058823,normal
session_bb60e4f8c13a,user_057,developer,2026-07-01 09:50:24,2026-07-01 13:16:24,14,5,0,14,1,1,5,0,0,0.0,0.0,0,0,206.0,9.833333333333334,2,0,0,0.0,0.0,normal
session_3e6c535ed2a0,user_062,hr,2026-07-01 09:50:31,2026-07-01 15:09:31,22,6,0,22,1,1,3,11,0,141.782,27.095,0,0,319.0,9.833333333333334,2,0,0,0.0,6.444636363636364,normal
session_3d7bd2fe8134,user_005,hr,2026-07-01 09:52:59,2026-07-01 13:44:59,16,4,0,16,1,1,3,5,0,14.391,3.908,0,0,232.0,9.866666666666667,2,0,0,0.0,0.8994375,normal
session_f77358f41993,user_002,finance,2026-07-01 09:54:28,2026-07-01 16:08:28,23,10,0,23,1,1,3,2,3,31.512,10.39,0,0,374.0,9.9,2,0,0,0.0,1.370086956521739,normal
session_922080f388ec,user_017,admin,2026-07-01 09:56:45,2026-07-01 15:12:45,17,4,0,17,1,1,5,0,0,0.0,0.0,2,0,316.0,9.933333333333334,2,0,0,0.0,0.0,normal
session_2115e493fdeb,user_053,hr,2026-07-01 09:56:56,2026-07-01 12:21:56,12,7,0,12,1,1,3,1,0,2.591,2.591,0,0,145.0,9.933333333333334,2,0,0,0.0,0.21591666666666667,normal
session_e37f1cadf278,user_075,developer,2026-07-01 09:59:45,2026-07-01 10:59:45,5,0,0,5,1,1,1,2,0,102.104,29.36,0,0,60.0,9.983333333333333,2,0,0,0.0,20.4208,normal
session_6bfdd3831a57,user_041,finance,2026-07-01 10:00:24,2026-07-01 14:09:24,14,6,0,14,1,1,3,2,2,72.63900000000001,36.218,0,0,249.0,10.0,2,0,0,0.0,5.1885,normal
session_333c8e43d042,user_056,hr,2026-07-01 10:04:57,2026-07-01 15:07:57,19,4,0,19,1,1,3,8,0,252.108,44.845,0,0,303.0,10.066666666666666,2,0,0,0.0,13.268842105263158,normal
session_c10d10f92a19,user_046,hr,2026-07-01 10:07:25,2026-07-01 16:37:25,24,5,0,24,1,1,3,4,0,20.784,8.145,0,0,390.0,10.116666666666667,2,0,0,0.0,0.866,normal
session_ba9b68eef81a,user_049,analyst,2026-07-01 10:10:49,2026-07-01 13:27:49,11,2,0,11,1,1,3,2,0,7.602,3.853,0,0,197.0,10.166666666666666,2,0,0,0.0,0.6910909090909091,normal
session_031349f37ec8,user_010,finance,2026-07-01 10:14:26,2026-07-01 16:31:26,25,6,0,25,1,1,3,9,5,116.733,14.951,0,0,377.0,10.233333333333333,2,0,0,0.0,4.66932,normal
session_d73cd54e4998,user_060,developer,2026-07-01 10:20:20,2026-07-01 12:38:20,11,3,0,11,1,1,4,0,0,0.0,0.0,0,0,138.0,10.333333333333334,2,0,0,0.0,0.0,normal
session_3dba08c6f2c2,user_049,analyst,2026-07-01 10:21:36,2026-07-01 10:45:36,9,2,0,9,1,9,4,3,0,136.065,19.931,0,1,24.0,10.35,2,0,0,0.0,15.118333333333332,device_spoofing
session_d0cb8c9c7ae6,user_055,analyst,2026-07-01 10:33:12,2026-07-01 13:13:12,9,2,0,9,1,1,4,2,0,59.589,33.709,0,0,160.0,10.55,2,0,0,0.0,6.6209999999999996,normal
session_4bddec0a9d73,user_048,developer,2026-07-01 10:41:30,2026-07-01 13:57:30,12,3,0,12,1,1,5,0,0,0.0,0.0,0,0,196.0,10.683333333333334,2,0,0,0.0,0.0,normal
session_e4620d5c6843,user_048,developer,2026-07-01 10:43:00,2026-07-01 11:07:00,9,2,0,9,1,9,5,5,0,82.357,18.72,0,1,24.0,10.716666666666667,2,0,0,0.0,9.150777777777778,device_spoofing
session_8c8a001266e9,user_071,analyst,2026-07-01 10:55:06,2026-07-01 16:57:06,24,8,0,24,1,1,4,4,0,59.075,20.209,0,0,362.0,10.916666666666666,2,0,0,0.0,2.4614583333333333,normal
session_3cf603306da4,user_026,analyst,2026-07-01 11:11:09,2026-07-01 15:01:09,15,5,0,15,1,1,4,3,0,22.049,8.488,0,0,230.0,11.183333333333334,2,0,0,0.0,1.4699333333333333,normal
session_950746c19b24,user_076,analyst,2026-07-01 11:11:38,2026-07-01 15:33:38,17,7,0,17,1,1,4,3,0,14.953,6.489,0,0,262.0,11.183333333333334,2,0,0,0.0,0.8795882352941176,normal
session_6a2aac452841,user_017,admin,2026-07-01 11:23:23,2026-07-01 11:23:23,1,0,0,1,1,1,1,1,0,72.247,72.247,0,0,0.0,11.383333333333333,2,0,0,0.0,72.247,normal
session_77bff32ace5c,user_079,developer,2026-07-01 11:28:03,2026-07-01 16:12:03,20,6,0,20,1,1,5,0,0,0.0,0.0,0,0,284.0,11.466666666666667,2,0,0,0.0,0.0,normal
session_7b1fb2bc934a,user_027,developer,2026-07-01 12:22:41,2026-07-01 12:22:41,1,0,0,1,1,1,1,1,0,9.493,9.493,0,1,0.0,12.366666666666667,2,0,0,0.0,9.493,low_slow_exfiltration
session_f355419121eb,user_025,hr,2026-07-01 13:45:11,2026-07-01 13:45:11,1,0,0,1,1,1,1,1,0,6.6,6.6,0,1,0.0,13.75,2,0,0,0.0,6.6,low_slow_exfiltration
session_0fdaf8e487d7,user_079,developer,2026-07-01 16:12:31,2026-07-01 16:12:31,1,0,0,1,1,1,1,0,0,4.016,4.016,0,1,0.0,16.2,2,0,0,0.0,4.016,insider_drift
session_389be4b7882f,user_029,admin,2026-07-01 21:42:41,2026-07-01 23:02:41,11,3,0,11,1,1,5,0,0,81.886,16.513,0,0,80.0,21.7,2,0,0,0.0,7.444181818181818,normal
session_d2d929dfc58c,user_050,developer,2026-07-02 02:30:14,2026-07-02 02:40:22,33,33,33,33,4,1,1,0,0,0.0,0.0,0,1,10.133333333333333,2.5,3,0,1,1.0,0.0,brute_force
session_e62097893f01,user_016,developer,2026-07-02 06:43:17,2026-07-02 12:59:17,21,4,0,21,1,1,5,0,0,0.0,0.0,0,0,376.0,6.716666666666667,3,0,0,0.0,0.0,normal
session_93b03515636a,user_007,developer,2026-07-02 07:03:22,2026-07-02 10:36:22,13,2,0,13,1,1,5,0,0,0.0,0.0,0,0,213.0,7.05,3,0,0,0.0,0.0,normal
session_8eb284bab4d3,user_020,finance,2026-07-02 07:06:45,2026-07-02 10:13:45,11,1,0,11,1,1,3,0,3,54.309,22.442,0,0,187.0,7.1,3,0,0,0.0,4.937181818181818,normal
session_4c4011b0d6fc,user_064,finance,2026-07-02 07:49:41,2026-07-02 12:42:41,19,4,0,19,1,1,3,4,6,169.6,24.406,0,0,293.0,7.816666666666666,3,0,0,0.0,8.926315789473684,normal
session_0483f4c776d0,user_058,hr,2026-07-02 07:50:49,2026-07-02 15:01:49,25,9,0,25,1,1,3,6,0,66.051,17.223,0,0,431.0,7.833333333333333,3,0,0,0.0,2.64204,normal
session_ccfc0c662089,user_077,admin,2026-07-02 07:51:44,2026-07-02 13:48:44,23,3,0,23,1,1,5,0,0,0.0,0.0,3,0,357.0,7.85,3,0,0,0.0,0.0,normal
session_6ab286293592,user_069,hr,2026-07-02 07:55:39,2026-07-02 14:35:39,21,3,0,21,1,1,3,7,0,75.441,14.932,0,0,400.0,7.916666666666667,3,0,0,0.0,3.5924285714285715,normal
session_65b20a1d58ce,user_018,developer,2026-07-02 08:05:54,2026-07-02 11:47:54,15,3,0,15,1,1,5,0,0,0.0,0.0,0,0,222.0,8.083333333333334,3,0,0,0.0,0.0,normal
session_576c8aad115a,user_043,hr,2026-07-02 08:06:06,2026-07-02 11:15:06,15,8,0,15,1,1,3,2,0,11.815999999999999,6.441,0,0,189.0,8.1,3,0,0,0.0,0.7877333333333333,normal
session_bc967c8cbe1d,user_040,finance,2026-07-02 08:06:38,2026-07-02 11:14:38,12,2,0,12,1,1,3,3,4,95.334,25.523,0,0,188.0,8.1,3,0,0,0.0,7.944500000000001,normal
session_132beef1fa3c,user_029,admin,2026-07-02 08:08:15,2026-07-02 11:48:15,15,3,0,15,1,1,5,0,0,0.0,0.0,4,0,220.0,8.133333333333333,3,0,0,0.0,0.0,normal
session_fb76ce874977,user_042,developer,2026-07-02 08:09:36,2026-07-02 14:40:36,23,5,0,23,1,1,5,0,0,0.0,0.0,0,0,391.0,8.15,3,0,0,0.0,0.0,normal
session_fa0c213b55f8,user_032,hr,2026-07-02 08:15:19,2026-07-02 09:55:19,9,4,0,9,1,1,3,1,0,5.212,5.212,0,0,100.0,8.25,3,0,0,0.0,0.5791111111111111,normal
session_3ad112ee66b6,user_070,admin,2026-07-02 08:16:28,2026-07-02 12:24:28,16,3,0,16,1,1,5,0,0,0.0,0.0,2,0,248.0,8.266666666666667,3,0,0,0.0,0.0,normal
session_4ab9e5523c8a,user_006,analyst,2026-07-02 08:21:39,2026-07-02 10:46:39,11,3,0,11,1,1,4,2,0,25.344,13.556,0,0,145.0,8.35,3,0,0,0.0,2.3040000000000003,normal
session_e097a59f8783,user_012,analyst,2026-07-02 08:23:50,2026-07-02 10:28:50,10,3,0,10,1,1,4,5,0,21.461,7.724,0,0,125.0,8.383333333333333,3,0,0,0.0,2.1460999999999997,normal
session_7c335c2d89ce,user_011,analyst,2026-07-02 08:29:13,2026-07-02 13:32:13,20,5,0,20,1,1,4,3,0,29.067,11.78,0,0,303.0,8.483333333333333,3,0,0,0.0,1.45335,normal
session_54a8e19bfad8,user_065,hr,2026-07-02 08:39:08,2026-07-02 14:31:08,22,3,0,22,1,1,3,6,0,67.264,30.144,0,0,352.0,8.65,3,0,0,0.0,3.0574545454545454,normal
session_f67423a305fb,user_074,finance,2026-07-02 08:41:01,2026-07-02 13:16:01,17,4,0,17,1,1,3,3,5,23.053,3.784,0,0,275.0,8.683333333333334,3,0,0,0.0,1.3560588235294118,normal
session_56c078b2e429,user_072,hr,2026-07-02 08:41:39,2026-07-02 14:15:39,23,10,0,23,1,1,3,6,0,92.157,25.186,0,0,334.0,8.683333333333334,3,0,0,0.0,4.006826086956521,normal
session_3125e22fad17,user_019,developer,2026-07-02 08:42:04,2026-07-02 11:48:04,16,3,0,16,1,1,5,0,0,0.0,0.0,0,0,186.0,8.7,3,0,0,0.0,0.0,normal
session_e79da7e9321d,user_033,developer,2026-07-02 08:48:28,2026-07-02 13:50:28,21,4,0,21,1,1,5,0,0,0.0,0.0,0,0,302.0,8.8,3,0,0,0.0,0.0,normal
session_45b75b81ba7c,user_009,developer,2026-07-02 08:52:17,2026-07-02 13:42:17,19,4,0,19,1,1,5,0,0,0.0,0.0,0,0,290.0,8.866666666666667,3,0,0,0.0,0.0,normal
session_2839e09120cd,user_061,analyst,2026-07-02 08:52:24,2026-07-02 13:05:24,16,5,0,16,1,1,4,1,0,6.203,6.203,0,0,253.0,8.866666666666667,3,0,0,0.0,0.3876875,normal
session_0c601131a70a,user_041,finance,2026-07-02 08:53:39,2026-07-02 13:08:39,17,4,0,17,1,1,3,3,6,216.354,34.838,0,0,255.0,8.883333333333333,3,0,0,0.0,12.726705882352942,normal
session_c61570c20a39,user_073,hr,2026-07-02 09:00:32,2026-07-02 13:28:32,18,5,0,18,1,1,3,4,0,30.063,11.438,0,0,268.0,9.0,3,0,0,0.0,1.6701666666666666,normal
session_4e674a440cef,user_008,developer,2026-07-02 09:00:56,2026-07-02 13:23:56,19,2,0,19,1,1,5,0,0,0.0,0.0,0,0,263.0,9.0,3,0,0,0.0,0.0,normal
session_79b6311cf4a6,user_067,analyst,2026-07-02 09:02:51,2026-07-02 15:31:51,25,12,0,25,1,1,4,3,0,28.456,14.985,0,0,389.0,9.033333333333333,3,0,0,0.0,1.13824,normal
session_128c364d45e3,user_059,analyst,2026-07-02 09:04:19,2026-07-02 15:40:19,22,7,0,22,1,1,4,4,0,37.385,15.183,0,0,396.0,9.066666666666666,3,0,0,0.0,1.6993181818181817,normal
session_ea2acee27886,user_057,developer,2026-07-02 09:05:27,2026-07-02 13:44:27,18,6,0,18,1,1,5,0,0,0.0,0.0,0,0,279.0,9.083333333333334,3,0,0,0.0,0.0,normal
session_93abd2330b55,user_005,hr,2026-07-02 09:05:33,2026-07-02 11:57:33,11,6,0,11,1,1,3,1,0,2.082,2.082,0,0,172.0,9.083333333333334,3,0,0,0.0,0.18927272727272726,normal
session_8c4a446cbcb0,user_022,developer,2026-07-02 09:08:35,2026-07-02 12:19:35,16,6,0,16,1,1,5,0,0,0.0,0.0,0,0,191.0,9.133333333333333,3,0,0,0.0,0.0,normal
session_cf1aaa0c8bb5,user_039,developer,2026-07-02 09:12:53,2026-07-02 14:41:53,20,8,0,20,1,1,5,0,0,0.0,0.0,0,0,329.0,9.2,3,0,0,0.0,0.0,normal
session_3f724317d00e,user_044,developer,2026-07-02 09:13:01,2026-07-02 13:05:01,17,6,0,17,1,1,5,0,0,0.0,0.0,0,0,232.0,9.216666666666667,3,0,0,0.0,0.0,normal
session_7b8435d4aa97,user_001,finance,2026-07-02 09:13:45,2026-07-02 11:10:45,10,2,0,10,1,1,3,3,0,30.359,12.182,0,0,117.0,9.216666666666667,3,0,0,0.0,3.0359000000000003,normal
session_1088afa7ea48,user_010,finance,2026-07-02 09:19:48,2026-07-02 15:14:48,23,5,0,23,1,1,3,5,4,91.548,14.571,0,0,355.0,9.316666666666666,3,0,0,0.0,3.9803478260869567,normal
session_87ff252b3887,user_028,developer,2026-07-02 09:22:53,2026-07-02 12:00:53,9,3,0,9,1,1,4,0,0,0.0,0.0,0,0,158.0,9.366666666666667,3,0,0,0.0,0.0,normal
session_5d2800867ed1,user_015,finance,2026-07-02 09:23:21,2026-07-02 13:47:21,18,7,0,18,1,1,3,1,4,17.368000000000002,5.197,0,0,264.0,9.383333333333333,3,0,0,0.0,0.964888888888889,normal
session_dec04c20fdfc,user_068,developer,2026-07-02 09:32:45,2026-07-02 14:03:45,18,5,0,18,1,1,4,0,0,0.0,0.0,0,0,271.0,9.533333333333333,3,0,0,0.0,0.0,normal
session_66c165d35c45,user_023,developer,2026-07-02 09:33:38,2026-07-02 14:23:38,15,2,0,15,1,1,5,0,0,0.0,0.0,0,0,290.0,9.55,3,0,0,0.0,0.0,normal
session_8d4b09ccc6be,user_025,hr,2026-07-02 09:34:11,2026-07-02 15:45:11,25,7,0,25,1,1,3,3,0,7.253,2.65,0,0,371.0,9.566666666666666,3,0,0,0.0,0.29012,normal
session_dd94457c5706,user_031,developer,2026-07-02 09:35:12,2026-07-02 13:38:12,16,5,0,16,1,1,5,0,0,0.0,0.0,0,0,243.0,9.583333333333334,3,0,0,0.0,0.0,normal
session_5a8db32b4aad,user_051,analyst,2026-07-02 09:37:09,2026-07-02 14:33:09,20,5,0,20,1,1,4,3,0,27.712,15.601,0,0,296.0,9.616666666666667,3,0,0,0.0,1.3856,normal
session_ef07cdfd6dca,user_018,developer,2026-07-02 09:37:24,2026-07-02 12:13:24,14,4,0,14,1,1,4,0,0,117.334,13.748,0,0,156.0,9.616666666666667,3,0,0,0.0,8.381,normal
session_594730432451,user_027,developer,2026-07-02 09:44:19,2026-07-02 14:36:19,18,6,0,18,1,1,5,0,0,0.0,0.0,0,0,292.0,9.733333333333333,3,0,0,0.0,0.0,normal
session_d03f2d83faec,user_038,developer,2026-07-02 09:44:40,2026-07-02 13:04:40,14,2,0,14,1,1,5,0,0,0.0,0.0,0,0,200.0,9.733333333333333,3,0,0,0.0,0.0,normal
session_e707b4e8749e,user_024,hr,2026-07-02 09:44:49,2026-07-02 13:08:49,13,4,0,13,1,1,3,5,0,88.584,22.399,0,0,204.0,9.733333333333333,3,0,0,0.0,6.814153846153847,normal
session_effc0fbf59f8,user_078,developer,2026-07-02 09:45:17,2026-07-02 14:33:17,17,4,0,17,1,1,5,0,0,0.0,0.0,0,0,288.0,9.75,3,0,0,0.0,0.0,normal
session_ca7d60bbc91c,user_080,hr,2026-07-02 09:45:33,2026-07-02 13:01:33,13,6,0,13,1,1,3,1,0,7.007,7.007,0,0,196.0,9.75,3,0,0,0.0,0.5389999999999999,normal
session_22a7daed1c6c,user_075,developer,2026-07-02 09:48:24,2026-07-02 13:57:24,16,4,0,16,1,1,5,0,0,0.0,0.0,0,0,249.0,9.8,3,0,0,0.0,0.0,normal
session_5b49d079fcc4,user_017,admin,2026-07-02 09:48:49,2026-07-02 12:26:49,12,4,0,12,1,1,4,0,0,0.0,0.0,1,0,158.0,9.8,3,0,0,0.0,0.0,normal
session_fa6c0143005b,user_008,developer,2026-07-02 09:49:24,2026-07-02 11:04:24,6,0,0,6,1,1,1,2,0,65.918,26.501,0,0,75.0,9.816666666666666,3,0,0,0.0,10.986333333333334,normal
session_bb59b8829686,user_056,hr,2026-07-02 09:52:51,2026-07-02 14:29:51,16,6,0,16,1,1,3,5,0,174.41,53.507,0,0,277.0,9.866666666666667,3,0,0,0.0,10.900625,normal
session_007b7473dba7,user_054,developer,2026-07-02 09:54:13,2026-07-02 14:53:13,22,3,0,22,1,1,5,0,0,0.0,0.0,0,0,299.0,9.9,3,0,0,0.0,0.0,normal
session_76baa831a793,user_053,hr,2026-07-02 09:55:11,2026-07-02 14:00:11,16,6,0,16,1,1,3,3,0,12.572,5.337,0,0,245.0,9.916666666666666,3,0,0,0.0,0.78575,normal
session_c78928e65e90,user_036,developer,2026-07-02 09:58:58,2026-07-02 12:42:58,12,3,0,12,1,1,5,0,0,0.0,0.0,0,0,164.0,9.966666666666667,3,0,0,0.0,0.0,normal
session_97bfc99734fa,user_063,finance,2026-07-02 10:00:20,2026-07-02 12:20:20,11,3,0,11,1,1,3,3,1,19.363,6.332,0,0,140.0,10.0,3,0,0,0.0,1.7602727272727272,normal
session_c0b2e30ddef9,user_013,hr,2026-07-02 10:06:11,2026-07-02 14:36:11,19,8,0,19,1,1,3,4,0,12.64,4.041,0,0,270.0,10.1,3,0,0,0.0,0.6652631578947369,normal
session_59d2a7dcb57b,user_037,developer,2026-07-02 10:07:05,2026-07-02 14:32:05,14,5,0,14,1,1,4,0,0,0.0,0.0,0,0,265.0,10.116666666666667,3,0,0,0.0,0.0,normal
session_d27abf25e416,user_071,analyst,2026-07-02 10:08:52,2026-07-02 17:01:52,23,8,0,23,1,1,4,5,0,70.83500000000001,19.594,0,0,413.0,10.133333333333333,3,0,0,0.0,3.0797826086956523,normal
session_76cf02d5f05b,user_052,finance,2026-07-02 10:09:33,2026-07-02 16:35:33,24,3,0,24,1,1,3,6,6,76.795,11.117,0,0,386.0,10.15,3,0,0,0.0,3.1997916666666666,normal
session_9f5b04343998,user_004,developer,2026-07-02 10:13:19,2026-07-02 14:58:19,20,4,0,20,1,1,5,0,0,0.0,0.0,0,0,285.0,10.216666666666667,3,0,0,0.0,0.0,normal
session_c61d3a0fcb4b,user_047,developer,2026-07-02 10:14:40,2026-07-02 15:13:40,18,4,0,18,1,1,5,0,0,0.0,0.0,0,0,299.0,10.233333333333333,3,0,0,0.0,0.0,normal
session_9c64d66d7454,user_046,hr,2026-07-02 10:15:34,2026-07-02 11:45:34,7,0,0,7,1,1,1,2,0,124.689,28.377,0,0,90.0,10.25,3,0,0,0.0,17.812714285714286,normal
session_934f2436644b,user_014,hr,2026-07-02 10:28:25,2026-07-02 16:48:25,23,5,0,23,1,1,3,7,0,79.361,16.567,0,0,380.0,10.466666666666667,3,0,0,0.0,3.4504782608695654,normal
session_e369f0b7d2a0,user_048,developer,2026-07-02 10:30:46,2026-07-02 15:36:46,19,5,0,19,1,1,5,0,0,0.0,0.0,0,0,306.0,10.5,3,0,0,0.0,0.0,normal
session_5581c50ce98b,user_030,hr,2026-07-02 10:32:52,2026-07-02 16:35:52,24,12,0,24,1,1,3,4,0,43.51,15.941,0,0,363.0,10.533333333333333,3,0,0,0.0,1.8129166666666665,normal
session_50cc50717dd9,user_076,analyst,2026-07-02 10:35:28,2026-07-02 16:06:28,22,6,0,22,1,1,4,3,0,16.637,6.84,0,0,331.0,10.583333333333334,3,0,0,0.0,0.7562272727272727,normal
session_e4b85db0748f,user_055,analyst,2026-07-02 10:44:39,2026-07-02 13:52:39,15,5,0,15,1,1,4,4,0,58.649,21.298,0,0,188.0,10.733333333333333,3,0,0,0.0,3.9099333333333335,normal
session_8fdb881ac361,user_046,hr,2026-07-02 10:48:49,2026-07-02 16:12:49,23,3,0,23,1,1,3,7,0,59.686,13.06,0,0,324.0,10.8,3,0,0,0.0,2.5950434782608696,normal
session_146da1ccecce,user_060,developer,2026-07-02 10:49:41,2026-07-02 12:52:41,9,3,0,9,1,1,5,0,0,0.0,0.0,0,0,123.0,10.816666666666666,3,0,0,0.0,0.0,normal
session_ca34a3754221,user_003,developer,2026-07-02 11:07:40,2026-07-02 16:50:40,24,5,0,24,1,1,5,0,0,0.0,0.0,0,0,343.0,11.116666666666667,3,0,0,0.0,0.0,normal
session_6dba2aa17ca4,user_026,analyst,2026-07-02 11:15:35,2026-07-02 15:22:35,16,2,0,16,1,1,4,8,0,58.264,13.645,0,0,247.0,11.25,3,0,0,0.0,3.6415,normal
session_6470b7206ae4,user_002,finance,2026-07-02 11:36:53,2026-07-02 15:19:53,15,3,0,15,1,1,3,5,3,69.473,12.639,0,0,223.0,11.6,3,0,0,0.0,4.6315333333333335,normal
session_2b50d8355a48,user_027,developer,2026-07-02 11:47:28,2026-07-02 11:47:28,1,0,0,1,1,1,1,1,0,12.261,12.261,0,1,0.0,11.783333333333333,3,0,0,0.0,12.261,low_slow_exfiltration
session_08d508a6454e,user_048,developer,2026-07-02 15:14:28,2026-07-02 15:14:28,1,0,0,1,1,1,1,0,0,10.082,10.082,0,1,0.0,15.233333333333333,3,0,0,0.0,10.082,insider_drift
session_9061b896b2ae,user_079,developer,2026-07-02 16:21:46,2026-07-02 16:21:46,1,0,0,1,1,1,1,0,0,4.686,4.686,0,1,0.0,16.35,3,0,0,0.0,4.686,insider_drift
session_d6fb2f6bef3d,user_057,developer,2026-07-03 03:37:03,2026-07-03 03:47:03,6,1,0,6,1,1,6,0,0,0.0,0.0,1,1,10.0,3.6166666666666667,4,0,1,0.0,0.0,lateral_movement
session_63c8412412a1,user_050,developer,2026-07-03 06:42:50,2026-07-03 10:54:50,16,3,0,16,1,1,5,0,0,0.0,0.0,0,0,252.0,6.7,4,0,0,0.0,0.0,normal
session_1652edc4a4ef,user_042,developer,2026-07-03 07:10:33,2026-07-03 12:24:33,19,4,0,19,1,1,5,0,0,0.0,0.0,0,0,314.0,7.166666666666667,4,0,0,0.0,0.0,normal
session_5c3f91a7fbd1,user_069,hr,2026-07-03 07:18:03,2026-07-03 12:16:03,22,3,0,22,1,1,3,7,0,88.136,18.686,0,0,298.0,7.3,4,0,0,0.0,4.006181818181818,normal
session_6ca191dded79,user_031,developer,2026-07-03 07:51:33,2026-07-03 10:17:33,9,2,0,9,1,1,5,0,0,0.0,0.0,0,0,146.0,7.85,4,0,0,0.0,0.0,normal
session_0ecf49452c81,user_045,admin,2026-07-03 07:55:46,2026-07-03 10:40:46,15,4,0,15,1,1,5,0,0,0.0,0.0,1,0,165.0,7.916666666666667,4,0,0,0.0,0.0,normal
session_b7dc4a56e741,user_022,developer,2026-07-03 08:00:38,2026-07-03 11:16:38,15,5,0,15,1,1,5,0,0,0.0,0.0,0,0,196.0,8.0,4,0,0,0.0,0.0,normal
session_d4697b32c5bf,user_020,finance,2026-07-03 08:00:45,2026-07-03 10:00:45,11,4,0,11,1,1,3,2,3,78.298,14.92,0,0,120.0,8.0,4,0,0,0.0,7.118,normal
session_d4f8aa671652,user_016,developer,2026-07-03 08:04:05,2026-07-03 12:42:05,20,3,0,20,1,1,5,0,0,0.0,0.0,0,0,278.0,8.066666666666666,4,0,0,0.0,0.0,normal
session_e23925ef8b68,user_057,developer,2026-07-03 08:10:56,2026-07-03 10:30:56,13,4,0,13,1,1,4,0,0,0.0,0.0,0,0,140.0,8.166666666666666,4,0,0,0.0,0.0,normal
session_b7310f417efd,user_009,developer,2026-07-03 08:13:50,2026-07-03 10:39:50,9,2,0,9,1,1,4,0,0,0.0,0.0,0,0,146.0,8.216666666666667,4,0,0,0.0,0.0,normal
session_04a081870289,user_022,developer,2026-07-03 08:14:27,2026-07-03 08:32:27,2,2,0,2,2,2,1,0,0,0.0,0.0,0,1,18.0,8.233333333333333,4,0,0,0.0,0.0,impossible_travel
session_8f87c20f14de,user_029,admin,2026-07-03 08:15:10,2026-07-03 11:37:10,16,7,0,16,1,1,5,0,0,0.0,0.0,1,0,202.0,8.25,4,0,0,0.0,0.0,normal
session_beffbfc5455d,user_043,hr,2026-07-03 08:16:19,2026-07-03 14:46:19,19,6,0,19,1,1,3,6,0,59.644,14.641,0,0,390.0,8.266666666666667,4,0,0,0.0,3.139157894736842,normal
session_a60d4fb12a2a,user_064,finance,2026-07-03 08:20:11,2026-07-03 12:55:11,18,1,0,18,1,1,3,5,3,179.583,39.314,0,0,275.0,8.333333333333334,4,0,0,0.0,9.976833333333333,normal
session_3ca99b7fe71c,user_007,developer,2026-07-03 08:22:36,2026-07-03 14:44:36,21,4,0,21,1,1,5,0,0,0.0,0.0,0,0,382.0,8.366666666666667,4,0,0,0.0,0.0,normal
session_10ba310f0f72,user_020,finance,2026-07-03 08:27:50,2026-07-03 13:21:50,18,4,0,18,1,1,3,5,3,130.024,30.85,0,0,294.0,8.45,4,0,0,0.0,7.2235555555555555,normal
session_9e1501f495ae,user_006,analyst,2026-07-03 08:32:26,2026-07-03 10:17:26,8,0,0,8,1,1,1,3,0,177.518,29.828,0,0,105.0,8.533333333333333,4,0,0,0.0,22.18975,normal
session_e4b6a872d9aa,user_039,developer,2026-07-03 08:34:40,2026-07-03 12:49:40,16,2,0,16,1,1,5,0,0,0.0,0.0,0,0,255.0,8.566666666666666,4,0,0,0.0,0.0,normal
session_411f11fe8a8f,user_052,finance,2026-07-03 08:36:27,2026-07-03 16:08:27,25,6,0,25,1,1,3,5,4,72.281,15.306,0,0,452.0,8.6,4,0,0,0.0,2.8912400000000003,normal
session_fa75418922d5,user_016,developer,2026-07-03 08:37:20,2026-07-03 08:58:20,2,2,0,2,2,2,1,0,0,0.0,0.0,0,1,21.0,8.616666666666667,4,0,0,0.0,0.0,impossible_travel
session_6f1ba67257b5,user_011,analyst,2026-07-03 08:41:39,2026-07-03 12:43:39,15,5,0,15,1,1,4,5,0,68.275,30.65,0,0,242.0,8.683333333333334,4,0,0,0.0,4.551666666666667,normal
session_ddc3b32f34ea,user_008,developer,2026-07-03 08:42:40,2026-07-03 11:43:40,12,1,0,12,1,1,5,0,0,0.0,0.0,0,0,181.0,8.7,4,0,0,0.0,0.0,normal
session_eaf44d684ed2,user_049,analyst,2026-07-03 08:45:27,2026-07-03 15:12:27,24,7,0,24,1,1,4,6,0,23.708,7.457,0,0,387.0,8.75,4,0,0,0.0,0.9878333333333332,normal
session_98debb04b7b7,user_071,analyst,2026-07-03 08:47:35,2026-07-03 13:39:35,15,3,0,15,1,1,4,4,0,82.906,30.43,0,0,292.0,8.783333333333333,4,0,0,0.0,5.527066666666667,normal
session_7e2b5fe627cb,user_021,finance,2026-07-03 08:48:23,2026-07-03 12:27:23,13,2,0,13,1,1,3,4,3,27.474,6.077,0,0,219.0,8.8,4,0,0,0.0,2.113384615384615,normal
session_f7e416a72d7a,user_056,hr,2026-07-03 08:58:01,2026-07-03 13:51:01,18,5,0,18,1,1,3,5,0,123.43900000000001,37.758,0,0,293.0,8.966666666666667,4,0,0,0.0,6.857722222222223,normal
session_ea4954f2c2ff,user_073,hr,2026-07-03 08:58:43,2026-07-03 12:47:43,17,4,0,17,1,1,3,4,0,24.809,7.309,0,0,229.0,8.966666666666667,4,0,0,0.0,1.4593529411764707,normal
session_41c999f19168,user_044,developer,2026-07-03 08:59:16,2026-07-03 16:05:16,24,5,0,24,1,1,5,0,0,0.0,0.0,0,0,426.0,8.983333333333333,4,0,0,0.0,0.0,normal
session_3d02f9499d03,user_047,developer,2026-07-03 09:02:53,2026-07-03 09:04:13,4,4,3,4,1,1,1,0,0,0.0,0.0,0,0,1.3333333333333333,9.033333333333333,4,0,0,0.75,0.0,normal
session_d3681d2c2070,user_010,finance,2026-07-03 09:03:04,2026-07-03 11:01:04,9,1,0,9,1,1,3,2,2,23.802999999999997,8.177,0,0,118.0,9.05,4,0,0,0.0,2.6447777777777777,normal
session_2c6897963cab,user_049,analyst,2026-07-03 09:04:30,2026-07-03 09:04:30,1,0,0,1,1,1,1,1,0,15.234,15.234,0,0,0.0,9.066666666666666,4,0,0,0.0,15.234,normal
session_b68c823e13cd,user_067,analyst,2026-07-03 09:07:42,2026-07-03 15:45:42,24,9,0,24,1,1,4,3,0,40.671,14.974,0,0,398.0,9.116666666666667,4,0,0,0.0,1.694625,normal
session_26b2ca812f93,user_080,hr,2026-07-03 09:07:44,2026-07-03 13:18:44,17,5,0,17,1,1,3,6,0,98.74199999999999,22.714,0,0,251.0,9.116666666666667,4,0,0,0.0,5.80835294117647,normal
session_2c2fb3ca78c5,user_028,developer,2026-07-03 09:09:19,2026-07-03 13:35:19,21,5,0,21,1,1,5,0,0,0.0,0.0,0,0,266.0,9.15,4,0,0,0.0,0.0,normal
session_92790c4d48ee,user_058,hr,2026-07-03 09:13:36,2026-07-03 10:52:36,10,3,0,10,1,1,3,3,0,32.182,13.461,0,0,99.0,9.216666666666667,4,0,0,0.0,3.2182000000000004,normal
session_80c4bd092c53,user_065,hr,2026-07-03 09:15:48,2026-07-03 14:56:48,19,8,0,19,1,1,3,5,0,50.84,15.369,0,0,341.0,9.25,4,0,0,0.0,2.6757894736842105,normal
session_b1eecc2d3cdf,user_004,developer,2026-07-03 09:16:05,2026-07-03 11:04:05,10,2,0,10,1,1,4,0,0,0.0,0.0,0,0,108.0,9.266666666666667,4,0,0,0.0,0.0,normal
session_73c826680a79,user_025,hr,2026-07-03 09:16:10,2026-07-03 13:52:10,17,3,0,17,1,1,3,5,0,11.592,3.434,0,0,276.0,9.266666666666667,4,0,0,0.0,0.6818823529411765,normal
session_74a647cd6268,user_054,developer,2026-07-03 09:17:34,2026-07-03 16:06:34,25,8,0,25,1,1,5,0,0,0.0,0.0,0,0,409.0,9.283333333333333,4,0,0,0.0,0.0,normal
session_03a4cd7ebf31,user_024,hr,2026-07-03 09:17:39,2026-07-03 16:16:39,25,5,0,25,1,1,3,7,0,163.214,38.588,0,0,419.0,9.283333333333333,4,0,0,0.0,6.52856,normal
session_5f29a3ca82d8,user_035,admin,2026-07-03 09:18:01,2026-07-03 13:58:01,17,2,0,17,1,1,5,0,0,0.0,0.0,5,0,280.0,9.3,4,0,0,0.0,0.0,normal
session_00a2ed45086c,user_018,developer,2026-07-03 09:18:59,2026-07-03 14:24:59,19,2,0,19,1,1,4,0,0,0.0,0.0,0,0,306.0,9.3,4,0,0,0.0,0.0,normal
session_1c41192e64a9,user_053,hr,2026-07-03 09:19:25,2026-07-03 12:10:25,11,1,0,11,1,1,2,3,0,15.562000000000001,5.804,0,0,171.0,9.316666666666666,4,0,0,0.0,1.4147272727272728,normal
session_2f2e8382b900,user_061,analyst,2026-07-03 09:22:56,2026-07-03 13:30:56,14,2,0,14,1,1,4,2,0,12.789,10.744,0,0,248.0,9.366666666666667,4,0,0,0.0,0.9135,normal
session_5ca9b495e10e,user_036,developer,2026-07-03 09:23:30,2026-07-03 16:06:30,25,7,0,25,1,1,5,0,0,0.0,0.0,0,0,403.0,9.383333333333333,4,0,0,0.0,0.0,normal
session_3a5d03fd3c0d,user_070,admin,2026-07-03 09:23:55,2026-07-03 13:53:55,19,2,0,19,1,1,4,0,0,0.0,0.0,9,0,270.0,9.383333333333333,4,0,0,0.0,0.0,normal
session_cbfc1c71fc15,user_040,finance,2026-07-03 09:24:44,2026-07-03 14:11:44,21,5,0,21,1,1,3,4,6,164.798,23.392,0,0,287.0,9.4,4,0,0,0.0,7.84752380952381,normal
session_438edca7ba61,user_037,developer,2026-07-03 09:27:28,2026-07-03 14:23:28,19,6,0,19,1,1,5,0,0,0.0,0.0,0,0,296.0,9.45,4,0,0,0.0,0.0,normal
session_4377b5a033ae,user_068,developer,2026-07-03 09:28:54,2026-07-03 15:02:54,19,3,0,19,1,1,5,0,0,0.0,0.0,0,0,334.0,9.466666666666667,4,0,0,0.0,0.0,normal
session_3fca2a1e9530,user_006,analyst,2026-07-03 09:31:42,2026-07-03 13:21:42,19,9,0,19,1,1,4,4,0,70.676,27.827,0,0,230.0,9.516666666666667,4,0,0,0.0,3.7197894736842105,normal
session_b31739fe8f31,user_013,hr,2026-07-03 09:31:48,2026-07-03 14:48:48,22,7,0,22,1,1,3,3,0,8.280999999999999,3.19,0,0,317.0,9.516666666666667,4,0,0,0.0,0.37640909090909086,normal
session_9de60f613274,user_027,developer,2026-07-03 09:33:00,2026-07-03 16:39:00,23,6,0,23,1,1,5,0,0,0.0,0.0,0,0,426.0,9.55,4,0,0,0.0,0.0,normal
session_8d4de2569e34,user_023,developer,2026-07-03 09:33:52,2026-07-03 12:43:52,12,4,0,12,1,1,5,0,0,0.0,0.0,0,0,190.0,9.55,4,0,0,0.0,0.0,normal
session_63b143805881,user_062,hr,2026-07-03 09:35:37,2026-07-03 10:15:37,2,2,0,2,2,2,1,0,0,0.0,0.0,0,1,40.0,9.583333333333334,4,0,0,0.0,0.0,impossible_travel
session_36439b61226e,user_030,hr,2026-07-03 09:37:04,2026-07-03 14:42:04,19,5,0,19,1,1,3,3,0,37.965,19.041,0,0,305.0,9.616666666666667,4,0,0,0.0,1.9981578947368424,normal
session_023279f981c1,user_014,hr,2026-07-03 09:38:44,2026-07-03 15:26:44,19,6,0,19,1,1,3,4,0,54.561,17.329,0,0,348.0,9.633333333333333,4,0,0,0.0,2.8716315789473685,normal
session_c7b718c0e778,user_034,finance,2026-07-03 09:39:36,2026-07-03 12:06:36,10,3,0,10,1,1,3,1,0,4.005,4.005,0,0,147.0,9.65,4,0,0,0.0,0.40049999999999997,normal
session_e6ef66046442,user_001,finance,2026-07-03 09:39:43,2026-07-03 12:22:43,11,3,0,11,1,1,3,0,3,43.714,22.85,0,0,163.0,9.65,4,0,0,0.0,3.9739999999999998,normal
session_36403e501ac6,user_062,hr,2026-07-03 09:41:50,2026-07-03 15:26:50,19,6,0,19,1,1,3,5,0,60.265,16.243,0,0,345.0,9.683333333333334,4,0,0,0.0,3.171842105263158,normal
session_f20fa3cd77c3,user_072,hr,2026-07-03 09:42:20,2026-07-03 13:22:20,13,6,0,13,1,1,3,3,0,37.888,15.975,0,0,220.0,9.7,4,0,0,0.0,2.914461538461538,normal
session_7c793998be7e,user_019,developer,2026-07-03 09:42:27,2026-07-03 12:26:27,11,2,0,11,1,1,5,0,0,0.0,0.0,0,0,164.0,9.7,4,0,0,0.0,0.0,normal
session_f4b380877b24,user_005,hr,2026-07-03 09:42:34,2026-07-03 13:45:34,21,9,0,21,1,1,3,4,0,17.378,8.888,0,0,243.0,9.7,4,0,0,0.0,0.8275238095238096,normal
session_375744b3523e,user_075,developer,2026-07-03 09:44:12,2026-07-03 15:55:12,23,6,0,23,1,1,5,0,0,0.0,0.0,0,0,371.0,9.733333333333333,4,0,0,0.0,0.0,normal
session_2d05335214e5,user_017,admin,2026-07-03 09:47:28,2026-07-03 16:09:28,21,6,0,21,1,1,5,0,0,0.0,0.0,3,0,382.0,9.783333333333333,4,0,0,0.0,0.0,normal
session_612e0743cf57,user_032,hr,2026-07-03 09:56:08,2026-07-03 14:25:08,17,6,0,17,1,1,3,4,0,17.412,5.876,0,0,269.0,9.933333333333334,4,0,0,0.0,1.024235294117647,normal
session_8b72f0666ac2,user_074,finance,2026-07-03 09:56:27,2026-07-03 15:52:27,20,4,0,20,1,1,3,3,5,30.507,7.46,0,0,356.0,9.933333333333334,4,0,0,0.0,1.52535,normal
session_bbbdce4b933f,user_076,analyst,2026-07-03 09:56:58,2026-07-03 12:08:58,12,1,0,12,1,1,4,4,0,66.75,12.969,0,0,132.0,9.933333333333334,4,0,0,0.0,5.5625,normal
session_12f06c3c6af2,user_002,finance,2026-07-03 09:59:44,2026-07-03 14:06:44,17,4,0,17,1,1,3,3,4,56.973,12.504,0,0,247.0,9.983333333333333,4,0,0,0.0,3.3513529411764704,normal
session_f5c086761c03,user_055,analyst,2026-07-03 10:05:05,2026-07-03 13:11:05,12,4,0,12,1,1,3,3,0,99.487,55.879,0,0,186.0,10.083333333333334,4,0,0,0.0,8.290583333333332,normal
session_61e872161f95,user_003,developer,2026-07-03 10:07:11,2026-07-03 16:24:11,25,8,0,25,1,1,5,0,0,0.0,0.0,0,0,377.0,10.116666666666667,4,0,0,0.0,0.0,normal
session_75635d5074b6,user_048,developer,2026-07-03 10:11:11,2026-07-03 14:41:11,16,3,0,16,1,1,5,0,0,0.0,0.0,0,0,270.0,10.183333333333334,4,0,0,0.0,0.0,normal
session_0fa5e268381b,user_033,developer,2026-07-03 10:14:34,2026-07-03 16:49:34,24,4,0,24,1,1,5,0,0,0.0,0.0,0,0,395.0,10.233333333333333,4,0,0,0.0,0.0,normal
session_59382ab956a5,user_066,developer,2026-07-03 10:14:52,2026-07-03 13:45:52,14,6,0,14,1,1,5,0,0,0.0,0.0,0,0,211.0,10.233333333333333,4,0,0,0.0,0.0,normal
session_04f475fb620e,user_046,hr,2026-07-03 10:17:31,2026-07-03 13:31:31,14,5,0,14,1,1,3,4,0,36.663,13.301,0,0,194.0,10.283333333333333,4,0,0,0.0,2.618785714285714,normal
session_a180225cb2a6,user_076,analyst,2026-07-03 10:23:21,2026-07-03 17:25:21,25,9,0,25,1,1,4,5,0,16.999,4.89,0,0,422.0,10.383333333333333,4,0,0,0.0,0.6799599999999999,normal
session_92b9b92f1c5b,user_060,developer,2026-07-03 10:24:39,2026-07-03 15:41:39,19,4,0,19,1,1,5,0,0,0.0,0.0,0,0,317.0,10.4,4,0,0,0.0,0.0,normal
session_b6f03d11b128,user_059,analyst,2026-07-03 10:27:58,2026-07-03 12:30:58,9,2,0,9,1,1,4,3,0,29.596,12.197,0,0,123.0,10.45,4,0,0,0.0,3.2884444444444445,normal
session_12bcb29b0571,user_078,developer,2026-07-03 10:28:15,2026-07-03 15:24:15,21,2,0,21,1,1,5,0,0,0.0,0.0,0,0,296.0,10.466666666666667,4,0,0,0.0,0.0,normal
session_e444f4b8647d,user_026,analyst,2026-07-03 10:41:24,2026-07-03 14:10:24,18,4,0,18,1,1,4,4,0,46.016999999999996,14.674,0,0,209.0,10.683333333333334,4,0,0,0.0,2.5564999999999998,normal
session_41733cfe2cf9,user_079,developer,2026-07-03 10:50:27,2026-07-03 18:02:27,22,5,0,22,1,1,5,0,0,0.0,0.0,0,0,432.0,10.833333333333334,4,0,0,0.0,0.0,normal
session_6f7d382ddffb,user_047,developer,2026-07-03 10:50:39,2026-07-03 17:48:39,24,6,0,24,1,1,5,0,0,0.0,0.0,0,0,418.0,10.833333333333334,4,0,0,0.0,0.0,normal
session_ff3544d5a2b5,user_063,finance,2026-07-03 11:03:22,2026-07-03 16:03:22,20,3,0,20,1,1,3,5,3,45.567,9.09,0,0,300.0,11.05,4,0,0,0.0,2.27835,normal
session_37ca1dfa0f27,user_027,developer,2026-07-03 14:09:39,2026-07-03 14:09:39,1,0,0,1,1,1,1,1,0,15.03,15.03,0,1,0.0,14.15,4,0,0,0.0,15.03,low_slow_exfiltration
session_808bbe6afc7f,user_030,hr,2026-07-03 15:17:53,2026-07-03 16:17:53,7,2,0,7,1,1,3,0,0,82.119,17.647,0,0,60.0,15.283333333333333,4,0,0,0.0,11.731285714285715,normal
session_b2bb45af3c01,user_048,developer,2026-07-03 15:23:29,2026-07-03 15:23:29,1,0,0,1,1,1,1,0,0,12.603,12.603,0,1,0.0,15.383333333333333,4,0,0,0.0,12.603,insider_drift
session_02d5889fab4d,user_079,developer,2026-07-03 16:30:32,2026-07-03 16:30:32,1,0,0,1,1,1,1,0,0,5.355,5.355,0,1,0.0,16.5,4,0,0,0.0,5.355,insider_drift
session_5a50d5f59115,user_066,developer,2026-07-03 22:56:05,2026-07-03 23:28:05,5,2,0,5,1,1,3,0,0,57.291,17.613,0,0,32.0,22.933333333333334,4,0,1,0.0,11.4582,normal
session_7d7bb0620284,user_066,developer,2026-07-04 01:18:22,2026-07-04 01:28:22,6,1,0,6,1,1,6,0,0,0.0,0.0,1,1,10.0,1.3,5,1,1,0.0,0.0,lateral_movement
session_6405e9a9c781,user_022,developer,2026-07-04 04:23:01,2026-07-04 04:33:01,6,1,0,6,1,1,6,0,0,0.0,0.0,1,1,10.0,4.383333333333334,5,1,1,0.0,0.0,lateral_movement
session_942c99d5c410,user_012,analyst,2026-07-04 07:26:30,2026-07-04 13:01:30,23,7,0,23,1,1,4,4,0,21.352,8.473,0,0,335.0,7.433333333333334,5,1,0,0.0,0.9283478260869565,normal
session_20b02bbb550e,user_050,developer,2026-07-04 07:34:25,2026-07-04 11:27:25,17,4,0,17,1,1,5,0,0,0.0,0.0,0,0,233.0,7.566666666666666,5,1,0,0.0,0.0,normal
session_8d7a5fcf721c,user_042,developer,2026-07-04 07:42:40,2026-07-04 12:15:40,17,4,0,17,1,1,5,0,0,0.0,0.0,0,0,273.0,7.7,5,1,0,0.0,0.0,normal
session_6297b487f199,user_022,developer,2026-07-04 08:20:08,2026-07-04 13:39:08,20,5,0,20,1,1,5,0,0,0.0,0.0,0,0,319.0,8.333333333333334,5,1,0,0.0,0.0,normal
session_36752c8b9490,user_013,hr,2026-07-04 08:20:10,2026-07-04 16:08:10,25,5,0,25,1,1,3,5,0,19.024,5.64,0,0,468.0,8.333333333333334,5,1,0,0.0,0.7609600000000001,normal
session_bb20f5c5404e,user_006,analyst,2026-07-04 08:26:15,2026-07-04 14:36:15,24,8,0,24,1,1,4,1,0,30.093,30.093,0,0,370.0,8.433333333333334,5,1,0,0.0,1.253875,normal
session_cb8f77652f06,user_018,developer,2026-07-04 08:42:20,2026-07-04 12:39:20,15,6,0,15,1,1,5,0,0,0.0,0.0,0,0,237.0,8.7,5,1,0,0.0,0.0,normal
session_bd93159d0539,user_063,finance,2026-07-04 08:43:58,2026-07-04 14:57:58,25,5,0,25,1,1,3,6,6,60.064,8.233,0,0,374.0,8.716666666666667,5,1,0,0.0,2.40256,normal
session_9e156b40416f,user_038,developer,2026-07-04 08:45:42,2026-07-04 12:01:42,14,2,0,14,1,1,4,0,0,0.0,0.0,0,0,196.0,8.75,5,1,0,0.0,0.0,normal
session_b50f0ec28185,user_008,developer,2026-07-04 08:59:19,2026-07-04 11:05:19,9,3,0,9,1,1,5,0,0,0.0,0.0,0,0,126.0,8.983333333333333,5,1,0,0.0,0.0,normal
session_8dc19d48ea15,user_017,admin,2026-07-04 09:01:04,2026-07-04 13:49:04,17,1,0,17,1,1,5,0,0,0.0,0.0,7,0,288.0,9.016666666666667,5,1,0,0.0,0.0,normal
session_51cf868aa5a0,user_016,developer,2026-07-04 09:04:14,2026-07-04 11:13:14,9,2,0,9,1,1,5,0,0,0.0,0.0,0,0,129.0,9.066666666666666,5,1,0,0.0,0.0,normal
session_ba083e50e692,user_071,analyst,2026-07-04 09:14:44,2026-07-04 15:03:44,23,5,0,23,1,1,4,6,0,93.61099999999999,24.147,0,0,349.0,9.233333333333333,5,1,0,0.0,4.070043478260869,normal
session_27f5ee20e0df,user_049,analyst,2026-07-04 09:16:27,2026-07-04 11:57:27,11,3,0,11,1,1,4,6,0,33.182,10.678,0,0,161.0,9.266666666666667,5,1,0,0.0,3.016545454545455,normal
session_c2dad23afd17,user_052,finance,2026-07-04 09:22:49,2026-07-04 16:04:49,25,5,0,25,1,1,3,9,5,90.178,18.89,0,0,402.0,9.366666666666667,5,1,0,0.0,3.60712,normal
session_aac12c95b9e6,user_005,hr,2026-07-04 09:25:26,2026-07-04 14:43:26,18,7,0,18,1,1,3,2,0,5.399,3.312,0,0,318.0,9.416666666666666,5,1,0,0.0,0.29994444444444446,normal
session_db3a36c78b8c,user_080,hr,2026-07-04 09:26:05,2026-07-04 13:37:05,16,4,0,16,1,1,3,4,0,104.4,39.023,0,0,251.0,9.433333333333334,5,1,0,0.0,6.525,normal
session_5cf6082f2a6f,user_037,developer,2026-07-04 09:37:55,2026-07-04 10:27:55,6,0,0,6,1,1,4,0,0,65.309,19.666,0,0,50.0,9.616666666666667,5,1,0,0.0,10.884833333333333,normal
session_6c7140c17263,user_001,finance,2026-07-04 09:45:21,2026-07-04 13:46:21,15,5,0,15,1,1,3,2,2,52.601,15.622,0,0,241.0,9.75,5,1,0,0.0,3.5067333333333335,normal
session_f024e4edf06f,user_030,hr,2026-07-04 09:45:25,2026-07-04 15:48:25,23,5,0,23,1,1,3,5,0,59.672,16.437,0,0,363.0,9.75,5,1,0,0.0,2.5944347826086953,normal
session_7c103ec2c224,user_060,developer,2026-07-04 09:46:54,2026-07-04 10:13:54,10,4,0,10,1,10,5,5,0,78.899,17.033,0,1,27.0,9.766666666666667,5,1,0,0.0,7.8899,device_spoofing
session_894b11ebccb0,user_076,analyst,2026-07-04 09:51:12,2026-07-04 16:23:12,24,8,0,24,1,1,4,4,0,18.212,6.846,0,0,392.0,9.85,5,1,0,0.0,0.7588333333333334,normal
session_52e27518786f,user_026,analyst,2026-07-04 09:55:24,2026-07-04 14:02:24,18,6,0,18,1,1,4,3,0,28.377000000000002,10.571,0,0,247.0,9.916666666666666,5,1,0,0.0,1.5765000000000002,normal
session_5327544059b7,user_019,developer,2026-07-04 10:00:23,2026-07-04 13:50:23,16,4,0,16,1,1,5,0,0,0.0,0.0,0,0,230.0,10.0,5,1,0,0.0,0.0,normal
session_48bd068e2509,user_019,developer,2026-07-04 10:01:08,2026-07-04 10:42:08,2,2,0,2,2,2,1,0,0,0.0,0.0,0,1,41.0,10.016666666666667,5,1,0,0.0,0.0,impossible_travel
session_9f8637949bdf,user_048,developer,2026-07-04 10:09:25,2026-07-04 14:33:25,16,3,0,16,1,1,5,0,0,0.0,0.0,0,0,264.0,10.15,5,1,0,0.0,0.0,normal
session_4946a31bf9b0,user_072,hr,2026-07-04 10:34:31,2026-07-04 10:35:31,3,3,2,3,1,1,1,0,0,0.0,0.0,0,0,1.0,10.566666666666666,5,1,0,0.6666666666666666,0.0,normal
session_4c44b926b3be,user_070,admin,2026-07-04 10:44:10,2026-07-04 15:11:10,16,4,0,16,1,1,5,0,0,0.0,0.0,1,0,267.0,10.733333333333333,5,1,0,0.0,0.0,normal
session_7770d52045f3,user_046,hr,2026-07-04 10:47:18,2026-07-04 13:51:18,15,4,0,15,1,1,3,4,0,36.082,11.249,0,0,184.0,10.783333333333333,5,1,0,0.0,2.405466666666667,normal
session_1f88a6b98515,user_053,hr,2026-07-04 10:53:20,2026-07-04 13:28:20,13,4,0,13,1,1,3,5,0,23.939,9.077,0,0,155.0,10.883333333333333,5,1,0,0.0,1.8414615384615385,normal
session_825cf7af408c,user_027,developer,2026-07-04 12:36:48,2026-07-04 12:36:48,1,0,0,1,1,1,1,1,0,17.799,17.799,0,1,0.0,12.6,5,1,0,0.0,17.799,low_slow_exfiltration
session_adb1ef1b842c,user_052,finance,2026-07-04 12:58:33,2026-07-04 12:58:33,1,0,0,1,1,1,1,1,0,7.055,7.055,0,1,0.0,12.966666666666667,5,1,0,0.0,7.055,low_slow_exfiltration
session_85ff57d51a76,user_048,developer,2026-07-04 15:32:07,2026-07-04 15:32:07,1,0,0,1,1,1,1,0,0,15.123,15.123,0,1,0.0,15.533333333333333,5,1,0,0.0,15.123,insider_drift
session_8eb9ec1ac7fc,user_079,developer,2026-07-04 16:39:42,2026-07-04 16:39:42,1,0,0,1,1,1,1,0,0,6.025,6.025,0,1,0.0,16.65,5,1,0,0.0,6.025,insider_drift
session_9f886ac4f239,user_020,finance,2026-07-05 02:30:47,2026-07-05 02:35:32,16,16,16,16,4,1,1,0,0,0.0,0.0,0,1,4.75,2.5,6,1,1,1.0,0.0,brute_force
session_cd017b929925,user_069,hr,2026-07-05 07:19:35,2026-07-05 12:41:35,18,6,0,18,1,1,3,5,0,57.754,16.817,0,0,322.0,7.316666666666666,6,1,0,0.0,3.2085555555555554,normal
session_0009127f5075,user_069,hr,2026-07-05 07:45:28,2026-07-05 07:45:28,1,0,0,1,1,1,1,1,0,82.182,82.182,0,0,0.0,7.75,6,1,0,0.0,82.182,normal
session_798d8eab820c,user_058,hr,2026-07-05 07:48:23,2026-07-05 10:19:23,10,4,0,10,1,1,3,3,0,23.41,9.391,0,0,151.0,7.8,6,1,0,0.0,2.341,normal
session_1b3c0fefbe53,user_029,admin,2026-07-05 07:56:49,2026-07-05 13:45:49,23,6,0,23,1,1,5,0,0,0.0,0.0,6,0,349.0,7.933333333333334,6,1,0,0.0,0.0,normal
session_4747572fa7d9,user_012,analyst,2026-07-05 08:06:06,2026-07-05 09:16:06,8,4,0,8,1,1,4,1,0,92.108,21.338,0,0,70.0,8.1,6,1,0,0.0,11.5135,normal
session_adde52376b6f,user_043,hr,2026-07-05 08:14:17,2026-07-05 14:03:17,25,4,0,25,1,1,3,11,0,132.978,21.913,0,0,349.0,8.233333333333333,6,1,0,0.0,5.319120000000001,normal
session_56098550f31d,user_034,finance,2026-07-05 08:18:18,2026-07-05 11:10:18,12,2,0,12,1,1,3,3,3,56.424,14.449,0,0,172.0,8.3,6,1,0,0.0,4.702,normal
session_d67659a71f4d,user_045,admin,2026-07-05 08:20:32,2026-07-05 11:19:32,11,3,0,11,1,1,4,0,0,0.0,0.0,3,0,179.0,8.333333333333334,6,1,0,0.0,0.0,normal
session_262e9262d942,user_011,analyst,2026-07-05 08:23:32,2026-07-05 11:12:32,13,4,0,13,1,1,4,3,0,24.461,9.344,0,0,169.0,8.383333333333333,6,1,0,0.0,1.8816153846153845,normal
session_57558bb84f48,user_013,hr,2026-07-05 08:39:24,2026-07-05 12:09:24,10,2,0,10,1,1,3,4,0,18.240000000000002,4.977,0,0,210.0,8.65,6,1,0,0.0,1.8240000000000003,normal
session_91e17d6a4ac9,user_036,developer,2026-07-05 08:50:19,2026-07-05 14:11:19,21,3,0,21,1,1,5,0,0,0.0,0.0,0,0,321.0,8.833333333333334,6,1,0,0.0,0.0,normal
session_184eef2b4c71,user_049,analyst,2026-07-05 09:01:29,2026-07-05 11:46:29,11,3,0,11,1,1,3,2,0,8.266,5.963,0,0,165.0,9.016666666666667,6,1,0,0.0,0.7514545454545455,normal
session_41a524d48539,user_054,developer,2026-07-05 09:11:51,2026-07-05 14:29:51,19,5,0,19,1,1,5,0,0,0.0,0.0,0,0,318.0,9.183333333333334,6,1,0,0.0,0.0,normal
session_57e0db907859,user_028,developer,2026-07-05 09:16:31,2026-07-05 10:28:31,7,2,0,7,1,1,4,0,0,69.129,12.488,0,0,72.0,9.266666666666667,6,1,0,0.0,9.87557142857143,normal
session_1d02ee39eaa8,user_014,hr,2026-07-05 09:32:44,2026-07-05 14:47:44,19,7,0,19,1,1,3,3,0,22.502000000000002,8.166,0,0,315.0,9.533333333333333,6,1,0,0.0,1.1843157894736844,normal
session_80ba86c83432,user_051,analyst,2026-07-05 09:40:50,2026-07-05 11:55:50,9,2,0,9,1,1,4,4,0,17.211,4.979,0,0,135.0,9.666666666666666,6,1,0,0.0,1.9123333333333332,normal
session_d999e78d2408,user_028,developer,2026-07-05 09:42:25,2026-07-05 09:43:45,4,4,3,4,1,1,1,0,0,0.0,0.0,0,0,1.3333333333333333,9.7,6,1,0,0.75,0.0,normal
session_f6c28840ce76,user_063,finance,2026-07-05 09:45:21,2026-07-05 15:14:21,21,7,0,21,1,1,3,4,5,66.664,15.288,0,0,329.0,9.75,6,1,0,0.0,3.1744761904761907,normal
session_f5146fb9f8db,user_010,finance,2026-07-05 10:49:49,2026-07-05 10:49:49,1,0,0,1,1,1,1,1,0,28.591,28.591,0,0,0.0,10.816666666666666,6,1,0,0.0,28.591,normal
session_dfaa4afb4e81,user_062,hr,2026-07-05 10:54:24,2026-07-05 13:30:24,11,2,0,11,1,1,3,2,0,33.004000000000005,22.861,0,0,156.0,10.9,6,1,0,0.0,3.000363636363637,normal
session_d5443a6e4c79,user_026,analyst,2026-07-05 11:01:00,2026-07-05 13:45:00,13,3,0,13,1,1,4,2,0,14.478,7.584,0,0,164.0,11.016666666666667,6,1,0,0.0,1.1136923076923078,normal
session_4591da0aee56,user_033,developer,2026-07-05 11:20:19,2026-07-05 15:13:19,21,3,0,21,1,1,5,0,0,0.0,0.0,0,0,233.0,11.333333333333334,6,1,0,0.0,0.0,normal
session_39f80e1cc8d7,user_040,finance,2026-07-05 13:15:04,2026-07-05 13:15:04,1,0,0,1,1,1,1,0,0,14.17,14.17,0,1,0.0,13.25,6,1,0,0.0,14.17,insider_drift
session_1a7d1fc0082b,user_027,developer,2026-07-05 13:39:20,2026-07-05 13:39:20,1,0,0,1,1,1,1,1,0,20.567,20.567,0,1,0.0,13.65,6,1,0,0.0,20.567,low_slow_exfiltration
session_0e3dda79e761,user_052,finance,2026-07-05 14:21:55,2026-07-05 14:21:55,1,0,0,1,1,1,1,1,0,9.112,9.112,0,1,0.0,14.35,6,1,0,0.0,9.112,low_slow_exfiltration
session_73d4d0bb1e45,user_048,developer,2026-07-05 15:41:40,2026-07-05 15:41:40,1,0,0,1,1,1,1,0,0,17.644,17.644,0,1,0.0,15.683333333333334,6,1,0,0.0,17.644,insider_drift
session_ee5de16cfb90,user_048,developer,2026-07-06 03:30:57,2026-07-06 03:37:11,23,23,23,23,4,1,1,0,0,0.0,0.0,0,1,6.233333333333333,3.5,0,0,1,1.0,0.0,brute_force
session_b2da87e82665,user_022,developer,2026-07-06 07:10:02,2026-07-06 10:45:02,16,3,0,16,1,1,5,0,0,0.0,0.0,0,0,215.0,7.166666666666667,0,0,0,0.0,0.0,normal
session_4746fe118d3d,user_042,developer,2026-07-06 07:18:53,2026-07-06 12:08:53,19,4,0,19,1,1,4,0,0,0.0,0.0,0,0,290.0,7.3,0,0,0,0.0,0.0,normal
session_74decc24fe41,user_040,finance,2026-07-06 07:24:04,2026-07-06 14:13:04,22,8,0,22,1,1,3,1,5,69.627,15.117,0,0,409.0,7.4,0,0,0,0.0,3.164863636363636,normal
session_a0f28e2a10e7,user_024,hr,2026-07-06 07:30:06,2026-07-06 09:42:06,12,2,0,12,1,1,3,3,0,66.411,23.771,0,0,132.0,7.5,0,0,0,0.0,5.53425,normal
session_7c09b1c36696,user_058,hr,2026-07-06 07:40:24,2026-07-06 10:42:24,13,2,0,13,1,1,3,4,0,50.641999999999996,22.465,0,0,182.0,7.666666666666667,0,0,0,0.0,3.8955384615384614,normal
session_030a36bdb52c,user_029,admin,2026-07-06 07:44:19,2026-07-06 10:39:19,12,4,0,12,1,1,5,0,0,0.0,0.0,2,0,175.0,7.733333333333333,0,0,0,0.0,0.0,normal
session_d8bf553ff0b0,user_050,developer,2026-07-06 07:46:31,2026-07-06 12:10:31,17,6,0,17,1,1,5,0,0,0.0,0.0,0,0,264.0,7.766666666666667,0,0,0,0.0,0.0,normal
session_1a8351d12776,user_012,analyst,2026-07-06 07:49:45,2026-07-06 11:12:45,14,4,0,14,1,1,3,6,0,22.281,4.678,0,0,203.0,7.816666666666666,0,0,0,0.0,1.5915,normal
session_f350f9635733,user_078,developer,2026-07-06 07:56:33,2026-07-06 14:35:33,24,5,0,24,1,1,5,0,0,0.0,0.0,0,0,399.0,7.933333333333334,0,0,0,0.0,0.0,normal
session_4e0fb15c1836,user_039,developer,2026-07-06 08:03:13,2026-07-06 13:41:13,21,5,0,21,1,1,5,0,0,0.0,0.0,0,0,338.0,8.05,0,0,0,0.0,0.0,normal
session_b9df860141e3,user_020,finance,2026-07-06 08:04:57,2026-07-06 08:22:57,7,2,0,7,1,7,2,3,0,72.75,18.781,0,1,18.0,8.066666666666666,0,0,0,0.0,10.392857142857142,device_spoofing
session_5c7634ea9e19,user_043,hr,2026-07-06 08:08:42,2026-07-06 13:03:42,21,3,0,21,1,1,3,5,0,43.413,11.864,0,0,295.0,8.133333333333333,0,0,0,0.0,2.067285714285714,normal
session_adb3e0d11834,user_064,finance,2026-07-06 08:10:47,2026-07-06 13:18:47,19,4,0,19,1,1,3,4,0,73.429,27.661,0,0,308.0,8.166666666666666,0,0,0,0.0,3.864684210526316,normal
session_c869e5cbf552,user_077,admin,2026-07-06 08:12:52,2026-07-06 10:26:52,11,4,0,11,1,1,5,0,0,0.0,0.0,2,0,134.0,8.2,0,0,0,0.0,0.0,normal
session_878952bf623d,user_045,admin,2026-07-06 08:13:23,2026-07-06 10:50:23,10,4,0,10,1,1,5,0,0,0.0,0.0,1,0,157.0,8.216666666666667,0,0,0,0.0,0.0,normal
session_2a0ee32d6225,user_069,hr,2026-07-06 08:23:15,2026-07-06 15:19:15,24,6,0,24,1,1,3,6,0,74.041,16.562,0,0,416.0,8.383333333333333,0,0,0,0.0,3.0850416666666667,normal
session_7d9f1a2891ae,user_005,hr,2026-07-06 08:25:09,2026-07-06 11:07:09,10,4,0,10,1,1,3,2,0,7.663,5.442,0,0,162.0,8.416666666666666,0,0,0,0.0,0.7663,normal
session_64519e4a9ae2,user_020,finance,2026-07-06 08:25:34,2026-07-06 11:42:34,16,2,0,16,1,1,3,4,4,133.043,31.667,0,0,197.0,8.416666666666666,0,0,0,0.0,8.3151875,normal
session_ea725698699b,user_023,developer,2026-07-06 08:33:50,2026-07-06 12:41:50,18,4,0,18,1,1,5,0,0,0.0,0.0,0,0,248.0,8.55,0,0,0,0.0,0.0,normal
session_0567c2ce3739,user_018,developer,2026-07-06 08:34:59,2026-07-06 13:34:59,18,7,0,18,1,1,5,0,0,0.0,0.0,0,0,300.0,8.566666666666666,0,0,0,0.0,0.0,normal
session_8687db9a7b6c,user_052,finance,2026-07-06 08:36:17,2026-07-06 13:19:17,17,1,0,17,1,1,3,7,5,69.309,8.645,0,0,283.0,8.6,0,0,0,0.0,4.077,normal
session_0613d9acda82,user_009,developer,2026-07-06 08:37:51,2026-07-06 11:55:51,14,2,0,14,1,1,5,0,0,0.0,0.0,0,0,198.0,8.616666666666667,0,0,0,0.0,0.0,normal
session_462d2e545203,user_021,finance,2026-07-06 08:38:39,2026-07-06 14:04:39,21,6,0,21,1,1,3,6,3,42.824000000000005,7.397,0,0,326.0,8.633333333333333,0,0,0,0.0,2.0392380952380953,normal
session_14252fef3fa0,user_006,analyst,2026-07-06 08:38:43,2026-07-06 11:17:43,13,3,0,13,1,1,4,3,0,40.41,14.762,0,0,159.0,8.633333333333333,0,0,0,0.0,3.108461538461538,normal
session_fc496dff2a5c,user_051,analyst,2026-07-06 08:38:52,2026-07-06 12:38:52,13,4,0,13,1,1,4,1,0,6.083,6.083,0,0,240.0,8.633333333333333,0,0,0,0.0,0.46792307692307694,normal
session_ff50ccded7ae,user_007,developer,2026-07-06 08:39:25,2026-07-06 15:12:25,25,7,0,25,1,1,5,0,0,0.0,0.0,0,0,393.0,8.65,0,0,0,0.0,0.0,normal
session_43abee8a01c9,user_034,finance,2026-07-06 08:39:31,2026-07-06 13:13:31,17,4,0,17,1,1,3,2,2,29.648000000000003,13.755,0,0,274.0,8.65,0,0,0,0.0,1.7440000000000002,normal
session_e69b301ad5f3,user_030,hr,2026-07-06 08:43:20,2026-07-06 12:56:20,15,6,0,15,1,1,3,3,0,34.466,14.594,0,0,253.0,8.716666666666667,0,0,0,0.0,2.2977333333333334,normal
session_85b53b377a4b,user_015,finance,2026-07-06 08:45:39,2026-07-06 10:24:39,9,4,0,9,1,1,3,2,0,7.4750000000000005,4.118,0,0,99.0,8.75,0,0,0,0.0,0.8305555555555556,normal
session_96ebdbcaa4f2,user_057,developer,2026-07-06 08:51:24,2026-07-06 12:49:24,21,5,0,21,1,1,5,0,0,0.0,0.0,0,0,238.0,8.85,0,0,0,0.0,0.0,normal
session_64f499823c43,user_026,analyst,2026-07-06 08:53:31,2026-07-06 13:10:31,18,5,0,18,1,1,4,3,0,25.895,13.012,0,0,257.0,8.883333333333333,0,0,0,0.0,1.438611111111111,normal
session_a9a11fd08f4f,user_017,admin,2026-07-06 08:58:45,2026-07-06 14:17:45,20,4,0,20,1,1,5,0,0,0.0,0.0,3,0,319.0,8.966666666666667,0,0,0,0.0,0.0,normal
session_d30c8cb7c5e7,user_001,finance,2026-07-06 09:05:34,2026-07-06 11:39:34,11,5,0,11,1,1,3,1,1,24.038,13.738,0,0,154.0,9.083333333333334,0,0,0,0.0,2.1852727272727273,normal
session_d680351d10fe,user_056,hr,2026-07-06 09:08:12,2026-07-06 15:02:12,21,8,0,21,1,1,3,4,0,102.694,38.105,0,0,354.0,9.133333333333333,0,0,0,0.0,4.890190476190476,normal
session_e81932c87f4c,user_070,admin,2026-07-06 09:08:55,2026-07-06 14:05:55,19,8,0,19,1,1,5,0,0,0.0,0.0,4,0,297.0,9.133333333333333,0,0,0,0.0,0.0,normal
session_bd6f8486edbe,user_067,analyst,2026-07-06 09:08:55,2026-07-06 11:39:55,12,2,0,12,1,1,4,5,0,69.606,21.528,0,0,151.0,9.133333333333333,0,0,0,0.0,5.8004999999999995,normal
session_e77c25f42aff,user_025,hr,2026-07-06 09:12:13,2026-07-06 11:29:13,11,1,0,11,1,1,3,2,0,3.2329999999999997,1.853,0,0,137.0,9.2,0,0,0,0.0,0.2939090909090909,normal
session_e372ec08450d,user_010,finance,2026-07-06 09:17:04,2026-07-06 15:30:04,24,9,0,24,1,1,3,4,5,68.738,11.679,0,0,373.0,9.283333333333333,0,0,0,0.0,2.8640833333333333,normal
session_832b19bee4f3,user_016,developer,2026-07-06 09:23:55,2026-07-06 13:05:55,14,3,0,14,1,1,4,0,0,0.0,0.0,0,0,222.0,9.383333333333333,0,0,0,0.0,0.0,normal
session_b2f2dfdc91bf,user_037,developer,2026-07-06 09:25:41,2026-07-06 14:27:41,20,4,0,20,1,1,5,0,0,0.0,0.0,0,0,302.0,9.416666666666666,0,0,0,0.0,0.0,normal
session_62bc764a7e4a,user_072,hr,2026-07-06 09:28:52,2026-07-06 13:39:52,16,3,0,16,1,1,3,2,0,33.487,21.414,0,0,251.0,9.466666666666667,0,0,0,0.0,2.0929375,normal
session_3d650b62f393,user_059,analyst,2026-07-06 09:29:58,2026-07-06 14:05:58,21,5,0,21,1,1,4,6,0,68.399,17.987,0,0,276.0,9.483333333333333,0,0,0,0.0,3.2570952380952383,normal
session_cb56716d99db,user_075,developer,2026-07-06 09:30:48,2026-07-06 14:56:48,17,6,0,17,1,1,5,0,0,0.0,0.0,0,0,326.0,9.5,0,0,0,0.0,0.0,normal
session_3dd891374a58,user_011,analyst,2026-07-06 09:31:09,2026-07-06 13:58:09,16,8,0,16,1,1,3,0,0,0.0,0.0,0,0,267.0,9.516666666666667,0,0,0,0.0,0.0,normal
session_25d893a41237,user_044,developer,2026-07-06 09:32:27,2026-07-06 12:45:27,14,2,0,14,1,1,5,0,0,0.0,0.0,0,0,193.0,9.533333333333333,0,0,0,0.0,0.0,normal
session_92068801f632,user_061,analyst,2026-07-06 09:34:11,2026-07-06 14:57:11,22,6,0,22,1,1,4,6,0,28.586,7.341,0,0,323.0,9.566666666666666,0,0,0,0.0,1.2993636363636363,normal
session_d57d954c2c9f,user_065,hr,2026-07-06 09:37:52,2026-07-06 12:53:52,11,1,0,11,1,1,3,2,0,16.822000000000003,8.624,0,0,196.0,9.616666666666667,0,0,0,0.0,1.5292727272727276,normal
session_68a8d64f56e1,user_019,developer,2026-07-06 09:41:03,2026-07-06 15:44:03,22,9,0,22,1,1,5,0,0,0.0,0.0,0,0,363.0,9.683333333333334,0,0,0,0.0,0.0,normal
session_5b25f9212d4d,user_060,developer,2026-07-06 09:41:33,2026-07-06 13:53:33,16,3,0,16,1,1,5,0,0,0.0,0.0,0,0,252.0,9.683333333333334,0,0,0,0.0,0.0,normal
session_0707093385b9,user_013,hr,2026-07-06 09:43:23,2026-07-06 14:19:23,16,6,0,16,1,1,3,2,0,6.9670000000000005,4.448,0,0,276.0,9.716666666666667,0,0,0,0.0,0.43543750000000003,normal
session_add94bf23db2,user_054,developer,2026-07-06 09:43:29,2026-07-06 09:55:29,2,2,0,2,2,2,1,0,0,0.0,0.0,0,1,12.0,9.716666666666667,0,0,0,0.0,0.0,impossible_travel
session_bb3ec5bc8e5a,user_031,developer,2026-07-06 09:45:59,2026-07-06 11:08:59,9,1,0,9,1,1,4,0,0,0.0,0.0,0,0,83.0,9.75,0,0,0,0.0,0.0,normal
session_bd71067a064d,user_048,developer,2026-07-06 09:47:00,2026-07-06 14:16:00,17,10,0,17,1,1,5,0,0,0.0,0.0,0,0,269.0,9.783333333333333,0,0,0,0.0,0.0,normal
session_d20c2ff8f6a3,user_033,developer,2026-07-06 09:49:07,2026-07-06 15:13:07,25,6,0,25,1,1,5,0,0,0.0,0.0,0,0,324.0,9.816666666666666,0,0,0,0.0,0.0,normal
session_81c1c1461a1b,user_049,analyst,2026-07-06 09:49:17,2026-07-06 11:10:17,9,2,0,9,1,1,3,2,0,5.636,3.687,0,0,81.0,9.816666666666666,0,0,0,0.0,0.6262222222222222,normal
session_c4eebe09a8d6,user_004,developer,2026-07-06 09:55:39,2026-07-06 15:20:39,23,7,0,23,1,1,5,0,0,0.0,0.0,0,0,325.0,9.916666666666666,0,0,0,0.0,0.0,normal
session_5ebd37fd33df,user_014,hr,2026-07-06 10:03:00,2026-07-06 16:33:00,23,8,0,23,1,1,3,7,0,67.789,12.098,0,0,390.0,10.05,0,0,0,0.0,2.947347826086957,normal
session_3ab3beb281e9,user_038,developer,2026-07-06 10:03:48,2026-07-06 12:50:48,11,3,0,11,1,1,5,0,0,0.0,0.0,0,0,167.0,10.05,0,0,0,0.0,0.0,normal
session_3dacf9d836ae,user_036,developer,2026-07-06 10:04:49,2026-07-06 13:11:49,13,4,0,13,1,1,5,0,0,0.0,0.0,0,0,187.0,10.066666666666666,0,0,0,0.0,0.0,normal
session_d33b2999f664,user_055,analyst,2026-07-06 10:20:12,2026-07-06 13:19:12,12,6,0,12,1,1,4,1,0,15.705,15.705,0,0,179.0,10.333333333333334,0,0,0,0.0,1.30875,normal
session_7d4b7da8dd6d,user_041,finance,2026-07-06 10:21:27,2026-07-06 13:25:27,11,6,0,11,1,1,3,2,2,84.66300000000001,28.076,0,0,184.0,10.35,0,0,0,0.0,7.696636363636364,normal
session_4e4bdc47e2bd,user_047,developer,2026-07-06 10:25:13,2026-07-06 16:31:13,24,4,0,24,1,1,5,0,0,0.0,0.0,0,0,366.0,10.416666666666666,0,0,0,0.0,0.0,normal
session_fe9cf6e72aec,user_054,developer,2026-07-06 10:29:05,2026-07-06 13:59:05,16,7,0,16,1,1,5,0,0,0.0,0.0,0,0,210.0,10.483333333333333,0,0,0,0.0,0.0,normal
session_ff6d1f91bd78,user_028,developer,2026-07-06 10:31:15,2026-07-06 12:33:15,10,3,0,10,1,1,5,0,0,0.0,0.0,0,0,122.0,10.516666666666667,0,0,0,0.0,0.0,normal
session_ba3d6875124b,user_032,hr,2026-07-06 10:36:06,2026-07-06 14:36:06,17,4,0,17,1,1,3,1,0,1.525,1.525,0,0,240.0,10.6,0,0,0,0.0,0.08970588235294118,normal
session_8dd9f741925a,user_002,finance,2026-07-06 10:50:56,2026-07-06 14:15:56,14,3,0,14,1,1,3,6,2,81.832,14.985,0,0,205.0,10.833333333333334,0,0,0,0.0,5.845142857142856,normal
session_00f4552a973d,user_068,developer,2026-07-06 10:55:22,2026-07-06 17:33:22,24,4,0,24,1,1,5,0,0,0.0,0.0,0,0,398.0,10.916666666666666,0,0,0,0.0,0.0,normal
session_89e68e974e13,user_053,hr,2026-07-06 11:08:32,2026-07-06 15:52:32,17,5,0,17,1,1,3,2,0,7.771999999999999,4.316,0,0,284.0,11.133333333333333,0,0,0,0.0,0.45717647058823524,normal
session_4ffaddce8527,user_046,hr,2026-07-06 11:10:59,2026-07-06 15:03:59,15,5,0,15,1,1,3,3,0,17.54,6.034,0,0,233.0,11.166666666666666,0,0,0,0.0,1.1693333333333333,normal
session_eb0fbbd78b09,user_076,analyst,2026-07-06 11:25:58,2026-07-06 14:53:58,13,6,0,13,1,1,4,3,0,12.943999999999999,5.616,0,0,208.0,11.416666666666666,0,0,0,0.0,0.9956923076923077,normal
session_147551a33ed2,user_003,developer,2026-07-06 11:29:27,2026-07-06 16:15:27,20,5,0,20,1,1,5,0,0,0.0,0.0,0,0,286.0,11.483333333333333,0,0,0,0.0,0.0,normal
session_8e3403970cde,user_079,developer,2026-07-06 11:57:31,2026-07-06 17:47:31,22,5,0,22,1,1,5,0,0,0.0,0.0,0,0,350.0,11.95,0,0,0,0.0,0.0,normal
session_0ba50f83f39b,user_027,developer,2026-07-06 12:50:30,2026-07-06 12:50:30,1,0,0,1,1,1,1,1,0,23.336,23.336,0,1,0.0,12.833333333333334,0,0,0,0.0,23.336,low_slow_exfiltration
session_cf93848345ba,user_040,finance,2026-07-06 13:24:14,2026-07-06 13:24:14,1,0,0,1,1,1,1,0,0,17.713,17.713,0,1,0.0,13.4,0,0,0,0.0,17.713,insider_drift
session_ff9c6653025e,user_052,finance,2026-07-06 13:40:46,2026-07-06 13:40:46,1,0,0,1,1,1,1,1,0,11.17,11.17,0,1,0.0,13.666666666666666,0,0,0,0.0,11.17,low_slow_exfiltration
session_639b716e7df6,user_048,developer,2026-07-06 15:50:34,2026-07-06 15:50:34,1,0,0,1,1,1,1,0,0,20.165,20.165,0,1,0.0,15.833333333333334,0,0,0,0.0,20.165,insider_drift
session_9be438746c94,user_037,developer,2026-07-06 22:59:29,2026-07-07 00:27:29,12,1,0,12,1,1,4,0,0,118.271,19.806,0,0,88.0,22.983333333333334,0,0,1,0.0,9.855916666666667,normal
session_66ad162fb4f0,user_036,developer,2026-07-06 23:30:30,2026-07-06 23:38:50,27,27,27,27,4,1,1,0,0,0.0,0.0,0,1,8.333333333333334,23.5,0,0,1,1.0,0.0,brute_force
session_b9c52a419177,user_040,finance,2026-07-07 06:36:27,2026-07-07 10:14:27,11,3,0,11,1,1,3,1,1,25.685000000000002,13.247,0,0,218.0,6.6,1,0,0,0.0,2.3350000000000004,normal
session_2978f46c488f,user_064,finance,2026-07-07 07:35:19,2026-07-07 09:51:19,9,3,0,9,1,1,3,0,0,0.0,0.0,0,0,136.0,7.583333333333333,1,0,0,0.0,0.0,normal
session_b7fde2c85c0e,user_058,hr,2026-07-07 07:41:02,2026-07-07 11:38:02,14,4,0,14,1,1,3,4,0,54.821,18.968,0,0,237.0,7.683333333333334,1,0,0,0.0,3.915785714285714,normal
session_9ca849e78c2e,user_077,admin,2026-07-07 07:44:23,2026-07-07 11:39:23,16,3,0,16,1,1,5,0,0,0.0,0.0,1,0,235.0,7.733333333333333,1,0,0,0.0,0.0,normal
session_d475e9c83c3d,user_032,hr,2026-07-07 07:48:58,2026-07-07 13:30:58,22,6,0,22,1,1,3,4,0,16.207,4.506,0,0,342.0,7.8,1,0,0,0.0,0.7366818181818182,normal
session_314447cc9aa4,user_007,developer,2026-07-07 08:04:45,2026-07-07 13:54:45,20,8,0,20,1,1,5,0,0,0.0,0.0,0,0,350.0,8.066666666666666,1,0,0,0.0,0.0,normal
session_742ddfc0cf01,user_021,finance,2026-07-07 08:10:30,2026-07-07 10:21:30,9,3,0,9,1,1,3,0,2,5.681,3.557,0,0,131.0,8.166666666666666,1,0,0,0.0,0.6312222222222222,normal
session_85bec9af83da,user_029,admin,2026-07-07 08:11:20,2026-07-07 11:01:20,12,1,0,12,1,1,5,0,0,0.0,0.0,2,0,170.0,8.183333333333334,1,0,0,0.0,0.0,normal
session_4dfebabb1ee8,user_023,developer,2026-07-07 08:15:11,2026-07-07 11:19:11,13,5,0,13,1,1,5,0,0,0.0,0.0,0,0,184.0,8.25,1,0,0,0.0,0.0,normal
session_b698e8f0cffb,user_051,analyst,2026-07-07 08:16:23,2026-07-07 12:44:23,14,4,0,14,1,1,4,4,0,35.39,11.238,0,0,268.0,8.266666666666667,1,0,0,0.0,2.527857142857143,normal
session_65384206e6b6,user_044,developer,2026-07-07 08:18:01,2026-07-07 12:50:01,17,4,0,17,1,1,5,0,0,0.0,0.0,0,0,272.0,8.3,1,0,0,0.0,0.0,normal
session_0e2c72afb8a9,user_006,analyst,2026-07-07 08:19:04,2026-07-07 14:02:04,21,7,0,21,1,1,4,3,0,30.990000000000002,14.73,0,0,343.0,8.316666666666666,1,0,0,0.0,1.4757142857142858,normal
session_261db4634926,user_042,developer,2026-07-07 08:19:29,2026-07-07 12:19:29,16,4,0,16,1,1,5,0,0,0.0,0.0,0,0,240.0,8.316666666666666,1,0,0,0.0,0.0,normal
session_a9581bcd116a,user_069,hr,2026-07-07 08:21:03,2026-07-07 12:39:03,19,5,0,19,1,1,3,3,0,36.159,14.72,0,0,258.0,8.35,1,0,0,0.0,1.9031052631578946,normal
session_dbe61438b06f,user_022,developer,2026-07-07 08:22:29,2026-07-07 12:53:29,14,2,0,14,1,1,5,0,0,0.0,0.0,0,0,271.0,8.366666666666667,1,0,0,0.0,0.0,normal
session_307d6e8bf9b2,user_005,hr,2026-07-07 08:24:23,2026-07-07 13:33:23,21,10,0,21,1,1,3,5,0,14.132,4.119,0,0,309.0,8.4,1,0,0,0.0,0.672952380952381,normal
session_bff8fa755af9,user_071,analyst,2026-07-07 08:25:55,2026-07-07 14:36:55,25,8,0,25,1,1,4,4,0,69.639,31.857,0,0,371.0,8.416666666666666,1,0,0,0.0,2.78556,normal
session_9868b32c0f6f,user_073,hr,2026-07-07 08:29:04,2026-07-07 11:15:04,10,3,0,10,1,1,3,4,0,28.628,10.155,0,0,166.0,8.483333333333333,1,0,0,0.0,2.8628,normal
session_d18568e44e5d,user_050,developer,2026-07-07 08:38:22,2026-07-07 14:39:22,23,4,0,23,1,1,5,0,0,0.0,0.0,0,0,361.0,8.633333333333333,1,0,0,0.0,0.0,normal
session_bcb51184e233,user_012,analyst,2026-07-07 08:39:37,2026-07-07 13:19:37,16,5,0,16,1,1,4,3,0,13.883000000000001,7.38,0,0,280.0,8.65,1,0,0,0.0,0.8676875000000001,normal
session_8c436202db3b,user_024,hr,2026-07-07 08:41:46,2026-07-07 12:10:46,13,6,0,13,1,1,3,1,0,48.566,48.566,0,0,209.0,8.683333333333334,1,0,0,0.0,3.735846153846154,normal
session_3f4c94861617,user_039,developer,2026-07-07 08:42:58,2026-07-07 14:18:58,24,5,0,24,1,1,4,0,0,0.0,0.0,0,0,336.0,8.7,1,0,0,0.0,0.0,normal
session_77403c687f0d,user_009,developer,2026-07-07 08:46:54,2026-07-07 15:13:54,25,5,0,25,1,1,5,0,0,0.0,0.0,0,0,387.0,8.766666666666667,1,0,0,0.0,0.0,normal
session_a16354f5ad51,user_054,developer,2026-07-07 08:47:37,2026-07-07 15:12:37,25,4,0,25,1,1,5,0,0,0.0,0.0,0,0,385.0,8.783333333333333,1,0,0,0.0,0.0,normal
session_cec7fd44f932,user_045,admin,2026-07-07 08:54:01,2026-07-07 12:37:01,15,2,0,15,1,1,5,0,0,0.0,0.0,3,0,223.0,8.9,1,0,0,0.0,0.0,normal
session_f263a4e58453,user_034,finance,2026-07-07 08:56:56,2026-07-07 12:46:56,17,3,0,17,1,1,3,5,3,60.131,10.337,0,0,230.0,8.933333333333334,1,0,0,0.0,3.5371176470588237,normal
session_c791738628b8,user_057,developer,2026-07-07 09:00:41,2026-07-07 09:30:41,2,2,0,2,2,2,1,0,0,0.0,0.0,0,1,30.0,9.0,1,0,0,0.0,0.0,impossible_travel
session_b4f8dd5378a7,user_074,finance,2026-07-07 09:04:03,2026-07-07 13:33:03,20,4,0,20,1,1,3,6,5,31.581,5.178,0,0,269.0,9.066666666666666,1,0,0,0.0,1.57905,normal
session_c64d9eec3f03,user_016,developer,2026-07-07 09:04:44,2026-07-07 14:59:44,23,4,0,23,1,1,5,0,0,0.0,0.0,0,0,355.0,9.066666666666666,1,0,0,0.0,0.0,normal
session_58a1195f6dc3,user_059,analyst,2026-07-07 09:05:13,2026-07-07 12:17:13,14,5,0,14,1,1,4,1,0,6.217,6.217,0,0,192.0,9.083333333333334,1,0,0,0.0,0.44407142857142856,normal
session_d15902bba883,user_015,finance,2026-07-07 09:05:56,2026-07-07 13:23:56,15,3,0,15,1,1,3,1,5,22.863,5.068,0,0,258.0,9.083333333333334,1,0,0,0.0,1.5242,normal
session_0824fbc8b625,user_020,finance,2026-07-07 09:07:17,2026-07-07 13:24:17,15,2,0,15,1,1,3,3,2,68.222,16.187,0,0,257.0,9.116666666666667,1,0,0,0.0,4.548133333333333,normal
session_8561c9fede23,user_065,hr,2026-07-07 09:08:27,2026-07-07 15:07:27,25,11,0,25,1,1,3,4,0,37.762,14.782,0,0,359.0,9.133333333333333,1,0,0,0.0,1.51048,normal
session_8906898d8161,user_047,developer,2026-07-07 09:11:58,2026-07-07 14:55:58,21,7,0,21,1,1,5,0,0,0.0,0.0,0,0,344.0,9.183333333333334,1,0,0,0.0,0.0,normal
session_cef9da18f167,user_078,developer,2026-07-07 09:14:07,2026-07-07 14:44:07,21,4,0,21,1,1,5,0,0,0.0,0.0,0,0,330.0,9.233333333333333,1,0,0,0.0,0.0,normal
session_e577bfc7cf53,user_038,developer,2026-07-07 09:14:25,2026-07-07 14:08:25,18,7,0,18,1,1,5,0,0,0.0,0.0,0,0,294.0,9.233333333333333,1,0,0,0.0,0.0,normal
session_ce1f87feb625,user_052,finance,2026-07-07 09:16:09,2026-07-07 14:21:09,18,4,0,18,1,1,3,5,1,38.095,9.232,0,0,305.0,9.266666666666667,1,0,0,0.0,2.116388888888889,normal
session_0dc225931227,user_030,hr,2026-07-07 09:16:26,2026-07-07 09:34:26,7,1,0,7,1,7,2,4,0,58.677,12.838,0,1,18.0,9.266666666666667,1,0,0,0.0,8.382428571428571,device_spoofing
session_f6fcc09d0f96,user_030,hr,2026-07-07 09:17:29,2026-07-07 15:03:29,24,7,0,24,1,1,3,2,0,23.394,14.311,0,0,346.0,9.283333333333333,1,0,0,0.0,0.9747499999999999,normal
session_83d6f1be0fbc,user_033,developer,2026-07-07 09:18:00,2026-07-07 14:05:00,20,3,0,20,1,1,5,0,0,0.0,0.0,0,0,287.0,9.3,1,0,0,0.0,0.0,normal
session_9ebd186d4da3,user_067,analyst,2026-07-07 09:18:26,2026-07-07 15:54:26,20,5,0,20,1,1,4,2,0,23.149,15.758,0,0,396.0,9.3,1,0,0,0.0,1.15745,normal
session_7d27df5ceef2,user_035,admin,2026-07-07 09:21:21,2026-07-07 15:21:21,19,3,0,19,1,1,5,0,0,0.0,0.0,2,0,360.0,9.35,1,0,0,0.0,0.0,normal
session_09acda3576c6,user_010,finance,2026-07-07 09:23:02,2026-07-07 15:37:02,23,2,0,23,1,1,3,5,6,101.596,20.601,0,0,374.0,9.383333333333333,1,0,0,0.0,4.417217391304348,normal
session_a4f1fde9a64a,user_072,hr,2026-07-07 09:25:35,2026-07-07 17:25:35,25,7,0,25,1,1,3,5,0,56.574,15.025,0,0,480.0,9.416666666666666,1,0,0,0.0,2.26296,normal
session_3056edde44e7,user_061,analyst,2026-07-07 09:28:02,2026-07-07 16:01:02,24,7,0,24,1,1,4,7,0,29.0,7.842,0,0,393.0,9.466666666666667,1,0,0,0.0,1.2083333333333333,normal
session_3f03dfe8fd12,user_062,hr,2026-07-07 09:28:04,2026-07-07 12:18:04,12,3,0,12,1,1,3,5,0,73.51400000000001,27.462,0,0,170.0,9.466666666666667,1,0,0,0.0,6.126166666666667,normal
session_29f59a8ee3bf,user_049,analyst,2026-07-07 09:33:43,2026-07-07 13:36:43,17,4,0,17,1,1,4,4,0,18.104,7.4,0,0,243.0,9.55,1,0,0,0.0,1.0649411764705883,normal
session_d75e103995fa,user_013,hr,2026-07-07 09:37:01,2026-07-07 14:24:01,21,6,0,21,1,1,3,6,0,25.671999999999997,6.188,0,0,287.0,9.616666666666667,1,0,0,0.0,1.2224761904761903,normal
session_18e8eba54f0d,user_080,hr,2026-07-07 09:43:04,2026-07-07 14:36:04,18,7,0,18,1,1,3,1,0,13.182,13.182,0,0,293.0,9.716666666666667,1,0,0,0.0,0.7323333333333334,normal
session_1897483499df,user_008,developer,2026-07-07 09:44:04,2026-07-07 11:42:04,9,3,0,9,1,1,4,0,0,0.0,0.0,0,0,118.0,9.733333333333333,1,0,0,0.0,0.0,normal
session_33a24af22504,user_011,analyst,2026-07-07 09:48:44,2026-07-07 15:47:44,20,7,0,20,1,1,4,6,0,72.872,20.211,0,0,359.0,9.8,1,0,0,0.0,3.6436,normal
session_de09e7e71976,user_025,hr,2026-07-07 09:50:42,2026-07-07 13:27:42,14,7,0,14,1,1,3,1,0,3.86,3.86,0,0,217.0,9.833333333333334,1,0,0,0.0,0.2757142857142857,normal
session_7c144741755b,user_075,developer,2026-07-07 09:52:46,2026-07-07 14:33:46,21,5,0,21,1,1,5,0,0,0.0,0.0,0,0,281.0,9.866666666666667,1,0,0,0.0,0.0,normal
session_6bc1643d91bb,user_068,developer,2026-07-07 09:54:57,2026-07-07 13:21:57,13,5,0,13,1,1,4,0,0,0.0,0.0,0,0,207.0,9.9,1,0,0,0.0,0.0,normal
session_56f28035bfea,user_063,finance,2026-07-07 09:55:40,2026-07-07 13:31:40,15,5,0,15,1,1,3,4,3,36.713,6.938,0,0,216.0,9.916666666666666,1,0,0,0.0,2.4475333333333333,normal
session_95052d861eef,user_056,hr,2026-07-07 09:58:01,2026-07-07 14:44:01,22,7,0,22,1,1,3,6,0,226.595,76.481,0,0,286.0,9.966666666666667,1,0,0,0.0,10.299772727272726,normal
session_aff8b03437c2,user_070,admin,2026-07-07 09:58:13,2026-07-07 15:17:13,16,4,0,16,1,1,5,0,0,0.0,0.0,2,0,319.0,9.966666666666667,1,0,0,0.0,0.0,normal
session_87fcacd2daf4,user_031,developer,2026-07-07 10:00:45,2026-07-07 13:17:45,13,2,0,13,1,1,5,0,0,0.0,0.0,0,0,197.0,10.0,1,0,0,0.0,0.0,normal
session_74d1d2ca31ed,user_048,developer,2026-07-07 10:01:48,2026-07-07 12:43:48,12,4,0,12,1,1,4,0,0,0.0,0.0,0,0,162.0,10.016666666666667,1,0,0,0.0,0.0,normal
session_cce55d0ad301,user_027,developer,2026-07-07 10:02:39,2026-07-07 14:06:39,14,4,0,14,1,1,5,0,0,0.0,0.0,0,0,244.0,10.033333333333333,1,0,0,0.0,0.0,normal
session_91eb8597dff8,user_076,analyst,2026-07-07 10:03:26,2026-07-07 16:57:26,22,8,0,22,1,1,4,4,0,18.974,8.246,0,0,414.0,10.05,1,0,0,0.0,0.8624545454545455,normal
session_454584592164,user_001,finance,2026-07-07 10:03:54,2026-07-07 15:33:54,22,4,0,22,1,1,3,2,6,93.69800000000001,18.64,0,0,330.0,10.05,1,0,0,0.0,4.259,normal
session_a7d780250865,user_037,developer,2026-07-07 10:04:30,2026-07-07 13:01:30,11,4,0,11,1,1,5,0,0,0.0,0.0,0,0,177.0,10.066666666666666,1,0,0,0.0,0.0,normal
session_65315daf1deb,user_041,finance,2026-07-07 10:05:12,2026-07-07 15:44:12,21,5,0,21,1,1,3,4,6,219.507,41.597,0,0,339.0,10.083333333333334,1,0,0,0.0,10.452714285714286,normal
session_953542dc24d6,user_026,analyst,2026-07-07 10:06:05,2026-07-07 15:34:05,19,7,0,19,1,1,4,4,0,26.029,12.032,0,0,328.0,10.1,1,0,0,0.0,1.3699473684210526,normal
session_1c2c98375a2c,user_017,admin,2026-07-07 10:10:00,2026-07-07 13:38:00,11,2,0,11,1,1,4,0,0,0.0,0.0,2,0,208.0,10.166666666666666,1,0,0,0.0,0.0,normal
session_54ca8f658a17,user_079,developer,2026-07-07 10:14:06,2026-07-07 14:15:06,19,5,0,19,1,1,5,0,0,0.0,0.0,0,0,241.0,10.233333333333333,1,0,0,0.0,0.0,normal
session_6ff3f4326f7a,user_002,finance,2026-07-07 10:19:18,2026-07-07 13:16:18,14,6,0,14,1,1,3,2,1,28.894,10.495,0,0,177.0,10.316666666666666,1,0,0,0.0,2.0638571428571426,normal
session_d98243b00ef6,user_004,developer,2026-07-07 10:24:18,2026-07-07 15:11:18,20,6,0,20,1,1,5,0,0,0.0,0.0,0,0,287.0,10.4,1,0,0,0.0,0.0,normal
session_b2c56f4ee02f,user_019,developer,2026-07-07 10:28:12,2026-07-07 13:31:12,10,4,0,10,1,1,4,0,0,0.0,0.0,0,0,183.0,10.466666666666667,1,0,0,0.0,0.0,normal
session_3bffe7e395f7,user_028,developer,2026-07-07 10:29:51,2026-07-07 14:34:51,14,4,0,14,1,1,5,0,0,0.0,0.0,0,0,245.0,10.483333333333333,1,0,0,0.0,0.0,normal
session_869b4ee3f8c8,user_046,hr,2026-07-07 10:32:54,2026-07-07 17:01:54,20,5,0,20,1,1,3,4,0,40.82,17.127,0,0,389.0,10.533333333333333,1,0,0,0.0,2.041,normal
session_741bc05665fc,user_003,developer,2026-07-07 10:37:53,2026-07-07 15:18:53,19,6,0,19,1,1,5,0,0,0.0,0.0,0,0,281.0,10.616666666666667,1,0,0,0.0,0.0,normal
session_6cfe29963d88,user_053,hr,2026-07-07 10:39:16,2026-07-07 18:35:16,23,9,0,23,1,1,3,7,0,28.92,7.665,0,0,476.0,10.65,1,0,0,0.0,1.2573913043478262,normal
session_cf039e210522,user_036,developer,2026-07-07 10:40:21,2026-07-07 16:20:21,22,5,0,22,1,1,5,0,0,0.0,0.0,0,0,340.0,10.666666666666666,1,0,0,0.0,0.0,normal
session_4fb7b1a66ee1,user_066,developer,2026-07-07 10:44:32,2026-07-07 15:09:32,20,7,0,20,1,1,5,0,0,0.0,0.0,0,0,265.0,10.733333333333333,1,0,0,0.0,0.0,normal
session_78e1aa44c3fb,user_057,developer,2026-07-07 10:50:07,2026-07-07 13:56:07,13,3,0,13,1,1,4,0,0,0.0,0.0,0,0,186.0,10.833333333333334,1,0,0,0.0,0.0,normal
session_1d4d7030cdd2,user_027,developer,2026-07-07 11:17:18,2026-07-07 11:17:18,1,0,0,1,1,1,1,1,0,26.105,26.105,0,1,0.0,11.283333333333333,1,0,0,0.0,26.105,low_slow_exfiltration
session_89057e5ed742,user_052,finance,2026-07-07 11:59:28,2026-07-07 11:59:28,1,0,0,1,1,1,1,1,0,13.228,13.228,0,1,0.0,11.983333333333333,1,0,0,0.0,13.228,low_slow_exfiltration
session_142ff8c438a9,user_043,hr,2026-07-07 12:55:12,2026-07-07 13:55:12,7,3,0,7,1,1,3,1,0,79.253,22.394,0,0,60.0,12.916666666666666,1,0,0,0.0,11.321857142857143,normal
session_8b8434b8171c,user_040,finance,2026-07-07 13:33:50,2026-07-07 13:33:50,1,0,0,1,1,1,1,0,0,21.256,21.256,0,1,0.0,13.55,1,0,0,0.0,21.256,insider_drift
session_084252c4d8e5,user_048,developer,2026-07-07 15:59:36,2026-07-07 15:59:36,1,0,0,1,1,1,1,0,0,22.685,22.685,0,1,0.0,15.983333333333333,1,0,0,0.0,22.685,insider_drift
session_94e5dd523c87,user_066,developer,2026-07-07 23:37:03,2026-07-08 00:17:03,6,1,0,6,1,1,4,0,0,50.349000000000004,18.925,0,0,40.0,23.616666666666667,1,0,1,0.0,8.3915,normal
session_a58f1621c86a,user_076,analyst,2026-07-08 01:30:24,2026-07-08 01:32:48,13,13,13,13,4,1,1,0,0,0.0,0.0,0,1,2.4,1.5,2,0,1,1.0,0.0,brute_force
session_1f5202e0f937,user_062,hr,2026-07-08 03:51:21,2026-07-08 03:51:21,1,1,0,1,1,1,1,0,0,0.0,0.0,0,1,0.0,3.85,2,0,1,0.0,0.0,credential_stuffing
session_477cb755ca95,user_027,developer,2026-07-08 03:51:41,2026-07-08 03:51:41,1,1,1,1,1,1,1,0,0,0.0,0.0,0,1,0.0,3.85,2,0,1,1.0,0.0,credential_stuffing
session_a1a875fdb1ca,user_078,developer,2026-07-08 03:52:01,2026-07-08 03:52:01,1,1,1,1,1,1,1,0,0,0.0,0.0,0,1,0.0,3.8666666666666667,2,0,1,1.0,0.0,credential_stuffing
session_65906caf2336,user_047,developer,2026-07-08 03:52:21,2026-07-08 03:52:21,1,1,1,1,1,1,1,0,0,0.0,0.0,0,1,0.0,3.8666666666666667,2,0,1,1.0,0.0,credential_stuffing
session_45b148a1fcc5,user_037,developer,2026-07-08 03:52:41,2026-07-08 03:52:41,1,1,1,1,1,1,1,0,0,0.0,0.0,0,1,0.0,3.8666666666666667,2,0,1,1.0,0.0,credential_stuffing
session_2eca478c7d5e,user_008,developer,2026-07-08 03:53:01,2026-07-08 03:53:01,1,1,0,1,1,1,1,0,0,0.0,0.0,0,1,0.0,3.8833333333333333,2,0,1,0.0,0.0,credential_stuffing
session_8816b5e829cf,user_073,hr,2026-07-08 03:53:21,2026-07-08 03:53:21,1,1,1,1,1,1,1,0,0,0.0,0.0,0,1,0.0,3.8833333333333333,2,0,1,1.0,0.0,credential_stuffing
session_f6dc53f76af5,user_018,developer,2026-07-08 03:53:41,2026-07-08 03:53:41,1,1,1,1,1,1,1,0,0,0.0,0.0,0,1,0.0,3.8833333333333333,2,0,1,1.0,0.0,credential_stuffing
session_7e3250d015dd,user_063,finance,2026-07-08 03:54:01,2026-07-08 03:54:01,1,1,1,1,1,1,1,0,0,0.0,0.0,0,1,0.0,3.9,2,0,1,1.0,0.0,credential_stuffing
session_dcb9859b059a,user_075,developer,2026-07-08 03:54:21,2026-07-08 03:54:21,1,1,0,1,1,1,1,0,0,0.0,0.0,0,1,0.0,3.9,2,0,1,0.0,0.0,credential_stuffing
session_2fd36e4c772e,user_030,hr,2026-07-08 04:47:21,2026-07-08 04:57:21,6,1,0,6,1,1,6,0,0,0.0,0.0,1,1,10.0,4.783333333333333,2,0,1,0.0,0.0,lateral_movement
session_0bf997d44574,user_007,developer,2026-07-08 04:50:29,2026-07-08 05:00:29,6,1,0,6,1,1,6,0,0,0.0,0.0,1,1,10.0,4.833333333333333,2,0,1,0.0,0.0,lateral_movement
session_f5cacf628dd0,user_043,hr,2026-07-08 06:56:51,2026-07-08 10:32:51,15,3,0,15,1,1,3,6,0,51.995999999999995,12.756,0,0,216.0,6.933333333333334,2,0,0,0.0,3.4663999999999997,normal
session_d1579180af26,user_011,analyst,2026-07-08 07:05:54,2026-07-08 10:39:54,12,5,0,12,1,1,4,4,0,36.117000000000004,10.083,0,0,214.0,7.083333333333333,2,0,0,0.0,3.0097500000000004,normal
session_7774b7bfb9f0,user_045,admin,2026-07-08 07:19:10,2026-07-08 12:09:10,17,2,0,17,1,1,5,0,0,0.0,0.0,4,0,290.0,7.316666666666666,2,0,0,0.0,0.0,normal
session_5ef8f16f726b,user_064,finance,2026-07-08 07:27:27,2026-07-08 10:24:27,13,2,0,13,1,1,3,4,3,146.788,35.021,0,0,177.0,7.45,2,0,0,0.0,11.291384615384617,normal
session_b7a8f50ee035,user_042,developer,2026-07-08 07:32:13,2026-07-08 10:01:13,11,2,0,11,1,1,5,0,0,0.0,0.0,0,0,149.0,7.533333333333333,2,0,0,0.0,0.0,normal
session_9ec335be52c1,user_069,hr,2026-07-08 07:43:40,2026-07-08 12:58:40,18,7,0,18,1,1,3,5,0,61.806,15.243,0,0,315.0,7.716666666666667,2,0,0,0.0,3.4336666666666664,normal
session_345299ab368b,user_035,admin,2026-07-08 07:45:50,2026-07-08 13:52:50,24,4,0,24,1,1,5,0,0,0.0,0.0,2,0,367.0,7.75,2,0,0,0.0,0.0,normal
session_c613f47fa789,user_040,finance,2026-07-08 07:50:27,2026-07-08 14:18:27,23,6,0,23,1,1,3,4,6,132.019,23.561,0,0,388.0,7.833333333333333,2,0,0,0.0,5.73995652173913,normal
session_b750a2a90e1f,user_034,finance,2026-07-08 07:50:57,2026-07-08 09:47:57,10,2,0,10,1,1,3,4,3,49.368,11.53,0,0,117.0,7.833333333333333,2,0,0,0.0,4.9368,normal
session_8730a9bff5e9,user_050,developer,2026-07-08 07:53:24,2026-07-08 12:18:24,19,4,0,19,1,1,5,0,0,0.0,0.0,0,0,265.0,7.883333333333333,2,0,0,0.0,0.0,normal
session_ffebdd7fa61a,user_027,developer,2026-07-08 07:53:49,2026-07-08 10:55:49,15,4,0,15,1,1,5,0,0,0.0,0.0,0,0,182.0,7.883333333333333,2,0,0,0.0,0.0,normal
session_9c769d1fe0e3,user_018,developer,2026-07-08 08:10:02,2026-07-08 11:04:02,13,3,0,13,1,1,4,0,0,0.0,0.0,0,0,174.0,8.166666666666666,2,0,0,0.0,0.0,normal
session_02a88e5a7e23,user_029,admin,2026-07-08 08:11:33,2026-07-08 12:22:33,17,4,0,17,1,1,5,0,0,0.0,0.0,3,0,251.0,8.183333333333334,2,0,0,0.0,0.0,normal
session_747fb2bdb6c8,user_024,hr,2026-07-08 08:24:13,2026-07-08 14:22:13,25,7,0,25,1,1,3,2,0,51.071999999999996,40.471,0,0,358.0,8.4,2,0,0,0.0,2.04288,normal
session_da1287414ed1,user_007,developer,2026-07-08 08:30:24,2026-07-08 08:30:24,1,0,0,1,1,1,1,1,0,101.393,101.393,0,0,0.0,8.5,2,0,0,0.0,101.393,normal
session_2dce9c5b7a61,user_062,hr,2026-07-08 08:30:36,2026-07-08 11:50:36,19,5,0,19,1,1,3,5,0,65.789,19.149,0,0,200.0,8.5,2,0,0,0.0,3.462578947368421,normal
session_e1ae62908710,user_006,analyst,2026-07-08 08:31:48,2026-07-08 11:40:48,12,4,0,12,1,1,4,5,0,53.462,14.407,0,0,189.0,8.516666666666667,2,0,0,0.0,4.455166666666667,normal
session_22c64fe69145,user_020,finance,2026-07-08 08:33:16,2026-07-08 10:27:16,10,4,0,10,1,1,3,2,1,40.236999999999995,16.429,0,0,114.0,8.55,2,0,0,0.0,4.0237,normal
session_fe7a35d584a3,user_021,finance,2026-07-08 08:34:43,2026-07-08 08:36:43,6,6,5,6,1,1,1,0,0,0.0,0.0,0,0,2.0,8.566666666666666,2,0,0,0.8333333333333334,0.0,normal
session_ebfdf5f7cbcd,user_039,developer,2026-07-08 08:35:00,2026-07-08 12:56:00,15,6,0,15,1,1,5,0,0,0.0,0.0,0,0,261.0,8.583333333333334,2,0,0,0.0,0.0,normal
session_1fd5e71bfb66,user_048,developer,2026-07-08 08:36:05,2026-07-08 12:11:05,14,4,0,14,1,1,4,0,0,0.0,0.0,0,0,215.0,8.6,2,0,0,0.0,0.0,normal
session_a9cd5300bcb8,user_032,hr,2026-07-08 08:37:42,2026-07-08 13:00:42,16,5,0,16,1,1,3,3,0,9.485,4.791,0,0,263.0,8.616666666666667,2,0,0,0.0,0.5928125,normal
session_bd0eb1f0db50,user_016,developer,2026-07-08 08:38:52,2026-07-08 13:08:52,21,4,0,21,1,1,5,0,0,0.0,0.0,0,0,270.0,8.633333333333333,2,0,0,0.0,0.0,normal
session_56680bb6002d,user_038,developer,2026-07-08 08:45:26,2026-07-08 12:43:26,16,3,0,16,1,1,5,0,0,0.0,0.0,0,0,238.0,8.75,2,0,0,0.0,0.0,normal
session_32f50db9bb5e,user_022,developer,2026-07-08 08:46:20,2026-07-08 11:33:20,12,2,0,12,1,1,4,0,0,0.0,0.0,0,0,167.0,8.766666666666667,2,0,0,0.0,0.0,normal
session_19f741969249,user_058,hr,2026-07-08 08:50:34,2026-07-08 13:44:34,18,6,0,18,1,1,3,6,0,90.845,27.039,0,0,294.0,8.833333333333334,2,0,0,0.0,5.046944444444445,normal
session_ab16aa6faf0f,user_073,hr,2026-07-08 08:53:31,2026-07-08 11:35:31,12,2,0,12,1,1,3,4,0,18.411,5.24,0,0,162.0,8.883333333333333,2,0,0,0.0,1.5342500000000001,normal
session_5873a57d9560,user_056,hr,2026-07-08 08:54:53,2026-07-08 14:34:53,20,5,0,20,1,1,3,3,0,60.994,29.349,0,0,340.0,8.9,2,0,0,0.0,3.0497,normal
session_50d75f7a8a5d,user_074,finance,2026-07-08 08:54:53,2026-07-08 14:16:53,22,8,0,22,1,1,3,3,1,10.966,4.114,0,0,322.0,8.9,2,0,0,0.0,0.49845454545454543,normal
session_d1586e11e9e1,user_008,developer,2026-07-08 08:55:43,2026-07-08 11:43:43,10,2,0,10,1,1,5,0,0,0.0,0.0,0,0,168.0,8.916666666666666,2,0,0,0.0,0.0,normal
session_a916df163f85,user_021,finance,2026-07-08 08:55:50,2026-07-08 10:51:50,9,1,0,9,1,1,3,3,1,19.66,8.013,0,0,116.0,8.916666666666666,2,0,0,0.0,2.1844444444444444,normal
session_b7b736378a1c,user_055,analyst,2026-07-08 08:59:40,2026-07-08 14:33:40,16,3,0,16,1,1,4,5,0,94.353,25.801,0,0,334.0,8.983333333333333,2,0,0,0.0,5.8970625,normal
session_4bf8a302a5e7,user_037,developer,2026-07-08 09:00:09,2026-07-08 15:28:09,24,5,0,24,1,1,5,0,0,0.0,0.0,0,0,388.0,9.0,2,0,0,0.0,0.0,normal
session_a16d590c9215,user_071,analyst,2026-07-08 09:00:22,2026-07-08 12:15:22,15,4,0,15,1,1,4,3,0,59.416,22.597,0,0,195.0,9.0,2,0,0,0.0,3.9610666666666665,normal
session_68efc331b7a9,user_026,analyst,2026-07-08 09:03:05,2026-07-08 14:43:05,18,6,0,18,1,1,4,4,0,23.483,8.705,0,0,340.0,9.05,2,0,0,0.0,1.3046111111111112,normal
session_63f042952c20,user_009,developer,2026-07-08 09:08:44,2026-07-08 12:51:44,17,1,0,17,1,1,5,0,0,0.0,0.0,0,0,223.0,9.133333333333333,2,0,0,0.0,0.0,normal
session_f2d59eedd9ba,user_036,developer,2026-07-08 09:09:52,2026-07-08 12:44:52,12,3,0,12,1,1,5,0,0,0.0,0.0,0,0,215.0,9.15,2,0,0,0.0,0.0,normal
session_43f74d275d4e,user_013,hr,2026-07-08 09:12:10,2026-07-08 13:49:10,19,5,0,19,1,1,3,2,0,11.872,8.42,0,0,277.0,9.2,2,0,0,0.0,0.6248421052631579,normal
session_2713bbcbe59a,user_015,finance,2026-07-08 09:14:36,2026-07-08 14:11:36,22,3,0,22,1,1,3,4,3,21.212999999999997,4.887,0,0,297.0,9.233333333333333,2,0,0,0.0,0.9642272727272726,normal
session_91c2585c4935,user_001,finance,2026-07-08 09:15:05,2026-07-08 14:24:05,24,2,0,24,1,1,3,6,1,90.753,18.726,0,0,309.0,9.25,2,0,0,0.0,3.781375,normal
session_3c4aac651bf4,user_023,developer,2026-07-08 09:15:28,2026-07-08 16:00:28,24,6,0,24,1,1,5,0,0,0.0,0.0,0,0,405.0,9.25,2,0,0,0.0,0.0,normal
session_4a1322070c67,user_080,hr,2026-07-08 09:15:46,2026-07-08 13:00:46,13,3,0,13,1,1,3,6,0,123.944,40.786,0,0,225.0,9.25,2,0,0,0.0,9.534153846153846,normal
session_b66d1510b557,user_051,analyst,2026-07-08 09:17:14,2026-07-08 15:57:14,25,7,0,25,1,1,4,6,0,40.847,11.711,0,0,400.0,9.283333333333333,2,0,0,0.0,1.63388,normal
session_61bdae7ab39a,user_049,analyst,2026-07-08 09:18:05,2026-07-08 12:56:05,14,8,0,14,1,1,4,2,0,9.571,6.566,0,0,218.0,9.3,2,0,0,0.0,0.6836428571428571,normal
session_7dcbaa4d7a7b,user_061,analyst,2026-07-08 09:18:26,2026-07-08 11:51:26,11,3,0,11,1,1,4,1,0,7.567,7.567,0,0,153.0,9.3,2,0,0,0.0,0.6879090909090909,normal
session_b8182df8521d,user_067,analyst,2026-07-08 09:24:54,2026-07-08 15:49:54,24,7,0,24,1,1,4,6,0,101.536,24.809,0,0,385.0,9.4,2,0,0,0.0,4.230666666666667,normal
session_61c667167334,user_059,analyst,2026-07-08 09:25:27,2026-07-08 12:00:27,10,3,0,10,1,1,3,2,0,15.982,11.078,0,0,155.0,9.416666666666666,2,0,0,0.0,1.5981999999999998,normal
session_cd420a749ed5,user_010,finance,2026-07-08 09:25:42,2026-07-08 12:56:42,12,3,0,12,1,1,3,2,2,32.064,16.476,0,0,211.0,9.416666666666666,2,0,0,0.0,2.672,normal
session_afabe218212d,user_031,developer,2026-07-08 09:26:43,2026-07-08 11:35:43,9,2,0,9,1,1,4,0,0,0.0,0.0,0,0,129.0,9.433333333333334,2,0,0,0.0,0.0,normal
session_0d02450b0865,user_044,developer,2026-07-08 09:27:01,2026-07-08 14:41:01,21,5,0,21,1,1,5,0,0,0.0,0.0,0,0,314.0,9.45,2,0,0,0.0,0.0,normal
session_bc6e384ad4f3,user_078,developer,2026-07-08 09:29:14,2026-07-08 13:25:14,15,3,0,15,1,1,5,0,0,0.0,0.0,0,0,236.0,9.483333333333333,2,0,0,0.0,0.0,normal
session_753c0dd47733,user_076,analyst,2026-07-08 09:31:40,2026-07-08 12:23:40,12,2,0,12,1,1,4,6,0,31.789,7.323,0,0,172.0,9.516666666666667,2,0,0,0.0,2.6490833333333335,normal
session_6f3e6a29c5ce,user_065,hr,2026-07-08 09:35:57,2026-07-08 14:29:57,19,4,0,19,1,1,3,8,0,89.245,19.399,0,0,294.0,9.583333333333334,2,0,0,0.0,4.697105263157895,normal
session_414ae0c81c62,user_052,finance,2026-07-08 09:38:19,2026-07-08 13:19:19,11,3,0,11,1,1,3,1,3,20.332,8.089,0,0,221.0,9.633333333333333,2,0,0,0.0,1.8483636363636364,normal
session_e873ce855e66,user_017,admin,2026-07-08 09:38:24,2026-07-08 14:31:24,22,2,0,22,1,1,5,0,0,0.0,0.0,3,0,293.0,9.633333333333333,2,0,0,0.0,0.0,normal
session_4dbed831ddbd,user_054,developer,2026-07-08 09:46:39,2026-07-08 12:06:39,11,4,0,11,1,1,5,0,0,0.0,0.0,0,0,140.0,9.766666666666667,2,0,0,0.0,0.0,normal
session_20b0a066ca75,user_047,developer,2026-07-08 09:48:27,2026-07-08 14:11:27,14,3,0,14,1,1,5,0,0,0.0,0.0,0,0,263.0,9.8,2,0,0,0.0,0.0,normal
session_c7426eeb9580,user_070,admin,2026-07-08 09:48:53,2026-07-08 16:13:53,23,6,0,23,1,1,5,0,0,0.0,0.0,5,0,385.0,9.8,2,0,0,0.0,0.0,normal
session_071c2243c750,user_007,developer,2026-07-08 09:50:39,2026-07-08 15:12:39,18,3,0,18,1,1,5,0,0,0.0,0.0,0,0,322.0,9.833333333333334,2,0,0,0.0,0.0,normal
session_fd36a3859aed,user_005,hr,2026-07-08 09:50:40,2026-07-08 13:00:40,16,5,0,16,1,1,3,4,0,11.667,3.842,0,0,190.0,9.833333333333334,2,0,0,0.0,0.7291875,normal
session_04af819494de,user_066,developer,2026-07-08 09:54:35,2026-07-08 13:37:35,15,5,0,15,1,1,4,0,0,0.0,0.0,0,0,223.0,9.9,2,0,0,0.0,0.0,normal
session_48890c99795b,user_063,finance,2026-07-08 09:55:50,2026-07-08 11:51:50,10,2,0,10,1,1,3,2,3,36.623,12.347,0,0,116.0,9.916666666666666,2,0,0,0.0,3.6622999999999997,normal
session_5d6f0e6560e1,user_028,developer,2026-07-08 09:57:57,2026-07-08 13:00:57,10,4,0,10,1,1,4,0,0,0.0,0.0,0,0,183.0,9.95,2,0,0,0.0,0.0,normal
session_e8801c319f27,user_077,admin,2026-07-08 10:02:21,2026-07-08 15:35:21,25,5,0,25,1,1,5,0,0,0.0,0.0,2,0,333.0,10.033333333333333,2,0,0,0.0,0.0,normal
session_eef9ff1b7c44,user_041,finance,2026-07-08 10:02:34,2026-07-08 13:14:34,12,2,0,12,1,1,3,4,3,151.505,40.878,0,0,192.0,10.033333333333333,2,0,0,0.0,12.625416666666666,normal
session_5a114c32fcc7,user_057,developer,2026-07-08 10:05:12,2026-07-08 14:59:12,20,5,0,20,1,1,5,0,0,0.0,0.0,0,0,294.0,10.083333333333334,2,0,0,0.0,0.0,normal
session_954857448292,user_014,hr,2026-07-08 10:07:50,2026-07-08 16:23:50,23,7,0,23,1,1,3,7,0,95.169,29.489,0,0,376.0,10.116666666666667,2,0,0,0.0,4.137782608695652,normal
session_00e3d725f5b6,user_003,developer,2026-07-08 10:21:52,2026-07-08 13:49:52,14,1,0,14,1,1,5,0,0,0.0,0.0,0,0,208.0,10.35,2,0,0,0.0,0.0,normal
session_58b0db1d0b77,user_012,analyst,2026-07-08 10:22:54,2026-07-08 14:24:54,17,3,0,17,1,1,4,4,0,17.461,5.32,0,0,242.0,10.366666666666667,2,0,0,0.0,1.0271176470588235,normal
session_f1420457e034,user_072,hr,2026-07-08 10:28:10,2026-07-08 14:01:10,12,8,0,12,1,1,3,1,0,8.744,8.744,0,0,213.0,10.466666666666667,2,0,0,0.0,0.7286666666666667,normal
session_a3cfdc1db2fa,user_075,developer,2026-07-08 10:29:47,2026-07-08 16:03:47,21,6,0,21,1,1,5,0,0,0.0,0.0,0,0,334.0,10.483333333333333,2,0,0,0.0,0.0,normal
session_65910bb5e535,user_019,developer,2026-07-08 10:48:48,2026-07-08 13:16:48,11,4,0,11,1,1,4,0,0,0.0,0.0,0,0,148.0,10.8,2,0,0,0.0,0.0,normal
session_a5d76183f9f7,user_002,finance,2026-07-08 10:49:04,2026-07-08 15:42:04,16,5,0,16,1,1,3,1,3,36.896,16.691,0,0,293.0,10.816666666666666,2,0,0,0.0,2.306,normal
session_91a5339e97df,user_060,developer,2026-07-08 10:54:15,2026-07-08 14:38:15,14,2,0,14,1,1,4,0,0,0.0,0.0,0,0,224.0,10.9,2,0,0,0.0,0.0,normal
session_0afa30e73e77,user_053,hr,2026-07-08 11:06:53,2026-07-08 15:07:53,13,6,0,13,1,1,3,4,0,20.556,7.287,0,0,241.0,11.1,2,0,0,0.0,1.5812307692307692,normal
session_0125ad920145,user_046,hr,2026-07-08 11:08:34,2026-07-08 15:52:34,17,4,0,17,1,1,3,2,0,19.064999999999998,11.513,0,0,284.0,11.133333333333333,2,0,0,0.0,1.121470588235294,normal
session_61d7f5cdea7e,user_030,hr,2026-07-08 11:21:27,2026-07-08 17:39:27,20,10,0,20,1,1,3,3,0,26.538,9.794,0,0,378.0,11.35,2,0,0,0.0,1.3269,normal
session_8e89c13f33b2,user_040,finance,2026-07-08 13:42:53,2026-07-08 13:42:53,1,0,0,1,1,1,1,0,0,24.798,24.798,0,1,0.0,13.7,2,0,0,0.0,24.798,insider_drift
session_d38ef036c534,user_052,finance,2026-07-08 14:17:29,2026-07-08 14:17:29,1,0,0,1,1,1,1,1,0,15.285,15.285,0,1,0.0,14.283333333333333,2,0,0,0.0,15.285,low_slow_exfiltration
session_759bc7753312,user_007,developer,2026-07-08 22:30:00,2026-07-08 22:36:20,27,27,27,27,4,1,1,0,0,0.0,0.0,0,1,6.333333333333333,22.5,2,0,1,1.0,0.0,brute_force
session_2cd9a20d9695,user_033,developer,2026-07-08 23:43:49,2026-07-09 00:15:49,5,1,0,5,1,1,3,0,0,54.132,17.13,0,0,32.0,23.716666666666665,2,0,1,0.0,10.8264,normal
session_239e53c48a72,user_043,hr,2026-07-09 07:41:52,2026-07-09 11:48:52,16,5,0,16,1,1,3,6,0,86.501,23.964,0,0,247.0,7.683333333333334,3,0,0,0.0,5.4063125,normal
session_89c909d3619d,user_042,developer,2026-07-09 07:43:52,2026-07-09 12:50:52,17,3,0,17,1,1,5,0,0,0.0,0.0,0,0,307.0,7.716666666666667,3,0,0,0.0,0.0,normal
session_a11c4f05704a,user_064,finance,2026-07-09 07:52:40,2026-07-09 12:48:40,20,7,0,20,1,1,3,1,5,101.248,22.678,0,0,296.0,7.866666666666667,3,0,0,0.0,5.0624,normal
session_378e9036a0ac,user_045,admin,2026-07-09 07:55:32,2026-07-09 12:27:32,17,3,0,17,1,1,5,0,0,0.0,0.0,3,0,272.0,7.916666666666667,3,0,0,0.0,0.0,normal
session_4126fe5b7a95,user_050,developer,2026-07-09 07:58:09,2026-07-09 11:24:09,15,3,0,15,1,1,5,0,0,0.0,0.0,0,0,206.0,7.966666666666667,3,0,0,0.0,0.0,normal
session_6fdb9e88c0a5,user_059,analyst,2026-07-09 07:59:12,2026-07-09 10:20:12,9,4,0,9,1,1,4,2,0,21.17,15.859,0,0,141.0,7.983333333333333,3,0,0,0.0,2.352222222222222,normal
session_842874588548,user_073,hr,2026-07-09 08:03:30,2026-07-09 13:14:30,19,7,0,19,1,1,3,2,0,16.066,9.503,0,0,311.0,8.05,3,0,0,0.0,0.845578947368421,normal
session_bcae2f544059,user_015,finance,2026-07-09 08:06:00,2026-07-09 12:00:00,13,2,0,13,1,1,2,6,1,26.587,5.008,0,0,234.0,8.1,3,0,0,0.0,2.045153846153846,normal
session_a40c12917b75,user_022,developer,2026-07-09 08:10:02,2026-07-09 14:28:02,23,10,0,23,1,1,5,0,0,0.0,0.0,0,0,378.0,8.166666666666666,3,0,0,0.0,0.0,normal
session_3eea10881c4d,user_058,hr,2026-07-09 08:10:21,2026-07-09 14:03:21,23,7,0,23,1,1,3,4,0,63.395,31.812,0,0,353.0,8.166666666666666,3,0,0,0.0,2.756304347826087,normal
session_48d6d239fc2a,user_034,finance,2026-07-09 08:11:05,2026-07-09 15:12:05,24,6,0,24,1,1,3,2,5,55.043,13.189,0,0,421.0,8.183333333333334,3,0,0,0.0,2.293458333333333,normal
session_7fca68c9c060,user_024,hr,2026-07-09 08:11:06,2026-07-09 13:07:06,25,5,0,25,1,1,3,7,0,189.941,41.886,0,0,296.0,8.183333333333334,3,0,0,0.0,7.59764,normal
session_03061d5501b9,user_039,developer,2026-07-09 08:11:22,2026-07-09 12:58:22,18,4,0,18,1,1,5,0,0,0.0,0.0,0,0,287.0,8.183333333333334,3,0,0,0.0,0.0,normal
session_7afcf7692f5a,user_021,finance,2026-07-09 08:20:22,2026-07-09 14:51:22,24,6,0,24,1,1,3,6,4,45.737,7.047,0,0,391.0,8.333333333333334,3,0,0,0.0,1.9057083333333333,normal
session_3e3f40a8bc6b,user_049,analyst,2026-07-09 08:20:52,2026-07-09 11:30:52,13,7,0,13,1,1,4,2,0,6.9799999999999995,4.318,0,0,190.0,8.333333333333334,3,0,0,0.0,0.5369230769230768,normal
session_2beacb8ca13e,user_032,hr,2026-07-09 08:21:01,2026-07-09 14:07:01,21,4,0,21,1,1,3,9,0,30.886,5.011,0,0,346.0,8.35,3,0,0,0.0,1.4707619047619047,normal
session_66ddb7a9a02e,user_035,admin,2026-07-09 08:21:13,2026-07-09 12:08:13,15,2,0,15,1,1,4,0,0,0.0,0.0,5,0,227.0,8.35,3,0,0,0.0,0.0,normal
session_ed60810468a9,user_069,hr,2026-07-09 08:25:38,2026-07-09 13:34:38,23,11,0,23,1,1,3,5,0,54.684,16.127,0,0,309.0,8.416666666666666,3,0,0,0.0,2.377565217391304,normal
session_a636dbeeb8ac,user_009,developer,2026-07-09 08:27:45,2026-07-09 08:29:45,6,6,5,6,1,1,1,0,0,0.0,0.0,0,0,2.0,8.45,3,0,0,0.8333333333333334,0.0,normal
session_28588d80d34e,user_052,finance,2026-07-09 08:27:57,2026-07-09 13:34:57,19,5,0,19,1,1,3,7,3,57.574,8.664,0,0,307.0,8.45,3,0,0,0.0,3.0302105263157895,normal
session_9c270d25db9d,user_040,finance,2026-07-09 08:29:12,2026-07-09 14:32:12,20,2,0,20,1,1,3,9,4,216.798,30.949,0,0,363.0,8.483333333333333,3,0,0,0.0,10.8399,normal
session_f514e88a14d8,user_020,finance,2026-07-09 08:29:44,2026-07-09 15:02:44,23,5,0,23,1,1,3,8,1,168.47,41.283,0,0,393.0,8.483333333333333,3,0,0,0.0,7.324782608695652,normal
session_52d129a3b607,user_028,developer,2026-07-09 08:31:01,2026-07-09 12:41:01,16,7,0,16,1,1,5,0,0,0.0,0.0,0,0,250.0,8.516666666666667,3,0,0,0.0,0.0,normal
session_1f7a4551783e,user_012,analyst,2026-07-09 08:43:01,2026-07-09 11:51:01,12,4,0,12,1,1,4,3,0,12.245000000000001,5.2,0,0,188.0,8.716666666666667,3,0,0,0.0,1.0204166666666667,normal
session_20ea367650b1,user_017,admin,2026-07-09 08:43:49,2026-07-09 13:33:49,21,5,0,21,1,1,5,0,0,0.0,0.0,5,0,290.0,8.716666666666667,3,0,0,0.0,0.0,normal
session_fd0dc86229d6,user_037,developer,2026-07-09 08:44:25,2026-07-09 08:45:45,4,4,3,4,1,1,1,0,0,0.0,0.0,0,0,1.3333333333333333,8.733333333333333,3,0,0,0.75,0.0,normal
session_73118d080db8,user_011,analyst,2026-07-09 08:44:59,2026-07-09 09:56:59,7,1,0,7,1,1,3,0,0,66.96,14.022,0,0,72.0,8.733333333333333,3,0,0,0.0,9.565714285714284,normal
session_08e8befedb4f,user_044,developer,2026-07-09 08:45:54,2026-07-09 14:43:54,23,4,0,23,1,1,5,0,0,0.0,0.0,0,0,358.0,8.75,3,0,0,0.0,0.0,normal
session_4ea1e1047d1f,user_009,developer,2026-07-09 08:47:28,2026-07-09 11:25:28,14,4,0,14,1,1,5,0,0,0.0,0.0,0,0,158.0,8.783333333333333,3,0,0,0.0,0.0,normal
session_80273e2ca7ed,user_038,developer,2026-07-09 08:55:05,2026-07-09 14:07:05,19,8,0,19,1,1,5,0,0,0.0,0.0,0,0,312.0,8.916666666666666,3,0,0,0.0,0.0,normal
session_2a887d84b6d8,user_018,developer,2026-07-09 08:56:05,2026-07-09 14:45:05,24,2,0,24,1,1,5,0,0,0.0,0.0,0,0,349.0,8.933333333333334,3,0,0,0.0,0.0,normal
session_8a1fd05d56e5,user_075,developer,2026-07-09 08:56:39,2026-07-09 11:20:39,10,2,0,10,1,1,5,0,0,0.0,0.0,0,0,144.0,8.933333333333334,3,0,0,0.0,0.0,normal
session_f2b3f1b5df09,user_065,hr,2026-07-09 08:59:22,2026-07-09 11:11:22,9,4,0,9,1,1,3,2,0,14.431000000000001,7.826,0,0,132.0,8.983333333333333,3,0,0,0.0,1.6034444444444444,normal
session_df97dcc6cd72,user_047,developer,2026-07-09 09:00:37,2026-07-09 14:47:37,22,5,0,22,1,1,5,0,0,0.0,0.0,0,0,347.0,9.0,3,0,0,0.0,0.0,normal
session_e7c024f0754b,user_027,developer,2026-07-09 09:01:03,2026-07-09 14:36:03,24,8,0,24,1,1,5,0,0,0.0,0.0,0,0,335.0,9.016666666666667,3,0,0,0.0,0.0,normal
session_86ec53a5c4b8,user_078,developer,2026-07-09 09:01:07,2026-07-09 12:32:07,13,4,0,13,1,1,5,0,0,0.0,0.0,0,0,211.0,9.016666666666667,3,0,0,0.0,0.0,normal
session_a5ef7abe0da8,user_016,developer,2026-07-09 09:06:57,2026-07-09 14:31:57,21,5,0,21,1,1,5,0,0,0.0,0.0,0,0,325.0,9.1,3,0,0,0.0,0.0,normal
session_a3e565128ac7,user_062,hr,2026-07-09 09:11:59,2026-07-09 13:40:59,15,6,0,15,1,1,3,4,0,69.714,20.408,0,0,269.0,9.183333333333334,3,0,0,0.0,4.6476,normal
session_8f87074c2653,user_023,developer,2026-07-09 09:14:15,2026-07-09 15:07:15,23,7,0,23,1,1,5,0,0,0.0,0.0,0,0,353.0,9.233333333333333,3,0,0,0.0,0.0,normal
session_d3a82316bb23,user_071,analyst,2026-07-09 09:16:26,2026-07-09 14:16:26,18,4,0,18,1,1,3,6,0,103.22,25.115,0,0,300.0,9.266666666666667,3,0,0,0.0,5.734444444444445,normal
session_3310934492c4,user_080,hr,2026-07-09 09:16:31,2026-07-09 15:47:31,25,10,0,25,1,1,3,6,0,98.84100000000001,25.378,0,0,391.0,9.266666666666667,3,0,0,0.0,3.9536400000000005,normal
session_90816a65b8ef,user_074,finance,2026-07-09 09:17:16,2026-07-09 11:43:16,11,3,0,11,1,1,3,2,0,7.514,4.78,0,0,146.0,9.283333333333333,3,0,0,0.0,0.6830909090909091,normal
session_0db7f6ace6b8,user_025,hr,2026-07-09 09:22:24,2026-07-09 13:59:24,17,2,0,17,1,1,3,6,0,13.666,4.223,0,0,277.0,9.366666666666667,3,0,0,0.0,0.8038823529411765,normal
session_e0a1ed62a96c,user_070,admin,2026-07-09 09:23:45,2026-07-09 13:37:45,13,3,0,13,1,1,5,0,0,0.0,0.0,2,0,254.0,9.383333333333333,3,0,0,0.0,0.0,normal
session_6ade6165f19e,user_006,analyst,2026-07-09 09:24:02,2026-07-09 16:03:02,25,8,0,25,1,1,4,6,0,84.76400000000001,19.859,0,0,399.0,9.4,3,0,0,0.0,3.3905600000000002,normal
session_f352b3fc42c6,user_008,developer,2026-07-09 09:24:55,2026-07-09 15:45:55,20,4,0,20,1,1,5,0,0,0.0,0.0,0,0,381.0,9.4,3,0,0,0.0,0.0,normal
session_a131b8a0b8ab,user_011,analyst,2026-07-09 09:25:01,2026-07-09 12:58:01,14,4,0,14,1,1,4,2,0,20.000999999999998,12.664,0,0,213.0,9.416666666666666,3,0,0,0.0,1.4286428571428569,normal
session_039c28e91331,user_061,analyst,2026-07-09 09:29:06,2026-07-09 16:08:06,23,3,0,23,1,1,4,4,0,24.658,8.365,0,0,399.0,9.483333333333333,3,0,0,0.0,1.0720869565217392,normal
session_3e8ffab47bcd,user_026,analyst,2026-07-09 09:29:55,2026-07-09 16:04:55,25,5,0,25,1,1,4,9,0,73.956,11.055,0,0,395.0,9.483333333333333,3,0,0,0.0,2.95824,normal
session_e56595680d6a,user_036,developer,2026-07-09 09:36:27,2026-07-09 12:39:27,11,1,0,11,1,1,5,0,0,0.0,0.0,0,0,183.0,9.6,3,0,0,0.0,0.0,normal
session_45480b45e2b8,user_030,hr,2026-07-09 09:37:24,2026-07-09 12:36:24,11,3,0,11,1,1,3,0,0,0.0,0.0,0,0,179.0,9.616666666666667,3,0,0,0.0,0.0,normal
session_3316987704ef,user_055,analyst,2026-07-09 09:38:00,2026-07-09 11:50:00,11,1,0,11,1,1,4,6,0,107.75500000000001,27.414,0,0,132.0,9.633333333333333,3,0,0,0.0,9.795909090909092,normal
session_637a36921823,user_004,developer,2026-07-09 09:38:47,2026-07-09 12:48:47,11,2,0,11,1,1,4,0,0,0.0,0.0,0,0,190.0,9.633333333333333,3,0,0,0.0,0.0,normal
session_e34b6037feb1,user_048,developer,2026-07-09 09:39:15,2026-07-09 11:40:15,9,1,0,9,1,1,5,0,0,0.0,0.0,0,0,121.0,9.65,3,0,0,0.0,0.0,normal
session_7778092205d7,user_057,developer,2026-07-09 09:39:36,2026-07-09 15:48:36,24,7,0,24,1,1,5,0,0,0.0,0.0,0,0,369.0,9.65,3,0,0,0.0,0.0,normal
session_e06180e07d33,user_001,finance,2026-07-09 09:40:10,2026-07-09 13:26:10,17,3,0,17,1,1,3,7,3,109.268,20.434,0,0,226.0,9.666666666666666,3,0,0,0.0,6.427529411764706,normal
session_945454f52857,user_060,developer,2026-07-09 09:42:12,2026-07-09 12:13:12,12,6,0,12,1,1,5,0,0,0.0,0.0,0,0,151.0,9.7,3,0,0,0.0,0.0,normal
session_859278d4fabe,user_054,developer,2026-07-09 09:45:57,2026-07-09 15:24:57,22,5,0,22,1,1,4,0,0,0.0,0.0,0,0,339.0,9.75,3,0,0,0.0,0.0,normal
session_5e322e7ce350,user_041,finance,2026-07-09 09:49:27,2026-07-09 15:05:27,18,3,0,18,1,1,3,6,5,220.183,34.922,0,0,316.0,9.816666666666666,3,0,0,0.0,12.232388888888888,normal
session_45b2f4250cd4,user_056,hr,2026-07-09 09:51:52,2026-07-09 13:20:52,16,7,0,16,1,1,3,3,0,85.637,36.416,0,0,209.0,9.85,3,0,0,0.0,5.3523125,normal
session_ec485e2237d4,user_063,finance,2026-07-09 09:53:57,2026-07-09 14:50:57,20,5,0,20,1,1,3,3,4,38.812,7.815,0,0,297.0,9.883333333333333,3,0,0,0.0,1.9405999999999999,normal
session_7199e8b0386f,user_066,developer,2026-07-09 09:57:15,2026-07-09 14:26:15,16,3,0,16,1,1,5,0,0,0.0,0.0,0,0,269.0,9.95,3,0,0,0.0,0.0,normal
session_94ba0c9e20b5,user_010,finance,2026-07-09 09:58:41,2026-07-09 14:04:41,19,5,0,19,1,1,3,1,4,46.593999999999994,19.691,0,0,246.0,9.966666666666667,3,0,0,0.0,2.452315789473684,normal
session_72b5597cd391,user_033,developer,2026-07-09 10:00:29,2026-07-09 15:55:29,20,7,0,20,1,1,5,0,0,0.0,0.0,0,0,355.0,10.0,3,0,0,0.0,0.0,normal
session_d2a1b4a40e93,user_048,developer,2026-07-09 10:04:14,2026-07-09 11:49:14,8,0,0,8,1,1,1,0,0,94.439,21.836,0,0,105.0,10.066666666666666,3,0,0,0.0,11.804875,normal
session_f805f28e390f,user_019,developer,2026-07-09 10:10:48,2026-07-09 13:54:48,14,3,0,14,1,1,5,0,0,0.0,0.0,0,0,224.0,10.166666666666666,3,0,0,0.0,0.0,normal
session_23da76db6717,user_003,developer,2026-07-09 10:11:04,2026-07-09 13:29:04,12,2,0,12,1,1,5,0,0,0.0,0.0,0,0,198.0,10.183333333333334,3,0,0,0.0,0.0,normal
session_cfcf3eba6d41,user_067,analyst,2026-07-09 10:11:19,2026-07-09 14:03:19,16,7,0,16,1,1,4,2,0,20.018,10.156,0,0,232.0,10.183333333333334,3,0,0,0.0,1.251125,normal
session_3ecd60923e23,user_007,developer,2026-07-09 10:11:32,2026-07-09 12:43:32,11,2,0,11,1,1,4,0,0,0.0,0.0,0,0,152.0,10.183333333333334,3,0,0,0.0,0.0,normal
session_4e78e252bd13,user_051,analyst,2026-07-09 10:17:46,2026-07-09 16:21:46,22,6,0,22,1,1,4,6,0,46.801,12.73,0,0,364.0,10.283333333333333,3,0,0,0.0,2.127318181818182,normal
session_da03153d0930,user_014,hr,2026-07-09 10:21:03,2026-07-09 16:13:03,24,4,0,24,1,1,3,6,0,65.444,16.303,0,0,352.0,10.35,3,0,0,0.0,2.7268333333333334,normal
session_e5951832a326,user_005,hr,2026-07-09 10:23:15,2026-07-09 13:54:15,15,5,0,15,1,1,3,3,0,9.706,5.562,0,0,211.0,10.383333333333333,3,0,0,0.0,0.6470666666666667,normal
session_5a527a4aae8d,user_076,analyst,2026-07-09 10:27:01,2026-07-09 17:45:01,24,7,0,24,1,1,4,3,0,25.62,11.98,0,0,438.0,10.45,3,0,0,0.0,1.0675000000000001,normal
session_c929e6ca1c1d,user_013,hr,2026-07-09 10:28:03,2026-07-09 16:58:03,24,10,0,24,1,1,3,5,0,17.596,6.943,0,0,390.0,10.466666666666667,3,0,0,0.0,0.7331666666666666,normal
session_4db563740d1e,user_031,developer,2026-07-09 10:30:59,2026-07-09 13:24:59,13,4,0,13,1,1,4,0,0,0.0,0.0,0,0,174.0,10.5,3,0,0,0.0,0.0,normal
session_b3ac67f90461,user_068,developer,2026-07-09 10:36:00,2026-07-09 16:10:00,20,5,0,20,1,1,5,0,0,0.0,0.0,0,0,334.0,10.6,3,0,0,0.0,0.0,normal
session_0a6c5d74b48c,user_002,finance,2026-07-09 10:58:23,2026-07-09 17:03:23,23,6,0,23,1,1,3,5,3,83.914,18.922,0,0,365.0,10.966666666666667,3,0,0,0.0,3.6484347826086956,normal
session_0cc16058239c,user_046,hr,2026-07-09 11:04:58,2026-07-09 13:51:58,10,3,0,10,1,1,3,2,0,13.971,7.823,0,0,167.0,11.066666666666666,3,0,0,0.0,1.3971,normal
session_4691c880d74b,user_079,developer,2026-07-09 11:32:25,2026-07-09 17:47:25,22,7,0,22,1,1,5,0,0,0.0,0.0,0,0,375.0,11.533333333333333,3,0,0,0.0,0.0,normal
session_aeee66dd9ffd,user_052,finance,2026-07-09 11:50:07,2026-07-09 11:50:07,1,0,0,1,1,1,1,1,0,17.343,17.343,0,1,0.0,11.833333333333334,3,0,0,0.0,17.343,low_slow_exfiltration
session_364187302cc1,user_040,finance,2026-07-09 13:51:14,2026-07-09 13:51:14,1,0,0,1,1,1,1,0,0,28.341,28.341,0,1,0.0,13.85,3,0,0,0.0,28.341,insider_drift
session_f759fddf62c8,user_036,developer,2026-07-09 16:00:44,2026-07-09 17:50:44,12,3,0,12,1,1,4,0,0,181.46699999999998,22.349,0,0,110.0,16.0,3,0,0,0.0,15.12225,normal
session_ac4b28b7f82c,user_027,developer,2026-07-09 16:38:56,2026-07-09 18:18:56,11,3,0,11,1,1,5,0,0,97.874,18.799,0,0,100.0,16.633333333333333,3,0,0,0.0,8.897636363636364,normal
session_36db27477740,user_007,developer,2026-07-10 00:34:10,2026-07-10 00:44:10,6,1,0,6,1,1,6,0,0,0.0,0.0,1,1,10.0,0.5666666666666667,4,0,1,0.0,0.0,lateral_movement
session_36cf9577137d,user_039,developer,2026-07-10 04:40:09,2026-07-10 04:50:09,6,1,0,6,1,1,6,0,0,0.0,0.0,1,1,10.0,4.666666666666667,4,0,1,0.0,0.0,lateral_movement
session_00bdcb1eb57b,user_012,analyst,2026-07-10 06:51:13,2026-07-10 12:59:13,25,6,0,25,1,1,4,4,0,14.716000000000001,4.024,0,0,368.0,6.85,4,0,0,0.0,0.58864,normal
session_adee423acf52,user_050,developer,2026-07-10 07:09:38,2026-07-10 11:47:38,18,5,0,18,1,1,5,0,0,0.0,0.0,0,0,278.0,7.15,4,0,0,0.0,0.0,normal
session_6dc109135cbf,user_073,hr,2026-07-10 07:26:48,2026-07-10 10:07:48,11,6,0,11,1,1,3,2,0,13.254000000000001,6.971,0,0,161.0,7.433333333333334,4,0,0,0.0,1.204909090909091,normal
session_d0f5722635b4,user_045,admin,2026-07-10 07:27:57,2026-07-10 10:31:57,12,4,0,12,1,1,5,0,0,0.0,0.0,1,0,184.0,7.45,4,0,0,0.0,0.0,normal
session_39138cc68fbc,user_008,developer,2026-07-10 07:40:45,2026-07-10 10:53:45,11,4,0,11,1,1,5,0,0,0.0,0.0,0,0,193.0,7.666666666666667,4,0,0,0.0,0.0,normal
session_b9b8eb45a397,user_024,hr,2026-07-10 07:50:14,2026-07-10 11:23:14,13,2,0,13,1,1,3,3,0,71.007,32.293,0,0,213.0,7.833333333333333,4,0,0,0.0,5.462076923076923,normal
session_102a99290555,user_040,finance,2026-07-10 07:51:45,2026-07-10 10:39:45,12,3,0,12,1,1,3,1,1,12.806000000000001,7.834,0,0,168.0,7.85,4,0,0,0.0,1.0671666666666668,normal
session_ffb2a5c7c994,user_042,developer,2026-07-10 07:53:14,2026-07-10 13:38:14,22,7,0,22,1,1,5,0,0,0.0,0.0,0,0,345.0,7.883333333333333,4,0,0,0.0,0.0,normal
session_f47a11ef5dbb,user_018,developer,2026-07-10 07:58:25,2026-07-10 10:43:25,9,3,0,9,1,1,5,0,0,0.0,0.0,0,0,165.0,7.966666666666667,4,0,0,0.0,0.0,normal
session_83c358d4d78c,user_050,developer,2026-07-10 08:08:30,2026-07-10 08:42:30,2,2,0,2,2,2,1,0,0,0.0,0.0,0,1,34.0,8.133333333333333,4,0,0,0.0,0.0,impossible_travel
session_1dce6e75a3b3,user_032,hr,2026-07-10 08:11:29,2026-07-10 14:44:29,24,9,0,24,1,1,3,4,0,15.987,6.315,0,0,393.0,8.183333333333334,4,0,0,0.0,0.666125,normal
session_8aababf9513c,user_069,hr,2026-07-10 08:16:28,2026-07-10 13:41:28,20,5,0,20,1,1,3,5,0,59.628,15.496,0,0,325.0,8.266666666666667,4,0,0,0.0,2.9814,normal
session_5daa88f2b370,user_028,developer,2026-07-10 08:18:53,2026-07-10 11:33:53,14,5,0,14,1,1,5,0,0,0.0,0.0,0,0,195.0,8.3,4,0,0,0.0,0.0,normal
session_b99a4c71b667,user_009,developer,2026-07-10 08:19:52,2026-07-10 08:21:32,5,5,4,5,1,1,1,0,0,0.0,0.0,0,0,1.6666666666666667,8.316666666666666,4,0,0,0.8,0.0,normal
session_f1d26a661f31,user_011,analyst,2026-07-10 08:23:07,2026-07-10 11:16:07,12,2,0,12,1,1,4,4,0,53.788000000000004,18.299,0,0,173.0,8.383333333333333,4,0,0,0.0,4.482333333333334,normal
session_085aac551314,user_035,admin,2026-07-10 08:23:47,2026-07-10 12:22:47,16,3,0,16,1,1,5,0,0,0.0,0.0,1,0,239.0,8.383333333333333,4,0,0,0.0,0.0,normal
session_978135d84775,user_064,finance,2026-07-10 08:33:33,2026-07-10 14:10:33,18,5,0,18,1,1,3,5,4,133.048,29.689,0,0,337.0,8.55,4,0,0,0.0,7.391555555555556,normal
session_5add2d50351b,user_009,developer,2026-07-10 08:36:54,2026-07-10 15:24:54,23,7,0,23,1,1,5,0,0,0.0,0.0,0,0,408.0,8.6,4,0,0,0.0,0.0,normal
session_acf6fb237b50,user_025,hr,2026-07-10 08:38:09,2026-07-10 12:48:09,18,9,0,18,1,1,3,4,0,10.053,3.414,0,0,250.0,8.633333333333333,4,0,0,0.0,0.5585,normal
session_e10d9b177d26,user_044,developer,2026-07-10 08:42:15,2026-07-10 11:27:15,11,3,0,11,1,1,4,0,0,0.0,0.0,0,0,165.0,8.7,4,0,0,0.0,0.0,normal
session_5f1893699b79,user_051,analyst,2026-07-10 08:44:19,2026-07-10 13:36:19,20,5,0,20,1,1,4,2,0,12.679,8.939,0,0,292.0,8.733333333333333,4,0,0,0.0,0.63395,normal
session_730282b0da62,user_043,hr,2026-07-10 08:44:26,2026-07-10 16:04:26,24,7,0,24,1,1,3,2,0,16.314,11.833,0,0,440.0,8.733333333333333,4,0,0,0.0,0.67975,normal
session_fc44bafac3d7,user_022,developer,2026-07-10 08:46:27,2026-07-10 14:09:27,17,5,0,17,1,1,5,0,0,0.0,0.0,0,0,323.0,8.766666666666667,4,0,0,0.0,0.0,normal
session_64145600c2a1,user_006,analyst,2026-07-10 08:47:08,2026-07-10 13:55:08,21,7,0,21,1,1,4,7,0,88.96000000000001,33.133,0,0,308.0,8.783333333333333,4,0,0,0.0,4.236190476190477,normal
session_0ddb6b418524,user_038,developer,2026-07-10 08:52:21,2026-07-10 12:11:21,14,4,0,14,1,1,5,0,0,0.0,0.0,0,0,199.0,8.866666666666667,4,0,0,0.0,0.0,normal
session_87c8686b3339,user_052,finance,2026-07-10 08:55:12,2026-07-10 11:55:12,10,2,0,10,1,1,3,2,3,27.731,7.471,0,0,180.0,8.916666666666666,4,0,0,0.0,2.7731000000000003,normal
session_4805c41db7ab,user_007,developer,2026-07-10 08:57:12,2026-07-10 13:39:12,15,5,0,15,1,1,5,0,0,0.0,0.0,0,0,282.0,8.95,4,0,0,0.0,0.0,normal
session_5fa46a8f8a7b,user_041,finance,2026-07-10 08:57:19,2026-07-10 11:40:19,12,4,0,12,1,1,3,2,1,52.709,22.104,0,0,163.0,8.95,4,0,0,0.0,4.392416666666667,normal
session_952bfd27fd28,user_074,finance,2026-07-10 09:01:46,2026-07-10 14:01:46,19,3,0,19,1,1,3,3,5,24.079,4.676,0,0,300.0,9.016666666666667,4,0,0,0.0,1.2673157894736842,normal
session_1782ee5244cf,user_072,hr,2026-07-10 09:06:31,2026-07-10 13:25:31,17,5,0,17,1,1,3,5,0,60.622,18.798,0,0,259.0,9.1,4,0,0,0.0,3.566,normal
session_14a9781483eb,user_031,developer,2026-07-10 09:07:20,2026-07-10 13:03:20,15,2,0,15,1,1,4,0,0,0.0,0.0,0,0,236.0,9.116666666666667,4,0,0,0.0,0.0,normal
session_5973724d1ccd,user_076,analyst,2026-07-10 09:09:27,2026-07-10 13:15:27,16,6,0,16,1,1,4,5,0,30.592,8.283,0,0,246.0,9.15,4,0,0,0.0,1.912,normal
session_1c9536447565,user_067,analyst,2026-07-10 09:11:55,2026-07-10 16:09:55,24,13,0,24,1,1,4,2,0,25.101,15.448,0,0,418.0,9.183333333333334,4,0,0,0.0,1.0458749999999999,normal
session_d7bb0a78581e,user_027,developer,2026-07-10 09:12:14,2026-07-10 13:32:14,18,5,0,18,1,1,5,0,0,0.0,0.0,0,0,260.0,9.2,4,0,0,0.0,0.0,normal
session_c181f2840a0b,user_023,developer,2026-07-10 09:13:22,2026-07-10 11:45:22,11,2,0,11,1,1,5,0,0,0.0,0.0,0,0,152.0,9.216666666666667,4,0,0,0.0,0.0,normal
session_cffd417d8687,user_078,developer,2026-07-10 09:14:38,2026-07-10 13:13:38,15,2,0,15,1,1,5,0,0,0.0,0.0,0,0,239.0,9.233333333333333,4,0,0,0.0,0.0,normal
session_c918e1e513c2,user_001,finance,2026-07-10 09:15:27,2026-07-10 13:03:27,16,4,0,16,1,1,3,4,1,84.483,23.23,0,0,228.0,9.25,4,0,0,0.0,5.2801875,normal
session_b4ad046d8390,user_005,hr,2026-07-10 09:18:02,2026-07-10 13:13:02,14,3,0,14,1,1,3,2,0,6.247999999999999,3.247,0,0,235.0,9.3,4,0,0,0.0,0.44628571428571423,normal
session_af3ecf3ea1df,user_056,hr,2026-07-10 09:22:19,2026-07-10 12:36:19,14,5,0,14,1,1,3,5,0,125.787,37.165,0,0,194.0,9.366666666666667,4,0,0,0.0,8.984785714285715,normal
session_11f1d3cbe146,user_063,finance,2026-07-10 09:24:18,2026-07-10 14:40:18,15,2,0,15,1,1,3,2,3,38.656,10.099,0,0,316.0,9.4,4,0,0,0.0,2.5770666666666666,normal
session_127f3d89dcc2,user_016,developer,2026-07-10 09:26:02,2026-07-10 12:13:02,12,3,0,12,1,1,5,0,0,0.0,0.0,0,0,167.0,9.433333333333334,4,0,0,0.0,0.0,normal
session_7cd2d3fffb33,user_020,finance,2026-07-10 09:26:22,2026-07-10 14:36:22,20,4,0,20,1,1,3,1,4,55.927,16.18,0,0,310.0,9.433333333333334,4,0,0,0.0,2.79635,normal
session_14de75b2045c,user_057,developer,2026-07-10 09:27:04,2026-07-10 12:26:04,10,1,0,10,1,1,4,0,0,0.0,0.0,0,0,179.0,9.45,4,0,0,0.0,0.0,normal
session_b383eb8977e6,user_017,admin,2026-07-10 09:27:56,2026-07-10 12:37:56,10,2,0,10,1,1,4,0,0,0.0,0.0,5,0,190.0,9.45,4,0,0,0.0,0.0,normal
session_9635624c5c96,user_077,admin,2026-07-10 09:30:59,2026-07-10 11:32:59,9,2,0,9,1,1,5,0,0,0.0,0.0,2,0,122.0,9.5,4,0,0,0.0,0.0,normal
session_6de13eaf7941,user_004,developer,2026-07-10 09:33:37,2026-07-10 14:39:37,22,5,0,22,1,1,5,0,0,0.0,0.0,0,0,306.0,9.55,4,0,0,0.0,0.0,normal
session_1fb5855ef175,user_075,developer,2026-07-10 09:34:19,2026-07-10 12:33:19,13,2,0,13,1,1,5,0,0,0.0,0.0,0,0,179.0,9.566666666666666,4,0,0,0.0,0.0,normal
session_831068430569,user_014,hr,2026-07-10 09:35:39,2026-07-10 11:40:39,9,2,0,9,1,1,3,1,0,10.264,10.264,0,0,125.0,9.583333333333334,4,0,0,0.0,1.1404444444444444,normal
session_ea36c555d5c8,user_030,hr,2026-07-10 09:40:29,2026-07-10 14:18:29,22,4,0,22,1,1,3,5,0,68.017,22.161,0,0,278.0,9.666666666666666,4,0,0,0.0,3.091681818181818,normal
session_3f07aaae8974,user_015,finance,2026-07-10 09:41:46,2026-07-10 14:36:46,20,5,0,20,1,1,3,3,3,25.372,8.466,0,0,295.0,9.683333333333334,4,0,0,0.0,1.2686,normal
session_5dc2f0f2df80,user_054,developer,2026-07-10 09:44:19,2026-07-10 12:24:19,11,4,0,11,1,1,4,0,0,0.0,0.0,0,0,160.0,9.733333333333333,4,0,0,0.0,0.0,normal
session_23db5bbf4efe,user_033,developer,2026-07-10 09:46:48,2026-07-10 15:48:48,24,8,0,24,1,1,5,0,0,0.0,0.0,0,0,362.0,9.766666666666667,4,0,0,0.0,0.0,normal
session_0c4f7a1ce55f,user_026,analyst,2026-07-10 09:48:37,2026-07-10 12:30:37,11,1,0,11,1,1,4,4,0,31.961000000000002,8.992,0,0,162.0,9.8,4,0,0,0.0,2.9055454545454547,normal
session_fd8a9ef86a98,user_003,developer,2026-07-10 09:51:04,2026-07-10 16:20:04,24,8,0,24,1,1,5,0,0,0.0,0.0,0,0,389.0,9.85,4,0,0,0.0,0.0,normal
session_77783cc044f4,user_070,admin,2026-07-10 09:54:29,2026-07-10 13:55:29,19,4,0,19,1,1,5,0,0,0.0,0.0,4,0,241.0,9.9,4,0,0,0.0,0.0,normal
session_d456a4a93209,user_053,hr,2026-07-10 09:54:44,2026-07-10 13:55:44,17,5,0,17,1,1,3,5,0,21.733999999999998,6.104,0,0,241.0,9.9,4,0,0,0.0,1.278470588235294,normal
session_aedeb383990b,user_055,analyst,2026-07-10 09:55:56,2026-07-10 15:42:56,19,5,0,19,1,1,4,6,0,87.005,24.359,0,0,347.0,9.916666666666666,4,0,0,0.0,4.579210526315789,normal
session_929c5c5b6501,user_019,developer,2026-07-10 10:01:57,2026-07-10 10:13:57,5,2,0,5,1,5,4,2,0,48.459,19.21,0,1,12.0,10.016666666666667,4,0,0,0.0,9.6918,device_spoofing
session_f46be126acfd,user_049,analyst,2026-07-10 10:02:03,2026-07-10 13:41:03,13,3,0,13,1,1,4,2,0,6.123,3.354,0,0,219.0,10.033333333333333,4,0,0,0.0,0.47100000000000003,normal
session_481ec0f931e5,user_047,developer,2026-07-10 10:04:30,2026-07-10 13:37:30,17,6,0,17,1,1,5,0,0,0.0,0.0,0,0,213.0,10.066666666666666,4,0,0,0.0,0.0,normal
session_f05bf258deb3,user_048,developer,2026-07-10 10:04:59,2026-07-10 14:48:59,17,4,0,17,1,1,5,0,0,0.0,0.0,0,0,284.0,10.066666666666666,4,0,0,0.0,0.0,normal
session_f6846b1cce50,user_013,hr,2026-07-10 10:05:50,2026-07-10 13:51:50,12,5,0,12,1,1,3,3,0,16.882,6.772,0,0,226.0,10.083333333333334,4,0,0,0.0,1.4068333333333334,normal
session_eb9ee0a6d4b9,user_002,finance,2026-07-10 10:07:50,2026-07-10 12:41:50,12,3,0,12,1,1,3,3,4,55.484,10.339,0,0,154.0,10.116666666666667,4,0,0,0.0,4.623666666666667,normal
session_49eb371eaa69,user_058,hr,2026-07-10 10:10:40,2026-07-10 12:19:40,9,2,0,9,1,1,2,3,0,29.427,13.008,0,0,129.0,10.166666666666666,4,0,0,0.0,3.2696666666666667,normal
session_9fbdafc011f5,user_059,analyst,2026-07-10 10:16:45,2026-07-10 15:44:45,21,5,0,21,1,1,4,6,0,57.659000000000006,13.343,0,0,328.0,10.266666666666667,4,0,0,0.0,2.745666666666667,normal
session_af9bdc02bec2,user_037,developer,2026-07-10 10:17:51,2026-07-10 15:26:51,20,3,0,20,1,1,5,0,0,0.0,0.0,0,0,309.0,10.283333333333333,4,0,0,0.0,0.0,normal
session_a56864302c52,user_080,hr,2026-07-10 10:18:10,2026-07-10 12:17:10,10,2,0,10,1,1,3,3,0,62.045,27.153,0,0,119.0,10.3,4,0,0,0.0,6.2045,normal
session_cbe3ad5cbf12,user_068,developer,2026-07-10 10:22:23,2026-07-10 13:23:23,14,3,0,14,1,1,5,0,0,0.0,0.0,0,0,181.0,10.366666666666667,4,0,0,0.0,0.0,normal
session_18d9f905432b,user_062,hr,2026-07-10 10:23:07,2026-07-10 14:50:07,15,6,0,15,1,1,3,4,0,54.263999999999996,21.212,0,0,267.0,10.383333333333333,4,0,0,0.0,3.6176,normal
session_cefe1db305da,user_061,analyst,2026-07-10 10:28:09,2026-07-10 15:49:09,22,6,0,22,1,1,4,2,0,8.735,4.622,0,0,321.0,10.466666666666667,4,0,0,0.0,0.39704545454545453,normal
session_5ae1f9e24e2d,user_036,developer,2026-07-10 10:29:24,2026-07-10 13:28:24,11,1,0,11,1,1,4,0,0,0.0,0.0,0,0,179.0,10.483333333333333,4,0,0,0.0,0.0,normal
session_bb2144e4b6a3,user_006,analyst,2026-07-10 10:32:20,2026-07-10 11:32:20,7,4,0,7,1,1,4,0,0,88.074,21.84,0,0,60.0,10.533333333333333,4,0,0,0.0,12.581999999999999,normal
session_fe183cf6beaf,user_019,developer,2026-07-10 10:34:22,2026-07-10 16:15:22,19,5,0,19,1,1,5,0,0,0.0,0.0,0,0,341.0,10.566666666666666,4,0,0,0.0,0.0,normal
session_60abca861342,user_071,analyst,2026-07-10 10:39:32,2026-07-10 13:38:32,11,2,0,11,1,1,4,3,0,60.801,26.431,0,0,179.0,10.65,4,0,0,0.0,5.527363636363637,normal
session_5cce9c6bcc95,user_010,finance,2026-07-10 10:53:00,2026-07-10 13:54:00,13,4,0,13,1,1,3,3,2,34.403999999999996,11.88,0,0,181.0,10.883333333333333,4,0,0,0.0,2.646461538461538,normal
session_34d220d8ca29,user_060,developer,2026-07-10 11:00:22,2026-07-10 14:42:22,12,1,0,12,1,1,5,0,0,0.0,0.0,0,0,222.0,11.0,4,0,0,0.0,0.0,normal
session_72e42b87f3e4,user_046,hr,2026-07-10 11:01:21,2026-07-10 15:13:21,14,3,0,14,1,1,3,5,0,30.057,10.18,0,0,252.0,11.016666666666667,4,0,0,0.0,2.1469285714285715,normal
session_0b346ea53705,user_052,finance,2026-07-10 11:57:53,2026-07-10 11:57:53,1,0,0,1,1,1,1,1,0,19.401,19.401,0,1,0.0,11.95,4,0,0,0.0,19.401,low_slow_exfiltration
session_eee3a117ef70,user_040,finance,2026-07-10 14:00:44,2026-07-10 14:00:44,1,0,0,1,1,1,1,1,0,31.884,31.884,0,1,0.0,14.0,4,0,0,0.0,31.884,insider_drift
session_4a38334ad5a5,user_001,finance,2026-07-10 22:59:02,2026-07-10 23:39:02,6,2,0,6,1,1,2,1,1,53.177,19.488,0,0,40.0,22.983333333333334,4,0,1,0.0,8.862833333333333,normal
session_c7be4b3c0628,user_024,hr,2026-07-10 23:24:52,2026-07-11 00:28:52,9,1,0,9,1,1,3,2,0,70.997,19.589,0,0,64.0,23.4,4,0,1,0.0,7.8885555555555555,normal
session_044643b6c78f,user_039,developer,2026-07-11 04:51:27,2026-07-11 05:01:27,6,1,0,6,1,1,6,0,0,0.0,0.0,1,1,10.0,4.85,5,1,1,0.0,0.0,lateral_movement
session_aff3d3b54aa5,user_022,developer,2026-07-11 07:05:42,2026-07-11 11:35:42,18,5,0,18,1,1,5,0,0,0.0,0.0,0,0,270.0,7.083333333333333,5,1,0,0.0,0.0,normal
session_92aa36402498,user_077,admin,2026-07-11 07:36:10,2026-07-11 09:54:10,10,6,0,10,1,1,3,0,0,0.0,0.0,1,0,138.0,7.6,5,1,0,0.0,0.0,normal
session_0871b48ea2dd,user_029,admin,2026-07-11 07:42:28,2026-07-11 13:22:28,23,5,0,23,1,1,5,0,0,0.0,0.0,6,0,340.0,7.7,5,1,0,0.0,0.0,normal
session_f609d47c17f5,user_011,analyst,2026-07-11 08:03:25,2026-07-11 09:38:25,10,4,0,10,1,1,3,3,0,22.257,9.909,0,0,95.0,8.05,5,1,0,0.0,2.2257000000000002,normal
session_c7088da8e570,user_045,admin,2026-07-11 08:28:33,2026-07-11 10:09:33,10,1,0,10,1,1,4,0,0,0.0,0.0,1,0,101.0,8.466666666666667,5,1,0,0.0,0.0,normal
session_95974c96c069,user_021,finance,2026-07-11 08:38:27,2026-07-11 15:46:27,25,6,0,25,1,1,3,4,6,45.168,8.365,0,0,428.0,8.633333333333333,5,1,0,0.0,1.8067199999999999,normal
session_afab7b95c0bc,user_043,hr,2026-07-11 08:40:41,2026-07-11 14:40:41,23,9,0,23,1,1,3,5,0,38.458,10.329,0,0,360.0,8.666666666666666,5,1,0,0.0,1.672086956521739,normal
session_5837e83c72c7,user_020,finance,2026-07-11 08:46:39,2026-07-11 11:23:39,13,3,0,13,1,1,3,1,3,85.017,30.661,0,0,157.0,8.766666666666667,5,1,0,0.0,6.53976923076923,normal
session_3a72479fe0e1,user_016,developer,2026-07-11 08:47:09,2026-07-11 14:00:09,20,8,0,20,1,1,5,0,0,0.0,0.0,0,0,313.0,8.783333333333333,5,1,0,0.0,0.0,normal
session_47faea9ab947,user_067,analyst,2026-07-11 08:49:55,2026-07-11 14:27:55,20,8,0,20,1,1,4,5,0,60.109,20.022,0,0,338.0,8.816666666666666,5,1,0,0.0,3.00545,normal
session_126ba4837182,user_037,developer,2026-07-11 09:26:25,2026-07-11 14:11:25,17,5,0,17,1,1,5,0,0,0.0,0.0,0,0,285.0,9.433333333333334,5,1,0,0.0,0.0,normal
session_03c08f342034,user_005,hr,2026-07-11 09:29:56,2026-07-11 12:38:56,10,2,0,10,1,1,3,2,0,7.604,5.091,0,0,189.0,9.483333333333333,5,1,0,0.0,0.7604,normal
session_5bd62c13869c,user_038,developer,2026-07-11 09:46:44,2026-07-11 15:52:44,23,3,0,23,1,1,5,0,0,0.0,0.0,0,0,366.0,9.766666666666667,5,1,0,0.0,0.0,normal
session_0f58319f9c6f,user_052,finance,2026-07-11 10:00:36,2026-07-11 13:58:36,14,4,0,14,1,1,3,1,4,40.712,14.155,0,0,238.0,10.0,5,1,0,0.0,2.9080000000000004,normal
session_7135f9c705e9,user_062,hr,2026-07-11 10:06:09,2026-07-11 11:06:09,7,1,0,7,1,1,3,3,0,59.568,18.3,0,0,60.0,10.1,5,1,0,0.0,8.509714285714285,normal
session_b602d835aee6,user_003,developer,2026-07-11 10:09:25,2026-07-11 13:22:25,11,2,0,11,1,1,5,0,0,0.0,0.0,0,0,193.0,10.15,5,1,0,0.0,0.0,normal
session_09c60c5efb4d,user_023,developer,2026-07-11 10:16:51,2026-07-11 15:08:51,18,6,0,18,1,1,5,0,0,0.0,0.0,0,0,292.0,10.266666666666667,5,1,0,0.0,0.0,normal
session_83fe5d83bdc2,user_002,finance,2026-07-11 10:17:22,2026-07-11 13:31:22,15,3,0,15,1,1,3,2,3,52.231,18.481,0,0,194.0,10.283333333333333,5,1,0,0.0,3.482066666666667,normal
session_335e5a8b36ce,user_047,developer,2026-07-11 10:17:54,2026-07-11 15:53:54,20,4,0,20,1,1,5,0,0,0.0,0.0,0,0,336.0,10.283333333333333,5,1,0,0.0,0.0,normal
session_24969dde47fb,user_063,finance,2026-07-11 11:06:06,2026-07-11 15:41:06,14,4,0,14,1,1,3,3,3,27.608,6.284,0,0,275.0,11.1,5,1,0,0.0,1.972,normal
session_f83e2a5b6b6f,user_059,analyst,2026-07-12 00:29:11,2026-07-12 00:29:11,1,1,1,1,1,1,1,0,0,0.0,0.0,0,1,0.0,0.48333333333333334,6,1,1,1.0,0.0,credential_stuffing
session_8328f11d8a03,user_077,admin,2026-07-12 00:29:31,2026-07-12 00:29:31,1,1,1,1,1,1,1,0,0,0.0,0.0,0,1,0.0,0.48333333333333334,6,1,1,1.0,0.0,credential_stuffing
session_b5117755cc1f,user_030,hr,2026-07-12 00:29:51,2026-07-12 00:29:51,1,1,1,1,1,1,1,0,0,0.0,0.0,0,1,0.0,0.48333333333333334,6,1,1,1.0,0.0,credential_stuffing
session_d6ce0d782c33,user_049,analyst,2026-07-12 00:30:11,2026-07-12 00:30:11,1,1,1,1,1,1,1,0,0,0.0,0.0,0,1,0.0,0.5,6,1,1,1.0,0.0,credential_stuffing
session_e1e807ecc79b,user_045,admin,2026-07-12 00:30:31,2026-07-12 00:30:31,1,1,1,1,1,1,1,0,0,0.0,0.0,0,1,0.0,0.5,6,1,1,1.0,0.0,credential_stuffing
session_13d4457ad9b3,user_041,finance,2026-07-12 01:30:50,2026-07-12 01:34:48,18,18,18,18,4,1,1,0,0,0.0,0.0,0,1,3.966666666666667,1.5,6,1,1,1.0,0.0,brute_force
session_f4cd8449b7df,user_034,finance,2026-07-12 04:38:10,2026-07-12 04:48:10,6,1,0,6,1,1,6,0,0,0.0,0.0,1,1,10.0,4.633333333333333,6,1,1,0.0,0.0,lateral_movement
session_e114491712ad,user_042,developer,2026-07-12 07:37:40,2026-07-12 14:11:40,22,3,0,22,1,1,5,0,0,0.0,0.0,0,0,394.0,7.616666666666667,6,1,0,0.0,0.0,normal
session_a04c53aa441a,user_067,analyst,2026-07-12 07:58:26,2026-07-12 10:54:26,10,3,0,10,1,1,4,5,0,79.548,22.477,0,0,176.0,7.966666666666667,6,1,0,0.0,7.9548000000000005,normal
session_3c42af4b35d5,user_037,developer,2026-07-12 08:15:58,2026-07-12 12:48:58,17,8,0,17,1,1,5,0,0,0.0,0.0,0,0,273.0,8.25,6,1,0,0.0,0.0,normal
session_0824414680af,user_024,hr,2026-07-12 08:15:59,2026-07-12 11:31:59,13,3,0,13,1,1,3,4,0,114.203,33.024,0,0,196.0,8.25,6,1,0,0.0,8.784846153846154,normal
session_32470aba028e,user_021,finance,2026-07-12 08:20:32,2026-07-12 11:24:32,13,1,0,13,1,1,3,2,3,21.867,6.155,0,0,184.0,8.333333333333334,6,1,0,0.0,1.6820769230769232,normal
session_d98488ef0851,user_022,developer,2026-07-12 08:23:10,2026-07-12 12:36:10,18,2,0,18,1,1,5,0,0,0.0,0.0,0,0,253.0,8.383333333333333,6,1,0,0.0,0.0,normal
session_f4a1117923fe,user_050,developer,2026-07-12 08:28:20,2026-07-12 11:24:20,13,1,0,13,1,1,5,0,0,0.0,0.0,0,0,176.0,8.466666666666667,6,1,0,0.0,0.0,normal
session_fca2e5c52e3c,user_015,finance,2026-07-12 08:28:24,2026-07-12 14:21:24,22,5,0,22,1,1,3,3,5,34.75,7.631,0,0,353.0,8.466666666666667,6,1,0,0.0,1.5795454545454546,normal
session_8be6426f1843,user_034,finance,2026-07-12 08:31:47,2026-07-12 10:01:47,7,0,0,7,1,1,1,5,0,129.273,29.667,0,0,90.0,8.516666666666667,6,1,0,0.0,18.46757142857143,normal
session_6f3fbb5e82ac,user_029,admin,2026-07-12 08:34:28,2026-07-12 14:13:28,21,3,0,21,1,1,5,0,0,0.0,0.0,5,0,339.0,8.566666666666666,6,1,0,0.0,0.0,normal
session_b87c8a961288,user_020,finance,2026-07-12 08:35:21,2026-07-12 14:54:21,23,9,0,23,1,1,3,3,6,170.583,33.516,0,0,379.0,8.583333333333334,6,1,0,0.0,7.416652173913043,normal
session_81541d434657,user_013,hr,2026-07-12 08:39:26,2026-07-12 14:17:26,22,4,0,22,1,1,3,3,0,14.349,8.346,0,0,338.0,8.65,6,1,0,0.0,0.6522272727272728,normal
session_3da1d919389a,user_052,finance,2026-07-12 08:41:37,2026-07-12 12:02:37,15,2,0,15,1,1,3,2,6,46.748,9.467,0,0,201.0,8.683333333333334,6,1,0,0.0,3.1165333333333334,normal
session_70207135a1c4,user_009,developer,2026-07-12 08:44:41,2026-07-12 13:08:41,16,6,0,16,1,1,5,0,0,0.0,0.0,0,0,264.0,8.733333333333333,6,1,0,0.0,0.0,normal
session_71f00f5cf7c1,user_034,finance,2026-07-12 08:48:44,2026-07-12 11:05:44,11,1,0,11,1,1,3,2,4,44.197,9.334,0,0,137.0,8.8,6,1,0,0.0,4.017909090909091,normal
session_8e6b738603cd,user_030,hr,2026-07-12 08:52:28,2026-07-12 12:02:28,11,4,0,11,1,1,3,1,0,9.457,9.457,0,0,190.0,8.866666666666667,6,1,0,0.0,0.8597272727272728,normal
session_cd09ba3f58d7,user_036,developer,2026-07-12 08:55:32,2026-07-12 11:06:32,9,5,0,9,1,1,3,0,0,0.0,0.0,0,0,131.0,8.916666666666666,6,1,0,0.0,0.0,normal
session_be8ae0cd82fb,user_033,developer,2026-07-12 09:04:53,2026-07-12 14:08:53,18,3,0,18,1,1,5,0,0,0.0,0.0,0,0,304.0,9.066666666666666,6,1,0,0.0,0.0,normal
session_b7e3cb1c98ea,user_044,developer,2026-07-12 09:06:01,2026-07-12 12:43:01,16,2,0,16,1,1,5,0,0,0.0,0.0,0,0,217.0,9.1,6,1,0,0.0,0.0,normal
session_1efb2c8b7e6b,user_018,developer,2026-07-12 09:06:53,2026-07-12 13:13:53,15,2,0,15,1,1,4,0,0,0.0,0.0,0,0,247.0,9.1,6,1,0,0.0,0.0,normal
session_aeae456bf188,user_077,admin,2026-07-12 09:20:09,2026-07-12 13:41:09,25,6,0,25,1,1,5,0,0,0.0,0.0,1,0,261.0,9.333333333333334,6,1,0,0.0,0.0,normal
session_2e1704ce0866,user_061,analyst,2026-07-12 09:25:43,2026-07-12 14:43:43,23,8,0,23,1,1,4,6,0,41.676,8.52,0,0,318.0,9.416666666666666,6,1,0,0.0,1.812,normal
session_bc0f05e223bc,user_028,developer,2026-07-12 09:29:23,2026-07-12 09:39:23,2,2,0,2,2,2,1,0,0,0.0,0.0,0,1,10.0,9.483333333333333,6,1,0,0.0,0.0,impossible_travel
session_ec0fb30eb704,user_054,developer,2026-07-12 09:33:34,2026-07-12 14:13:34,16,6,0,16,1,1,5,0,0,0.0,0.0,0,0,280.0,9.55,6,1,0,0.0,0.0,normal
session_09b27f3695d9,user_078,developer,2026-07-12 09:35:54,2026-07-12 15:16:54,25,2,0,25,1,1,5,0,0,0.0,0.0,0,0,341.0,9.583333333333334,6,1,0,0.0,0.0,normal
session_bf32219d68bc,user_060,developer,2026-07-12 09:36:23,2026-07-12 15:57:23,22,4,0,22,1,1,5,0,0,0.0,0.0,0,0,381.0,9.6,6,1,0,0.0,0.0,normal
session_7dcc9b04bf62,user_066,developer,2026-07-12 09:41:42,2026-07-12 15:09:42,22,5,0,22,1,1,5,0,0,0.0,0.0,0,0,328.0,9.683333333333334,6,1,0,0.0,0.0,normal
session_0bfdc3e3288a,user_070,admin,2026-07-12 09:58:28,2026-07-12 13:30:28,13,2,0,13,1,1,5,0,0,0.0,0.0,2,0,212.0,9.966666666666667,6,1,0,0.0,0.0,normal
session_f8383e18406f,user_046,hr,2026-07-12 09:58:45,2026-07-12 15:19:45,21,8,0,21,1,1,3,1,0,6.764,6.764,0,0,321.0,9.966666666666667,6,1,0,0.0,0.3220952380952381,normal
session_a1c1bfe5b039,user_047,developer,2026-07-12 10:09:01,2026-07-12 12:41:01,9,2,0,9,1,1,4,0,0,0.0,0.0,0,0,152.0,10.15,6,1,0,0.0,0.0,normal
session_edfa582162c5,user_002,finance,2026-07-12 10:42:09,2026-07-12 15:49:09,22,2,0,22,1,1,3,5,2,45.435,9.138,0,0,307.0,10.7,6,1,0,0.0,2.065227272727273,normal
session_c320c9bdc8b1,user_078,developer,2026-07-12 10:50:57,2026-07-12 11:40:57,6,1,0,6,1,1,4,0,0,51.498000000000005,24.981,0,0,50.0,10.833333333333334,6,1,0,0.0,8.583,normal
session_646edfc8c127,user_009,developer,2026-07-13 03:02:47,2026-07-13 03:12:47,6,1,0,6,1,1,6,0,0,0.0,0.0,1,1,10.0,3.033333333333333,0,0,1,0.0,0.0,lateral_movement
session_db9e5fc475ad,user_050,developer,2026-07-13 07:15:14,2026-07-13 12:20:14,19,7,0,19,1,1,4,0,0,0.0,0.0,0,0,305.0,7.25,0,0,0,0.0,0.0,normal
session_e8f123df40d9,user_043,hr,2026-07-13 07:45:18,2026-07-13 13:29:18,22,5,0,22,1,1,3,9,0,82.42699999999999,18.863,0,0,344.0,7.75,0,0,0,0.0,3.746681818181818,normal
session_ce1fb8e26869,user_045,admin,2026-07-13 07:48:40,2026-07-13 12:42:40,20,6,0,20,1,1,5,0,0,0.0,0.0,4,0,294.0,7.8,0,0,0,0.0,0.0,normal
session_4d2097b3ca50,user_024,hr,2026-07-13 07:56:56,2026-07-13 11:35:56,17,5,0,17,1,1,3,4,0,85.391,29.898,0,0,219.0,7.933333333333334,0,0,0,0.0,5.023000000000001,normal
session_02a71b5612a0,user_022,developer,2026-07-13 07:58:55,2026-07-13 13:37:55,21,8,0,21,1,1,5,0,0,0.0,0.0,0,0,339.0,7.966666666666667,0,0,0,0.0,0.0,normal
session_58247597a12a,user_031,developer,2026-07-13 08:00:30,2026-07-13 13:33:30,21,7,0,21,1,1,5,0,0,0.0,0.0,0,0,333.0,8.0,0,0,0,0.0,0.0,normal
session_be192ecd2c50,user_065,hr,2026-07-13 08:03:28,2026-07-13 13:45:28,21,8,0,21,1,1,3,4,0,32.116,10.098,0,0,342.0,8.05,0,0,0,0.0,1.5293333333333332,normal
session_ec7d2a420077,user_006,analyst,2026-07-13 08:04:38,2026-07-13 12:23:38,20,7,0,20,1,1,4,5,0,71.109,22.245,0,0,259.0,8.066666666666666,0,0,0,0.0,3.5554499999999996,normal
session_ff683e445bdd,user_058,hr,2026-07-13 08:04:48,2026-07-13 12:17:48,14,4,0,14,1,1,3,3,0,24.093999999999998,10.894,0,0,253.0,8.066666666666666,0,0,0,0.0,1.7209999999999999,normal
session_2694165aeda4,user_064,finance,2026-07-13 08:09:39,2026-07-13 10:02:39,9,2,0,9,1,1,3,1,2,40.981,17.935,0,0,113.0,8.15,0,0,0,0.0,4.553444444444445,normal
session_648eaee851a3,user_058,hr,2026-07-13 08:10:59,2026-07-13 09:40:59,7,0,0,7,1,1,1,2,0,116.266,28.557,0,0,90.0,8.166666666666666,0,0,0,0.0,16.609428571428573,normal
session_44713e4378b6,user_062,hr,2026-07-13 08:12:22,2026-07-13 10:32:22,11,3,0,11,1,1,3,2,0,34.193,23.668,0,0,140.0,8.2,0,0,0,0.0,3.108454545454545,normal
session_1598e4a49d13,user_011,analyst,2026-07-13 08:23:27,2026-07-13 12:42:27,18,9,0,18,1,1,3,4,0,35.776,12.802,0,0,259.0,8.383333333333333,0,0,0,0.0,1.9875555555555557,normal
session_79ce0391184d,user_038,developer,2026-07-13 08:25:55,2026-07-13 13:22:55,18,2,0,18,1,1,5,0,0,0.0,0.0,0,0,297.0,8.416666666666666,0,0,0,0.0,0.0,normal
session_6dd6061dd4fb,user_015,finance,2026-07-13 08:27:06,2026-07-13 08:54:06,10,4,0,10,1,10,3,3,0,59.922,12.696,0,1,27.0,8.45,0,0,0,0.0,5.9921999999999995,device_spoofing
session_51488559731c,user_033,developer,2026-07-13 08:28:01,2026-07-13 12:57:01,20,4,0,20,1,1,5,0,0,0.0,0.0,0,0,269.0,8.466666666666667,0,0,0,0.0,0.0,normal
session_a1f4a511700e,user_018,developer,2026-07-13 08:28:11,2026-07-13 11:34:11,13,2,0,13,1,1,5,0,0,0.0,0.0,0,0,186.0,8.466666666666667,0,0,0,0.0,0.0,normal
session_88b8f9f80743,user_052,finance,2026-07-13 08:30:43,2026-07-13 14:00:43,21,5,0,21,1,1,3,6,4,52.369,7.329,0,0,330.0,8.5,0,0,0,0.0,2.4937619047619046,normal
session_308be8863d79,user_040,finance,2026-07-13 08:30:48,2026-07-13 14:44:48,21,9,0,21,1,1,3,2,3,60.396,20.54,0,0,374.0,8.5,0,0,0,0.0,2.876,normal
session_f84d464dbbae,user_049,analyst,2026-07-13 08:32:43,2026-07-13 13:46:43,20,4,0,20,1,1,4,2,0,10.67,5.61,0,0,314.0,8.533333333333333,0,0,0,0.0,0.5335,normal
session_e5967818e1f9,user_012,analyst,2026-07-13 08:35:07,2026-07-13 12:58:07,18,5,0,18,1,1,4,5,0,23.837,9.906,0,0,263.0,8.583333333333334,0,0,0,0.0,1.3242777777777777,normal
session_b8ff794bcd7e,user_035,admin,2026-07-13 08:38:59,2026-07-13 10:31:59,10,2,0,10,1,1,4,0,0,0.0,0.0,2,0,113.0,8.633333333333333,0,0,0,0.0,0.0,normal
session_15c6e6d89f30,user_057,developer,2026-07-13 08:39:58,2026-07-13 13:11:58,17,2,0,17,1,1,5,0,0,0.0,0.0,0,0,272.0,8.65,0,0,0,0.0,0.0,normal
session_21bb0c1dc945,user_067,analyst,2026-07-13 08:44:19,2026-07-13 12:48:19,20,4,0,20,1,1,4,5,0,68.685,15.899,0,0,244.0,8.733333333333333,0,0,0,0.0,3.43425,normal
session_7fdb5e33f443,user_016,developer,2026-07-13 08:48:03,2026-07-13 13:49:03,19,5,0,19,1,1,5,0,0,0.0,0.0,0,0,301.0,8.8,0,0,0,0.0,0.0,normal
session_35a74810208f,user_066,developer,2026-07-13 08:48:27,2026-07-13 12:04:27,11,2,0,11,1,1,4,0,0,0.0,0.0,0,0,196.0,8.8,0,0,0,0.0,0.0,normal
session_a08a1de70f51,user_003,developer,2026-07-13 08:50:24,2026-07-13 13:57:24,19,4,0,19,1,1,5,0,0,0.0,0.0,0,0,307.0,8.833333333333334,0,0,0,0.0,0.0,normal
session_8ae652bf8593,user_007,developer,2026-07-13 08:52:29,2026-07-13 13:42:29,17,7,0,17,1,1,4,0,0,0.0,0.0,0,0,290.0,8.866666666666667,0,0,0,0.0,0.0,normal
session_59d98bb124db,user_028,developer,2026-07-13 08:53:43,2026-07-13 14:48:43,23,8,0,23,1,1,5,0,0,0.0,0.0,0,0,355.0,8.883333333333333,0,0,0,0.0,0.0,normal
session_244099f80249,user_037,developer,2026-07-13 08:55:01,2026-07-13 13:58:01,18,2,0,18,1,1,5,0,0,0.0,0.0,0,0,303.0,8.916666666666666,0,0,0,0.0,0.0,normal
session_f0c069ca3302,user_020,finance,2026-07-13 08:58:47,2026-07-13 13:04:47,14,2,0,14,1,1,3,1,5,91.21199999999999,22.97,0,0,246.0,8.966666666666667,0,0,0,0.0,6.515142857142856,normal
session_aa18c9813402,user_029,admin,2026-07-13 09:00:52,2026-07-13 11:38:52,9,3,0,9,1,1,2,0,0,0.0,0.0,1,0,158.0,9.0,0,0,0,0.0,0.0,normal
session_e772a21bb0b9,user_034,finance,2026-07-13 09:00:52,2026-07-13 16:14:52,25,5,0,25,1,1,3,5,5,81.877,15.556,0,0,434.0,9.0,0,0,0,0.0,3.27508,normal
session_ef41818426a1,user_074,finance,2026-07-13 09:01:50,2026-07-13 11:35:50,11,3,0,11,1,1,3,2,2,11.967,4.703,0,0,154.0,9.016666666666667,0,0,0,0.0,1.087909090909091,normal
session_90dff135fbc7,user_051,analyst,2026-07-13 09:06:42,2026-07-13 11:34:42,9,4,0,9,1,1,4,0,0,0.0,0.0,0,0,148.0,9.1,0,0,0,0.0,0.0,normal
session_5f1e9e5f4501,user_039,developer,2026-07-13 09:07:24,2026-07-13 14:40:24,25,5,0,25,1,1,5,0,0,0.0,0.0,0,0,333.0,9.116666666666667,0,0,0,0.0,0.0,normal
session_46b83aaed096,user_027,developer,2026-07-13 09:11:01,2026-07-13 11:51:01,10,2,0,10,1,1,4,0,0,0.0,0.0,0,0,160.0,9.183333333333334,0,0,0,0.0,0.0,normal
session_dad6c7f55a50,user_030,hr,2026-07-13 09:13:18,2026-07-13 12:33:18,15,4,0,15,1,1,3,7,0,63.068,14.653,0,0,200.0,9.216666666666667,0,0,0,0.0,4.204533333333333,normal
session_91782bbee4ed,user_014,hr,2026-07-13 09:13:26,2026-07-13 12:52:26,17,9,0,17,1,1,3,1,0,11.265,11.265,0,0,219.0,9.216666666666667,0,0,0,0.0,0.6626470588235295,normal
session_1fecdfdee997,user_009,developer,2026-07-13 09:17:36,2026-07-13 14:01:36,16,4,0,16,1,1,5,0,0,0.0,0.0,0,0,284.0,9.283333333333333,0,0,0,0.0,0.0,normal
session_78787285edfa,user_070,admin,2026-07-13 09:18:35,2026-07-13 11:31:35,9,3,0,9,1,1,5,0,0,0.0,0.0,1,0,133.0,9.3,0,0,0,0.0,0.0,normal
session_1369ff3453fe,user_004,developer,2026-07-13 09:18:46,2026-07-13 12:50:46,12,2,0,12,1,1,4,0,0,0.0,0.0,0,0,212.0,9.3,0,0,0,0.0,0.0,normal
session_54e376f755c8,user_047,developer,2026-07-13 09:19:13,2026-07-13 13:04:13,14,2,0,14,1,1,5,0,0,0.0,0.0,0,0,225.0,9.316666666666666,0,0,0,0.0,0.0,normal
session_5711c817d5b2,user_021,finance,2026-07-13 09:21:16,2026-07-13 13:38:16,16,6,0,16,1,1,3,1,5,31.576,7.516,0,0,257.0,9.35,0,0,0,0.0,1.9735,normal
session_091537d1741c,user_008,developer,2026-07-13 09:21:41,2026-07-13 12:46:41,12,2,0,12,1,1,5,0,0,0.0,0.0,0,0,205.0,9.35,0,0,0,0.0,0.0,normal
session_1a18928f2b33,user_044,developer,2026-07-13 09:22:45,2026-07-13 12:41:45,17,9,0,17,1,1,5,0,0,0.0,0.0,0,0,199.0,9.366666666666667,0,0,0,0.0,0.0,normal
session_a76c8c662e33,user_071,analyst,2026-07-13 09:22:51,2026-07-13 12:12:51,10,4,0,10,1,1,4,1,0,9.506,9.506,0,0,170.0,9.366666666666667,0,0,0,0.0,0.9506,normal
session_8c5991521b96,user_041,finance,2026-07-13 09:25:41,2026-07-13 15:00:41,19,7,0,19,1,1,3,2,5,203.465,55.599,0,0,335.0,9.416666666666666,0,0,0,0.0,10.708684210526316,normal
session_a0b4dfa525f8,user_073,hr,2026-07-13 09:25:58,2026-07-13 14:19:58,20,5,0,20,1,1,3,5,0,36.49,10.402,0,0,294.0,9.416666666666666,0,0,0,0.0,1.8245,normal
session_2a28895d733b,user_072,hr,2026-07-13 09:26:09,2026-07-13 12:53:09,11,4,0,11,1,1,3,1,0,20.932,20.932,0,0,207.0,9.433333333333334,0,0,0,0.0,1.9029090909090909,normal
session_ee95763e96bd,user_061,analyst,2026-07-13 09:27:53,2026-07-13 15:36:53,23,4,0,23,1,1,4,5,0,19.108,5.325,0,0,369.0,9.45,0,0,0,0.0,0.8307826086956522,normal
session_cea2180ce657,user_013,hr,2026-07-13 09:28:01,2026-07-13 11:52:01,9,2,0,9,1,1,3,1,0,5.646,5.646,0,0,144.0,9.466666666666667,0,0,0,0.0,0.6273333333333333,normal
session_7199157eead6,user_031,developer,2026-07-13 09:37:12,2026-07-13 09:46:12,4,3,0,4,1,4,3,1,0,31.060000000000002,18.326,0,1,9.0,9.616666666666667,0,0,0,0.0,7.765000000000001,device_spoofing
session_fcb544fdf61a,user_076,analyst,2026-07-13 09:38:18,2026-07-13 13:20:18,16,5,0,16,1,1,4,3,0,10.423,4.909,0,0,222.0,9.633333333333333,0,0,0,0.0,0.6514375,normal
session_f9e574107cd0,user_026,analyst,2026-07-13 09:40:44,2026-07-13 15:12:44,21,5,0,21,1,1,4,6,0,45.761,14.728,0,0,332.0,9.666666666666666,0,0,0,0.0,2.1790952380952384,normal
session_ebeff6ab507e,user_010,finance,2026-07-13 09:42:10,2026-07-13 15:35:10,24,5,0,24,1,1,3,3,7,72.85300000000001,24.512,0,0,353.0,9.7,0,0,0,0.0,3.035541666666667,normal
session_95d750d8a75d,user_042,developer,2026-07-13 09:43:22,2026-07-13 16:40:22,25,8,0,25,1,1,5,0,0,0.0,0.0,0,0,417.0,9.716666666666667,0,0,0,0.0,0.0,normal
session_8b68c76d5c0f,user_025,hr,2026-07-13 09:44:25,2026-07-13 16:50:25,24,7,0,24,1,1,3,5,0,14.368,3.751,0,0,426.0,9.733333333333333,0,0,0,0.0,0.5986666666666667,normal
session_08623508c1d2,user_023,developer,2026-07-13 09:46:34,2026-07-13 15:06:34,23,5,0,23,1,1,5,0,0,0.0,0.0,0,0,320.0,9.766666666666667,0,0,0,0.0,0.0,normal
session_726594672581,user_036,developer,2026-07-13 09:48:32,2026-07-13 15:50:32,18,4,0,18,1,1,5,0,0,0.0,0.0,0,0,362.0,9.8,0,0,0,0.0,0.0,normal
session_c81223e44277,user_077,admin,2026-07-13 09:48:33,2026-07-13 13:19:33,19,5,0,19,1,1,5,0,0,0.0,0.0,2,0,211.0,9.8,0,0,0,0.0,0.0,normal
session_32a17ca9407d,user_048,developer,2026-07-13 09:54:56,2026-07-13 14:37:56,18,7,0,18,1,1,5,0,0,0.0,0.0,0,0,283.0,9.9,0,0,0,0.0,0.0,normal
session_d563ff70b1b6,user_019,developer,2026-07-13 10:00:38,2026-07-13 17:30:38,25,8,0,25,1,1,5,0,0,0.0,0.0,0,0,450.0,10.0,0,0,0,0.0,0.0,normal
session_dd011fe2371b,user_059,analyst,2026-07-13 10:02:51,2026-07-13 14:09:51,18,5,0,18,1,1,4,2,0,20.067999999999998,10.77,0,0,247.0,10.033333333333333,0,0,0,0.0,1.1148888888888888,normal
session_1a464dad2898,user_060,developer,2026-07-13 10:03:35,2026-07-13 12:29:35,9,2,0,9,1,1,5,0,0,0.0,0.0,0,0,146.0,10.05,0,0,0,0.0,0.0,normal
session_d7a6dd765858,user_053,hr,2026-07-13 10:09:17,2026-07-13 16:36:17,22,8,0,22,1,1,3,4,0,19.215,9.092,0,0,387.0,10.15,0,0,0,0.0,0.8734090909090909,normal
session_bb1f4d72fc60,user_005,hr,2026-07-13 10:10:40,2026-07-13 13:34:40,16,7,0,16,1,1,3,2,0,5.253,2.932,0,0,204.0,10.166666666666666,0,0,0,0.0,0.3283125,normal
session_4304ac24c675,user_015,finance,2026-07-13 10:11:37,2026-07-13 11:59:37,9,1,0,9,1,1,3,3,0,14.708000000000002,8.733,0,0,108.0,10.183333333333334,0,0,0,0.0,1.6342222222222225,normal
session_dcce65c62e32,user_063,finance,2026-07-13 10:20:32,2026-07-13 14:19:32,21,8,0,21,1,1,3,4,2,46.508,15.122,0,0,239.0,10.333333333333334,0,0,0,0.0,2.214666666666667,normal
session_e124fb57b23d,user_054,developer,2026-07-13 10:22:08,2026-07-13 17:43:08,23,4,0,23,1,1,5,0,0,0.0,0.0,0,0,441.0,10.366666666666667,0,0,0,0.0,0.0,normal
session_639ab4eb64a0,user_017,admin,2026-07-13 10:32:44,2026-07-13 12:49:44,11,5,0,11,1,1,5,0,0,0.0,0.0,0,0,137.0,10.533333333333333,0,0,0,0.0,0.0,normal
session_03302871b883,user_068,developer,2026-07-13 10:35:20,2026-07-13 13:04:20,9,2,0,9,1,1,4,0,0,0.0,0.0,0,0,149.0,10.583333333333334,0,0,0,0.0,0.0,normal
session_c06199d97ed2,user_079,developer,2026-07-13 10:58:35,2026-07-13 15:17:35,18,5,0,18,1,1,5,0,0,0.0,0.0,0,0,259.0,10.966666666666667,0,0,0,0.0,0.0,normal
session_d8f631c3f1f0,user_078,developer,2026-07-13 11:06:46,2026-07-13 17:02:46,25,8,0,25,1,1,5,0,0,0.0,0.0,0,0,356.0,11.1,0,0,0,0.0,0.0,normal
session_849421a6f3db,user_046,hr,2026-07-13 11:38:29,2026-07-13 16:58:29,19,6,0,19,1,1,3,5,0,54.532,16.121,0,0,320.0,11.633333333333333,0,0,0,0.0,2.8701052631578947,normal
session_e34c682880ce,user_056,hr,2026-07-13 11:49:43,2026-07-13 14:25:43,14,3,0,14,1,1,3,3,0,72.06,33.717,0,0,156.0,11.816666666666666,0,0,0,0.0,5.147142857142858,normal
session_7e5640da4580,user_062,hr,2026-07-14 01:30:15,2026-07-14 01:41:15,35,35,35,35,4,1,1,0,0,0.0,0.0,0,1,11.0,1.5,1,0,1,1.0,0.0,brute_force
session_84dd57ecb3fe,user_038,developer,2026-07-14 01:50:35,2026-07-14 02:00:35,6,1,0,6,1,1,6,0,0,0.0,0.0,1,1,10.0,1.8333333333333335,1,0,1,0.0,0.0,lateral_movement
session_725f6212e7e7,user_013,hr,2026-07-14 02:51:45,2026-07-14 03:01:45,6,1,0,6,1,1,6,0,0,0.0,0.0,1,1,10.0,2.85,1,0,1,0.0,0.0,lateral_movement
session_7035b5f2a23e,user_021,finance,2026-07-14 07:19:16,2026-07-14 09:38:16,10,4,0,10,1,1,2,1,1,9.712,6.314,0,0,139.0,7.316666666666666,1,0,0,0.0,0.9712,normal
session_d606885fd247,user_058,hr,2026-07-14 07:27:21,2026-07-14 11:32:21,13,4,0,13,1,1,3,3,0,39.953,14.021,0,0,245.0,7.45,1,0,0,0.0,3.0733076923076927,normal
session_ef3c931eefc7,user_059,analyst,2026-07-14 07:41:33,2026-07-14 12:30:33,19,4,0,19,1,1,4,6,0,64.937,15.711,0,0,289.0,7.683333333333334,1,0,0,0.0,3.417736842105263,normal
session_2a62d875b03a,user_042,developer,2026-07-14 07:46:11,2026-07-14 11:46:11,14,3,0,14,1,1,5,0,0,0.0,0.0,0,0,240.0,7.766666666666667,1,0,0,0.0,0.0,normal
session_ea8c9f60fbb6,user_077,admin,2026-07-14 07:52:07,2026-07-14 07:53:47,5,5,4,5,1,1,1,0,0,0.0,0.0,0,0,1.6666666666666667,7.866666666666667,1,0,0,0.8,0.0,normal
session_734de00faf9a,user_050,developer,2026-07-14 07:53:42,2026-07-14 12:11:42,20,4,0,20,1,1,5,0,0,0.0,0.0,0,0,258.0,7.883333333333333,1,0,0,0.0,0.0,normal
session_9761e79c438f,user_006,analyst,2026-07-14 08:03:52,2026-07-14 12:07:52,17,2,0,17,1,1,4,5,0,81.148,23.414,0,0,244.0,8.05,1,0,0,0.0,4.773411764705882,normal
session_48207716ff10,user_069,hr,2026-07-14 08:07:05,2026-07-14 14:16:05,20,4,0,20,1,1,3,2,0,30.171,18.274,0,0,369.0,8.116666666666667,1,0,0,0.0,1.50855,normal
session_571aa21c6f1f,user_034,finance,2026-07-14 08:07:52,2026-07-14 11:41:52,16,3,0,16,1,1,3,1,5,66.63,15.983,0,0,214.0,8.116666666666667,1,0,0,0.0,4.164375,normal
session_35559d720f5a,user_051,analyst,2026-07-14 08:08:49,2026-07-14 11:41:49,13,3,0,13,1,1,4,7,0,39.615,10.151,0,0,213.0,8.133333333333333,1,0,0,0.0,3.0473076923076925,normal
session_8e4e45987f0e,user_018,developer,2026-07-14 08:09:36,2026-07-14 12:36:36,20,8,0,20,1,1,5,0,0,0.0,0.0,0,0,267.0,8.15,1,0,0,0.0,0.0,normal
session_34c746cd71ad,user_011,analyst,2026-07-14 08:16:51,2026-07-14 11:47:51,13,2,0,13,1,1,4,6,0,55.982,20.663,0,0,211.0,8.266666666666667,1,0,0,0.0,4.306307692307692,normal
session_c6b62a0276e2,user_061,analyst,2026-07-14 08:21:57,2026-07-14 10:50:57,9,1,0,9,1,1,4,0,0,0.0,0.0,0,0,149.0,8.35,1,0,0,0.0,0.0,normal
session_2bf3f50ac8a4,user_043,hr,2026-07-14 08:24:18,2026-07-14 08:43:18,2,2,0,2,2,2,1,0,0,0.0,0.0,0,1,19.0,8.4,1,0,0,0.0,0.0,impossible_travel
session_b000e7846ef1,user_056,hr,2026-07-14 08:24:26,2026-07-14 09:34:26,8,2,0,8,1,1,2,2,0,92.678,21.159,0,0,70.0,8.4,1,0,0,0.0,11.58475,normal
session_863c0de84127,user_073,hr,2026-07-14 08:37:24,2026-07-14 13:11:24,21,7,0,21,1,1,3,3,0,17.509,9.338,0,0,274.0,8.616666666666667,1,0,0,0.0,0.8337619047619048,normal
session_cc7736defd56,user_077,admin,2026-07-14 08:37:28,2026-07-14 14:38:28,20,5,0,20,1,1,5,0,0,0.0,0.0,1,0,361.0,8.616666666666667,1,0,0,0.0,0.0,normal
session_e8ee4452bf3e,user_039,developer,2026-07-14 08:37:39,2026-07-14 14:58:39,25,5,0,25,1,1,5,0,0,0.0,0.0,0,0,381.0,8.616666666666667,1,0,0,0.0,0.0,normal
session_0ec598a4aeb2,user_078,developer,2026-07-14 08:38:18,2026-07-14 15:22:18,23,3,0,23,1,1,5,0,0,0.0,0.0,0,0,404.0,8.633333333333333,1,0,0,0.0,0.0,normal
session_bbfe985e8c2c,user_038,developer,2026-07-14 08:40:12,2026-07-14 10:38:12,10,3,0,10,1,1,5,0,0,0.0,0.0,0,0,118.0,8.666666666666666,1,0,0,0.0,0.0,normal
session_5d6f54021bfa,user_007,developer,2026-07-14 08:40:35,2026-07-14 13:20:35,21,4,0,21,1,1,5,0,0,0.0,0.0,0,0,280.0,8.666666666666666,1,0,0,0.0,0.0,normal
session_0bd7e67ccf2b,user_063,finance,2026-07-14 08:42:13,2026-07-14 13:30:13,18,10,0,18,1,1,3,1,1,9.219000000000001,5.184,0,0,288.0,8.7,1,0,0,0.0,0.5121666666666668,normal
session_7b9d0df949ed,user_065,hr,2026-07-14 08:44:03,2026-07-14 13:06:03,15,2,0,15,1,1,3,6,0,56.315,13.408,0,0,262.0,8.733333333333333,1,0,0,0.0,3.7543333333333333,normal
session_1ea2ee9e98c0,user_012,analyst,2026-07-14 08:44:59,2026-07-14 13:38:59,18,7,0,18,1,1,4,7,0,36.009,6.665,0,0,294.0,8.733333333333333,1,0,0,0.0,2.0005,normal
session_ffe95b3bab0e,user_072,hr,2026-07-14 08:45:41,2026-07-14 11:26:41,9,3,0,9,1,1,3,1,0,15.048,15.048,0,0,161.0,8.75,1,0,0,0.0,1.672,normal
session_d7c99ed6bd16,user_032,hr,2026-07-14 08:48:39,2026-07-14 11:32:39,10,5,0,10,1,1,3,3,0,14.835999999999999,7.129,0,0,164.0,8.8,1,0,0,0.0,1.4835999999999998,normal
session_d27c78007626,user_033,developer,2026-07-14 08:49:07,2026-07-14 12:52:07,14,2,0,14,1,1,5,0,0,0.0,0.0,0,0,243.0,8.816666666666666,1,0,0,0.0,0.0,normal
session_029a7884e7e2,user_035,admin,2026-07-14 08:49:33,2026-07-14 14:27:33,24,3,0,24,1,1,5,0,0,0.0,0.0,3,0,338.0,8.816666666666666,1,0,0,0.0,0.0,normal
session_53a1f8443305,user_050,developer,2026-07-14 08:50:04,2026-07-14 09:02:04,5,0,0,5,1,5,4,2,0,34.025999999999996,11.1,0,1,12.0,8.833333333333334,1,0,0,0.0,6.805199999999999,device_spoofing
session_6a0451ab678b,user_023,developer,2026-07-14 08:52:43,2026-07-14 13:51:43,18,8,0,18,1,1,5,0,0,0.0,0.0,0,0,299.0,8.866666666666667,1,0,0,0.0,0.0,normal
session_276c7f7f5ec6,user_016,developer,2026-07-14 08:53:52,2026-07-14 12:11:52,12,2,0,12,1,1,4,0,0,0.0,0.0,0,0,198.0,8.883333333333333,1,0,0,0.0,0.0,normal
session_841750d6c119,user_015,finance,2026-07-14 08:54:09,2026-07-14 14:00:09,20,3,0,20,1,1,3,5,5,43.678,8.435,0,0,306.0,8.9,1,0,0,0.0,2.1839,normal
session_36e4367b5819,user_024,hr,2026-07-14 08:59:07,2026-07-14 12:36:07,12,4,0,12,1,1,3,3,0,61.791,31.25,0,0,217.0,8.983333333333333,1,0,0,0.0,5.149249999999999,normal
session_581686f3cd76,user_029,admin,2026-07-14 08:59:55,2026-07-14 12:18:55,14,5,0,14,1,1,5,0,0,0.0,0.0,2,0,199.0,8.983333333333333,1,0,0,0.0,0.0,normal
session_c93719a82237,user_057,developer,2026-07-14 09:01:33,2026-07-14 16:02:33,25,6,0,25,1,1,5,0,0,0.0,0.0,0,0,421.0,9.016666666666667,1,0,0,0.0,0.0,normal
session_b4611bdbd4e4,user_031,developer,2026-07-14 09:01:51,2026-07-14 13:15:51,18,2,0,18,1,1,5,0,0,0.0,0.0,0,0,254.0,9.016666666666667,1,0,0,0.0,0.0,normal
session_f56eac759ae6,user_020,finance,2026-07-14 09:09:02,2026-07-14 15:45:02,24,8,0,24,1,1,3,5,3,130.273,30.799,0,0,396.0,9.15,1,0,0,0.0,5.428041666666666,normal
session_a911a5c42aa2,user_025,hr,2026-07-14 09:10:02,2026-07-14 15:33:02,24,3,0,24,1,1,3,6,0,12.725999999999999,3.044,0,0,383.0,9.166666666666666,1,0,0,0.0,0.53025,normal
session_ce7bd984470f,user_064,finance,2026-07-14 09:13:11,2026-07-14 15:44:11,25,9,0,25,1,1,3,4,6,180.263,26.146,0,0,391.0,9.216666666666667,1,0,0,0.0,7.21052,normal
session_256aa5aaeac0,user_076,analyst,2026-07-14 09:13:50,2026-07-14 15:25:50,25,3,0,25,1,1,4,11,0,62.688,16.452,0,0,372.0,9.216666666666667,1,0,0,0.0,2.50752,normal
session_427998d9b8d6,user_027,developer,2026-07-14 09:15:52,2026-07-14 14:57:52,20,4,0,20,1,1,5,0,0,0.0,0.0,0,0,342.0,9.25,1,0,0,0.0,0.0,normal
session_055eb216b15a,user_050,developer,2026-07-14 09:16:13,2026-07-14 09:16:13,1,0,0,1,1,1,1,1,0,66.35,66.35,0,0,0.0,9.266666666666667,1,0,0,0.0,66.35,normal
session_174f274e91d3,user_019,developer,2026-07-14 09:16:27,2026-07-14 13:15:27,14,5,0,14,1,1,5,0,0,0.0,0.0,0,0,239.0,9.266666666666667,1,0,0,0.0,0.0,normal
session_51e39c60ef64,user_080,hr,2026-07-14 09:18:13,2026-07-14 15:12:13,23,5,0,23,1,1,3,8,0,148.778,29.562,0,0,354.0,9.3,1,0,0,0.0,6.468608695652174,normal
session_9f59c0c16a70,user_013,hr,2026-07-14 09:21:11,2026-07-14 14:14:11,19,3,0,19,1,1,3,8,0,40.144,7.739,0,0,293.0,9.35,1,0,0,0.0,2.112842105263158,normal
session_de1f3111a480,user_074,finance,2026-07-14 09:22:40,2026-07-14 11:36:40,10,2,0,10,1,1,3,2,3,22.666,7.588,0,0,134.0,9.366666666666667,1,0,0,0.0,2.2666,normal
session_face524325b3,user_054,developer,2026-07-14 09:28:54,2026-07-14 13:05:54,13,2,0,13,1,1,5,0,0,0.0,0.0,0,0,217.0,9.466666666666667,1,0,0,0.0,0.0,normal
session_e1d60ae6e9ec,user_043,hr,2026-07-14 09:29:24,2026-07-14 11:56:24,9,5,0,9,1,1,3,1,0,5.342,5.342,0,0,147.0,9.483333333333333,1,0,0,0.0,0.5935555555555555,normal
session_16bdc4392e98,user_075,developer,2026-07-14 09:30:47,2026-07-14 13:44:47,16,3,0,16,1,1,5,0,0,0.0,0.0,0,0,254.0,9.5,1,0,0,0.0,0.0,normal
session_7d2a67c971fa,user_056,hr,2026-07-14 09:31:22,2026-07-14 09:59:22,2,2,0,2,2,2,1,0,0,0.0,0.0,0,1,28.0,9.516666666666667,1,0,0,0.0,0.0,impossible_travel
session_ae44fffa104d,user_066,developer,2026-07-14 09:32:30,2026-07-14 12:58:30,13,2,0,13,1,1,4,0,0,0.0,0.0,0,0,206.0,9.533333333333333,1,0,0,0.0,0.0,normal
session_b7c1d5bb9fe0,user_044,developer,2026-07-14 09:34:06,2026-07-14 12:17:06,14,2,0,14,1,1,5,0,0,0.0,0.0,0,0,163.0,9.566666666666666,1,0,0,0.0,0.0,normal
session_492857bf4c65,user_041,finance,2026-07-14 09:37:33,2026-07-14 12:49:33,15,6,0,15,1,1,3,3,2,91.992,29.601,0,0,192.0,9.616666666666667,1,0,0,0.0,6.1328000000000005,normal
session_156f7f8f5cc7,user_017,admin,2026-07-14 09:40:36,2026-07-14 14:25:36,16,5,0,16,1,1,5,0,0,0.0,0.0,1,0,285.0,9.666666666666666,1,0,0,0.0,0.0,normal
session_42fcca1b412b,user_008,developer,2026-07-14 09:40:44,2026-07-14 15:32:44,25,6,0,25,1,1,5,0,0,0.0,0.0,0,0,352.0,9.666666666666666,1,0,0,0.0,0.0,normal
session_2c388d37e829,user_067,analyst,2026-07-14 09:41:39,2026-07-14 13:12:39,12,4,0,12,1,1,4,4,0,45.997,26.136,0,0,211.0,9.683333333333334,1,0,0,0.0,3.833083333333333,normal
session_bda02f7a9528,user_036,developer,2026-07-14 09:44:56,2026-07-14 14:55:56,18,8,0,18,1,1,5,0,0,0.0,0.0,0,0,311.0,9.733333333333333,1,0,0,0.0,0.0,normal
session_2bb7fc4db112,user_068,developer,2026-07-14 09:45:31,2026-07-14 11:32:31,9,2,0,9,1,1,5,0,0,0.0,0.0,0,0,107.0,9.75,1,0,0,0.0,0.0,normal
session_6e1c94fc4be6,user_049,analyst,2026-07-14 09:49:10,2026-07-14 13:01:10,16,8,0,16,1,1,4,0,0,0.0,0.0,0,0,192.0,9.816666666666666,1,0,0,0.0,0.0,normal
session_3549c13dc527,user_047,developer,2026-07-14 09:51:27,2026-07-14 10:23:27,2,2,0,2,2,2,1,0,0,0.0,0.0,0,1,32.0,9.85,1,0,0,0.0,0.0,impossible_travel
session_fd41deec1c7f,user_071,analyst,2026-07-14 09:51:54,2026-07-14 15:17:54,22,6,0,22,1,1,4,3,0,67.03999999999999,32.544,0,0,326.0,9.85,1,0,0,0.0,3.047272727272727,normal
session_07215b0af416,user_047,developer,2026-07-14 09:55:59,2026-07-14 13:59:59,15,3,0,15,1,1,5,0,0,0.0,0.0,0,0,244.0,9.916666666666666,1,0,0,0.0,0.0,normal
session_74388ea30dfc,user_048,developer,2026-07-14 10:03:26,2026-07-14 16:17:26,25,4,0,25,1,1,5,0,0,0.0,0.0,0,0,374.0,10.05,1,0,0,0.0,0.0,normal
session_758a43b3a673,user_052,finance,2026-07-14 10:04:05,2026-07-14 17:56:05,25,6,0,25,1,1,3,8,4,72.288,11.854,0,0,472.0,10.066666666666666,1,0,0,0.0,2.89152,normal
session_909d8a275de1,user_026,analyst,2026-07-14 10:04:48,2026-07-14 12:51:48,13,3,0,13,1,1,4,3,0,18.539,7.987,0,0,167.0,10.066666666666666,1,0,0,0.0,1.4260769230769232,normal
session_5bcaaf982579,user_070,admin,2026-07-14 10:05:37,2026-07-14 14:42:37,22,5,0,22,1,1,5,0,0,0.0,0.0,5,0,277.0,10.083333333333334,1,0,0,0.0,0.0,normal
session_b002005e400e,user_060,developer,2026-07-14 10:06:55,2026-07-14 13:44:55,18,5,0,18,1,1,5,0,0,0.0,0.0,0,0,218.0,10.1,1,0,0,0.0,0.0,normal
session_59ccc3cf960d,user_004,developer,2026-07-14 10:10:54,2026-07-14 15:03:54,19,8,0,19,1,1,5,0,0,0.0,0.0,0,0,293.0,10.166666666666666,1,0,0,0.0,0.0,normal
session_fdfca5bef013,user_037,developer,2026-07-14 10:12:27,2026-07-14 15:31:27,22,5,0,22,1,1,5,0,0,0.0,0.0,0,0,319.0,10.2,1,0,0,0.0,0.0,normal
session_04d91757bbfb,user_014,hr,2026-07-14 10:14:18,2026-07-14 13:25:18,10,2,0,10,1,1,2,6,0,83.91799999999999,17.819,0,0,191.0,10.233333333333333,1,0,0,0.0,8.3918,normal
session_d0833debf096,user_001,finance,2026-07-14 10:19:48,2026-07-14 16:20:48,24,8,0,24,1,1,3,4,3,96.82900000000001,16.504,0,0,361.0,10.316666666666666,1,0,0,0.0,4.034541666666667,normal
session_50decd2c9871,user_062,hr,2026-07-14 10:20:53,2026-07-14 17:21:53,25,8,0,25,1,1,3,6,0,78.019,17.247,0,0,421.0,10.333333333333334,1,0,0,0.0,3.12076,normal
session_f5d203ac9b51,user_056,hr,2026-07-14 10:24:29,2026-07-14 14:27:29,14,6,0,14,1,1,3,2,0,40.759,32.994,0,0,243.0,10.4,1,0,0,0.0,2.9113571428571428,normal
session_2bc774e9d38c,user_003,developer,2026-07-14 10:25:22,2026-07-14 13:32:22,14,3,0,14,1,1,5,0,0,0.0,0.0,0,0,187.0,10.416666666666666,1,0,0,0.0,0.0,normal
session_8088d976459d,user_030,hr,2026-07-14 10:27:04,2026-07-14 15:43:04,18,7,0,18,1,1,3,5,0,59.634,15.595,0,0,316.0,10.45,1,0,0,0.0,3.313,normal
session_3124a97461a8,user_055,analyst,2026-07-14 10:27:54,2026-07-14 14:30:54,16,6,0,16,1,1,4,3,0,38.013999999999996,13.024,0,0,243.0,10.45,1,0,0,0.0,2.3758749999999997,normal
session_6770f57dfa95,user_010,finance,2026-07-14 10:30:45,2026-07-14 14:27:45,14,3,0,14,1,1,3,2,2,27.52,12.791,0,0,237.0,10.5,1,0,0,0.0,1.9657142857142857,normal
session_9b695c7c6387,user_028,developer,2026-07-14 10:45:24,2026-07-14 13:59:24,17,4,0,17,1,1,5,0,0,0.0,0.0,0,0,194.0,10.75,1,0,0,0.0,0.0,normal
session_7fa64f44d20b,user_046,hr,2026-07-14 10:52:32,2026-07-14 16:12:32,21,7,0,21,1,1,3,7,0,56.354,22.001,0,0,320.0,10.866666666666667,1,0,0,0.0,2.6835238095238094,normal
session_0c8be86518e2,user_079,developer,2026-07-14 10:52:58,2026-07-14 13:39:58,12,5,0,12,1,1,5,0,0,0.0,0.0,0,0,167.0,10.866666666666667,1,0,0,0.0,0.0,normal
session_a35a5fe8d44d,user_053,hr,2026-07-14 11:05:20,2026-07-14 16:18:20,20,3,0,20,1,1,3,6,0,30.809,7.457,0,0,313.0,11.083333333333334,1,0,0,0.0,1.54045,normal
session_f3b2e79843b1,user_043,hr,2026-07-14 22:30:17,2026-07-14 22:39:17,28,28,28,28,4,1,1,0,0,0.0,0.0,0,1,9.0,22.5,1,0,1,1.0,0.0,brute_force
session_5387a28a944b,user_040,finance,2026-07-15 01:59:31,2026-07-15 02:09:31,6,1,0,6,1,1,6,0,0,0.0,0.0,1,1,10.0,1.9833333333333334,2,0,1,0.0,0.0,lateral_movement
session_372a3aa252eb,user_024,hr,2026-07-15 02:30:35,2026-07-15 02:37:55,24,24,24,24,4,1,1,0,0,0.0,0.0,0,1,7.333333333333333,2.5,2,0,1,1.0,0.0,brute_force
session_4e5eab545768,user_029,admin,2026-07-15 03:30:28,2026-07-15 03:41:48,35,35,35,35,4,1,1,0,0,0.0,0.0,0,1,11.333333333333334,3.5,2,0,1,1.0,0.0,brute_force
session_67312407bbde,user_064,finance,2026-07-15 07:18:52,2026-07-15 10:15:52,10,4,0,10,1,1,3,2,2,52.63,20.443,0,0,177.0,7.3,2,0,0,0.0,5.263,normal
session_2ee5d7bd1b4c,user_069,hr,2026-07-15 07:19:05,2026-07-15 13:08:05,23,8,0,23,1,1,3,8,0,110.597,28.604,0,0,349.0,7.316666666666666,2,0,0,0.0,4.808565217391304,normal
session_2df7e692c644,user_022,developer,2026-07-15 07:36:43,2026-07-15 13:19:43,22,1,0,22,1,1,5,0,0,0.0,0.0,0,0,343.0,7.6,2,0,0,0.0,0.0,normal
session_a2da4503983a,user_050,developer,2026-07-15 07:37:35,2026-07-15 09:35:35,11,3,0,11,1,1,5,0,0,0.0,0.0,0,0,118.0,7.616666666666667,2,0,0,0.0,0.0,normal
session_f2ffa26f8859,user_057,developer,2026-07-15 07:51:36,2026-07-15 09:39:36,9,2,0,9,1,1,5,0,0,0.0,0.0,0,0,108.0,7.85,2,0,0,0.0,0.0,normal
session_192acd9eea04,user_040,finance,2026-07-15 07:52:32,2026-07-15 14:45:32,24,9,0,24,1,1,3,2,5,86.405,19.921,0,0,413.0,7.866666666666667,2,0,0,0.0,3.6002083333333332,normal
session_5e8c842787b6,user_024,hr,2026-07-15 08:11:45,2026-07-15 13:45:45,25,6,0,25,1,1,3,9,0,211.305,42.035,0,0,334.0,8.183333333333334,2,0,0,0.0,8.4522,normal
session_02aee0a6cdb2,user_016,developer,2026-07-15 08:13:26,2026-07-15 11:29:26,13,1,0,13,1,1,5,0,0,0.0,0.0,0,0,196.0,8.216666666666667,2,0,0,0.0,0.0,normal
session_ed5b65122e9f,user_043,hr,2026-07-15 08:15:19,2026-07-15 13:49:19,19,6,0,19,1,1,3,8,0,96.18900000000001,20.847,0,0,334.0,8.25,2,0,0,0.0,5.062578947368421,normal
session_6bce494fd6b7,user_037,developer,2026-07-15 08:16:14,2026-07-15 11:53:14,14,3,0,14,1,1,5,0,0,0.0,0.0,0,0,217.0,8.266666666666667,2,0,0,0.0,0.0,normal
session_9bbf998374fd,user_020,finance,2026-07-15 08:24:30,2026-07-15 13:48:30,20,4,0,20,1,1,3,4,2,87.289,25.379,0,0,324.0,8.4,2,0,0,0.0,4.36445,normal
session_20aa663bcc0f,user_015,finance,2026-07-15 08:25:41,2026-07-15 09:52:41,10,2,0,10,1,1,3,4,2,24.323999999999998,5.714,0,0,87.0,8.416666666666666,2,0,0,0.0,2.4324,normal
session_16ddf983822a,user_065,hr,2026-07-15 08:29:02,2026-07-15 11:04:02,10,6,0,10,1,1,3,1,0,7.859,7.859,0,0,155.0,8.483333333333333,2,0,0,0.0,0.7859,normal
session_ec087ec7d7c7,user_008,developer,2026-07-15 08:29:27,2026-07-15 10:49:27,15,3,0,15,1,1,4,0,0,206.043,23.975,0,0,140.0,8.483333333333333,2,0,0,0.0,13.7362,normal
session_376ef6485142,user_040,finance,2026-07-15 08:34:25,2026-07-15 08:36:05,5,5,4,5,1,1,1,0,0,0.0,0.0,0,0,1.6666666666666667,8.566666666666666,2,0,0,0.8,0.0,normal
session_b8e1d10a865a,user_007,developer,2026-07-15 08:37:14,2026-07-15 12:34:14,13,2,0,13,1,1,5,0,0,0.0,0.0,0,0,237.0,8.616666666666667,2,0,0,0.0,0.0,normal
session_e406cb74bd2a,user_009,developer,2026-07-15 08:37:21,2026-07-15 14:18:21,24,7,0,24,1,1,5,0,0,0.0,0.0,0,0,341.0,8.616666666666667,2,0,0,0.0,0.0,normal
session_60c878898b30,user_077,admin,2026-07-15 08:42:02,2026-07-15 11:04:02,11,5,0,11,1,1,5,0,0,0.0,0.0,1,0,142.0,8.7,2,0,0,0.0,0.0,normal
session_d4039042ec7b,user_029,admin,2026-07-15 08:42:13,2026-07-15 15:08:13,23,5,0,23,1,1,5,0,0,0.0,0.0,3,0,386.0,8.7,2,0,0,0.0,0.0,normal
session_2b95be3584c2,user_006,analyst,2026-07-15 08:48:47,2026-07-15 12:24:47,14,5,0,14,1,1,4,3,0,25.012999999999998,11.725,0,0,216.0,8.8,2,0,0,0.0,1.786642857142857,normal
session_7d842b46cdd6,user_023,developer,2026-07-15 08:50:30,2026-07-15 14:51:30,23,3,0,23,1,1,5,0,0,0.0,0.0,0,0,361.0,8.833333333333334,2,0,0,0.0,0.0,normal
session_334ecd8910f9,user_017,admin,2026-07-15 08:50:39,2026-07-15 15:34:39,24,6,0,24,1,1,5,0,0,0.0,0.0,2,0,404.0,8.833333333333334,2,0,0,0.0,0.0,normal
session_1b7300394b5b,user_013,hr,2026-07-15 08:51:08,2026-07-15 10:20:08,9,3,0,9,1,1,3,0,0,0.0,0.0,0,0,89.0,8.85,2,0,0,0.0,0.0,normal
session_cf3b57f8feaf,user_031,developer,2026-07-15 08:58:08,2026-07-15 13:18:08,15,2,0,15,1,1,5,0,0,0.0,0.0,0,0,260.0,8.966666666666667,2,0,0,0.0,0.0,normal
session_2b35fb720f9a,user_018,developer,2026-07-15 08:58:39,2026-07-15 13:15:39,17,5,0,17,1,1,5,0,0,0.0,0.0,0,0,257.0,8.966666666666667,2,0,0,0.0,0.0,normal
session_e77d0c1d094b,user_021,finance,2026-07-15 09:02:33,2026-07-15 12:52:33,17,4,0,17,1,1,3,3,2,25.252,8.254,0,0,230.0,9.033333333333333,2,0,0,0.0,1.4854117647058822,normal
session_81babf55e191,user_074,finance,2026-07-15 09:02:44,2026-07-15 14:22:44,24,8,0,24,1,1,3,5,6,32.368,4.812,0,0,320.0,9.033333333333333,2,0,0,0.0,1.3486666666666667,normal
session_77e8b9aef257,user_058,hr,2026-07-15 09:03:48,2026-07-15 15:18:48,25,4,0,25,1,1,3,9,0,91.967,16.716,0,0,375.0,9.05,2,0,0,0.0,3.67868,normal
session_6ff13216fb7b,user_035,admin,2026-07-15 09:07:02,2026-07-15 12:12:02,12,2,0,12,1,1,5,0,0,0.0,0.0,2,0,185.0,9.116666666666667,2,0,0,0.0,0.0,normal
session_2cb9cbd23c53,user_027,developer,2026-07-15 09:11:07,2026-07-15 15:06:07,23,2,0,23,1,1,5,0,0,0.0,0.0,0,0,355.0,9.183333333333334,2,0,0,0.0,0.0,normal
session_341ea255eacf,user_028,developer,2026-07-15 09:11:22,2026-07-15 14:29:22,22,4,0,22,1,1,5,0,0,0.0,0.0,0,0,318.0,9.183333333333334,2,0,0,0.0,0.0,normal
session_6f1630fca0dc,user_038,developer,2026-07-15 09:11:34,2026-07-15 15:01:34,24,4,0,24,1,1,5,0,0,0.0,0.0,0,0,350.0,9.183333333333334,2,0,0,0.0,0.0,normal
session_4e699e945c0a,user_059,analyst,2026-07-15 09:12:47,2026-07-15 13:34:47,15,5,0,15,1,1,4,6,0,45.763999999999996,10.939,0,0,262.0,9.2,2,0,0,0.0,3.050933333333333,normal
session_eaeffa6e2356,user_054,developer,2026-07-15 09:13:44,2026-07-15 12:11:44,10,2,0,10,1,1,5,0,0,0.0,0.0,0,0,178.0,9.216666666666667,2,0,0,0.0,0.0,normal
session_02929ab8d3f5,user_051,analyst,2026-07-15 09:14:41,2026-07-15 13:05:41,13,4,0,13,1,1,4,4,0,26.052999999999997,7.154,0,0,231.0,9.233333333333333,2,0,0,0.0,2.004076923076923,normal
session_6fdc3dda6630,user_041,finance,2026-07-15 09:14:56,2026-07-15 15:36:56,22,5,0,22,1,1,3,6,2,212.807,36.946,0,0,382.0,9.233333333333333,2,0,0,0.0,9.673045454545454,normal
session_75bae33a9fc0,user_063,finance,2026-07-15 09:15:07,2026-07-15 13:39:07,19,4,0,19,1,1,3,4,2,36.619,8.907,0,0,264.0,9.25,2,0,0,0.0,1.927315789473684,normal
session_a00d47ec46f3,user_031,developer,2026-07-15 09:16:51,2026-07-15 09:38:51,2,2,0,2,2,2,1,0,0,0.0,0.0,0,1,22.0,9.266666666666667,2,0,0,0.0,0.0,impossible_travel
session_3161b1ccd622,user_012,analyst,2026-07-15 09:17:49,2026-07-15 15:42:49,22,2,0,22,1,1,4,5,0,20.442,5.903,0,0,385.0,9.283333333333333,2,0,0,0.0,0.9291818181818182,normal
session_a736c0468bf5,user_080,hr,2026-07-15 09:20:41,2026-07-15 09:45:41,2,2,0,2,2,2,1,0,0,0.0,0.0,0,1,25.0,9.333333333333334,2,0,0,0.0,0.0,impossible_travel
session_2ba4b6fe369f,user_061,analyst,2026-07-15 09:24:45,2026-07-15 12:45:45,15,5,0,15,1,1,4,6,0,31.778,9.616,0,0,201.0,9.4,2,0,0,0.0,2.118533333333333,normal
session_caa5b04f6238,user_080,hr,2026-07-15 09:24:49,2026-07-15 13:22:49,15,2,0,15,1,1,3,6,0,68.297,16.34,0,0,238.0,9.4,2,0,0,0.0,4.553133333333333,normal
session_45fc9c2d0a7d,user_075,developer,2026-07-15 09:24:52,2026-07-15 14:40:52,17,3,0,17,1,1,5,0,0,0.0,0.0,0,0,316.0,9.4,2,0,0,0.0,0.0,normal
session_16de867500fd,user_001,finance,2026-07-15 09:25:34,2026-07-15 15:42:34,22,5,0,22,1,1,3,3,6,109.357,17.605,0,0,377.0,9.416666666666666,2,0,0,0.0,4.970772727272728,normal
session_965d3f6d8708,user_071,analyst,2026-07-15 09:27:35,2026-07-15 15:18:35,21,7,0,21,1,1,4,5,0,90.263,31.961,0,0,351.0,9.45,2,0,0,0.0,4.298238095238095,normal
session_f0ce726985ec,user_034,finance,2026-07-15 09:28:41,2026-07-15 13:45:41,14,4,0,14,1,1,2,2,1,38.066,18.089,0,0,257.0,9.466666666666667,2,0,0,0.0,2.7190000000000003,normal
session_c0b7fe50e84e,user_036,developer,2026-07-15 09:29:40,2026-07-15 13:06:40,14,7,0,14,1,1,5,0,0,0.0,0.0,0,0,217.0,9.483333333333333,2,0,0,0.0,0.0,normal
session_67094ef23489,user_008,developer,2026-07-15 09:36:21,2026-07-15 15:14:21,24,6,0,24,1,1,5,0,0,0.0,0.0,0,0,338.0,9.6,2,0,0,0.0,0.0,normal
session_c4d6c9b286ea,user_068,developer,2026-07-15 09:37:56,2026-07-15 15:09:56,23,2,0,23,1,1,5,0,0,0.0,0.0,0,0,332.0,9.616666666666667,2,0,0,0.0,0.0,normal
session_842446e907f0,user_049,analyst,2026-07-15 09:42:41,2026-07-15 14:33:41,22,5,0,22,1,1,4,6,0,30.981,6.237,0,0,291.0,9.7,2,0,0,0.0,1.4082272727272729,normal
session_b9e9ffb3479b,user_060,developer,2026-07-15 09:45:05,2026-07-15 14:20:05,18,6,0,18,1,1,4,0,0,0.0,0.0,0,0,275.0,9.75,2,0,0,0.0,0.0,normal
session_d34d45907059,user_019,developer,2026-07-15 09:45:07,2026-07-15 15:31:07,20,5,0,20,1,1,4,0,0,0.0,0.0,0,0,346.0,9.75,2,0,0,0.0,0.0,normal
session_1252ac5533a2,user_030,hr,2026-07-15 09:46:03,2026-07-15 14:07:03,15,5,0,15,1,1,3,4,0,57.510999999999996,19.673,0,0,261.0,9.766666666666667,2,0,0,0.0,3.8340666666666663,normal
session_14432df67fa4,user_039,developer,2026-07-15 09:49:21,2026-07-15 13:28:21,16,4,0,16,1,1,5,0,0,0.0,0.0,0,0,219.0,9.816666666666666,2,0,0,0.0,0.0,normal
session_55b7508fdeab,user_072,hr,2026-07-15 09:50:49,2026-07-15 14:23:49,20,7,0,20,1,1,3,6,0,95.97,30.656,0,0,273.0,9.833333333333334,2,0,0,0.0,4.7985,normal
session_d9b06677a235,user_052,finance,2026-07-15 09:55:28,2026-07-15 15:12:28,20,6,0,20,1,1,3,4,5,56.614000000000004,10.246,0,0,317.0,9.916666666666666,2,0,0,0.0,2.8307,normal
session_637047de281c,user_044,developer,2026-07-15 09:55:47,2026-07-15 11:53:47,12,4,0,12,1,1,4,0,0,0.0,0.0,0,0,118.0,9.916666666666666,2,0,0,0.0,0.0,normal
session_cb8598e61fb8,user_013,hr,2026-07-15 09:56:07,2026-07-15 10:05:07,4,0,0,4,1,4,2,3,0,13.146,6.255,0,1,9.0,9.933333333333334,2,0,0,0.0,3.2865,device_spoofing
session_d1ed5091d504,user_003,developer,2026-07-15 10:05:09,2026-07-15 13:04:09,11,4,0,11,1,1,5,0,0,0.0,0.0,0,0,179.0,10.083333333333334,2,0,0,0.0,0.0,normal
session_7043d9e61ab2,user_046,hr,2026-07-15 10:08:07,2026-07-15 15:56:07,20,5,0,20,1,1,3,6,0,36.048,8.087,0,0,348.0,10.133333333333333,2,0,0,0.0,1.8024,normal
session_34fff4b0aac4,user_047,developer,2026-07-15 10:09:59,2026-07-15 12:54:59,12,2,0,12,1,1,5,0,0,0.0,0.0,0,0,165.0,10.15,2,0,0,0.0,0.0,normal
session_9f107e43959f,user_014,hr,2026-07-15 10:14:26,2026-07-15 14:48:26,15,8,0,15,1,1,3,3,0,48.304,21.968,0,0,274.0,10.233333333333333,2,0,0,0.0,3.220266666666667,normal
session_2c2825560617,user_056,hr,2026-07-15 10:17:35,2026-07-15 15:27:35,22,5,0,22,1,1,3,5,0,201.31900000000002,70.358,0,0,310.0,10.283333333333333,2,0,0,0.0,9.150863636363637,normal
session_4bc0d2f67cf8,user_002,finance,2026-07-15 10:20:51,2026-07-15 17:48:51,25,6,0,25,1,1,3,5,6,98.656,16.239,0,0,448.0,10.333333333333334,2,0,0,0.0,3.9462400000000004,normal
session_f0c36fe30935,user_063,finance,2026-07-15 10:29:19,2026-07-15 10:29:19,1,0,0,1,1,1,1,1,0,24.683,24.683,0,0,0.0,10.483333333333333,2,0,0,0.0,24.683,normal
session_453833792711,user_005,hr,2026-07-15 10:40:31,2026-07-15 17:36:31,22,5,0,22,1,1,3,6,0,22.522,5.522,0,0,416.0,10.666666666666666,2,0,0,0.0,1.0237272727272726,normal
session_5f076be50431,user_055,analyst,2026-07-15 11:12:36,2026-07-15 14:14:36,14,5,0,14,1,1,4,3,0,42.724000000000004,21.281,0,0,182.0,11.2,2,0,0,0.0,3.051714285714286,normal
session_ecf5cc1c2a9f,user_004,developer,2026-07-15 11:13:07,2026-07-15 14:08:07,13,3,0,13,1,1,5,0,0,0.0,0.0,0,0,175.0,11.216666666666667,2,0,0,0.0,0.0,normal
session_a951e0f704a4,user_033,developer,2026-07-15 11:20:52,2026-07-15 14:43:52,14,4,0,14,1,1,5,0,0,0.0,0.0,0,0,203.0,11.333333333333334,2,0,0,0.0,0.0,normal
session_99fc2a7a490d,user_079,developer,2026-07-15 11:24:35,2026-07-15 14:50:35,15,5,0,15,1,1,4,0,0,0.0,0.0,0,0,206.0,11.4,2,0,0,0.0,0.0,normal
session_d91ad9818e23,user_062,hr,2026-07-15 11:24:53,2026-07-15 14:59:53,14,2,0,14,1,1,3,5,0,84.309,25.267,0,0,215.0,11.4,2,0,0,0.0,6.0220714285714285,normal
session_436d69974a6c,user_076,analyst,2026-07-15 11:27:04,2026-07-15 14:22:04,12,5,0,12,1,1,4,3,0,15.386,9.427,0,0,175.0,11.45,2,0,0,0.0,1.2821666666666667,normal
session_41898f7edb4b,user_048,developer,2026-07-15 11:31:56,2026-07-15 16:10:56,18,3,0,18,1,1,5,0,0,0.0,0.0,0,0,279.0,11.516666666666667,2,0,0,0.0,0.0,normal
session_d65287d51388,user_053,hr,2026-07-15 11:34:54,2026-07-15 17:05:54,22,5,0,22,1,1,3,4,0,17.316000000000003,5.556,0,0,331.0,11.566666666666666,2,0,0,0.0,0.7870909090909092,normal
session_26c274c74d7b,user_020,finance,2026-07-15 22:30:59,2026-07-15 22:35:29,19,19,19,19,4,1,1,0,0,0.0,0.0,0,1,4.5,22.5,2,0,1,1.0,0.0,brute_force
session_f4ec8e6c7672,user_044,developer,2026-07-16 03:19:19,2026-07-16 03:19:19,1,1,1,1,1,1,1,0,0,0.0,0.0,0,1,0.0,3.3166666666666664,3,0,1,1.0,0.0,credential_stuffing
session_c99ccd25cc9a,user_002,finance,2026-07-16 03:19:39,2026-07-16 03:19:39,1,1,1,1,1,1,1,0,0,0.0,0.0,0,1,0.0,3.3166666666666664,3,0,1,1.0,0.0,credential_stuffing
session_306769d47ea8,user_014,hr,2026-07-16 03:19:59,2026-07-16 03:19:59,1,1,1,1,1,1,1,0,0,0.0,0.0,0,1,0.0,3.3166666666666664,3,0,1,1.0,0.0,credential_stuffing
session_1ff1c7528372,user_059,analyst,2026-07-16 03:20:19,2026-07-16 03:20:19,1,1,1,1,1,1,1,0,0,0.0,0.0,0,1,0.0,3.3333333333333335,3,0,1,1.0,0.0,credential_stuffing
session_cd09c6302e95,user_006,analyst,2026-07-16 03:20:39,2026-07-16 03:20:39,1,1,1,1,1,1,1,0,0,0.0,0.0,0,1,0.0,3.3333333333333335,3,0,1,1.0,0.0,credential_stuffing
session_ccbb0bb1c2d6,user_057,developer,2026-07-16 03:20:59,2026-07-16 03:20:59,1,1,1,1,1,1,1,0,0,0.0,0.0,0,1,0.0,3.3333333333333335,3,0,1,1.0,0.0,credential_stuffing
session_114b43e65293,user_043,hr,2026-07-16 03:21:19,2026-07-16 03:21:19,1,1,1,1,1,1,1,0,0,0.0,0.0,0,1,0.0,3.35,3,0,1,1.0,0.0,credential_stuffing
session_872d78939ef2,user_027,developer,2026-07-16 03:21:39,2026-07-16 03:21:39,1,1,1,1,1,1,1,0,0,0.0,0.0,0,1,0.0,3.35,3,0,1,1.0,0.0,credential_stuffing
session_28383954481b,user_038,developer,2026-07-16 03:21:59,2026-07-16 03:21:59,1,1,1,1,1,1,1,0,0,0.0,0.0,0,1,0.0,3.35,3,0,1,1.0,0.0,credential_stuffing
session_90f809eee635,user_007,developer,2026-07-16 04:54:28,2026-07-16 05:04:28,6,1,0,6,1,1,6,0,0,0.0,0.0,1,1,10.0,4.9,3,0,1,0.0,0.0,lateral_movement
session_25bc8ed0db2f,user_043,hr,2026-07-16 07:11:22,2026-07-16 11:13:22,15,4,0,15,1,1,3,2,0,28.136,21.706,0,0,242.0,7.183333333333334,3,0,0,0.0,1.8757333333333333,normal
session_0a979c2e6dd6,user_022,developer,2026-07-16 07:33:50,2026-07-16 12:47:50,19,2,0,19,1,1,5,0,0,0.0,0.0,0,0,314.0,7.55,3,0,0,0.0,0.0,normal
session_5638c82d4bdc,user_012,analyst,2026-07-16 07:36:51,2026-07-16 12:07:51,18,2,0,18,1,1,4,7,0,31.979,7.338,0,0,271.0,7.6,3,0,0,0.0,1.7766111111111111,normal
session_766884b42a95,user_016,developer,2026-07-16 07:41:39,2026-07-16 10:44:39,12,2,0,12,1,1,4,0,0,0.0,0.0,0,0,183.0,7.683333333333334,3,0,0,0.0,0.0,normal
session_feb47e034bf1,user_042,developer,2026-07-16 07:43:55,2026-07-16 13:27:55,24,4,0,24,1,1,5,0,0,0.0,0.0,0,0,344.0,7.716666666666667,3,0,0,0.0,0.0,normal
session_98bab0a1fe54,user_039,developer,2026-07-16 08:00:03,2026-07-16 11:24:03,14,4,0,14,1,1,4,0,0,0.0,0.0,0,0,204.0,8.0,3,0,0,0.0,0.0,normal
session_1b7bb343b6f0,user_069,hr,2026-07-16 08:06:07,2026-07-16 13:25:07,21,7,0,21,1,1,3,5,0,58.658,23.663,0,0,319.0,8.1,3,0,0,0.0,2.7932380952380953,normal
session_ee2f8b4eff6b,user_044,developer,2026-07-16 08:06:16,2026-07-16 11:47:16,12,5,0,12,1,1,5,0,0,0.0,0.0,0,0,221.0,8.1,3,0,0,0.0,0.0,normal
session_734ee9da20e1,user_010,finance,2026-07-16 08:07:22,2026-07-16 12:32:22,18,2,0,18,1,1,3,5,5,86.31,12.996,0,0,265.0,8.116666666666667,3,0,0,0.0,4.795,normal
session_4e7e2d9caeae,user_007,developer,2026-07-16 08:07:52,2026-07-16 15:24:52,23,5,0,23,1,1,5,0,0,0.0,0.0,0,0,437.0,8.116666666666667,3,0,0,0.0,0.0,normal
session_c5716d2bacec,user_073,hr,2026-07-16 08:10:51,2026-07-16 12:39:51,18,6,0,18,1,1,3,6,0,49.835,11.898,0,0,269.0,8.166666666666666,3,0,0,0.0,2.7686111111111114,normal
session_60d64b81f72a,user_032,hr,2026-07-16 08:14:51,2026-07-16 12:54:51,17,8,0,17,1,1,3,5,0,20.153,6.82,0,0,280.0,8.233333333333333,3,0,0,0.0,1.185470588235294,normal
session_00c16aa0d12e,user_008,developer,2026-07-16 08:19:56,2026-07-16 12:53:56,16,4,0,16,1,1,5,0,0,0.0,0.0,0,0,274.0,8.316666666666666,3,0,0,0.0,0.0,normal
session_b86b9061bade,user_042,developer,2026-07-16 08:21:04,2026-07-16 10:21:04,11,2,0,11,1,1,5,0,0,74.05,14.824,0,0,120.0,8.35,3,0,0,0.0,6.7318181818181815,normal
session_f15445030a59,user_015,finance,2026-07-16 08:24:03,2026-07-16 13:54:03,22,6,0,22,1,1,3,6,2,26.472,6.729,0,0,330.0,8.4,3,0,0,0.0,1.2032727272727273,normal
session_ecf7dc735c03,user_058,hr,2026-07-16 08:24:28,2026-07-16 11:14:28,13,3,0,13,1,1,3,3,0,18.791,8.366,0,0,170.0,8.4,3,0,0,0.0,1.4454615384615386,normal
session_9730dc4e5850,user_034,finance,2026-07-16 08:29:32,2026-07-16 11:02:32,9,6,0,9,1,1,3,1,0,5.232,5.232,0,0,153.0,8.483333333333333,3,0,0,0.0,0.5813333333333334,normal
session_9bfe254552bf,user_009,developer,2026-07-16 08:29:55,2026-07-16 12:55:55,18,4,0,18,1,1,5,0,0,0.0,0.0,0,0,266.0,8.483333333333333,3,0,0,0.0,0.0,normal
session_71a457ea4f0c,user_065,hr,2026-07-16 08:30:23,2026-07-16 11:18:23,11,3,0,11,1,1,3,4,0,50.426,16.837,0,0,168.0,8.5,3,0,0,0.0,4.584181818181818,normal
session_e9edcfac93b6,user_029,admin,2026-07-16 08:31:01,2026-07-16 13:30:01,18,4,0,18,1,1,5,0,0,0.0,0.0,1,0,299.0,8.516666666666667,3,0,0,0.0,0.0,normal
session_f34a3074d303,user_040,finance,2026-07-16 08:31:09,2026-07-16 10:55:09,12,3,0,12,1,1,3,3,2,101.194,29.725,0,0,144.0,8.516666666666667,3,0,0,0.0,8.432833333333333,normal
session_f9169a70b76f,user_057,developer,2026-07-16 08:31:53,2026-07-16 10:55:53,10,4,0,10,1,1,4,0,0,0.0,0.0,0,0,144.0,8.516666666666667,3,0,0,0.0,0.0,normal
session_7af6166de541,user_064,finance,2026-07-16 08:38:37,2026-07-16 12:53:37,16,6,0,16,1,1,3,6,1,106.783,28.338,0,0,255.0,8.633333333333333,3,0,0,0.0,6.6739375,normal
session_94639c9168da,user_013,hr,2026-07-16 08:38:48,2026-07-16 13:02:48,17,5,0,17,1,1,3,6,0,24.531,6.002,0,0,264.0,8.633333333333333,3,0,0,0.0,1.4429999999999998,normal
session_7e9cb4f69c73,user_078,developer,2026-07-16 08:42:27,2026-07-16 12:25:27,12,4,0,12,1,1,5,0,0,0.0,0.0,0,0,223.0,8.7,3,0,0,0.0,0.0,normal
session_c5954a10e92f,user_024,hr,2026-07-16 08:50:01,2026-07-16 15:02:01,24,4,0,24,1,1,3,5,0,109.506,27.577,0,0,372.0,8.833333333333334,3,0,0,0.0,4.56275,normal
session_fe30e54f6f06,user_027,developer,2026-07-16 08:51:11,2026-07-16 13:23:11,18,5,0,18,1,1,5,0,0,0.0,0.0,0,0,272.0,8.85,3,0,0,0.0,0.0,normal
session_febca0679d38,user_063,finance,2026-07-16 08:51:27,2026-07-16 11:29:27,9,4,0,9,1,1,3,0,1,4.175,4.175,0,0,158.0,8.85,3,0,0,0.0,0.46388888888888885,normal
session_09e9439847ab,user_075,developer,2026-07-16 08:54:32,2026-07-16 13:22:32,19,3,0,19,1,1,5,0,0,0.0,0.0,0,0,268.0,8.9,3,0,0,0.0,0.0,normal
session_d70cf4ec6628,user_067,analyst,2026-07-16 09:01:09,2026-07-16 09:10:09,4,2,0,4,1,4,3,1,0,23.789,9.117,0,1,9.0,9.016666666666667,3,0,0,0.0,5.94725,device_spoofing
session_94064990190e,user_066,developer,2026-07-16 09:02:19,2026-07-16 11:31:19,10,2,0,10,1,1,4,0,0,0.0,0.0,0,0,149.0,9.033333333333333,3,0,0,0.0,0.0,normal
session_b5dee0c97db2,user_050,developer,2026-07-16 09:02:57,2026-07-16 12:32:57,15,3,0,15,1,1,5,0,0,0.0,0.0,0,0,210.0,9.033333333333333,3,0,0,0.0,0.0,normal
session_06cc56f54192,user_045,admin,2026-07-16 09:04:04,2026-07-16 14:43:04,17,5,0,17,1,1,5,0,0,0.0,0.0,2,0,339.0,9.066666666666666,3,0,0,0.0,0.0,normal
session_4563a7310ae1,user_021,finance,2026-07-16 09:04:36,2026-07-16 12:23:36,13,2,0,13,1,1,3,4,4,36.441,8.289,0,0,199.0,9.066666666666666,3,0,0,0.0,2.8031538461538466,normal
session_ec2beb08d2ab,user_077,admin,2026-07-16 09:05:17,2026-07-16 13:44:17,16,3,0,16,1,1,5,0,0,0.0,0.0,3,0,279.0,9.083333333333334,3,0,0,0.0,0.0,normal
session_969020d32b70,user_033,developer,2026-07-16 09:06:14,2026-07-16 15:39:14,23,9,0,23,1,1,5,0,0,0.0,0.0,0,0,393.0,9.1,3,0,0,0.0,0.0,normal
session_2fc612654afc,user_006,analyst,2026-07-16 09:09:29,2026-07-16 15:04:29,23,9,0,23,1,1,4,2,0,20.426000000000002,11.288,0,0,355.0,9.15,3,0,0,0.0,0.8880869565217392,normal
session_9d64d8f24ca6,user_054,developer,2026-07-16 09:10:20,2026-07-16 12:51:20,14,4,0,14,1,1,3,0,0,0.0,0.0,0,0,221.0,9.166666666666666,3,0,0,0.0,0.0,normal
session_68afa8dd69b1,user_011,analyst,2026-07-16 09:11:43,2026-07-16 14:39:43,17,5,0,17,1,1,4,4,0,51.931,19.275,0,0,328.0,9.183333333333334,3,0,0,0.0,3.0547647058823526,normal
session_676d385c8c2c,user_028,developer,2026-07-16 09:14:18,2026-07-16 14:16:18,18,2,0,18,1,1,5,0,0,0.0,0.0,0,0,302.0,9.233333333333333,3,0,0,0.0,0.0,normal
session_fefa900f1c47,user_018,developer,2026-07-16 09:19:30,2026-07-16 15:13:30,20,4,0,20,1,1,5,0,0,0.0,0.0,0,0,354.0,9.316666666666666,3,0,0,0.0,0.0,normal
session_2337e17ae6e3,user_053,hr,2026-07-16 09:22:43,2026-07-16 11:30:43,11,2,0,11,1,1,3,2,0,8.98,5.048,0,0,128.0,9.366666666666667,3,0,0,0.0,0.8163636363636364,normal
session_faa3f26b55c8,user_026,analyst,2026-07-16 09:22:44,2026-07-16 13:01:44,11,1,0,11,1,1,3,1,0,5.267,5.267,0,0,219.0,9.366666666666667,3,0,0,0.0,0.47881818181818186,normal
session_7ff232005eb7,user_003,developer,2026-07-16 09:25:43,2026-07-16 15:13:43,22,6,0,22,1,1,5,0,0,0.0,0.0,0,0,348.0,9.416666666666666,3,0,0,0.0,0.0,normal
session_62116060ca27,user_038,developer,2026-07-16 09:29:23,2026-07-16 14:18:23,19,7,0,19,1,1,5,0,0,0.0,0.0,0,0,289.0,9.483333333333333,3,0,0,0.0,0.0,normal
session_4ea97956dbbe,user_051,analyst,2026-07-16 09:29:43,2026-07-16 11:48:43,9,3,0,9,1,1,4,1,0,4.585,4.585,0,0,139.0,9.483333333333333,3,0,0,0.0,0.5094444444444445,normal
session_c85d56d69681,user_031,developer,2026-07-16 09:31:40,2026-07-16 09:32:40,3,3,2,3,1,1,1,0,0,0.0,0.0,0,0,1.0,9.516666666666667,3,0,0,0.6666666666666666,0.0,normal
session_3ec02da16b2c,user_041,finance,2026-07-16 09:33:23,2026-07-16 15:02:23,19,3,0,19,1,1,3,5,4,178.851,37.185,0,0,329.0,9.55,3,0,0,0.0,9.413210526315789,normal
session_1efd84d4edc7,user_030,hr,2026-07-16 09:36:10,2026-07-16 14:39:10,16,5,0,16,1,1,3,3,0,22.198,10.5,0,0,303.0,9.6,3,0,0,0.0,1.387375,normal
session_2ff6a9aa801a,user_005,hr,2026-07-16 09:41:22,2026-07-16 15:38:22,25,5,0,25,1,1,3,7,0,21.483,5.309,0,0,357.0,9.683333333333334,3,0,0,0.0,0.85932,normal
session_f2534da0ba3c,user_070,admin,2026-07-16 09:43:46,2026-07-16 16:51:46,24,4,0,24,1,1,5,0,0,0.0,0.0,4,0,428.0,9.716666666666667,3,0,0,0.0,0.0,normal
session_5a116d1e6201,user_004,developer,2026-07-16 09:44:18,2026-07-16 15:46:18,19,4,0,19,1,1,5,0,0,0.0,0.0,0,0,362.0,9.733333333333333,3,0,0,0.0,0.0,normal
session_1e6da5dd5bc8,user_080,hr,2026-07-16 09:44:24,2026-07-16 12:22:24,10,3,0,10,1,1,3,3,0,84.50800000000001,42.563,0,0,158.0,9.733333333333333,3,0,0,0.0,8.450800000000001,normal
session_b8a16da9a81c,user_068,developer,2026-07-16 09:45:57,2026-07-16 14:41:57,18,6,0,18,1,1,5,0,0,0.0,0.0,0,0,296.0,9.75,3,0,0,0.0,0.0,normal
session_33833a983209,user_059,analyst,2026-07-16 09:46:26,2026-07-16 13:33:26,13,3,0,13,1,1,3,5,0,58.38,16.856,0,0,227.0,9.766666666666667,3,0,0,0.0,4.490769230769231,normal
session_255158e6b14a,user_023,developer,2026-07-16 09:47:23,2026-07-16 13:45:23,14,5,0,14,1,1,5,0,0,0.0,0.0,0,0,238.0,9.783333333333333,3,0,0,0.0,0.0,normal
session_e7694007575f,user_052,finance,2026-07-16 09:48:15,2026-07-16 13:09:15,16,1,0,16,1,1,3,3,4,44.329,8.404,0,0,201.0,9.8,3,0,0,0.0,2.7705625,normal
session_e9afa563dabe,user_020,finance,2026-07-16 09:50:50,2026-07-16 13:10:50,11,5,0,11,1,1,3,2,2,65.95500000000001,22.478,0,0,200.0,9.833333333333334,3,0,0,0.0,5.995909090909092,normal
session_50e56ba9937f,user_072,hr,2026-07-16 09:51:19,2026-07-16 15:06:19,24,10,0,24,1,1,3,3,0,50.552,18.9,0,0,315.0,9.85,3,0,0,0.0,2.106333333333333,normal
session_657bb58724f2,user_062,hr,2026-07-16 09:59:27,2026-07-16 14:58:27,18,5,0,18,1,1,3,6,0,109.411,24.795,0,0,299.0,9.983333333333333,3,0,0,0.0,6.078388888888889,normal
session_6851c6c09f4d,user_067,analyst,2026-07-16 10:00:08,2026-07-16 14:27:08,17,4,0,17,1,1,4,4,0,47.073,19.884,0,0,267.0,10.0,3,0,0,0.0,2.769,normal
session_f2c256b2419a,user_019,developer,2026-07-16 10:00:21,2026-07-16 15:51:21,21,7,0,21,1,1,5,0,0,0.0,0.0,0,0,351.0,10.0,3,0,0,0.0,0.0,normal
session_ebe39653d6ae,user_048,developer,2026-07-16 10:01:24,2026-07-16 16:01:24,25,5,0,25,1,1,5,0,0,0.0,0.0,0,0,360.0,10.016666666666667,3,0,0,0.0,0.0,normal
session_01e035c4c83b,user_060,developer,2026-07-16 10:02:40,2026-07-16 17:16:40,23,8,0,23,1,1,5,0,0,0.0,0.0,0,0,434.0,10.033333333333333,3,0,0,0.0,0.0,normal
session_e04fb62ade20,user_061,analyst,2026-07-16 10:03:10,2026-07-16 17:13:10,24,6,0,24,1,1,4,6,0,31.119,8.625,0,0,430.0,10.05,3,0,0,0.0,1.296625,normal
session_c176dd38038c,user_036,developer,2026-07-16 10:04:24,2026-07-16 16:18:24,25,7,0,25,1,1,5,0,0,0.0,0.0,0,0,374.0,10.066666666666666,3,0,0,0.0,0.0,normal
session_ff6771adb992,user_037,developer,2026-07-16 10:07:16,2026-07-16 12:53:16,12,2,0,12,1,1,4,0,0,0.0,0.0,0,0,166.0,10.116666666666667,3,0,0,0.0,0.0,normal
session_70271d096963,user_014,hr,2026-07-16 10:07:42,2026-07-16 14:52:42,18,5,0,18,1,1,3,1,0,7.92,7.92,0,0,285.0,10.116666666666667,3,0,0,0.0,0.44,normal
session_19fab19a2bde,user_074,finance,2026-07-16 10:10:57,2026-07-16 17:15:57,25,6,0,25,1,1,3,5,4,29.812,7.439,0,0,425.0,10.166666666666666,3,0,0,0.0,1.19248,normal
session_bebf5bcb8ad1,user_046,hr,2026-07-16 10:11:01,2026-07-16 13:59:01,14,4,0,14,1,1,3,2,0,16.277,9.024,0,0,228.0,10.183333333333334,3,0,0,0.0,1.1626428571428573,normal
session_10fe90926997,user_017,admin,2026-07-16 10:14:10,2026-07-16 13:11:10,16,3,0,16,1,1,5,0,0,0.0,0.0,2,0,177.0,10.233333333333333,3,0,0,0.0,0.0,normal
session_0b719579a1c2,user_031,developer,2026-07-16 10:15:12,2026-07-16 17:04:12,24,6,0,24,1,1,5,0,0,0.0,0.0,0,0,409.0,10.25,3,0,0,0.0,0.0,normal
session_dfea02cc6a89,user_049,analyst,2026-07-16 10:23:43,2026-07-16 15:16:43,18,8,0,18,1,1,4,3,0,10.723,5.823,0,0,293.0,10.383333333333333,3,0,0,0.0,0.5957222222222223,normal
session_421c83167d1d,user_047,developer,2026-07-16 10:33:37,2026-07-16 13:17:37,11,1,0,11,1,1,4,0,0,0.0,0.0,0,0,164.0,10.55,3,0,0,0.0,0.0,normal
session_0788136121ac,user_071,analyst,2026-07-16 10:39:47,2026-07-16 16:11:47,20,3,0,20,1,1,4,7,0,139.21,47.301,0,0,332.0,10.65,3,0,0,0.0,6.960500000000001,normal
session_6e4d87938eee,user_035,admin,2026-07-16 10:41:21,2026-07-16 17:32:21,25,3,0,25,1,1,5,0,0,0.0,0.0,2,0,411.0,10.683333333333334,3,0,0,0.0,0.0,normal
session_13211e93825b,user_076,analyst,2026-07-16 10:55:19,2026-07-16 14:24:19,14,3,0,14,1,1,4,0,0,0.0,0.0,0,0,209.0,10.916666666666666,3,0,0,0.0,0.0,normal
session_6512bdebe00b,user_053,hr,2026-07-16 11:13:55,2026-07-16 11:25:55,5,2,0,5,1,5,2,2,0,32.319,19.386,0,1,12.0,11.216666666666667,3,0,0,0.0,6.463800000000001,device_spoofing
session_44e42cc4f082,user_002,finance,2026-07-16 11:33:15,2026-07-16 15:24:15,16,5,0,16,1,1,3,3,7,97.959,20.521,0,0,231.0,11.55,3,0,0,0.0,6.1224375,normal
session_c824d9b4a021,user_021,finance,2026-07-17 03:30:29,2026-07-17 03:39:01,33,33,33,33,4,1,1,0,0,0.0,0.0,0,1,8.533333333333333,3.5,4,0,1,1.0,0.0,brute_force
session_65af944094fb,user_014,hr,2026-07-17 03:32:57,2026-07-17 03:42:57,6,1,0,6,1,1,6,0,0,0.0,0.0,1,1,10.0,3.533333333333333,4,0,1,0.0,0.0,lateral_movement
session_c7aa0d7bc53d,user_043,hr,2026-07-17 07:26:43,2026-07-17 13:59:43,23,9,0,23,1,1,3,4,0,38.245,14.952,0,0,393.0,7.433333333333334,4,0,0,0.0,1.6628260869565217,normal
session_26b324bb887c,user_069,hr,2026-07-17 07:33:09,2026-07-17 11:58:09,20,6,0,20,1,1,3,3,0,38.103,13.998,0,0,265.0,7.55,4,0,0,0.0,1.9051500000000001,normal
session_4c87925e714d,user_030,hr,2026-07-17 07:36:03,2026-07-17 14:25:03,25,6,0,25,1,1,3,4,0,63.194,27.928,0,0,409.0,7.6,4,0,0,0.0,2.5277600000000002,normal
session_219156c04c3e,user_042,developer,2026-07-17 07:45:24,2026-07-17 13:11:24,23,9,0,23,1,1,5,0,0,0.0,0.0,0,0,326.0,7.75,4,0,0,0.0,0.0,normal
session_15880ac9b073,user_011,analyst,2026-07-17 07:50:22,2026-07-17 10:09:22,12,5,0,12,1,1,4,1,0,7.877,7.877,0,0,139.0,7.833333333333333,4,0,0,0.0,0.6564166666666666,normal
session_4f58fecd1c37,user_050,developer,2026-07-17 07:50:55,2026-07-17 10:28:55,9,2,0,9,1,1,5,0,0,0.0,0.0,0,0,158.0,7.833333333333333,4,0,0,0.0,0.0,normal
session_f1829dcbd686,user_029,admin,2026-07-17 07:58:29,2026-07-17 11:55:29,16,5,0,16,1,1,5,0,0,0.0,0.0,1,0,237.0,7.966666666666667,4,0,0,0.0,0.0,normal
session_b2b337f7e814,user_035,admin,2026-07-17 08:04:26,2026-07-17 09:32:26,9,3,0,9,1,1,4,0,0,0.0,0.0,1,0,88.0,8.066666666666666,4,0,0,0.0,0.0,normal
session_05996def3967,user_009,developer,2026-07-17 08:09:55,2026-07-17 13:21:55,22,12,0,22,1,1,5,0,0,0.0,0.0,0,0,312.0,8.15,4,0,0,0.0,0.0,normal
session_fabefbbcefbe,user_045,admin,2026-07-17 08:24:42,2026-07-17 10:12:42,9,2,0,9,1,1,4,0,0,0.0,0.0,1,0,108.0,8.4,4,0,0,0.0,0.0,normal
session_188fe58f5451,user_012,analyst,2026-07-17 08:26:49,2026-07-17 15:08:49,23,5,0,23,1,1,4,6,0,20.403,4.684,0,0,402.0,8.433333333333334,4,0,0,0.0,0.8870869565217391,normal
session_59b637a50980,user_001,finance,2026-07-17 08:28:56,2026-07-17 12:12:56,13,5,0,13,1,1,3,2,2,70.075,21.226,0,0,224.0,8.466666666666667,4,0,0,0.0,5.390384615384615,normal
session_677d9b9de24a,user_008,developer,2026-07-17 08:30:12,2026-07-17 12:31:12,16,5,0,16,1,1,4,0,0,0.0,0.0,0,0,241.0,8.5,4,0,0,0.0,0.0,normal
session_216270cf89ea,user_024,hr,2026-07-17 08:30:28,2026-07-17 13:44:28,21,4,0,21,1,1,3,10,0,250.235,42.949,0,0,314.0,8.5,4,0,0,0.0,11.915952380952382,normal
session_f1cde03756e7,user_007,developer,2026-07-17 08:32:26,2026-07-17 12:50:26,14,6,0,14,1,1,5,0,0,0.0,0.0,0,0,258.0,8.533333333333333,4,0,0,0.0,0.0,normal
session_9aa490b57759,user_018,developer,2026-07-17 08:34:23,2026-07-17 12:36:23,14,1,0,14,1,1,5,0,0,0.0,0.0,0,0,242.0,8.566666666666666,4,0,0,0.0,0.0,normal
session_d7e1563e4cf9,user_040,finance,2026-07-17 08:34:29,2026-07-17 11:55:29,14,2,0,14,1,1,3,4,1,75.721,22.633,0,0,201.0,8.566666666666666,4,0,0,0.0,5.4086428571428575,normal
session_57591be2b64d,user_032,hr,2026-07-17 08:38:31,2026-07-17 13:31:31,18,3,0,18,1,1,3,5,0,20.347,5.291,0,0,293.0,8.633333333333333,4,0,0,0.0,1.1303888888888889,normal
session_0ff3a370ca0d,user_028,developer,2026-07-17 08:42:25,2026-07-17 13:58:25,24,4,0,24,1,1,5,0,0,0.0,0.0,0,0,316.0,8.7,4,0,0,0.0,0.0,normal
session_6f1804e86220,user_022,developer,2026-07-17 08:42:47,2026-07-17 13:52:47,16,4,0,16,1,1,5,0,0,0.0,0.0,0,0,310.0,8.7,4,0,0,0.0,0.0,normal
session_d92f7a21ac41,user_027,developer,2026-07-17 08:43:16,2026-07-17 13:03:16,18,6,0,18,1,1,4,0,0,0.0,0.0,0,0,260.0,8.716666666666667,4,0,0,0.0,0.0,normal
session_58039834c5df,user_044,developer,2026-07-17 08:45:48,2026-07-17 14:24:48,21,4,0,21,1,1,5,0,0,0.0,0.0,0,0,339.0,8.75,4,0,0,0.0,0.0,normal
session_afa8a7575171,user_005,hr,2026-07-17 08:46:07,2026-07-17 12:16:07,16,3,0,16,1,1,3,5,0,23.467,9.096,0,0,210.0,8.766666666666667,4,0,0,0.0,1.4666875,normal
session_c090e4e5c85f,user_006,analyst,2026-07-17 08:47:05,2026-07-17 11:41:05,11,5,0,11,1,1,4,4,0,47.572,17.11,0,0,174.0,8.783333333333333,4,0,0,0.0,4.324727272727273,normal
session_3390e6406adf,user_015,finance,2026-07-17 08:50:09,2026-07-17 12:09:09,12,2,0,12,1,1,3,2,4,20.579,4.082,0,0,199.0,8.833333333333334,4,0,0,0.0,1.7149166666666666,normal
session_d6328597b2e6,user_031,developer,2026-07-17 08:51:15,2026-07-17 15:24:15,25,8,0,25,1,1,5,0,0,0.0,0.0,0,0,393.0,8.85,4,0,0,0.0,0.0,normal
session_8f7c22dd0c20,user_066,developer,2026-07-17 08:54:28,2026-07-17 13:02:28,16,6,0,16,1,1,5,0,0,0.0,0.0,0,0,248.0,8.9,4,0,0,0.0,0.0,normal
session_231577fe661a,user_056,hr,2026-07-17 08:55:29,2026-07-17 14:33:29,23,9,0,23,1,1,3,1,0,44.1,44.1,0,0,338.0,8.916666666666666,4,0,0,0.0,1.9173913043478261,normal
session_3c526a3f8fa5,user_067,analyst,2026-07-17 08:55:48,2026-07-17 11:49:48,12,3,0,12,1,1,4,2,0,34.682,23.817,0,0,174.0,8.916666666666666,4,0,0,0.0,2.890166666666667,normal
session_6eac212acebb,user_051,analyst,2026-07-17 08:57:07,2026-07-17 14:16:07,17,5,0,17,1,1,4,4,0,30.59,10.137,0,0,319.0,8.95,4,0,0,0.0,1.7994117647058823,normal
session_4cab2093373e,user_025,hr,2026-07-17 08:57:30,2026-07-17 11:39:30,10,3,0,10,1,1,2,2,0,6.223,4.455,0,0,162.0,8.95,4,0,0,0.0,0.6223,normal
session_2b34ab024c52,user_059,analyst,2026-07-17 08:57:42,2026-07-17 09:57:42,6,1,0,6,1,1,3,2,0,53.666000000000004,14.666,0,0,60.0,8.95,4,0,0,0.0,8.944333333333335,normal
session_245d78f5819c,user_016,developer,2026-07-17 09:00:05,2026-07-17 13:14:05,19,6,0,19,1,1,5,0,0,0.0,0.0,0,0,254.0,9.0,4,0,0,0.0,0.0,normal
session_3fb71c7dd81a,user_013,hr,2026-07-17 09:00:35,2026-07-17 11:32:35,12,4,0,12,1,1,3,1,0,4.827,4.827,0,0,152.0,9.0,4,0,0,0.0,0.40225,normal
session_2b88ab7002f0,user_062,hr,2026-07-17 09:04:56,2026-07-17 13:26:56,16,2,0,16,1,1,3,4,0,62.101,20.916,0,0,262.0,9.066666666666666,4,0,0,0.0,3.8813125,normal
session_c9d24dc3eaab,user_023,developer,2026-07-17 09:05:22,2026-07-17 13:41:22,21,6,0,21,1,1,5,0,0,0.0,0.0,0,0,276.0,9.083333333333334,4,0,0,0.0,0.0,normal
session_cf83b5ada653,user_038,developer,2026-07-17 09:08:00,2026-07-17 13:56:00,21,5,0,21,1,1,5,0,0,0.0,0.0,0,0,288.0,9.133333333333333,4,0,0,0.0,0.0,normal
session_4a7e72aa59bf,user_039,developer,2026-07-17 09:08:41,2026-07-17 12:49:41,17,4,0,17,1,1,5,0,0,0.0,0.0,0,0,221.0,9.133333333333333,4,0,0,0.0,0.0,normal
session_c9ee5f39be4c,user_058,hr,2026-07-17 09:10:02,2026-07-17 12:22:02,11,3,0,11,1,1,3,3,0,33.777,16.376,0,0,192.0,9.166666666666666,4,0,0,0.0,3.0706363636363636,normal
session_687aa9b9c5d8,user_078,developer,2026-07-17 09:11:27,2026-07-17 15:14:27,25,9,0,25,1,1,5,0,0,0.0,0.0,0,0,363.0,9.183333333333334,4,0,0,0.0,0.0,normal
session_2f86bda1a9ac,user_010,finance,2026-07-17 09:12:40,2026-07-17 11:37:40,10,3,0,10,1,1,3,1,1,20.015,12.212,0,0,145.0,9.2,4,0,0,0.0,2.0015,normal
session_5f90d9e52114,user_059,analyst,2026-07-17 09:14:00,2026-07-17 13:44:00,20,8,0,20,1,1,4,3,0,41.902,21.064,0,0,270.0,9.233333333333333,4,0,0,0.0,2.0951,normal
session_6d67ab4b089d,user_080,hr,2026-07-17 09:16:04,2026-07-17 11:14:04,10,4,0,10,1,1,3,2,0,27.661,14.719,0,0,118.0,9.266666666666667,4,0,0,0.0,2.7661000000000002,normal
session_5709bd508613,user_077,admin,2026-07-17 09:17:31,2026-07-17 16:17:31,25,6,0,25,1,1,5,0,0,0.0,0.0,2,0,420.0,9.283333333333333,4,0,0,0.0,0.0,normal
session_3c4eba286553,user_021,finance,2026-07-17 09:18:45,2026-07-17 15:24:45,24,9,0,24,1,1,3,2,2,18.589,6.007,0,0,366.0,9.3,4,0,0,0.0,0.7745416666666666,normal
session_11dc17317cdc,user_063,finance,2026-07-17 09:19:18,2026-07-17 12:12:18,13,2,0,13,1,1,3,1,5,39.08,10.287,0,0,173.0,9.316666666666666,4,0,0,0.0,3.006153846153846,normal
session_859da862497e,user_036,developer,2026-07-17 09:22:21,2026-07-17 14:11:21,18,2,0,18,1,1,5,0,0,0.0,0.0,0,0,289.0,9.366666666666667,4,0,0,0.0,0.0,normal
session_9ff30bc18f97,user_049,analyst,2026-07-17 09:24:33,2026-07-17 14:53:33,20,9,0,20,1,1,4,1,0,3.85,3.85,0,0,329.0,9.4,4,0,0,0.0,0.1925,normal
session_c4271926d753,user_065,hr,2026-07-17 09:25:17,2026-07-17 14:08:17,16,5,0,16,1,1,3,5,0,46.904,13.371,0,0,283.0,9.416666666666666,4,0,0,0.0,2.9315,normal
session_e4d596bf7386,user_004,developer,2026-07-17 09:29:15,2026-07-17 13:35:15,18,5,0,18,1,1,5,0,0,0.0,0.0,0,0,246.0,9.483333333333333,4,0,0,0.0,0.0,normal
session_f973fd4788cb,user_057,developer,2026-07-17 09:31:40,2026-07-17 12:58:40,12,3,0,12,1,1,5,0,0,0.0,0.0,0,0,207.0,9.516666666666667,4,0,0,0.0,0.0,normal
session_2d52f32fe98e,user_020,finance,2026-07-17 09:34:40,2026-07-17 14:12:40,15,2,0,15,1,1,3,4,2,99.214,25.831,0,0,278.0,9.566666666666666,4,0,0,0.0,6.6142666666666665,normal
session_434a0c6e8cbc,user_075,developer,2026-07-17 09:38:00,2026-07-17 15:04:00,21,4,0,21,1,1,5,0,0,0.0,0.0,0,0,326.0,9.633333333333333,4,0,0,0.0,0.0,normal
session_9b5b7f06ded3,user_003,developer,2026-07-17 09:48:13,2026-07-17 12:47:13,14,3,0,14,1,1,5,0,0,0.0,0.0,0,0,179.0,9.8,4,0,0,0.0,0.0,normal
session_eac264b2abdd,user_068,developer,2026-07-17 09:48:15,2026-07-17 15:11:15,22,3,0,22,1,1,5,0,0,0.0,0.0,0,0,323.0,9.8,4,0,0,0.0,0.0,normal
session_adfe6d61812b,user_070,admin,2026-07-17 09:59:18,2026-07-17 12:59:18,12,4,0,12,1,1,4,0,0,0.0,0.0,1,0,180.0,9.983333333333333,4,0,0,0.0,0.0,normal
session_6f64edfcf40d,user_017,admin,2026-07-17 10:01:07,2026-07-17 12:10:07,10,4,0,10,1,1,4,0,0,0.0,0.0,3,0,129.0,10.016666666666667,4,0,0,0.0,0.0,normal
session_645c15c59815,user_073,hr,2026-07-17 10:01:40,2026-07-17 14:04:40,17,7,0,17,1,1,3,2,0,12.516,7.687,0,0,243.0,10.016666666666667,4,0,0,0.0,0.7362352941176471,normal
session_edeac5282597,user_048,developer,2026-07-17 10:01:43,2026-07-17 14:49:43,21,5,0,21,1,1,5,0,0,0.0,0.0,0,0,288.0,10.016666666666667,4,0,0,0.0,0.0,normal
session_82160bf56747,user_026,analyst,2026-07-17 10:05:58,2026-07-17 13:22:58,10,5,0,10,1,1,3,2,0,14.421,9.366,0,0,197.0,10.083333333333334,4,0,0,0.0,1.4421,normal
session_10074cb7b57a,user_019,developer,2026-07-17 10:12:28,2026-07-17 14:17:28,22,2,0,22,1,1,5,0,0,0.0,0.0,0,0,245.0,10.2,4,0,0,0.0,0.0,normal
session_be38fc113dc5,user_047,developer,2026-07-17 10:12:35,2026-07-17 16:44:35,21,5,0,21,1,1,5,0,0,0.0,0.0,0,0,392.0,10.2,4,0,0,0.0,0.0,normal
session_4c39c04dacbb,user_052,finance,2026-07-17 10:13:01,2026-07-17 17:28:01,25,7,0,25,1,1,3,3,4,40.375,7.498,0,0,435.0,10.216666666666667,4,0,0,0.0,1.615,normal
session_911e019c39e7,user_002,finance,2026-07-17 10:13:49,2026-07-17 13:22:49,11,4,0,11,1,1,3,2,2,42.102000000000004,11.888,0,0,189.0,10.216666666666667,4,0,0,0.0,3.827454545454546,normal
session_d41a6a1f8794,user_034,finance,2026-07-17 10:14:03,2026-07-17 14:41:03,14,4,0,14,1,1,3,5,3,82.036,22.058,0,0,267.0,10.233333333333333,4,0,0,0.0,5.859714285714285,normal
session_f68ed4fc4f12,user_037,developer,2026-07-17 10:14:37,2026-07-17 13:48:37,13,1,0,13,1,1,4,0,0,0.0,0.0,0,0,214.0,10.233333333333333,4,0,0,0.0,0.0,normal
session_486d2b059896,user_046,hr,2026-07-17 10:15:34,2026-07-17 15:09:34,20,5,0,20,1,1,3,5,0,44.975,10.176,0,0,294.0,10.25,4,0,0,0.0,2.2487500000000002,normal
session_e97dee59c1b8,user_074,finance,2026-07-17 10:20:25,2026-07-17 15:02:25,17,6,0,17,1,1,3,0,3,12.07,6.758,0,0,282.0,10.333333333333334,4,0,0,0.0,0.71,normal
session_8ccb667d5bab,user_060,developer,2026-07-17 10:20:49,2026-07-17 14:33:49,16,3,0,16,1,1,5,0,0,0.0,0.0,0,0,253.0,10.333333333333334,4,0,0,0.0,0.0,normal
session_73c4ad463c73,user_033,developer,2026-07-17 10:25:55,2026-07-17 14:25:55,16,4,0,16,1,1,5,0,0,0.0,0.0,0,0,240.0,10.416666666666666,4,0,0,0.0,0.0,normal
session_01a3c633eeac,user_071,analyst,2026-07-17 10:26:12,2026-07-17 13:25:12,14,5,0,14,1,1,4,4,0,81.713,30.814,0,0,179.0,10.433333333333334,4,0,0,0.0,5.836642857142857,normal
session_b4613f467216,user_014,hr,2026-07-17 10:28:21,2026-07-17 12:33:21,10,3,0,10,1,1,2,5,0,56.462,19.27,0,0,125.0,10.466666666666667,4,0,0,0.0,5.6462,normal
session_753ad8f692f3,user_041,finance,2026-07-17 10:31:05,2026-07-17 16:23:05,21,6,0,21,1,1,3,3,4,121.279,35.654,0,0,352.0,10.516666666666667,4,0,0,0.0,5.775190476190476,normal
session_34b13a156a96,user_076,analyst,2026-07-17 10:32:14,2026-07-17 12:52:14,9,2,0,9,1,1,4,5,0,31.522,8.607,0,0,140.0,10.533333333333333,4,0,0,0.0,3.5024444444444445,normal
session_df9db01a3780,user_079,developer,2026-07-17 10:54:34,2026-07-17 11:28:34,2,2,0,2,2,2,1,0,0,0.0,0.0,0,1,34.0,10.9,4,0,0,0.0,0.0,impossible_travel
session_3ba4d22284a8,user_055,analyst,2026-07-17 11:05:10,2026-07-17 15:13:10,17,2,0,17,1,1,4,6,0,86.93299999999999,19.22,0,0,248.0,11.083333333333334,4,0,0,0.0,5.11370588235294,normal
session_ab3af28044e7,user_061,analyst,2026-07-17 11:06:42,2026-07-17 15:26:42,19,5,0,19,1,1,4,4,0,21.826,9.137,0,0,260.0,11.1,4,0,0,0.0,1.1487368421052633,normal
session_55f886d49e03,user_079,developer,2026-07-17 11:11:38,2026-07-17 15:06:38,16,2,0,16,1,1,4,0,0,0.0,0.0,0,0,235.0,11.183333333333334,4,0,0,0.0,0.0,normal
session_39af44bf8c72,user_054,developer,2026-07-17 11:17:48,2026-07-17 15:48:48,17,3,0,17,1,1,5,0,0,0.0,0.0,0,0,271.0,11.283333333333333,4,0,0,0.0,0.0,normal
session_f2c4f62b84f1,user_053,hr,2026-07-17 11:34:47,2026-07-17 18:29:47,24,7,0,24,1,1,3,5,0,23.841,7.609,0,0,415.0,11.566666666666666,4,0,0,0.0,0.993375,normal
session_ac0fea58aa9e,user_076,analyst,2026-07-17 15:04:34,2026-07-17 15:04:34,1,0,0,1,1,1,1,0,0,4.727,4.727,0,1,0.0,15.066666666666666,4,0,0,0.0,4.727,insider_drift
session_aec9c5690a8b,user_005,hr,2026-07-17 15:48:48,2026-07-17 16:48:48,7,1,0,7,1,1,3,2,0,89.8,21.247,0,0,60.0,15.8,4,0,0,0.0,12.828571428571427,normal
session_6cff4bd8ea85,user_011,analyst,2026-07-17 23:30:45,2026-07-17 23:33:41,13,13,13,13,4,1,1,0,0,0.0,0.0,0,1,2.933333333333333,23.5,4,0,1,1.0,0.0,brute_force
session_33125da47535,user_059,analyst,2026-07-18 01:18:07,2026-07-18 01:28:07,6,1,0,6,1,1,6,0,0,0.0,0.0,1,1,10.0,1.3,5,1,1,0.0,0.0,lateral_movement
session_8f3812df9cc4,user_069,hr,2026-07-18 01:30:28,2026-07-18 01:39:10,31,31,31,31,4,1,1,0,0,0.0,0.0,0,1,8.7,1.5,5,1,1,1.0,0.0,brute_force
session_d8cacfcaa458,user_026,analyst,2026-07-18 01:56:13,2026-07-18 02:06:13,6,1,0,6,1,1,6,0,0,0.0,0.0,1,1,10.0,1.9333333333333333,5,1,1,0.0,0.0,lateral_movement
session_e59c88b20d47,user_053,hr,2026-07-18 03:30:09,2026-07-18 03:37:39,31,31,31,31,4,1,1,0,0,0.0,0.0,0,1,7.5,3.5,5,1,1,1.0,0.0,brute_force
session_a51d449631f4,user_045,admin,2026-07-18 07:38:53,2026-07-18 15:05:53,25,4,0,25,1,1,5,0,0,0.0,0.0,5,0,447.0,7.633333333333333,5,1,0,0.0,0.0,normal
session_52a38fee786a,user_078,developer,2026-07-18 07:48:51,2026-07-18 12:10:51,16,5,0,16,1,1,5,0,0,0.0,0.0,0,0,262.0,7.8,5,1,0,0.0,0.0,normal
session_ab23780ff4ae,user_065,hr,2026-07-18 08:01:14,2026-07-18 11:32:14,13,3,0,13,1,1,3,3,0,36.111,15.774,0,0,211.0,8.016666666666667,5,1,0,0.0,2.7777692307692305,normal
session_da7d671f7633,user_023,developer,2026-07-18 08:05:23,2026-07-18 14:40:23,24,4,0,24,1,1,5,0,0,0.0,0.0,0,0,395.0,8.083333333333334,5,1,0,0.0,0.0,normal
session_f61eee67cfe5,user_004,developer,2026-07-18 08:05:52,2026-07-18 13:56:52,22,7,0,22,1,1,5,0,0,0.0,0.0,0,0,351.0,8.083333333333334,5,1,0,0.0,0.0,normal
session_dd4159b3d64b,user_021,finance,2026-07-18 08:11:19,2026-07-18 11:51:19,14,2,0,14,1,1,3,2,2,13.426,4.76,0,0,220.0,8.183333333333334,5,1,0,0.0,0.959,normal
session_78271772942e,user_069,hr,2026-07-18 08:15:05,2026-07-18 13:38:05,23,6,0,23,1,1,3,7,0,78.361,17.244,0,0,323.0,8.25,5,1,0,0.0,3.407,normal
session_ade8a2d464e7,user_018,developer,2026-07-18 08:31:40,2026-07-18 16:00:40,24,6,0,24,1,1,5,0,0,0.0,0.0,0,0,449.0,8.516666666666667,5,1,0,0.0,0.0,normal
session_26d81e6ae6e9,user_058,hr,2026-07-18 08:34:57,2026-07-18 12:39:57,16,5,0,16,1,1,3,5,0,56.971999999999994,16.179,0,0,245.0,8.566666666666666,5,1,0,0.0,3.5607499999999996,normal
session_ca8ce02b1e95,user_077,admin,2026-07-18 08:44:36,2026-07-18 14:57:36,24,3,0,24,1,1,5,0,0,0.0,0.0,5,0,373.0,8.733333333333333,5,1,0,0.0,0.0,normal
session_49e4d3f1430b,user_019,developer,2026-07-18 08:50:37,2026-07-18 14:42:37,21,7,0,21,1,1,5,0,0,0.0,0.0,0,0,352.0,8.833333333333334,5,1,0,0.0,0.0,normal
session_da2bc86ebdac,user_026,analyst,2026-07-18 08:50:54,2026-07-18 12:16:54,15,6,0,15,1,1,4,3,0,30.178,18.582,0,0,206.0,8.833333333333334,5,1,0,0.0,2.0118666666666667,normal
session_b34dbad48276,user_034,finance,2026-07-18 08:52:31,2026-07-18 14:19:31,20,6,0,20,1,1,3,5,3,55.489000000000004,10.266,0,0,327.0,8.866666666666667,5,1,0,0.0,2.7744500000000003,normal
session_b6c3f761a004,user_025,hr,2026-07-18 09:13:49,2026-07-18 15:27:49,25,6,0,25,1,1,3,6,0,17.776,4.425,0,0,374.0,9.216666666666667,5,1,0,0.0,0.71104,normal
session_8713ad25786e,user_071,analyst,2026-07-18 09:20:08,2026-07-18 14:15:08,17,5,0,17,1,1,4,2,0,62.19499999999999,45.928,0,0,295.0,9.333333333333334,5,1,0,0.0,3.6585294117647056,normal
session_42d055add1ff,user_051,analyst,2026-07-18 09:24:55,2026-07-18 09:59:55,2,2,0,2,2,2,1,0,0,0.0,0.0,0,1,35.0,9.4,5,1,0,0.0,0.0,impossible_travel
session_c17efe83c670,user_037,developer,2026-07-18 09:27:01,2026-07-18 15:31:01,20,4,0,20,1,1,5,0,0,0.0,0.0,0,0,364.0,9.45,5,1,0,0.0,0.0,normal
session_6184ff48a950,user_051,analyst,2026-07-18 09:27:28,2026-07-18 13:21:28,15,3,0,15,1,1,4,5,0,28.474,6.457,0,0,234.0,9.45,5,1,0,0.0,1.8982666666666668,normal
session_96624d677a14,user_067,analyst,2026-07-18 09:28:31,2026-07-18 15:38:31,23,4,0,23,1,1,4,6,0,75.735,19.075,0,0,370.0,9.466666666666667,5,1,0,0.0,3.292826086956522,normal
session_f4f0c15a959f,user_021,finance,2026-07-18 09:36:22,2026-07-18 10:00:22,9,4,0,9,1,9,3,2,0,72.124,18.639,0,1,24.0,9.6,5,1,0,0.0,8.013777777777777,device_spoofing
session_09a7415e7c6c,user_057,developer,2026-07-18 09:36:52,2026-07-18 13:31:52,15,2,0,15,1,1,5,0,0,0.0,0.0,0,0,235.0,9.6,5,1,0,0.0,0.0,normal
session_b46dbecce5fc,user_046,hr,2026-07-18 09:40:32,2026-07-18 13:29:32,16,7,0,16,1,1,3,3,0,18.395,6.279,0,0,229.0,9.666666666666666,5,1,0,0.0,1.1496875,normal
session_195ffb0c5823,user_053,hr,2026-07-18 09:42:02,2026-07-18 13:01:02,13,3,0,13,1,1,3,4,0,21.294,7.036,0,0,199.0,9.7,5,1,0,0.0,1.6380000000000001,normal
session_ed5ecfcd20d4,user_074,finance,2026-07-18 10:00:41,2026-07-18 12:39:41,11,2,0,11,1,1,3,2,0,8.19,4.686,0,0,159.0,10.0,5,1,0,0.0,0.7445454545454545,normal
session_1f438cdbc7a4,user_047,developer,2026-07-18 10:09:35,2026-07-18 14:17:35,15,2,0,15,1,1,5,0,0,0.0,0.0,0,0,248.0,10.15,5,1,0,0.0,0.0,normal
session_618ebc32ef39,user_078,developer,2026-07-18 10:15:52,2026-07-18 11:15:52,6,0,0,6,1,1,4,0,0,34.489000000000004,11.746,0,0,60.0,10.25,5,1,0,0.0,5.748166666666667,normal
session_81ceffdab8f0,user_022,developer,2026-07-18 10:29:41,2026-07-18 10:29:41,1,0,0,1,1,1,1,1,0,24.436,24.436,0,1,0.0,10.483333333333333,5,1,0,0.0,24.436,low_slow_exfiltration
session_b28bd9212e60,user_003,developer,2026-07-18 11:05:56,2026-07-18 14:17:56,13,5,0,13,1,1,5,0,0,0.0,0.0,0,0,192.0,11.083333333333334,5,1,0,0.0,0.0,normal
session_40b4ea0cd08c,user_002,finance,2026-07-18 11:17:32,2026-07-18 13:00:32,9,4,0,9,1,1,3,2,1,30.0,18.319,0,0,103.0,11.283333333333333,5,1,0,0.0,3.3333333333333335,normal
session_27f05452a13c,user_052,finance,2026-07-18 13:05:56,2026-07-18 13:05:56,1,0,0,1,1,1,1,1,0,7.055,7.055,0,1,0.0,13.083333333333334,5,1,0,0.0,7.055,low_slow_exfiltration
session_d3a25e3618ae,user_076,analyst,2026-07-18 15:13:46,2026-07-18 15:13:46,1,0,0,1,1,1,1,0,0,5.909,5.909,0,1,0.0,15.216666666666667,5,1,0,0.0,5.909,insider_drift
session_ba025666a757,user_060,developer,2026-07-19 00:21:23,2026-07-19 00:21:23,1,1,0,1,1,1,1,0,0,0.0,0.0,0,1,0.0,0.35,6,1,1,0.0,0.0,credential_stuffing
session_11ac7ab556e8,user_030,hr,2026-07-19 00:21:43,2026-07-19 00:21:43,1,1,0,1,1,1,1,0,0,0.0,0.0,0,1,0.0,0.35,6,1,1,0.0,0.0,credential_stuffing
session_08baf356e960,user_033,developer,2026-07-19 00:22:03,2026-07-19 00:22:03,1,1,1,1,1,1,1,0,0,0.0,0.0,0,1,0.0,0.36666666666666664,6,1,1,1.0,0.0,credential_stuffing
session_2c0be9287b9c,user_004,developer,2026-07-19 00:22:23,2026-07-19 00:22:23,1,1,0,1,1,1,1,0,0,0.0,0.0,0,1,0.0,0.36666666666666664,6,1,1,0.0,0.0,credential_stuffing
session_b98f577b8705,user_006,analyst,2026-07-19 00:22:43,2026-07-19 00:22:43,1,1,1,1,1,1,1,0,0,0.0,0.0,0,1,0.0,0.36666666666666664,6,1,1,1.0,0.0,credential_stuffing
session_4fa882ef9991,user_048,developer,2026-07-19 00:23:03,2026-07-19 00:23:03,1,1,0,1,1,1,1,0,0,0.0,0.0,0,1,0.0,0.38333333333333336,6,1,1,0.0,0.0,credential_stuffing
session_b15794ce9dc5,user_045,admin,2026-07-19 00:23:23,2026-07-19 00:23:23,1,1,0,1,1,1,1,0,0,0.0,0.0,0,1,0.0,0.38333333333333336,6,1,1,0.0,0.0,credential_stuffing
session_bd89d9f97696,user_059,analyst,2026-07-19 01:24:40,2026-07-19 01:34:40,6,1,0,6,1,1,6,0,0,0.0,0.0,1,1,10.0,1.4,6,1,1,0.0,0.0,lateral_movement
session_c7500cf4dbbf,user_038,developer,2026-07-19 01:30:40,2026-07-19 01:34:28,15,15,15,15,4,1,1,0,0,0.0,0.0,0,1,3.8,1.5,6,1,1,1.0,0.0,brute_force
session_7ca728570cfd,user_033,developer,2026-07-19 03:54:52,2026-07-19 04:04:52,6,1,0,6,1,1,6,0,0,0.0,0.0,1,1,10.0,3.9,6,1,1,0.0,0.0,lateral_movement
session_9b4f408b681d,user_069,hr,2026-07-19 07:35:41,2026-07-19 11:32:41,17,5,0,17,1,1,3,8,0,120.358,23.314,0,0,237.0,7.583333333333333,6,1,0,0.0,7.079882352941176,normal
session_5217a5b5d04a,user_023,developer,2026-07-19 08:22:12,2026-07-19 15:38:12,25,5,0,25,1,1,5,0,0,0.0,0.0,0,0,436.0,8.366666666666667,6,1,0,0.0,0.0,normal
session_96711b2218dc,user_029,admin,2026-07-19 08:32:58,2026-07-19 11:52:58,15,1,0,15,1,1,5,0,0,0.0,0.0,2,0,200.0,8.533333333333333,6,1,0,0.0,0.0,normal
session_2ef0fff10d09,user_005,hr,2026-07-19 08:39:49,2026-07-19 10:09:49,7,0,0,7,1,1,1,0,0,102.837,29.281,0,0,90.0,8.65,6,1,0,0.0,14.691,normal
session_14de7ab9244e,user_032,hr,2026-07-19 08:43:38,2026-07-19 12:00:38,13,3,0,13,1,1,3,6,0,24.290000000000003,5.344,0,0,197.0,8.716666666666667,6,1,0,0.0,1.8684615384615386,normal
session_c6e1bcc2b26f,user_043,hr,2026-07-19 08:48:51,2026-07-19 14:00:51,20,8,0,20,1,1,3,2,0,16.022,11.005,0,0,312.0,8.8,6,1,0,0.0,0.8010999999999999,normal
session_664ed4b5ddfa,user_072,hr,2026-07-19 08:51:12,2026-07-19 12:17:12,14,4,0,14,1,1,3,2,0,36.11,18.325,0,0,206.0,8.85,6,1,0,0.0,2.579285714285714,normal
session_4168b0f8d7cd,user_058,hr,2026-07-19 08:51:49,2026-07-19 14:35:49,22,6,0,22,1,1,3,3,0,23.989,9.051,0,0,344.0,8.85,6,1,0,0.0,1.0904090909090909,normal
session_36b1f278c177,user_051,analyst,2026-07-19 08:59:12,2026-07-19 13:36:12,19,6,0,19,1,1,4,6,0,35.738,9.261,0,0,277.0,8.983333333333333,6,1,0,0.0,1.8809473684210527,normal
session_4b0533ed92a0,user_073,hr,2026-07-19 09:01:51,2026-07-19 13:37:51,17,5,0,17,1,1,3,6,0,44.754999999999995,9.849,0,0,276.0,9.016666666666667,6,1,0,0.0,2.632647058823529,normal
session_33ba637b15b4,user_013,hr,2026-07-19 09:03:29,2026-07-19 09:24:29,8,4,0,8,1,8,3,3,0,91.992,19.613,0,1,21.0,9.05,6,1,0,0.0,11.499,device_spoofing
session_31f0b577abb8,user_005,hr,2026-07-19 09:04:14,2026-07-19 13:32:14,19,2,0,19,1,1,3,5,0,12.59,4.448,0,0,268.0,9.066666666666666,6,1,0,0.0,0.6626315789473685,normal
session_ab2cf53ad7f0,user_063,finance,2026-07-19 09:05:21,2026-07-19 12:28:21,15,4,0,15,1,1,3,3,1,24.591,9.002,0,0,203.0,9.083333333333334,6,1,0,0.0,1.6394,normal
session_e84c4cb00564,user_004,developer,2026-07-19 09:11:05,2026-07-19 13:30:05,18,7,0,18,1,1,5,0,0,0.0,0.0,0,0,259.0,9.183333333333334,6,1,0,0.0,0.0,normal
session_956b5a91d438,user_077,admin,2026-07-19 09:16:01,2026-07-19 17:00:01,23,3,0,23,1,1,5,0,0,0.0,0.0,4,0,464.0,9.266666666666667,6,1,0,0.0,0.0,normal
session_345e95288a27,user_035,admin,2026-07-19 09:18:42,2026-07-19 12:27:42,16,3,0,16,1,1,4,0,0,0.0,0.0,0,0,189.0,9.3,6,1,0,0.0,0.0,normal
session_c00c05e87daa,user_016,developer,2026-07-19 09:21:15,2026-07-19 14:52:15,20,6,0,20,1,1,5,0,0,0.0,0.0,0,0,331.0,9.35,6,1,0,0.0,0.0,normal
session_a5f9c1b6411a,user_062,hr,2026-07-19 09:23:53,2026-07-19 10:08:53,4,0,0,4,1,1,1,2,0,44.938,23.445,0,0,45.0,9.383333333333333,6,1,0,0.0,11.2345,normal
session_67de2e5b1526,user_009,developer,2026-07-19 09:29:16,2026-07-19 15:42:16,23,5,0,23,1,1,5,0,0,0.0,0.0,0,0,373.0,9.483333333333333,6,1,0,0.0,0.0,normal
session_fa8ad241fc1e,user_027,developer,2026-07-19 09:32:32,2026-07-19 15:27:32,19,7,0,19,1,1,5,0,0,0.0,0.0,0,0,355.0,9.533333333333333,6,1,0,0.0,0.0,normal
session_d6979c398d99,user_015,finance,2026-07-19 09:37:00,2026-07-19 09:46:00,4,2,0,4,1,4,3,1,0,37.196,16.252,0,1,9.0,9.616666666666667,6,1,0,0.0,9.299,device_spoofing
session_049fb5d97db0,user_071,analyst,2026-07-19 09:39:12,2026-07-19 12:40:12,13,5,0,13,1,1,4,2,0,33.263999999999996,16.918,0,0,181.0,9.65,6,1,0,0.0,2.5587692307692302,normal
session_1432f0307674,user_036,developer,2026-07-19 09:42:31,2026-07-19 12:59:31,11,4,0,11,1,1,4,0,0,0.0,0.0,0,0,197.0,9.7,6,1,0,0.0,0.0,normal
session_2becf980050f,user_010,finance,2026-07-19 09:46:06,2026-07-19 16:36:06,25,3,0,25,1,1,3,4,6,57.617,8.676,0,0,410.0,9.766666666666667,6,1,0,0.0,2.30468,normal
session_99a30c733f06,user_062,hr,2026-07-19 10:11:09,2026-07-19 16:41:09,25,5,0,25,1,1,3,13,0,227.153,45.857,0,0,390.0,10.183333333333334,6,1,0,0.0,9.08612,normal
session_be09669cacba,user_056,hr,2026-07-19 10:36:14,2026-07-19 14:35:14,12,6,0,12,1,1,3,2,0,53.822,31.299,0,0,239.0,10.6,6,1,0,0.0,4.485166666666667,normal
session_b0150ad53782,user_041,finance,2026-07-19 11:01:30,2026-07-19 14:41:30,14,1,0,14,1,1,3,1,2,45.853,19.939,0,0,220.0,11.016666666666667,6,1,0,0.0,3.2752142857142856,normal
session_1a243e250107,user_079,developer,2026-07-19 11:20:43,2026-07-19 15:17:43,15,2,0,15,1,1,5,0,0,0.0,0.0,0,0,237.0,11.333333333333334,6,1,0,0.0,0.0,normal
session_8d22ed1630c6,user_022,developer,2026-07-19 11:48:42,2026-07-19 11:48:42,1,0,0,1,1,1,1,1,0,31.563,31.563,0,1,0.0,11.8,6,1,0,0.0,31.563,low_slow_exfiltration
session_e71c987b2a11,user_052,finance,2026-07-19 12:45:57,2026-07-19 12:45:57,1,0,0,1,1,1,1,1,0,9.112,9.112,0,1,0.0,12.75,6,1,0,0.0,9.112,low_slow_exfiltration
session_06ef8bdf361f,user_076,analyst,2026-07-19 15:22:05,2026-07-19 15:22:05,1,0,0,1,1,1,1,0,0,7.091,7.091,0,1,0.0,15.366666666666667,6,1,0,0.0,7.091,insider_drift
session_893c4f8695e5,user_009,developer,2026-07-20 00:40:24,2026-07-20 00:50:24,6,1,0,6,1,1,6,0,0,0.0,0.0,1,1,10.0,0.6666666666666666,0,0,1,0.0,0.0,lateral_movement
session_0c00533f4895,user_012,analyst,2026-07-20 01:44:38,2026-07-20 01:54:38,6,1,0,6,1,1,6,0,0,0.0,0.0,1,1,10.0,1.7333333333333334,0,0,1,0.0,0.0,lateral_movement
session_e9cbb853f480,user_036,developer,2026-07-20 02:11:47,2026-07-20 02:11:47,1,1,1,1,1,1,1,0,0,0.0,0.0,0,1,0.0,2.183333333333333,0,0,1,1.0,0.0,credential_stuffing
session_a6d7ab447a23,user_050,developer,2026-07-20 02:12:07,2026-07-20 02:12:07,1,1,1,1,1,1,1,0,0,0.0,0.0,0,1,0.0,2.2,0,0,1,1.0,0.0,credential_stuffing
session_4a6735e36734,user_044,developer,2026-07-20 02:12:27,2026-07-20 02:12:27,1,1,1,1,1,1,1,0,0,0.0,0.0,0,1,0.0,2.2,0,0,1,1.0,0.0,credential_stuffing
session_08d2dba011ed,user_080,hr,2026-07-20 02:12:47,2026-07-20 02:12:47,1,1,1,1,1,1,1,0,0,0.0,0.0,0,1,0.0,2.2,0,0,1,1.0,0.0,credential_stuffing
session_a8852ee857bd,user_019,developer,2026-07-20 02:13:07,2026-07-20 02:13:07,1,1,1,1,1,1,1,0,0,0.0,0.0,0,1,0.0,2.216666666666667,0,0,1,1.0,0.0,credential_stuffing
session_400765ef60aa,user_024,hr,2026-07-20 02:13:27,2026-07-20 02:13:27,1,1,1,1,1,1,1,0,0,0.0,0.0,0,1,0.0,2.216666666666667,0,0,1,1.0,0.0,credential_stuffing
session_293acadc374f,user_055,analyst,2026-07-20 02:13:47,2026-07-20 02:13:47,1,1,0,1,1,1,1,0,0,0.0,0.0,0,1,0.0,2.216666666666667,0,0,1,0.0,0.0,credential_stuffing
session_85ac1bde00fa,user_045,admin,2026-07-20 02:14:07,2026-07-20 02:14:07,1,1,1,1,1,1,1,0,0,0.0,0.0,0,1,0.0,2.2333333333333334,0,0,1,1.0,0.0,credential_stuffing
session_264693f3ccc5,user_060,developer,2026-07-20 02:14:27,2026-07-20 02:14:27,1,1,1,1,1,1,1,0,0,0.0,0.0,0,1,0.0,2.2333333333333334,0,0,1,1.0,0.0,credential_stuffing
session_dd92d2c2c5e4,user_042,developer,2026-07-20 02:14:47,2026-07-20 02:14:47,1,1,1,1,1,1,1,0,0,0.0,0.0,0,1,0.0,2.2333333333333334,0,0,1,1.0,0.0,credential_stuffing
session_c7974531fd1e,user_043,hr,2026-07-20 06:49:15,2026-07-20 09:12:15,10,2,0,10,1,1,3,4,0,29.884,8.9,0,0,143.0,6.816666666666666,0,0,0,0.0,2.9884,normal
session_120d7d2bb506,user_012,analyst,2026-07-20 07:40:13,2026-07-20 11:23:13,17,5,0,17,1,1,4,4,0,17.145,7.679,0,0,223.0,7.666666666666667,0,0,0,0.0,1.008529411764706,normal
session_b56391dcbfe0,user_040,finance,2026-07-20 07:54:58,2026-07-20 13:54:58,22,6,0,22,1,1,3,5,4,155.629,34.074,0,0,360.0,7.9,0,0,0,0.0,7.0740454545454545,normal
session_e01bc085b444,user_022,developer,2026-07-20 07:55:51,2026-07-20 11:50:51,14,3,0,14,1,1,5,0,0,0.0,0.0,0,0,235.0,7.916666666666667,0,0,0,0.0,0.0,normal
session_2263d16c1783,user_073,hr,2026-07-20 07:56:55,2026-07-20 12:08:55,20,4,0,20,1,1,3,8,0,80.401,18.374,0,0,252.0,7.933333333333334,0,0,0,0.0,4.0200499999999995,normal
session_5627190a0384,user_077,admin,2026-07-20 08:01:18,2026-07-20 12:35:18,17,4,0,17,1,1,5,0,0,0.0,0.0,2,0,274.0,8.016666666666667,0,0,0,0.0,0.0,normal
session_645258d11a1e,user_039,developer,2026-07-20 08:03:51,2026-07-20 10:03:51,12,2,0,12,1,1,3,0,0,0.0,0.0,0,0,120.0,8.05,0,0,0,0.0,0.0,normal
session_282af4c10950,user_069,hr,2026-07-20 08:05:15,2026-07-20 08:25:15,2,2,0,2,2,2,1,0,0,0.0,0.0,0,1,20.0,8.083333333333334,0,0,0,0.0,0.0,impossible_travel
session_f66ea3f191d0,user_042,developer,2026-07-20 08:14:57,2026-07-20 11:17:57,10,2,0,10,1,1,5,0,0,0.0,0.0,0,0,183.0,8.233333333333333,0,0,0,0.0,0.0,normal
session_fe7e217d862e,user_011,analyst,2026-07-20 08:15:01,2026-07-20 13:27:01,20,5,0,20,1,1,4,6,0,75.77,34.565,0,0,312.0,8.25,0,0,0,0.0,3.7885,normal
session_f74b60402e12,user_050,developer,2026-07-20 08:23:27,2026-07-20 13:58:27,20,4,0,20,1,1,5,0,0,0.0,0.0,0,0,335.0,8.383333333333333,0,0,0,0.0,0.0,normal
session_459ccd3908e4,user_015,finance,2026-07-20 08:24:04,2026-07-20 13:12:04,22,6,0,22,1,1,3,5,5,43.496,9.943,0,0,288.0,8.4,0,0,0,0.0,1.9770909090909092,normal
session_081ef44c59e8,user_077,admin,2026-07-20 08:30:30,2026-07-20 08:45:30,6,2,0,6,1,6,4,3,0,69.733,19.902,0,1,15.0,8.5,0,0,0,0.0,11.622166666666667,device_spoofing
session_254944da0885,user_045,admin,2026-07-20 08:30:55,2026-07-20 13:17:55,18,3,0,18,1,1,5,0,0,0.0,0.0,4,0,287.0,8.5,0,0,0,0.0,0.0,normal
session_12e5fa5e5c07,user_025,hr,2026-07-20 08:35:34,2026-07-20 11:12:34,13,2,0,13,1,1,3,5,0,15.057,5.885,0,0,157.0,8.583333333333334,0,0,0,0.0,1.1582307692307692,normal
session_5d244179e3f8,user_058,hr,2026-07-20 08:36:49,2026-07-20 12:20:49,17,5,0,17,1,1,3,7,0,77.194,16.154,0,0,224.0,8.6,0,0,0,0.0,4.540823529411765,normal
session_2b8e8dd13fa6,user_068,developer,2026-07-20 08:38:18,2026-07-20 14:50:18,25,6,0,25,1,1,5,0,0,0.0,0.0,0,0,372.0,8.633333333333333,0,0,0,0.0,0.0,normal
session_0662313e0575,user_035,admin,2026-07-20 08:40:20,2026-07-20 13:30:20,18,7,0,18,1,1,5,0,0,0.0,0.0,2,0,290.0,8.666666666666666,0,0,0,0.0,0.0,normal
session_a50c5a749059,user_023,developer,2026-07-20 08:40:35,2026-07-20 12:15:35,15,6,0,15,1,1,4,0,0,0.0,0.0,0,0,215.0,8.666666666666666,0,0,0,0.0,0.0,normal
session_ce84ad7ebfb9,user_070,admin,2026-07-20 08:44:05,2026-07-20 13:09:05,19,2,0,19,1,1,5,0,0,0.0,0.0,3,0,265.0,8.733333333333333,0,0,0,0.0,0.0,normal
session_bb55fe8466be,user_024,hr,2026-07-20 08:45:15,2026-07-20 09:06:15,8,3,0,8,1,8,3,3,0,80.59700000000001,19.462,0,1,21.0,8.75,0,0,0,0.0,10.074625000000001,device_spoofing
session_a189d44e5c24,user_006,analyst,2026-07-20 08:45:22,2026-07-20 14:37:22,25,9,0,25,1,1,4,3,0,18.658,8.645,0,0,352.0,8.75,0,0,0,0.0,0.7463200000000001,normal
session_26a755b5bfa4,user_021,finance,2026-07-20 08:45:28,2026-07-20 14:32:28,21,2,0,21,1,1,3,5,5,77.733,11.251,0,0,347.0,8.75,0,0,0,0.0,3.701571428571429,normal
session_cb5bd5f735e6,user_024,hr,2026-07-20 08:46:48,2026-07-20 13:50:48,23,8,0,23,1,1,3,6,0,162.557,48.787,0,0,304.0,8.766666666666667,0,0,0,0.0,7.067695652173913,normal
session_f24a534a67c8,user_067,analyst,2026-07-20 08:49:05,2026-07-20 13:01:05,17,4,0,17,1,1,4,4,0,43.133,13.544,0,0,252.0,8.816666666666666,0,0,0,0.0,2.537235294117647,normal
session_b3534f51327a,user_017,admin,2026-07-20 08:54:05,2026-07-20 13:06:05,14,3,0,14,1,1,5,0,0,0.0,0.0,2,0,252.0,8.9,0,0,0,0.0,0.0,normal
session_8c622eba946c,user_057,developer,2026-07-20 08:57:07,2026-07-20 13:03:07,18,5,0,18,1,1,5,0,0,0.0,0.0,0,0,246.0,8.95,0,0,0,0.0,0.0,normal
session_5dd1ad8ece14,user_064,finance,2026-07-20 09:01:05,2026-07-20 12:56:05,13,2,0,13,1,1,3,2,2,45.35,18.123,0,0,235.0,9.016666666666667,0,0,0,0.0,3.4884615384615385,normal
session_4f1884cc94ab,user_051,analyst,2026-07-20 09:01:41,2026-07-20 13:07:41,16,5,0,16,1,1,3,4,0,27.657,11.264,0,0,246.0,9.016666666666667,0,0,0,0.0,1.7285625,normal
session_dd27104c31f7,user_055,analyst,2026-07-20 09:01:47,2026-07-20 13:19:47,16,3,0,16,1,1,4,2,0,28.344,15.826,0,0,258.0,9.016666666666667,0,0,0,0.0,1.7715,normal
session_f98d8f882121,user_032,hr,2026-07-20 09:02:27,2026-07-20 13:47:27,18,3,0,18,1,1,3,6,0,23.741,5.666,0,0,285.0,9.033333333333333,0,0,0,0.0,1.3189444444444445,normal
session_538bc4b7731c,user_034,finance,2026-07-20 09:04:09,2026-07-20 13:12:09,19,5,0,19,1,1,3,2,3,41.965999999999994,19.708,0,0,248.0,9.066666666666666,0,0,0,0.0,2.208736842105263,normal
session_53e89119b106,user_005,hr,2026-07-20 09:04:36,2026-07-20 15:18:36,20,7,0,20,1,1,3,4,0,17.59,7.686,0,0,374.0,9.066666666666666,0,0,0,0.0,0.8795,normal
session_24121c8d00f3,user_063,finance,2026-07-20 09:04:49,2026-07-20 14:10:49,22,4,0,22,1,1,3,5,5,51.662,8.124,0,0,306.0,9.066666666666666,0,0,0,0.0,2.348272727272727,normal
session_fed00fcd8046,user_074,finance,2026-07-20 09:05:13,2026-07-20 14:21:13,19,4,0,19,1,1,3,2,5,19.881,4.477,0,0,316.0,9.083333333333334,0,0,0,0.0,1.0463684210526316,normal
session_67f4c2ae6c3d,user_052,finance,2026-07-20 09:09:43,2026-07-20 11:33:43,10,1,0,10,1,1,3,1,1,12.618000000000002,8.412,0,0,144.0,9.15,0,0,0,0.0,1.2618000000000003,normal
session_60b074d66688,user_009,developer,2026-07-20 09:16:59,2026-07-20 11:31:59,10,2,0,10,1,1,5,0,0,0.0,0.0,0,0,135.0,9.266666666666667,0,0,0,0.0,0.0,normal
session_a94820fe0dfb,user_033,developer,2026-07-20 09:19:31,2026-07-20 15:49:31,24,6,0,24,1,1,5,0,0,0.0,0.0,0,0,390.0,9.316666666666666,0,0,0,0.0,0.0,normal
session_ce5816448329,user_044,developer,2026-07-20 09:19:50,2026-07-20 13:54:50,17,5,0,17,1,1,5,0,0,0.0,0.0,0,0,275.0,9.316666666666666,0,0,0,0.0,0.0,normal
session_67fd6d352b7c,user_030,hr,2026-07-20 09:21:41,2026-07-20 16:12:41,22,5,0,22,1,1,3,4,0,46.65,12.561,0,0,411.0,9.35,0,0,0,0.0,2.1204545454545456,normal
session_06c76ca08e0a,user_059,analyst,2026-07-20 09:24:00,2026-07-20 13:14:00,19,6,0,19,1,1,4,8,0,65.616,12.68,0,0,230.0,9.4,0,0,0,0.0,3.4534736842105263,normal
session_fa5889471a42,user_056,hr,2026-07-20 09:26:12,2026-07-20 13:56:12,21,5,0,21,1,1,3,5,0,145.877,42.125,0,0,270.0,9.433333333333334,0,0,0,0.0,6.94652380952381,normal
session_5e1b5600fe96,user_049,analyst,2026-07-20 09:28:18,2026-07-20 13:34:18,17,2,0,17,1,1,4,4,0,22.223,8.247,0,0,246.0,9.466666666666667,0,0,0,0.0,1.307235294117647,normal
session_0168b3cd9301,user_061,analyst,2026-07-20 09:30:40,2026-07-20 13:27:40,15,4,0,15,1,1,4,4,0,19.93,5.132,0,0,237.0,9.5,0,0,0,0.0,1.3286666666666667,normal
session_f478aa38d278,user_028,developer,2026-07-20 09:31:29,2026-07-20 15:18:29,19,6,0,19,1,1,5,0,0,0.0,0.0,0,0,347.0,9.516666666666667,0,0,0,0.0,0.0,normal
session_5b4295bf3737,user_069,hr,2026-07-20 09:32:32,2026-07-20 13:43:32,16,5,0,16,1,1,3,4,0,56.531,26.419,0,0,251.0,9.533333333333333,0,0,0,0.0,3.5331875,normal
session_4d14aea20511,user_018,developer,2026-07-20 09:37:43,2026-07-20 12:48:43,12,7,0,12,1,1,5,0,0,0.0,0.0,0,0,191.0,9.616666666666667,0,0,0,0.0,0.0,normal
session_f6489e42b2cc,user_029,admin,2026-07-20 09:38:07,2026-07-20 13:21:07,17,4,0,17,1,1,5,0,0,0.0,0.0,1,0,223.0,9.633333333333333,0,0,0,0.0,0.0,normal
session_f0b27aac32e0,user_008,developer,2026-07-20 09:42:05,2026-07-20 15:15:05,20,6,0,20,1,1,5,0,0,0.0,0.0,0,0,333.0,9.7,0,0,0,0.0,0.0,normal
session_f4f37fdb5801,user_036,developer,2026-07-20 09:43:47,2026-07-20 12:05:47,11,5,0,11,1,1,5,0,0,0.0,0.0,0,0,142.0,9.716666666666667,0,0,0,0.0,0.0,normal
session_a8523dc302ec,user_026,analyst,2026-07-20 09:44:10,2026-07-20 16:28:10,25,9,0,25,1,1,4,6,0,45.534,15.544,0,0,404.0,9.733333333333333,0,0,0,0.0,1.8213599999999999,normal
session_1f2c39eb41b7,user_037,developer,2026-07-20 09:47:46,2026-07-20 13:29:46,13,4,0,13,1,1,5,0,0,0.0,0.0,0,0,222.0,9.783333333333333,0,0,0,0.0,0.0,normal
session_4a2070479304,user_019,developer,2026-07-20 09:49:46,2026-07-20 12:35:46,14,5,0,14,1,1,5,0,0,0.0,0.0,0,0,166.0,9.816666666666666,0,0,0,0.0,0.0,normal
session_f84697b846c1,user_020,finance,2026-07-20 09:50:38,2026-07-20 14:11:38,18,3,0,18,1,1,3,8,0,109.973,23.643,0,0,261.0,9.833333333333334,0,0,0,0.0,6.109611111111111,normal
session_6fade2292943,user_002,finance,2026-07-20 09:54:09,2026-07-20 14:08:09,16,5,0,16,1,1,3,3,7,75.131,14.207,0,0,254.0,9.9,0,0,0,0.0,4.6956875,normal
session_217e78faca2c,user_047,developer,2026-07-20 09:55:16,2026-07-20 12:16:16,10,3,0,10,1,1,4,0,0,0.0,0.0,0,0,141.0,9.916666666666666,0,0,0,0.0,0.0,normal
session_074572197d47,user_062,hr,2026-07-20 09:55:16,2026-07-20 15:00:16,23,7,0,23,1,1,3,8,0,131.50400000000002,33.523,0,0,305.0,9.916666666666666,0,0,0,0.0,5.717565217391305,normal
session_918841d1cea0,user_041,finance,2026-07-20 09:59:30,2026-07-20 16:23:30,24,4,0,24,1,1,3,5,5,230.077,40.135,0,0,384.0,9.983333333333333,0,0,0,0.0,9.586541666666667,normal
session_adfbf952dfcc,user_065,hr,2026-07-20 10:00:13,2026-07-20 15:08:13,19,6,0,19,1,1,3,6,0,62.759,17.54,0,0,308.0,10.0,0,0,0,0.0,3.3031052631578945,normal
session_2ad0b4affed7,user_038,developer,2026-07-20 10:00:17,2026-07-20 15:07:17,25,6,0,25,1,1,5,0,0,0.0,0.0,0,0,307.0,10.0,0,0,0,0.0,0.0,normal
session_3bdbce75964f,user_031,developer,2026-07-20 10:01:48,2026-07-20 12:33:48,10,3,0,10,1,1,5,0,0,0.0,0.0,0,0,152.0,10.016666666666667,0,0,0,0.0,0.0,normal
session_249fefa33e71,user_080,hr,2026-07-20 10:04:52,2026-07-20 12:41:52,12,5,0,12,1,1,3,2,0,30.027,16.318,0,0,157.0,10.066666666666666,0,0,0,0.0,2.50225,normal
session_fe246c3c1cdf,user_010,finance,2026-07-20 10:05:16,2026-07-20 16:10:16,24,7,0,24,1,1,3,4,3,60.516000000000005,14.459,0,0,365.0,10.083333333333334,0,0,0,0.0,2.5215,normal
session_88ed0dd583f5,user_013,hr,2026-07-20 10:05:18,2026-07-20 14:02:18,18,8,0,18,1,1,3,4,0,15.868,4.53,0,0,237.0,10.083333333333334,0,0,0,0.0,0.8815555555555555,normal
session_86cf8a2703e5,user_075,developer,2026-07-20 10:07:24,2026-07-20 13:28:24,13,3,0,13,1,1,4,0,0,0.0,0.0,0,0,201.0,10.116666666666667,0,0,0,0.0,0.0,normal
session_698839d95232,user_078,developer,2026-07-20 10:12:27,2026-07-20 13:02:27,10,4,0,10,1,1,5,0,0,0.0,0.0,0,0,170.0,10.2,0,0,0,0.0,0.0,normal
session_65ac85566906,user_004,developer,2026-07-20 10:13:03,2026-07-20 12:59:03,12,7,0,12,1,1,4,0,0,0.0,0.0,0,0,166.0,10.216666666666667,0,0,0,0.0,0.0,normal
session_8a9a51c73309,user_076,analyst,2026-07-20 10:13:40,2026-07-20 13:51:40,13,5,0,13,1,1,4,3,0,14.89,5.727,0,0,218.0,10.216666666666667,0,0,0,0.0,1.1453846153846154,normal
session_bd1b625c5853,user_027,developer,2026-07-20 10:20:47,2026-07-20 14:36:47,17,3,0,17,1,1,4,0,0,0.0,0.0,0,0,256.0,10.333333333333334,0,0,0,0.0,0.0,normal
session_d84cba07adaf,user_048,developer,2026-07-20 10:26:04,2026-07-20 14:22:04,18,3,0,18,1,1,5,0,0,0.0,0.0,0,0,236.0,10.433333333333334,0,0,0,0.0,0.0,normal
session_4ad67eefa142,user_014,hr,2026-07-20 10:28:24,2026-07-20 16:14:24,22,1,0,22,1,1,3,5,0,46.286,13.977,0,0,346.0,10.466666666666667,0,0,0,0.0,2.103909090909091,normal
session_1843938abb8f,user_066,developer,2026-07-20 10:30:05,2026-07-20 12:26:05,9,4,0,9,1,1,5,0,0,0.0,0.0,0,0,116.0,10.5,0,0,0,0.0,0.0,normal
session_fad0f3971b66,user_079,developer,2026-07-20 10:30:22,2026-07-20 13:19:22,9,2,0,9,1,1,4,0,0,0.0,0.0,0,0,169.0,10.5,0,0,0,0.0,0.0,normal
session_5249857ed10d,user_072,hr,2026-07-20 10:32:44,2026-07-20 14:20:44,15,3,0,15,1,1,3,3,0,34.647000000000006,13.601,0,0,228.0,10.533333333333333,0,0,0,0.0,2.3098000000000005,normal
session_371c404675fe,user_022,developer,2026-07-20 10:33:37,2026-07-20 10:33:37,1,0,0,1,1,1,1,1,0,38.691,38.691,0,1,0.0,10.55,0,0,0,0.0,38.691,low_slow_exfiltration
session_1ec0d62123a7,user_003,developer,2026-07-20 10:45:11,2026-07-20 13:33:11,11,3,0,11,1,1,4,0,0,0.0,0.0,0,0,168.0,10.75,0,0,0,0.0,0.0,normal
session_149e69a0be9b,user_001,finance,2026-07-20 10:56:42,2026-07-20 16:47:42,25,4,0,25,1,1,3,8,6,195.827,32.175,0,0,351.0,10.933333333333334,0,0,0,0.0,7.83308,normal
session_7560e0ea0ecc,user_071,analyst,2026-07-20 10:56:42,2026-07-20 12:57:42,12,4,0,12,1,1,4,5,0,83.426,21.656,0,0,121.0,10.933333333333334,0,0,0,0.0,6.952166666666667,normal
session_46392a4a2668,user_054,developer,2026-07-20 11:03:15,2026-07-20 16:36:15,23,9,0,23,1,1,5,0,0,0.0,0.0,0,0,333.0,11.05,0,0,0,0.0,0.0,normal
session_da4cae99a6d9,user_053,hr,2026-07-20 11:17:14,2026-07-20 16:15:14,20,7,0,20,1,1,3,9,0,45.846000000000004,7.585,0,0,298.0,11.283333333333333,0,0,0,0.0,2.2923,normal
session_01ab67e8cee0,user_052,finance,2026-07-20 14:10:49,2026-07-20 14:10:49,1,0,0,1,1,1,1,1,0,11.17,11.17,0,1,0.0,14.166666666666666,0,0,0,0.0,11.17,low_slow_exfiltration
session_2ea8e359184c,user_076,analyst,2026-07-20 15:31:41,2026-07-20 15:31:41,1,0,0,1,1,1,1,0,0,8.273,8.273,0,1,0.0,15.516666666666667,0,0,0,0.0,8.273,insider_drift
session_06e2a534f0b9,user_045,admin,2026-07-20 22:01:33,2026-07-20 23:13:33,10,2,0,10,1,1,4,0,0,66.794,16.157,0,0,72.0,22.016666666666666,0,0,1,0.0,6.679399999999999,normal
session_1cdfd21f28fd,user_049,analyst,2026-07-21 02:30:22,2026-07-21 02:35:28,19,19,19,19,4,1,1,0,0,0.0,0.0,0,1,5.1,2.5,1,0,1,1.0,0.0,brute_force
session_1f1b19a71a07,user_045,admin,2026-07-21 06:55:40,2026-07-21 10:54:40,16,5,0,16,1,1,5,0,0,0.0,0.0,1,0,239.0,6.916666666666667,1,0,0,0.0,0.0,normal
session_de4c91b8eb2a,user_044,developer,2026-07-21 07:30:50,2026-07-21 12:51:50,19,5,0,19,1,1,5,0,0,0.0,0.0,0,0,321.0,7.5,1,0,0,0.0,0.0,normal
session_d66762e19b6b,user_007,developer,2026-07-21 07:32:38,2026-07-21 10:03:38,9,3,0,9,1,1,5,0,0,0.0,0.0,0,0,151.0,7.533333333333333,1,0,0,0.0,0.0,normal
session_6648f2b858e5,user_015,finance,2026-07-21 07:34:52,2026-07-21 10:30:52,10,2,0,10,1,1,3,1,4,20.723,6.08,0,0,176.0,7.566666666666666,1,0,0,0.0,2.0723,normal
session_1e0a0442d1b0,user_043,hr,2026-07-21 07:54:35,2026-07-21 11:17:35,13,7,0,13,1,1,3,3,0,36.051,15.137,0,0,203.0,7.9,1,0,0,0.0,2.7731538461538463,normal
session_08ed91bce427,user_016,developer,2026-07-21 07:55:19,2026-07-21 07:56:19,3,3,2,3,1,1,1,0,0,0.0,0.0,0,0,1.0,7.916666666666667,1,0,0,0.6666666666666666,0.0,normal
session_d7a40d67f914,user_029,admin,2026-07-21 08:03:19,2026-07-21 12:26:19,18,4,0,18,1,1,5,0,0,0.0,0.0,0,0,263.0,8.05,1,0,0,0.0,0.0,normal
session_c93c783c6ec5,user_073,hr,2026-07-21 08:05:11,2026-07-21 14:01:11,24,10,0,24,1,1,3,4,0,44.428,15.322,0,0,356.0,8.083333333333334,1,0,0,0.0,1.8511666666666666,normal
session_6e0d796633b0,user_016,developer,2026-07-21 08:09:56,2026-07-21 12:54:56,14,2,0,14,1,1,5,0,0,0.0,0.0,0,0,285.0,8.15,1,0,0,0.0,0.0,normal
session_9e743ad230a4,user_069,hr,2026-07-21 08:13:36,2026-07-21 12:57:36,18,6,0,18,1,1,3,3,0,39.34,13.973,0,0,284.0,8.216666666666667,1,0,0,0.0,2.1855555555555557,normal
session_aa0672c006ec,user_011,analyst,2026-07-21 08:16:31,2026-07-21 11:19:31,13,4,0,13,1,1,4,4,0,46.684999999999995,19.345,0,0,183.0,8.266666666666667,1,0,0,0.0,3.591153846153846,normal
session_70a379253e8f,user_058,hr,2026-07-21 08:19:51,2026-07-21 14:22:51,19,6,0,19,1,1,3,5,0,60.104,15.887,0,0,363.0,8.316666666666666,1,0,0,0.0,3.1633684210526316,normal
session_68484f4ad275,user_064,finance,2026-07-21 08:24:51,2026-07-21 14:40:51,25,5,0,25,1,1,3,4,2,121.337,30.313,0,0,376.0,8.4,1,0,0,0.0,4.85348,normal
session_975e0cba9596,user_038,developer,2026-07-21 08:25:24,2026-07-21 11:42:24,12,2,0,12,1,1,4,0,0,0.0,0.0,0,0,197.0,8.416666666666666,1,0,0,0.0,0.0,normal
session_1bbbfb6e4888,user_078,developer,2026-07-21 08:31:50,2026-07-21 14:06:50,20,7,0,20,1,1,5,0,0,0.0,0.0,0,0,335.0,8.516666666666667,1,0,0,0.0,0.0,normal
session_25def8eb6c56,user_022,developer,2026-07-21 08:39:42,2026-07-21 12:39:42,17,3,0,17,1,1,5,0,0,0.0,0.0,0,0,240.0,8.65,1,0,0,0.0,0.0,normal
session_991b871edb7d,user_049,analyst,2026-07-21 08:40:18,2026-07-21 11:51:18,12,2,0,12,1,1,4,1,0,2.78,2.78,0,0,191.0,8.666666666666666,1,0,0,0.0,0.23166666666666666,normal
session_0370de66c845,user_037,developer,2026-07-21 08:40:38,2026-07-21 14:45:38,25,4,0,25,1,1,5,0,0,0.0,0.0,0,0,365.0,8.666666666666666,1,0,0,0.0,0.0,normal
session_3d8069c84dbc,user_059,analyst,2026-07-21 08:41:11,2026-07-21 11:36:11,10,5,0,10,1,1,4,1,0,9.477,9.477,0,0,175.0,8.683333333333334,1,0,0,0.0,0.9477,normal
session_c815d4f74d8c,user_074,finance,2026-07-21 08:48:00,2026-07-21 13:38:00,17,6,0,17,1,1,3,2,3,13.603000000000002,4.187,0,0,290.0,8.8,1,0,0,0.0,0.8001764705882354,normal
session_7625430bd72d,user_020,finance,2026-07-21 08:51:56,2026-07-21 13:25:56,15,5,0,15,1,1,3,2,3,72.119,19.254,0,0,274.0,8.85,1,0,0,0.0,4.807933333333334,normal
session_98d55bb94d7d,user_021,finance,2026-07-21 08:55:10,2026-07-21 10:59:10,10,3,0,10,1,1,3,1,1,6.061,3.629,0,0,124.0,8.916666666666666,1,0,0,0.0,0.6061,normal
session_1fabbaf7c0f7,user_031,developer,2026-07-21 08:58:01,2026-07-21 15:37:01,22,3,0,22,1,1,5,0,0,0.0,0.0,0,0,399.0,8.966666666666667,1,0,0,0.0,0.0,normal
session_42f1428f5edb,user_023,developer,2026-07-21 08:58:30,2026-07-21 14:12:30,20,4,0,20,1,1,5,0,0,0.0,0.0,0,0,314.0,8.966666666666667,1,0,0,0.0,0.0,normal
session_a9196be04a6b,user_041,finance,2026-07-21 09:05:37,2026-07-21 13:15:37,15,4,0,15,1,1,3,3,0,82.024,39.985,0,0,250.0,9.083333333333334,1,0,0,0.0,5.468266666666667,normal
session_f845b6c18ddb,user_056,hr,2026-07-21 09:05:37,2026-07-21 15:00:37,24,6,0,24,1,1,3,5,0,195.902,52.769,0,0,355.0,9.083333333333334,1,0,0,0.0,8.162583333333332,normal
session_91261ae287e1,user_005,hr,2026-07-21 09:06:46,2026-07-21 11:01:46,11,4,0,11,1,1,3,1,0,2.253,2.253,0,0,115.0,9.1,1,0,0,0.0,0.20481818181818182,normal
session_75e7a25bc046,user_012,analyst,2026-07-21 09:07:41,2026-07-21 14:39:41,23,4,0,23,1,1,4,7,0,29.281,6.326,0,0,332.0,9.116666666666667,1,0,0,0.0,1.273086956521739,normal
session_4766dc3129ed,user_018,developer,2026-07-21 09:09:19,2026-07-21 12:07:19,11,3,0,11,1,1,5,0,0,0.0,0.0,0,0,178.0,9.15,1,0,0,0.0,0.0,normal
session_cc8f7f8d020e,user_028,developer,2026-07-21 09:14:34,2026-07-21 12:59:34,18,4,0,18,1,1,5,0,0,0.0,0.0,0,0,225.0,9.233333333333333,1,0,0,0.0,0.0,normal
session_fdc1c229d2a0,user_077,admin,2026-07-21 09:15:41,2026-07-21 15:16:41,25,7,0,25,1,1,5,0,0,0.0,0.0,6,0,361.0,9.25,1,0,0,0.0,0.0,normal
session_19afd9d7c85a,user_060,developer,2026-07-21 09:15:42,2026-07-21 15:18:42,25,4,0,25,1,1,5,0,0,0.0,0.0,0,0,363.0,9.25,1,0,0,0.0,0.0,normal
session_fe8272d77b7c,user_001,finance,2026-07-21 09:16:52,2026-07-21 13:20:52,14,3,0,14,1,1,3,2,2,35.912,11.694,0,0,244.0,9.266666666666667,1,0,0,0.0,2.565142857142857,normal
session_69d42ccab9b0,user_065,hr,2026-07-21 09:17:08,2026-07-21 14:52:08,19,8,0,19,1,1,3,4,0,39.008,15.596,0,0,335.0,9.283333333333333,1,0,0,0.0,2.0530526315789475,normal
session_fcc885f53880,user_014,hr,2026-07-21 09:17:51,2026-07-21 14:51:51,23,8,0,23,1,1,3,5,0,63.101,15.927,0,0,334.0,9.283333333333333,1,0,0,0.0,2.743521739130435,normal
session_67b33d3324f4,user_032,hr,2026-07-21 09:18:41,2026-07-21 13:30:41,14,4,0,14,1,1,3,6,0,20.945999999999998,5.015,0,0,252.0,9.3,1,0,0,0.0,1.496142857142857,normal
session_90a4d27e118b,user_072,hr,2026-07-21 09:18:47,2026-07-21 16:03:47,25,5,0,25,1,1,3,4,0,61.961000000000006,25.704,0,0,405.0,9.3,1,0,0,0.0,2.4784400000000004,normal
session_f23d2b83557d,user_008,developer,2026-07-21 09:19:48,2026-07-21 14:25:48,17,5,0,17,1,1,5,0,0,0.0,0.0,0,0,306.0,9.316666666666666,1,0,0,0.0,0.0,normal
session_8aaafb53464c,user_070,admin,2026-07-21 09:21:40,2026-07-21 12:57:40,18,4,0,18,1,1,5,0,0,0.0,0.0,2,0,216.0,9.35,1,0,0,0.0,0.0,normal
session_486b3309fe89,user_068,developer,2026-07-21 09:26:17,2026-07-21 11:21:17,9,3,0,9,1,1,5,0,0,0.0,0.0,0,0,115.0,9.433333333333334,1,0,0,0.0,0.0,normal
session_e40d416ee467,user_027,developer,2026-07-21 09:29:02,2026-07-21 11:09:02,10,4,0,10,1,1,4,0,0,0.0,0.0,0,0,100.0,9.483333333333333,1,0,0,0.0,0.0,normal
session_5eceb0c66044,user_013,hr,2026-07-21 09:29:11,2026-07-21 12:08:11,13,4,0,13,1,1,3,2,0,13.139,9.606,0,0,159.0,9.483333333333333,1,0,0,0.0,1.0106923076923076,normal
session_6e10d58bf0f3,user_025,hr,2026-07-21 09:31:31,2026-07-21 14:55:31,20,6,0,20,1,1,3,7,0,17.371,4.338,0,0,324.0,9.516666666666667,1,0,0,0.0,0.8685499999999999,normal
session_f83c8353d9ad,user_055,analyst,2026-07-21 09:39:34,2026-07-21 09:48:34,4,2,0,4,1,4,3,1,0,35.049,13.679,0,1,9.0,9.65,1,0,0,0.0,8.76225,device_spoofing
session_de127508c2c0,user_067,analyst,2026-07-21 09:39:54,2026-07-21 15:14:54,24,9,0,24,1,1,4,3,0,33.773,13.791,0,0,335.0,9.65,1,0,0,0.0,1.4072083333333334,normal
session_2405e179b172,user_047,developer,2026-07-21 09:42:58,2026-07-21 15:56:58,25,6,0,25,1,1,5,0,0,0.0,0.0,0,0,374.0,9.7,1,0,0,0.0,0.0,normal
session_7854c770a199,user_080,hr,2026-07-21 09:43:12,2026-07-21 13:06:12,12,5,0,12,1,1,3,2,0,27.215,14.669,0,0,203.0,9.716666666666667,1,0,0,0.0,2.267916666666667,normal
session_2f8d0d63dffe,user_017,admin,2026-07-21 09:44:45,2026-07-21 12:41:45,9,4,0,9,1,1,4,0,0,0.0,0.0,1,0,177.0,9.733333333333333,1,0,0,0.0,0.0,normal
session_478aa794e5b3,user_051,analyst,2026-07-21 09:45:36,2026-07-21 12:26:36,9,4,0,9,1,1,4,2,0,13.197,7.517,0,0,161.0,9.75,1,0,0,0.0,1.4663333333333333,normal
session_98bdee56f9c4,user_057,developer,2026-07-21 09:46:56,2026-07-21 15:54:56,21,4,0,21,1,1,5,0,0,0.0,0.0,0,0,368.0,9.766666666666667,1,0,0,0.0,0.0,normal
session_6226faabfc8e,user_066,developer,2026-07-21 09:52:27,2026-07-21 14:43:27,14,2,0,14,1,1,4,0,0,0.0,0.0,0,0,291.0,9.866666666666667,1,0,0,0.0,0.0,normal
session_a8834c1de875,user_039,developer,2026-07-21 09:52:54,2026-07-21 16:26:54,23,5,0,23,1,1,5,0,0,0.0,0.0,0,0,394.0,9.866666666666667,1,0,0,0.0,0.0,normal
session_ded22d959dae,user_052,finance,2026-07-21 09:53:17,2026-07-21 14:03:17,16,3,0,16,1,1,3,3,1,26.182000000000002,11.365,0,0,250.0,9.883333333333333,1,0,0,0.0,1.6363750000000001,normal
session_66bdd620646e,user_033,developer,2026-07-21 09:53:38,2026-07-21 12:19:38,11,2,0,11,1,1,5,0,0,0.0,0.0,0,0,146.0,9.883333333333333,1,0,0,0.0,0.0,normal
session_847658f2b575,user_035,admin,2026-07-21 09:54:18,2026-07-21 13:59:18,14,3,0,14,1,1,5,0,0,0.0,0.0,2,0,245.0,9.9,1,0,0,0.0,0.0,normal
session_487f71f9f8d5,user_062,hr,2026-07-21 09:55:09,2026-07-21 16:10:09,21,10,0,21,1,1,3,4,0,59.007,17.125,0,0,375.0,9.916666666666666,1,0,0,0.0,2.8098571428571426,normal
session_9b1c1f5641e2,user_026,analyst,2026-07-21 09:56:38,2026-07-21 14:02:38,17,4,0,17,1,1,4,5,0,36.952,11.471,0,0,246.0,9.933333333333334,1,0,0,0.0,2.1736470588235295,normal
session_8069e95cee08,user_034,finance,2026-07-21 10:02:11,2026-07-21 15:23:11,22,3,0,22,1,1,3,9,3,91.301,11.289,0,0,321.0,10.033333333333333,1,0,0,0.0,4.150045454545455,normal
session_04ec6c3915b4,user_075,developer,2026-07-21 10:06:57,2026-07-21 13:02:57,11,5,0,11,1,1,5,0,0,0.0,0.0,0,0,176.0,10.1,1,0,0,0.0,0.0,normal
session_709ab775370b,user_079,developer,2026-07-21 10:08:01,2026-07-21 14:01:01,12,5,0,12,1,1,5,0,0,0.0,0.0,0,0,233.0,10.133333333333333,1,0,0,0.0,0.0,normal
session_d8689866a14c,user_063,finance,2026-07-21 10:10:07,2026-07-21 13:58:07,16,5,0,16,1,1,3,2,5,43.178,13.876,0,0,228.0,10.166666666666666,1,0,0,0.0,2.698625,normal
session_4c54a7a9f89b,user_061,analyst,2026-07-21 10:14:35,2026-07-21 15:23:35,22,5,0,22,1,1,4,6,0,39.169000000000004,10.723,0,0,309.0,10.233333333333333,1,0,0,0.0,1.780409090909091,normal
session_941a2667a5cc,user_054,developer,2026-07-21 10:14:47,2026-07-21 12:40:47,9,3,0,9,1,1,3,0,0,0.0,0.0,0,0,146.0,10.233333333333333,1,0,0,0.0,0.0,normal
session_92a83b10c192,user_036,developer,2026-07-21 10:16:50,2026-07-21 15:41:50,25,5,0,25,1,1,5,0,0,0.0,0.0,0,0,325.0,10.266666666666667,1,0,0,0.0,0.0,normal
session_40f62bc71c62,user_004,developer,2026-07-21 10:17:31,2026-07-21 13:50:31,12,4,0,12,1,1,5,0,0,0.0,0.0,0,0,213.0,10.283333333333333,1,0,0,0.0,0.0,normal
session_1e19706c6e6c,user_060,developer,2026-07-21 10:21:03,2026-07-21 10:32:03,2,2,0,2,2,2,1,0,0,0.0,0.0,0,1,11.0,10.35,1,0,0,0.0,0.0,impossible_travel
session_701eb43a08cf,user_010,finance,2026-07-21 10:23:19,2026-07-21 16:04:19,23,4,0,23,1,1,3,4,4,76.878,14.94,0,0,341.0,10.383333333333333,1,0,0,0.0,3.3425217391304347,normal
session_acdc0b1f2226,user_048,developer,2026-07-21 10:24:42,2026-07-21 13:59:42,15,6,0,15,1,1,5,0,0,0.0,0.0,0,0,215.0,10.4,1,0,0,0.0,0.0,normal
session_9cff9b75d559,user_076,analyst,2026-07-21 10:28:49,2026-07-21 13:30:49,14,3,0,14,1,1,4,7,0,38.278999999999996,8.483,0,0,182.0,10.466666666666667,1,0,0,0.0,2.7342142857142853,normal
session_0791e8065d54,user_003,developer,2026-07-21 10:36:59,2026-07-21 12:56:59,9,5,0,9,1,1,4,0,0,0.0,0.0,0,0,140.0,10.6,1,0,0,0.0,0.0,normal
session_82f88c040e89,user_053,hr,2026-07-21 10:46:38,2026-07-21 16:31:38,19,6,0,19,1,1,3,2,0,13.629999999999999,11.107,0,0,345.0,10.766666666666667,1,0,0,0.0,0.7173684210526315,normal
session_8fc911c6a8f9,user_019,developer,2026-07-21 10:48:49,2026-07-21 13:43:49,12,2,0,12,1,1,5,0,0,0.0,0.0,0,0,175.0,10.8,1,0,0,0.0,0.0,normal
session_ccdf05ba8d2f,user_030,hr,2026-07-21 11:08:16,2026-07-21 15:45:16,17,3,0,17,1,1,3,7,0,94.808,24.751,0,0,277.0,11.133333333333333,1,0,0,0.0,5.576941176470589,normal
session_293831582473,user_055,analyst,2026-07-21 11:12:21,2026-07-21 16:09:21,18,3,0,18,1,1,4,3,0,47.67700000000001,22.689,0,0,297.0,11.2,1,0,0,0.0,2.6487222222222226,normal
session_d2133045dc3d,user_041,finance,2026-07-21 11:24:42,2026-07-21 11:24:42,1,0,0,1,1,1,1,1,0,129.367,129.367,0,0,0.0,11.4,1,0,0,0.0,129.367,normal
session_06ae6e9c00b2,user_071,analyst,2026-07-21 11:42:01,2026-07-21 18:14:01,25,6,0,25,1,1,4,8,0,119.036,22.991,0,0,392.0,11.7,1,0,0,0.0,4.76144,normal
session_7c14fe2f9e48,user_022,developer,2026-07-21 11:55:54,2026-07-21 11:55:54,1,0,0,1,1,1,1,1,0,45.818,45.818,0,1,0.0,11.916666666666666,1,0,0,0.0,45.818,low_slow_exfiltration
session_081807d78fe2,user_052,finance,2026-07-21 12:47:14,2026-07-21 12:47:14,1,0,0,1,1,1,1,1,0,13.228,13.228,0,1,0.0,12.783333333333333,1,0,0,0.0,13.228,low_slow_exfiltration
session_3caeba641511,user_035,admin,2026-07-21 14:27:27,2026-07-21 15:27:27,7,1,0,7,1,1,4,0,0,87.092,21.782,0,0,60.0,14.45,1,0,0,0.0,12.441714285714285,normal
session_d597cca53ff8,user_076,analyst,2026-07-21 15:40:06,2026-07-21 15:40:06,1,0,0,1,1,1,1,1,0,9.455,9.455,0,1,0.0,15.666666666666666,1,0,0,0.0,9.455,insider_drift
session_90661de2f3c7,user_014,hr,2026-07-21 23:31:36,2026-07-22 00:27:36,8,3,0,8,1,1,3,1,0,117.184,19.902,0,0,56.0,23.516666666666666,1,0,1,0.0,14.648,normal
session_95e0722bbc35,user_055,analyst,2026-07-22 00:50:51,2026-07-22 00:50:51,1,1,1,1,1,1,1,0,0,0.0,0.0,0,1,0.0,0.8333333333333334,2,0,1,1.0,0.0,credential_stuffing
session_25728520b740,user_010,finance,2026-07-22 00:51:11,2026-07-22 00:51:11,1,1,1,1,1,1,1,0,0,0.0,0.0,0,1,0.0,0.85,2,0,1,1.0,0.0,credential_stuffing
session_a0544ae9ce4e,user_012,analyst,2026-07-22 00:51:31,2026-07-22 00:51:31,1,1,1,1,1,1,1,0,0,0.0,0.0,0,1,0.0,0.85,2,0,1,1.0,0.0,credential_stuffing
session_a7824fa8c0cc,user_033,developer,2026-07-22 00:51:51,2026-07-22 00:51:51,1,1,0,1,1,1,1,0,0,0.0,0.0,0,1,0.0,0.85,2,0,1,0.0,0.0,credential_stuffing
session_a4fd37fb402f,user_026,analyst,2026-07-22 00:52:11,2026-07-22 00:52:11,1,1,0,1,1,1,1,0,0,0.0,0.0,0,1,0.0,0.8666666666666667,2,0,1,0.0,0.0,credential_stuffing
session_99e6bfaa3e17,user_029,admin,2026-07-22 00:52:31,2026-07-22 00:52:31,1,1,1,1,1,1,1,0,0,0.0,0.0,0,1,0.0,0.8666666666666667,2,0,1,1.0,0.0,credential_stuffing
session_9d93d3996a14,user_061,analyst,2026-07-22 00:52:51,2026-07-22 00:52:51,1,1,1,1,1,1,1,0,0,0.0,0.0,0,1,0.0,0.8666666666666667,2,0,1,1.0,0.0,credential_stuffing
session_f157ee35b99b,user_043,hr,2026-07-22 02:05:13,2026-07-22 02:15:13,6,1,0,6,1,1,6,0,0,0.0,0.0,1,1,10.0,2.0833333333333335,2,0,1,0.0,0.0,lateral_movement
session_046e966844b1,user_009,developer,2026-07-22 07:23:36,2026-07-22 12:35:36,20,5,0,20,1,1,5,0,0,0.0,0.0,0,0,312.0,7.383333333333334,2,0,0,0.0,0.0,normal
session_456b05da2ec4,user_073,hr,2026-07-22 07:24:04,2026-07-22 09:53:04,11,5,0,11,1,1,3,3,0,24.476,10.758,0,0,149.0,7.4,2,0,0,0.0,2.225090909090909,normal
session_3b78a0202244,user_043,hr,2026-07-22 07:24:43,2026-07-22 12:11:43,19,4,0,19,1,1,3,4,0,38.249,12.599,0,0,287.0,7.4,2,0,0,0.0,2.013105263157895,normal
session_05456ba5b007,user_040,finance,2026-07-22 07:32:34,2026-07-22 13:21:34,19,9,0,19,1,1,2,2,4,106.634,32.118,0,0,349.0,7.533333333333333,2,0,0,0.0,5.612315789473684,normal
session_9ef2a42daac2,user_011,analyst,2026-07-22 07:32:50,2026-07-22 10:17:50,12,3,0,12,1,1,4,3,0,34.903,14.796,0,0,165.0,7.533333333333333,2,0,0,0.0,2.908583333333333,normal
session_5045b9bfd4df,user_080,hr,2026-07-22 07:42:22,2026-07-22 13:21:22,22,5,0,22,1,1,3,6,0,72.74000000000001,15.974,0,0,339.0,7.7,2,0,0,0.0,3.3063636363636366,normal
session_3dbd27bf8f7d,user_032,hr,2026-07-22 08:02:17,2026-07-22 12:57:17,19,6,0,19,1,1,3,4,0,14.776,5.726,0,0,295.0,8.033333333333333,2,0,0,0.0,0.7776842105263158,normal
session_8bbdb5a8c955,user_069,hr,2026-07-22 08:02:49,2026-07-22 11:23:49,13,5,0,13,1,1,2,3,0,52.285000000000004,23.943,0,0,201.0,8.033333333333333,2,0,0,0.0,4.021923076923077,normal
session_20cf22340747,user_057,developer,2026-07-22 08:13:19,2026-07-22 11:27:19,12,2,0,12,1,1,4,0,0,0.0,0.0,0,0,194.0,8.216666666666667,2,0,0,0.0,0.0,normal
session_065e828ba24e,user_020,finance,2026-07-22 08:14:40,2026-07-22 11:49:40,17,3,0,17,1,1,3,4,1,74.926,19.923,0,0,215.0,8.233333333333333,2,0,0,0.0,4.407411764705882,normal
session_c63e568d098f,user_039,developer,2026-07-22 08:20:31,2026-07-22 10:01:31,9,3,0,9,1,1,5,0,0,0.0,0.0,0,0,101.0,8.333333333333334,2,0,0,0.0,0.0,normal
session_d020355285a0,user_028,developer,2026-07-22 08:24:00,2026-07-22 15:40:00,23,3,0,23,1,1,5,0,0,0.0,0.0,0,0,436.0,8.4,2,0,0,0.0,0.0,normal
session_8bc4c5ac92c5,user_024,hr,2026-07-22 08:29:46,2026-07-22 11:53:46,14,3,0,14,1,1,3,4,0,87.545,27.029,0,0,204.0,8.483333333333333,2,0,0,0.0,6.253214285714286,normal
session_f6a040511955,user_021,finance,2026-07-22 08:30:06,2026-07-22 12:01:06,18,4,0,18,1,1,3,5,3,41.589,8.201,0,0,211.0,8.5,2,0,0,0.0,2.3104999999999998,normal
session_7cc9dac483f2,user_052,finance,2026-07-22 08:30:44,2026-07-22 13:19:44,19,3,0,19,1,1,3,5,4,49.934,7.554,0,0,289.0,8.5,2,0,0,0.0,2.6281052631578947,normal
session_edae65011231,user_078,developer,2026-07-22 08:31:09,2026-07-22 11:01:09,11,6,0,11,1,1,4,0,0,0.0,0.0,0,0,150.0,8.516666666666667,2,0,0,0.0,0.0,normal
session_76b2c1c547ac,user_045,admin,2026-07-22 08:32:43,2026-07-22 11:33:43,12,2,0,12,1,1,4,0,0,0.0,0.0,1,0,181.0,8.533333333333333,2,0,0,0.0,0.0,normal
session_c7239987fbcc,user_026,analyst,2026-07-22 08:33:11,2026-07-22 12:35:11,16,3,0,16,1,1,4,8,0,53.114,8.491,0,0,242.0,8.55,2,0,0,0.0,3.319625,normal
session_1187691765b8,user_008,developer,2026-07-22 08:33:12,2026-07-22 14:27:12,20,7,0,20,1,1,5,0,0,0.0,0.0,0,0,354.0,8.55,2,0,0,0.0,0.0,normal
session_4d63c6adfe2b,user_042,developer,2026-07-22 08:33:25,2026-07-22 13:44:25,19,6,0,19,1,1,5,0,0,0.0,0.0,0,0,311.0,8.55,2,0,0,0.0,0.0,normal
session_ee136d54b838,user_038,developer,2026-07-22 08:34:34,2026-07-22 15:08:34,25,4,0,25,1,1,5,0,0,0.0,0.0,0,0,394.0,8.566666666666666,2,0,0,0.0,0.0,normal
session_baefd678ccca,user_044,developer,2026-07-22 08:39:41,2026-07-22 12:23:41,11,5,0,11,1,1,5,0,0,0.0,0.0,0,0,224.0,8.65,2,0,0,0.0,0.0,normal
session_d87be716445d,user_050,developer,2026-07-22 08:40:26,2026-07-22 13:12:26,17,5,0,17,1,1,5,0,0,0.0,0.0,0,0,272.0,8.666666666666666,2,0,0,0.0,0.0,normal
session_f370ae848980,user_022,developer,2026-07-22 08:42:02,2026-07-22 11:18:02,11,3,0,11,1,1,5,0,0,0.0,0.0,0,0,156.0,8.7,2,0,0,0.0,0.0,normal
session_ddf9aa7446d0,user_035,admin,2026-07-22 08:45:28,2026-07-22 15:27:28,24,5,0,24,1,1,5,0,0,0.0,0.0,6,0,402.0,8.75,2,0,0,0.0,0.0,normal
session_61b9554e278c,user_034,finance,2026-07-22 08:47:13,2026-07-22 13:28:13,20,5,0,20,1,1,3,9,4,94.063,14.053,0,0,281.0,8.783333333333333,2,0,0,0.0,4.70315,normal
session_e535cb118f59,user_016,developer,2026-07-22 08:47:47,2026-07-22 13:00:47,15,6,0,15,1,1,5,0,0,0.0,0.0,0,0,253.0,8.783333333333333,2,0,0,0.0,0.0,normal
session_dee80afd7fe1,user_059,analyst,2026-07-22 08:48:31,2026-07-22 12:41:31,13,3,0,13,1,1,4,2,0,15.434999999999999,8.125,0,0,233.0,8.8,2,0,0,0.0,1.1873076923076922,normal
session_9ff4e386dfa3,user_025,hr,2026-07-22 08:50:53,2026-07-22 14:08:53,20,7,0,20,1,1,3,4,0,9.344,4.224,0,0,318.0,8.833333333333334,2,0,0,0.0,0.46719999999999995,normal
session_e787f46256f6,user_077,admin,2026-07-22 08:50:59,2026-07-22 12:51:59,14,3,0,14,1,1,5,0,0,0.0,0.0,2,0,241.0,8.833333333333334,2,0,0,0.0,0.0,normal
session_71cb547ef762,user_029,admin,2026-07-22 08:51:50,2026-07-22 11:22:50,10,3,0,10,1,1,5,0,0,0.0,0.0,1,0,151.0,8.85,2,0,0,0.0,0.0,normal
session_1b0e57acdb9d,user_028,developer,2026-07-22 08:52:54,2026-07-22 08:54:14,4,4,3,4,1,1,1,0,0,0.0,0.0,0,0,1.3333333333333333,8.866666666666667,2,0,0,0.75,0.0,normal
session_2623bb2080fc,user_006,analyst,2026-07-22 08:53:33,2026-07-22 11:07:33,10,3,0,10,1,1,3,2,0,23.686,14.017,0,0,134.0,8.883333333333333,2,0,0,0.0,2.3686,normal
session_5f17036d0477,user_007,developer,2026-07-22 08:54:43,2026-07-22 11:41:43,10,4,0,10,1,1,4,0,0,0.0,0.0,0,0,167.0,8.9,2,0,0,0.0,0.0,normal
session_8087dda80ad3,user_015,finance,2026-07-22 08:55:25,2026-07-22 12:21:25,13,4,0,13,1,1,3,3,2,23.177,6.36,0,0,206.0,8.916666666666666,2,0,0,0.0,1.7828461538461537,normal
session_d4c77b68b539,user_061,analyst,2026-07-22 08:56:16,2026-07-22 15:17:16,22,7,0,22,1,1,4,4,0,20.98,6.949,0,0,381.0,8.933333333333334,2,0,0,0.0,0.9536363636363636,normal
session_8bd973eeeea2,user_064,finance,2026-07-22 08:57:00,2026-07-22 11:46:00,14,3,0,14,1,1,3,2,4,108.821,27.266,0,0,169.0,8.95,2,0,0,0.0,7.772928571428571,normal
session_74a642fdbd7b,user_027,developer,2026-07-22 08:59:10,2026-07-22 11:56:10,11,1,0,11,1,1,4,0,0,0.0,0.0,0,0,177.0,8.983333333333333,2,0,0,0.0,0.0,normal
session_198594965e38,user_017,admin,2026-07-22 09:03:14,2026-07-22 11:19:14,9,2,0,9,1,1,5,0,0,0.0,0.0,0,0,136.0,9.05,2,0,0,0.0,0.0,normal
session_d94b554d5d07,user_033,developer,2026-07-22 09:03:26,2026-07-22 09:18:26,6,1,0,6,1,6,5,1,0,80.286,18.762,0,1,15.0,9.05,2,0,0,0.0,13.381,device_spoofing
session_adf7efa5eb3a,user_023,developer,2026-07-22 09:05:44,2026-07-22 11:43:44,13,5,0,13,1,1,5,0,0,0.0,0.0,0,0,158.0,9.083333333333334,2,0,0,0.0,0.0,normal
session_e6ede0dd8ec7,user_012,analyst,2026-07-22 09:07:32,2026-07-22 15:31:32,21,6,0,21,1,1,4,8,0,31.133,5.593,0,0,384.0,9.116666666666667,2,0,0,0.0,1.4825238095238096,normal
session_2d40ed011c26,user_048,developer,2026-07-22 09:07:51,2026-07-22 13:33:51,18,5,0,18,1,1,5,0,0,0.0,0.0,0,0,266.0,9.116666666666667,2,0,0,0.0,0.0,normal
session_08decbec303c,user_019,developer,2026-07-22 09:08:49,2026-07-22 12:29:49,13,4,0,13,1,1,4,0,0,0.0,0.0,0,0,201.0,9.133333333333333,2,0,0,0.0,0.0,normal
session_76082646f78e,user_038,developer,2026-07-22 09:10:15,2026-07-22 09:30:15,2,2,0,2,2,2,1,0,0,0.0,0.0,0,1,20.0,9.166666666666666,2,0,0,0.0,0.0,impossible_travel
session_48f155f1a2ea,user_070,admin,2026-07-22 09:10:58,2026-07-22 17:14:58,25,3,0,25,1,1,5,0,0,0.0,0.0,5,0,484.0,9.166666666666666,2,0,0,0.0,0.0,normal
session_0d608e40502b,user_010,finance,2026-07-22 09:13:12,2026-07-22 12:23:12,12,3,0,12,1,1,3,2,1,19.320999999999998,7.77,0,0,190.0,9.216666666666667,2,0,0,0.0,1.610083333333333,normal
session_4486abb85e3d,user_071,analyst,2026-07-22 09:15:31,2026-07-22 11:12:31,9,3,0,9,1,1,4,0,0,0.0,0.0,0,0,117.0,9.25,2,0,0,0.0,0.0,normal
session_7e4094a6644a,user_066,developer,2026-07-22 09:18:12,2026-07-22 14:28:12,23,7,0,23,1,1,5,0,0,0.0,0.0,0,0,310.0,9.3,2,0,0,0.0,0.0,normal
session_e90834f5d30f,user_031,developer,2026-07-22 09:18:50,2026-07-22 14:24:50,19,2,0,19,1,1,5,0,0,0.0,0.0,0,0,306.0,9.3,2,0,0,0.0,0.0,normal
session_421d9f8d2137,user_036,developer,2026-07-22 09:19:37,2026-07-22 16:00:37,21,5,0,21,1,1,5,0,0,0.0,0.0,0,0,401.0,9.316666666666666,2,0,0,0.0,0.0,normal
session_5c190fb91c99,user_076,analyst,2026-07-22 09:19:48,2026-07-22 12:40:48,12,5,0,12,1,1,4,4,0,24.179000000000002,7.483,0,0,201.0,9.316666666666666,2,0,0,0.0,2.0149166666666667,normal
session_bd2080d6c709,user_017,admin,2026-07-22 09:24:26,2026-07-22 11:09:26,8,0,0,8,1,1,1,4,0,172.75,27.368,0,0,105.0,9.4,2,0,0,0.0,21.59375,normal
session_3fc6ad28a97d,user_004,developer,2026-07-22 09:24:56,2026-07-22 14:14:56,18,5,0,18,1,1,5,0,0,0.0,0.0,0,0,290.0,9.4,2,0,0,0.0,0.0,normal
session_887044774df5,user_056,hr,2026-07-22 09:26:23,2026-07-22 15:30:23,24,8,0,24,1,1,3,5,0,154.718,35.234,0,0,364.0,9.433333333333334,2,0,0,0.0,6.446583333333333,normal
session_9686ad547dd4,user_018,developer,2026-07-22 09:27:51,2026-07-22 14:18:51,17,5,0,17,1,1,5,0,0,0.0,0.0,0,0,291.0,9.45,2,0,0,0.0,0.0,normal
session_8dfd5a59ab0e,user_062,hr,2026-07-22 09:29:51,2026-07-22 14:15:51,17,6,0,17,1,1,3,2,0,27.991999999999997,15.35,0,0,286.0,9.483333333333333,2,0,0,0.0,1.6465882352941175,normal
session_1fc9d48a4f3c,user_047,developer,2026-07-22 09:31:20,2026-07-22 13:34:20,17,5,0,17,1,1,5,0,0,0.0,0.0,0,0,243.0,9.516666666666667,2,0,0,0.0,0.0,normal
session_43041feea991,user_014,hr,2026-07-22 09:34:50,2026-07-22 14:34:50,17,7,0,17,1,1,3,4,0,45.112,13.159,0,0,300.0,9.566666666666666,2,0,0,0.0,2.6536470588235295,normal
session_dd9160641b99,user_065,hr,2026-07-22 09:34:52,2026-07-22 13:55:52,16,5,0,16,1,1,3,3,0,31.828,12.86,0,0,261.0,9.566666666666666,2,0,0,0.0,1.98925,normal
session_45082d9f5852,user_003,developer,2026-07-22 09:34:56,2026-07-22 13:41:56,14,3,0,14,1,1,5,0,0,0.0,0.0,0,0,247.0,9.566666666666666,2,0,0,0.0,0.0,normal
session_6b26f3ed2234,user_075,developer,2026-07-22 09:38:11,2026-07-22 14:07:11,17,6,0,17,1,1,4,0,0,0.0,0.0,0,0,269.0,9.633333333333333,2,0,0,0.0,0.0,normal
session_4fc270f5d84f,user_013,hr,2026-07-22 09:41:21,2026-07-22 14:09:21,15,7,0,15,1,1,3,2,0,9.838000000000001,5.529,0,0,268.0,9.683333333333334,2,0,0,0.0,0.6558666666666667,normal
session_5161d862d228,user_033,developer,2026-07-22 09:44:31,2026-07-22 15:57:31,21,5,0,21,1,1,5,0,0,0.0,0.0,0,0,373.0,9.733333333333333,2,0,0,0.0,0.0,normal
session_584603745633,user_037,developer,2026-07-22 09:45:17,2026-07-22 11:45:17,9,2,0,9,1,1,4,0,0,0.0,0.0,0,0,120.0,9.75,2,0,0,0.0,0.0,normal
session_d0f3199bf1be,user_041,finance,2026-07-22 09:58:30,2026-07-22 12:57:30,14,4,0,14,1,1,3,2,2,69.587,22.327,0,0,179.0,9.966666666666667,2,0,0,0.0,4.9705,normal
session_d43842a5faf4,user_063,finance,2026-07-22 10:00:16,2026-07-22 13:41:16,18,6,0,18,1,1,3,2,2,20.458,6.722,0,0,221.0,10.0,2,0,0,0.0,1.1365555555555555,normal
session_e193efa562f6,user_071,analyst,2026-07-22 10:01:39,2026-07-22 10:16:39,6,3,0,6,1,6,3,3,0,33.426,10.611,0,1,15.0,10.016666666666667,2,0,0,0.0,5.571000000000001,device_spoofing
session_a85bbce14162,user_053,hr,2026-07-22 10:03:29,2026-07-22 13:30:29,15,6,0,15,1,1,3,3,0,20.317999999999998,10.822,0,0,207.0,10.05,2,0,0,0.0,1.3545333333333331,normal
session_7d95836211c2,user_005,hr,2026-07-22 10:08:17,2026-07-22 14:09:17,16,4,0,16,1,1,3,7,0,24.316,5.147,0,0,241.0,10.133333333333333,2,0,0,0.0,1.51975,normal
session_9670f1971d8a,user_002,finance,2026-07-22 10:10:13,2026-07-22 11:53:13,9,2,0,9,1,1,3,1,3,44.522999999999996,14.686,0,0,103.0,10.166666666666666,2,0,0,0.0,4.946999999999999,normal
session_8a26c1875a25,user_001,finance,2026-07-22 10:15:32,2026-07-22 13:45:32,16,3,0,16,1,1,3,3,0,46.126000000000005,18.184,0,0,210.0,10.25,2,0,0,0.0,2.8828750000000003,normal
session_075b32b7ee57,user_074,finance,2026-07-22 10:17:03,2026-07-22 15:30:03,17,4,0,17,1,1,3,1,5,19.76,4.522,0,0,313.0,10.283333333333333,2,0,0,0.0,1.1623529411764706,normal
session_f4303500f1b7,user_030,hr,2026-07-22 10:17:15,2026-07-22 15:27:15,17,4,0,17,1,1,3,2,0,22.473,13.724,0,0,310.0,10.283333333333333,2,0,0,0.0,1.3219411764705882,normal
session_ad47ce0d589a,user_046,hr,2026-07-22 10:20:04,2026-07-22 16:32:04,18,4,0,18,1,1,3,2,0,23.907,15.059,0,0,372.0,10.333333333333334,2,0,0,0.0,1.3281666666666667,normal
session_7512edb9f4e5,user_051,analyst,2026-07-22 10:29:29,2026-07-22 15:04:29,19,5,0,19,1,1,4,5,0,28.215000000000003,7.761,0,0,275.0,10.483333333333333,2,0,0,0.0,1.485,normal
session_697df93b605a,user_068,developer,2026-07-22 10:32:18,2026-07-22 15:34:18,20,2,0,20,1,1,5,0,0,0.0,0.0,0,0,302.0,10.533333333333333,2,0,0,0.0,0.0,normal
session_6255dd9ab3b8,user_054,developer,2026-07-22 10:38:34,2026-07-22 12:50:34,9,3,0,9,1,1,3,0,0,0.0,0.0,0,0,132.0,10.633333333333333,2,0,0,0.0,0.0,normal
session_99ed611da59b,user_072,hr,2026-07-22 10:42:45,2026-07-22 18:02:45,24,8,0,24,1,1,3,4,0,72.616,26.999,0,0,440.0,10.7,2,0,0,0.0,3.0256666666666665,normal
session_d459f922e67c,user_060,developer,2026-07-22 11:02:53,2026-07-22 13:20:53,12,2,0,12,1,1,5,0,0,0.0,0.0,0,0,138.0,11.033333333333333,2,0,0,0.0,0.0,normal
session_8540bcef7177,user_055,analyst,2026-07-22 11:19:12,2026-07-22 13:38:12,10,2,0,10,1,1,3,3,0,44.499,18.485,0,0,139.0,11.316666666666666,2,0,0,0.0,4.4499,normal
session_8f11e486937d,user_022,developer,2026-07-22 12:06:47,2026-07-22 12:06:47,1,0,0,1,1,1,1,1,0,52.945,52.945,0,1,0.0,12.1,2,0,0,0.0,52.945,low_slow_exfiltration
session_b02a43e9198b,user_052,finance,2026-07-22 13:17:51,2026-07-22 13:17:51,1,0,0,1,1,1,1,1,0,15.285,15.285,0,1,0.0,13.283333333333333,2,0,0,0.0,15.285,low_slow_exfiltration
session_37311552446d,user_076,analyst,2026-07-22 15:49:29,2026-07-22 15:49:29,1,0,0,1,1,1,1,1,0,10.636,10.636,0,1,0.0,15.816666666666666,2,0,0,0.0,10.636,insider_drift
session_5137b03903b4,user_066,developer,2026-07-23 01:30:28,2026-07-23 01:37:26,23,23,23,23,4,1,1,0,0,0.0,0.0,0,1,6.966666666666667,1.5,3,0,1,1.0,0.0,brute_force
session_63a16809debe,user_063,finance,2026-07-23 02:30:50,2026-07-23 02:39:10,31,31,31,31,4,1,1,0,0,0.0,0.0,0,1,8.333333333333334,2.5,3,0,1,1.0,0.0,brute_force
session_942ee41bcb4e,user_035,admin,2026-07-23 03:30:49,2026-07-23 03:36:09,19,19,19,19,3,1,1,0,0,0.0,0.0,0,1,5.333333333333333,3.5,3,0,1,1.0,0.0,brute_force
session_0b4f73344a2a,user_045,admin,2026-07-23 07:14:39,2026-07-23 10:18:39,11,1,0,11,1,1,5,0,0,0.0,0.0,5,0,184.0,7.233333333333333,3,0,0,0.0,0.0,normal
session_3812630412f9,user_007,developer,2026-07-23 07:17:12,2026-07-23 13:38:12,25,6,0,25,1,1,5,0,0,0.0,0.0,0,0,381.0,7.283333333333333,3,0,0,0.0,0.0,normal
session_7a7a4d5fe943,user_064,finance,2026-07-23 07:40:31,2026-07-23 10:05:31,10,3,0,10,1,1,3,1,2,34.384,15.206,0,0,145.0,7.666666666666667,3,0,0,0.0,3.4384,normal
session_9a421479fe6e,user_009,developer,2026-07-23 07:47:49,2026-07-23 10:22:49,12,1,0,12,1,1,4,0,0,0.0,0.0,0,0,155.0,7.783333333333333,3,0,0,0.0,0.0,normal
session_b567d0a5d91a,user_059,analyst,2026-07-23 07:48:29,2026-07-23 12:14:29,18,5,0,18,1,1,4,5,0,48.387,17.698,0,0,266.0,7.8,3,0,0,0.0,2.6881666666666666,normal
session_99a6ea45b690,user_058,hr,2026-07-23 07:53:32,2026-07-23 12:32:32,18,6,0,18,1,1,3,3,0,45.988,20.484,0,0,279.0,7.883333333333333,3,0,0,0.0,2.5548888888888888,normal
session_d7327ef4da3a,user_043,hr,2026-07-23 08:03:06,2026-07-23 13:30:06,22,2,0,22,1,1,3,8,0,81.41,14.584,0,0,327.0,8.05,3,0,0,0.0,3.700454545454545,normal
session_a8b95b98c6b1,user_014,hr,2026-07-23 08:19:38,2026-07-23 13:28:38,21,4,0,21,1,1,3,2,0,40.905,22.751,0,0,309.0,8.316666666666666,3,0,0,0.0,1.947857142857143,normal
session_0c33d04fd4c8,user_024,hr,2026-07-23 08:21:58,2026-07-23 11:18:58,11,2,0,11,1,1,2,1,0,19.814,19.814,0,0,177.0,8.35,3,0,0,0.0,1.8012727272727274,normal
session_0c70d169236c,user_052,finance,2026-07-23 08:25:00,2026-07-23 09:55:00,7,0,0,7,1,1,1,2,0,116.40899999999999,29.047,0,0,90.0,8.416666666666666,3,0,0,0.0,16.62985714285714,normal
session_93d37705bb3a,user_050,developer,2026-07-23 08:30:29,2026-07-23 14:08:29,22,8,0,22,1,1,5,0,0,0.0,0.0,0,0,338.0,8.5,3,0,0,0.0,0.0,normal
session_dfc3c8222bcc,user_070,admin,2026-07-23 08:31:30,2026-07-23 11:36:30,11,1,0,11,1,1,4,0,0,0.0,0.0,2,0,185.0,8.516666666666667,3,0,0,0.0,0.0,normal
session_8fc3c5bd2cb9,user_044,developer,2026-07-23 08:31:47,2026-07-23 13:51:47,20,4,0,20,1,1,5,0,0,0.0,0.0,0,0,320.0,8.516666666666667,3,0,0,0.0,0.0,normal
session_a5cc97b3a38e,user_075,developer,2026-07-23 08:32:03,2026-07-23 14:02:03,22,6,0,22,1,1,5,0,0,0.0,0.0,0,0,330.0,8.533333333333333,3,0,0,0.0,0.0,normal
session_1fc318218c0c,user_061,analyst,2026-07-23 08:35:53,2026-07-23 14:08:53,23,7,0,23,1,1,4,6,0,27.446,7.232,0,0,333.0,8.583333333333334,3,0,0,0.0,1.193304347826087,normal
session_208886336fb7,user_069,hr,2026-07-23 08:36:02,2026-07-23 12:29:02,18,5,0,18,1,1,3,8,0,95.586,20.925,0,0,233.0,8.6,3,0,0,0.0,5.310333333333333,normal
session_fe2c97fb9274,user_012,analyst,2026-07-23 08:36:18,2026-07-23 12:39:18,15,4,0,15,1,1,4,3,0,12.118,5.207,0,0,243.0,8.6,3,0,0,0.0,0.8078666666666667,normal
session_2d9ac54a4012,user_038,developer,2026-07-23 08:38:31,2026-07-23 11:55:31,16,3,0,16,1,1,5,0,0,0.0,0.0,0,0,197.0,8.633333333333333,3,0,0,0.0,0.0,normal
session_0b3715d91e65,user_011,analyst,2026-07-23 08:39:33,2026-07-23 10:42:33,9,2,0,9,1,1,4,1,0,9.088,9.088,0,0,123.0,8.65,3,0,0,0.0,1.0097777777777777,normal
session_9b863f6d885e,user_006,analyst,2026-07-23 08:46:51,2026-07-23 12:56:51,18,4,0,18,1,1,4,6,0,81.35,18.678,0,0,250.0,8.766666666666667,3,0,0,0.0,4.519444444444444,normal
session_ce3638004d24,user_074,finance,2026-07-23 08:46:53,2026-07-23 09:01:53,6,1,0,6,1,6,3,1,0,52.391000000000005,19.914,0,1,15.0,8.766666666666667,3,0,0,0.0,8.731833333333334,device_spoofing
session_7e556ada9e17,user_013,hr,2026-07-23 08:47:12,2026-07-23 13:00:12,15,3,0,15,1,1,3,5,0,27.125999999999998,7.387,0,0,253.0,8.783333333333333,3,0,0,0.0,1.8083999999999998,normal
session_437a4bba02d9,user_018,developer,2026-07-23 08:48:25,2026-07-23 15:44:25,24,4,0,24,1,1,5,0,0,0.0,0.0,0,0,416.0,8.8,3,0,0,0.0,0.0,normal
session_28ae3df2d442,user_008,developer,2026-07-23 08:49:59,2026-07-23 12:46:59,16,4,0,16,1,1,5,0,0,0.0,0.0,0,0,237.0,8.816666666666666,3,0,0,0.0,0.0,normal
session_4f862deba63a,user_068,developer,2026-07-23 08:51:13,2026-07-23 11:45:13,9,1,0,9,1,1,4,0,0,0.0,0.0,0,0,174.0,8.85,3,0,0,0.0,0.0,normal
session_7a8ad493e797,user_077,admin,2026-07-23 08:53:32,2026-07-23 12:06:32,11,4,0,11,1,1,5,0,0,0.0,0.0,0,0,193.0,8.883333333333333,3,0,0,0.0,0.0,normal
session_3db5daa4f1d4,user_073,hr,2026-07-23 08:58:41,2026-07-23 14:14:41,21,5,0,21,1,1,3,6,0,41.457,13.786,0,0,316.0,8.966666666666667,3,0,0,0.0,1.9741428571428572,normal
session_2897870dbec0,user_074,finance,2026-07-23 08:59:51,2026-07-23 11:37:51,11,2,0,11,1,1,3,2,3,18.953,5.354,0,0,158.0,8.983333333333333,3,0,0,0.0,1.7229999999999999,normal
session_eb418b57dea5,user_054,developer,2026-07-23 09:03:05,2026-07-23 12:04:05,14,1,0,14,1,1,5,0,0,0.0,0.0,0,0,181.0,9.05,3,0,0,0.0,0.0,normal
session_efbae09349f7,user_078,developer,2026-07-23 09:04:54,2026-07-23 12:03:54,13,2,0,13,1,1,4,0,0,0.0,0.0,0,0,179.0,9.066666666666666,3,0,0,0.0,0.0,normal
session_77ff3a2c2a77,user_071,analyst,2026-07-23 09:07:52,2026-07-23 11:50:52,14,5,0,14,1,1,4,4,0,71.646,31.289,0,0,163.0,9.116666666666667,3,0,0,0.0,5.117571428571429,normal
session_d1018d1354ab,user_023,developer,2026-07-23 09:12:28,2026-07-23 12:22:28,13,3,0,13,1,1,4,0,0,0.0,0.0,0,0,190.0,9.2,3,0,0,0.0,0.0,normal
session_3476cefaa2a4,user_057,developer,2026-07-23 09:13:45,2026-07-23 13:47:45,18,7,0,18,1,1,4,0,0,0.0,0.0,0,0,274.0,9.216666666666667,3,0,0,0.0,0.0,normal
session_cc89b1e86e42,user_005,hr,2026-07-23 09:14:01,2026-07-23 16:01:01,24,7,0,24,1,1,3,4,0,12.823,3.899,0,0,407.0,9.233333333333333,3,0,0,0.0,0.5342916666666667,normal
session_469780195e1c,user_021,finance,2026-07-23 09:16:38,2026-07-23 13:25:38,15,6,0,15,1,1,3,3,4,32.878,7.758,0,0,249.0,9.266666666666667,3,0,0,0.0,2.191866666666667,normal
session_185dec1b05b7,user_035,admin,2026-07-23 09:19:14,2026-07-23 15:27:14,23,6,0,23,1,1,5,0,0,0.0,0.0,1,0,368.0,9.316666666666666,3,0,0,0.0,0.0,normal
session_0018cc0c6017,user_065,hr,2026-07-23 09:20:00,2026-07-23 12:33:00,12,3,0,12,1,1,3,2,0,23.298000000000002,13.005,0,0,193.0,9.333333333333334,3,0,0,0.0,1.9415000000000002,normal
session_03d763b83a77,user_033,developer,2026-07-23 09:22:25,2026-07-23 11:24:25,9,2,0,9,1,1,3,0,0,0.0,0.0,0,0,122.0,9.366666666666667,3,0,0,0.0,0.0,normal
session_acfa728d36b1,user_072,hr,2026-07-23 09:24:31,2026-07-23 14:41:31,16,4,0,16,1,1,3,6,0,107.751,43.066,0,0,317.0,9.4,3,0,0,0.0,6.7344375,normal
session_218f394f7257,user_066,developer,2026-07-23 09:25:11,2026-07-23 12:31:11,12,4,0,12,1,1,5,0,0,0.0,0.0,0,0,186.0,9.416666666666666,3,0,0,0.0,0.0,normal
session_d8d8cd9135e9,user_039,developer,2026-07-23 09:25:26,2026-07-23 11:35:26,10,5,0,10,1,1,4,0,0,0.0,0.0,0,0,130.0,9.416666666666666,3,0,0,0.0,0.0,normal
session_23d5b20891bd,user_056,hr,2026-07-23 09:28:12,2026-07-23 15:44:12,25,10,0,25,1,1,3,4,0,122.70400000000001,53.635,0,0,376.0,9.466666666666667,3,0,0,0.0,4.9081600000000005,normal
session_648cd72d12fd,user_036,developer,2026-07-23 09:33:22,2026-07-23 14:56:22,22,8,0,22,1,1,5,0,0,0.0,0.0,0,0,323.0,9.55,3,0,0,0.0,0.0,normal
session_22293f0aea50,user_004,developer,2026-07-23 09:37:24,2026-07-23 13:24:24,13,1,0,13,1,1,5,0,0,0.0,0.0,0,0,227.0,9.616666666666667,3,0,0,0.0,0.0,normal
session_e5666f061a9d,user_019,developer,2026-07-23 09:38:04,2026-07-23 13:03:04,12,4,0,12,1,1,5,0,0,0.0,0.0,0,0,205.0,9.633333333333333,3,0,0,0.0,0.0,normal
session_d8aae035e715,user_060,developer,2026-07-23 09:38:49,2026-07-23 14:42:49,21,3,0,21,1,1,5,0,0,0.0,0.0,0,0,304.0,9.633333333333333,3,0,0,0.0,0.0,normal
session_b1dd11468b6c,user_029,admin,2026-07-23 09:45:22,2026-07-23 13:45:22,18,2,0,18,1,1,5,0,0,0.0,0.0,2,0,240.0,9.75,3,0,0,0.0,0.0,normal
session_0c0b4a693906,user_028,developer,2026-07-23 09:45:39,2026-07-23 12:19:39,12,4,0,12,1,1,5,0,0,0.0,0.0,0,0,154.0,9.75,3,0,0,0.0,0.0,normal
session_001c3e502725,user_031,developer,2026-07-23 09:45:58,2026-07-23 12:21:58,12,3,0,12,1,1,4,0,0,0.0,0.0,0,0,156.0,9.75,3,0,0,0.0,0.0,normal
session_9ddcff0e3f44,user_037,developer,2026-07-23 09:46:31,2026-07-23 13:36:31,16,6,0,16,1,1,5,0,0,0.0,0.0,0,0,230.0,9.766666666666667,3,0,0,0.0,0.0,normal
session_c0739ad5a471,user_076,analyst,2026-07-23 09:47:13,2026-07-23 12:24:13,12,2,0,12,1,1,4,0,0,0.0,0.0,0,0,157.0,9.783333333333333,3,0,0,0.0,0.0,normal
session_d54e2d38b7f7,user_030,hr,2026-07-23 09:48:08,2026-07-23 15:57:08,23,6,0,23,1,1,3,5,0,83.008,23.41,0,0,369.0,9.8,3,0,0,0.0,3.6090434782608694,normal
session_4f2a391b64c4,user_052,finance,2026-07-23 09:49:19,2026-07-23 16:27:19,23,8,0,23,1,1,3,4,5,53.873999999999995,9.012,0,0,398.0,9.816666666666666,3,0,0,0.0,2.3423478260869564,normal
session_186ff413cc19,user_055,analyst,2026-07-23 09:49:45,2026-07-23 14:37:45,24,3,0,24,1,1,4,8,0,120.026,18.816,0,0,288.0,9.816666666666666,3,0,0,0.0,5.001083333333333,normal
session_93a0c656a9ab,user_025,hr,2026-07-23 09:50:00,2026-07-23 15:10:00,19,4,0,19,1,1,3,6,0,14.344000000000001,3.471,0,0,320.0,9.833333333333334,3,0,0,0.0,0.7549473684210527,normal
session_a1857b83361d,user_034,finance,2026-07-23 09:54:26,2026-07-23 13:22:26,13,4,0,13,1,1,3,1,3,23.15,9.21,0,0,208.0,9.9,3,0,0,0.0,1.7807692307692307,normal
session_f3a6b615a89b,user_016,developer,2026-07-23 09:56:02,2026-07-23 13:31:02,16,4,0,16,1,1,5,0,0,0.0,0.0,0,0,215.0,9.933333333333334,3,0,0,0.0,0.0,normal
session_da36a0ab3fbe,user_047,developer,2026-07-23 10:00:34,2026-07-23 12:56:34,13,3,0,13,1,1,5,0,0,0.0,0.0,0,0,176.0,10.0,3,0,0,0.0,0.0,normal
session_ad780cbcd038,user_067,analyst,2026-07-23 10:00:39,2026-07-23 12:07:39,9,2,0,9,1,1,4,4,0,34.212,13.863,0,0,127.0,10.0,3,0,0,0.0,3.801333333333334,normal
session_bdc6ac25709a,user_001,finance,2026-07-23 10:01:26,2026-07-23 13:06:26,13,3,0,13,1,1,3,2,4,98.554,25.326,0,0,185.0,10.016666666666667,3,0,0,0.0,7.581076923076923,normal
session_785450ba6a6d,user_049,analyst,2026-07-23 10:03:38,2026-07-23 15:52:38,23,6,0,23,1,1,4,4,0,17.666,5.409,0,0,349.0,10.05,3,0,0,0.0,0.7680869565217392,normal
session_72dd9f60a398,user_014,hr,2026-07-23 10:04:03,2026-07-23 12:24:03,15,6,0,15,1,1,3,4,0,202.683,24.647,0,0,140.0,10.066666666666666,3,0,0,0.0,13.5122,normal
session_66819f115a7d,user_080,hr,2026-07-23 10:05:27,2026-07-23 14:51:27,19,2,0,19,1,1,3,11,0,169.024,21.502,0,0,286.0,10.083333333333334,3,0,0,0.0,8.896,normal
session_7e3717cfceff,user_015,finance,2026-07-23 10:06:07,2026-07-23 15:37:07,21,6,0,21,1,1,3,4,6,37.853,7.065,0,0,331.0,10.1,3,0,0,0.0,1.8025238095238096,normal
session_ee6e8fdaf58a,user_002,finance,2026-07-23 10:08:50,2026-07-23 13:08:50,12,2,0,12,1,1,3,2,1,26.84,12.039,0,0,180.0,10.133333333333333,3,0,0,0.0,2.236666666666667,normal
session_97d6c608f97a,user_046,hr,2026-07-23 10:16:03,2026-07-23 14:02:03,13,4,0,13,1,1,3,4,0,30.662,9.681,0,0,226.0,10.266666666666667,3,0,0,0.0,2.3586153846153843,normal
session_a84bee50e164,user_027,developer,2026-07-23 10:16:15,2026-07-23 15:20:15,16,4,0,16,1,1,5,0,0,0.0,0.0,0,0,304.0,10.266666666666667,3,0,0,0.0,0.0,normal
session_468f159b3b77,user_051,analyst,2026-07-23 10:18:25,2026-07-23 13:49:25,17,4,0,17,1,1,4,3,0,20.258,9.664,0,0,211.0,10.3,3,0,0,0.0,1.1916470588235293,normal
session_c148cd112de7,user_010,finance,2026-07-23 10:19:52,2026-07-23 15:25:52,24,4,0,24,1,1,3,8,5,93.024,12.009,0,0,306.0,10.316666666666666,3,0,0,0.0,3.876,normal
session_6919758fb0ab,user_063,finance,2026-07-23 10:21:39,2026-07-23 17:52:39,24,4,0,24,1,1,3,4,6,54.033,8.798,0,0,451.0,10.35,3,0,0,0.0,2.251375,normal
session_33952c0954f4,user_062,hr,2026-07-23 10:22:17,2026-07-23 13:59:17,17,5,0,17,1,1,3,2,0,27.963,17.142,0,0,217.0,10.366666666666667,3,0,0,0.0,1.6448823529411765,normal
session_96947572b433,user_003,developer,2026-07-23 10:26:52,2026-07-23 10:26:52,1,0,0,1,1,1,1,1,0,26.239,26.239,0,0,0.0,10.433333333333334,3,0,0,0.0,26.239,normal
session_cb7f7798fd9f,user_041,finance,2026-07-23 10:28:36,2026-07-23 11:32:36,9,3,0,9,1,1,3,2,3,138.816,46.857,0,0,64.0,10.466666666666667,3,0,0,0.0,15.424,normal
session_d6bd7c582b7b,user_079,developer,2026-07-23 10:42:40,2026-07-23 14:32:40,19,11,0,19,1,1,5,0,0,0.0,0.0,0,0,230.0,10.7,3,0,0,0.0,0.0,normal
session_828b9c87ad45,user_017,admin,2026-07-23 10:46:42,2026-07-23 16:03:42,20,5,0,20,1,1,5,0,0,0.0,0.0,3,0,317.0,10.766666666666667,3,0,0,0.0,0.0,normal
session_18c0fcde5f4d,user_053,hr,2026-07-23 11:06:52,2026-07-23 14:46:52,14,5,0,14,1,1,3,5,0,24.323,7.303,0,0,220.0,11.1,3,0,0,0.0,1.7373571428571428,normal
session_1dfcac434bde,user_022,developer,2026-07-23 11:32:34,2026-07-23 11:32:34,1,0,0,1,1,1,1,1,0,60.072,60.072,0,1,0.0,11.533333333333333,3,0,0,0.0,60.072,low_slow_exfiltration
session_599ba685a93f,user_052,finance,2026-07-23 11:44:50,2026-07-23 11:44:50,1,0,0,1,1,1,1,1,0,17.343,17.343,0,1,0.0,11.733333333333333,3,0,0,0.0,17.343,low_slow_exfiltration
session_7031f873ff0e,user_073,hr,2026-07-23 16:40:21,2026-07-23 17:30:21,6,2,0,6,1,1,2,3,0,80.531,20.148,0,0,50.0,16.666666666666668,3,0,0,0.0,13.421833333333334,normal
session_4233209e72ca,user_023,developer,2026-07-24 02:31:48,2026-07-24 02:41:48,6,1,0,6,1,1,6,0,0,0.0,0.0,1,1,10.0,2.5166666666666666,4,0,1,0.0,0.0,lateral_movement
session_033b541d6220,user_052,finance,2026-07-24 03:15:39,2026-07-24 03:25:39,6,1,0,6,1,1,6,0,0,0.0,0.0,1,1,10.0,3.25,4,0,1,0.0,0.0,lateral_movement
session_c3f6789f3ba8,user_007,developer,2026-07-24 07:25:01,2026-07-24 11:13:01,18,4,0,18,1,1,5,0,0,0.0,0.0,0,0,228.0,7.416666666666667,4,0,0,0.0,0.0,normal
session_dc8d5298b12c,user_050,developer,2026-07-24 07:36:00,2026-07-24 15:06:00,25,6,0,25,1,1,5,0,0,0.0,0.0,0,0,450.0,7.6,4,0,0,0.0,0.0,normal
session_5a2fd0fa35f8,user_073,hr,2026-07-24 07:44:44,2026-07-24 13:51:44,25,9,0,25,1,1,3,7,0,51.893,11.849,0,0,367.0,7.733333333333333,4,0,0,0.0,2.07572,normal
session_9104aa94d32a,user_006,analyst,2026-07-24 07:45:25,2026-07-24 11:49:25,17,6,0,17,1,1,3,7,0,62.81099999999999,11.328,0,0,244.0,7.75,4,0,0,0.0,3.6947647058823527,normal
session_64070b5019a3,user_045,admin,2026-07-24 07:46:55,2026-07-24 10:09:55,11,6,0,11,1,1,4,0,0,0.0,0.0,2,0,143.0,7.766666666666667,4,0,0,0.0,0.0,normal
session_e76a9803215e,user_043,hr,2026-07-24 07:49:26,2026-07-24 10:12:26,12,4,0,12,1,1,3,2,0,20.128999999999998,11.98,0,0,143.0,7.816666666666666,4,0,0,0.0,1.6774166666666666,normal
session_f12df4c3953c,user_039,developer,2026-07-24 08:00:08,2026-07-24 13:31:08,25,6,0,25,1,1,5,0,0,0.0,0.0,0,0,331.0,8.0,4,0,0,0.0,0.0,normal
session_bffeff2a241b,user_044,developer,2026-07-24 08:00:43,2026-07-24 12:56:43,20,3,0,20,1,1,5,0,0,0.0,0.0,0,0,296.0,8.0,4,0,0,0.0,0.0,normal
session_3c941ad0ab56,user_042,developer,2026-07-24 08:03:26,2026-07-24 11:13:26,14,2,0,14,1,1,5,0,0,0.0,0.0,0,0,190.0,8.05,4,0,0,0.0,0.0,normal
session_227dc54043c5,user_008,developer,2026-07-24 08:04:23,2026-07-24 10:52:23,9,4,0,9,1,1,5,0,0,0.0,0.0,0,0,168.0,8.066666666666666,4,0,0,0.0,0.0,normal
session_a21bbde27ba2,user_040,finance,2026-07-24 08:07:13,2026-07-24 10:43:13,11,4,0,11,1,1,3,2,1,56.135999999999996,29.175,0,0,156.0,8.116666666666667,4,0,0,0.0,5.103272727272727,normal
session_6847f22a2a55,user_012,analyst,2026-07-24 08:09:13,2026-07-24 10:34:13,12,2,0,12,1,1,4,5,0,26.509,7.569,0,0,145.0,8.15,4,0,0,0.0,2.2090833333333335,normal
session_be5498ab2a2a,user_022,developer,2026-07-24 08:12:36,2026-07-24 11:42:36,14,4,0,14,1,1,5,0,0,0.0,0.0,0,0,210.0,8.2,4,0,0,0.0,0.0,normal
session_0d89be413c87,user_022,developer,2026-07-24 08:14:23,2026-07-24 08:36:23,2,2,0,2,2,2,1,0,0,0.0,0.0,0,1,22.0,8.233333333333333,4,0,0,0.0,0.0,impossible_travel
session_8090f70619b5,user_020,finance,2026-07-24 08:17:14,2026-07-24 13:33:14,16,3,0,16,1,1,3,1,6,118.944,21.853,0,0,316.0,8.283333333333333,4,0,0,0.0,7.434,normal
session_230a21999903,user_052,finance,2026-07-24 08:27:10,2026-07-24 14:22:10,23,4,0,23,1,1,3,6,5,61.522,10.434,0,0,355.0,8.45,4,0,0,0.0,2.6748695652173913,normal
session_f6ce43f8a3b0,user_058,hr,2026-07-24 08:29:27,2026-07-24 10:59:27,12,4,0,12,1,1,3,5,0,52.902,20.804,0,0,150.0,8.483333333333333,4,0,0,0.0,4.4085,normal
session_4ad4b1a3a51d,user_025,hr,2026-07-24 08:30:23,2026-07-24 15:59:23,24,8,0,24,1,1,3,4,0,7.97,3.26,0,0,449.0,8.5,4,0,0,0.0,0.33208333333333334,normal
session_52510cd7b34c,user_058,hr,2026-07-24 08:32:39,2026-07-24 09:16:39,2,2,0,2,2,2,1,0,0,0.0,0.0,0,1,44.0,8.533333333333333,4,0,0,0.0,0.0,impossible_travel
session_6bb220810c80,user_057,developer,2026-07-24 08:33:23,2026-07-24 14:26:23,20,5,0,20,1,1,5,0,0,0.0,0.0,0,0,353.0,8.55,4,0,0,0.0,0.0,normal
session_51918be56580,user_035,admin,2026-07-24 08:34:10,2026-07-24 14:46:10,24,6,0,24,1,1,5,0,0,0.0,0.0,3,0,372.0,8.566666666666666,4,0,0,0.0,0.0,normal
session_9acf6a75bfde,user_001,finance,2026-07-24 08:34:37,2026-07-24 14:23:37,24,8,0,24,1,1,3,3,6,130.678,29.074,0,0,349.0,8.566666666666666,4,0,0,0.0,5.444916666666667,normal
session_09222252fda3,user_066,developer,2026-07-24 08:37:31,2026-07-24 14:55:31,24,5,0,24,1,1,5,0,0,0.0,0.0,0,0,378.0,8.616666666666667,4,0,0,0.0,0.0,normal
session_b11d3330d283,user_023,developer,2026-07-24 08:45:39,2026-07-24 14:58:39,23,3,0,23,1,1,5,0,0,0.0,0.0,0,0,373.0,8.75,4,0,0,0.0,0.0,normal
session_f16e6346bfec,user_005,hr,2026-07-24 08:46:15,2026-07-24 11:01:15,11,3,0,11,1,1,3,3,0,11.076,4.935,0,0,135.0,8.766666666666667,4,0,0,0.0,1.006909090909091,normal
session_1f7b73205dfc,user_070,admin,2026-07-24 08:50:14,2026-07-24 10:59:14,9,2,0,9,1,1,3,0,0,0.0,0.0,1,0,129.0,8.833333333333334,4,0,0,0.0,0.0,normal
session_3581f118326b,user_064,finance,2026-07-24 08:50:55,2026-07-24 14:39:55,21,4,0,21,1,1,3,8,3,186.78300000000002,31.597,0,0,349.0,8.833333333333334,4,0,0,0.0,8.894428571428572,normal
session_31189e03f550,user_024,hr,2026-07-24 08:53:55,2026-07-24 11:46:55,10,3,0,10,1,1,2,1,0,16.43,16.43,0,0,173.0,8.883333333333333,4,0,0,0.0,1.643,normal
session_f9fd782f461d,user_038,developer,2026-07-24 08:55:23,2026-07-24 14:52:23,21,1,0,21,1,1,5,0,0,0.0,0.0,0,0,357.0,8.916666666666666,4,0,0,0.0,0.0,normal
session_15c57fc66641,user_010,finance,2026-07-24 08:58:20,2026-07-24 12:21:20,12,4,0,12,1,1,3,1,1,19.933999999999997,11.644,0,0,203.0,8.966666666666667,4,0,0,0.0,1.6611666666666665,normal
session_890d7483c990,user_028,developer,2026-07-24 08:58:49,2026-07-24 15:02:49,19,4,0,19,1,1,5,0,0,0.0,0.0,0,0,364.0,8.966666666666667,4,0,0,0.0,0.0,normal
session_6bdf51debdca,user_077,admin,2026-07-24 08:59:45,2026-07-24 15:09:45,22,4,0,22,1,1,5,0,0,0.0,0.0,3,0,370.0,8.983333333333333,4,0,0,0.0,0.0,normal
session_a5e95668077a,user_009,developer,2026-07-24 08:59:46,2026-07-24 15:16:46,25,7,0,25,1,1,5,0,0,0.0,0.0,0,0,377.0,8.983333333333333,4,0,0,0.0,0.0,normal
session_2a0ec563d3ff,user_016,developer,2026-07-24 09:01:58,2026-07-24 13:27:58,20,6,0,20,1,1,5,0,0,0.0,0.0,0,0,266.0,9.016666666666667,4,0,0,0.0,0.0,normal
session_26b08caac649,user_044,developer,2026-07-24 09:03:06,2026-07-24 09:04:46,5,5,4,5,1,1,1,0,0,0.0,0.0,0,0,1.6666666666666667,9.05,4,0,0,0.8,0.0,normal
session_00bbeacc192c,user_018,developer,2026-07-24 09:06:04,2026-07-24 12:05:04,13,4,0,13,1,1,4,0,0,0.0,0.0,0,0,179.0,9.1,4,0,0,0.0,0.0,normal
session_4d27a6a9f842,user_011,analyst,2026-07-24 09:06:31,2026-07-24 11:03:31,10,3,0,10,1,1,4,1,0,15.74,15.74,0,0,117.0,9.1,4,0,0,0.0,1.574,normal
session_c1d59a69c19f,user_011,analyst,2026-07-24 09:12:26,2026-07-24 09:14:06,5,5,4,5,1,1,1,0,0,0.0,0.0,0,0,1.6666666666666667,9.2,4,0,0,0.8,0.0,normal
session_96807a1119d6,user_065,hr,2026-07-24 09:12:40,2026-07-24 13:26:40,18,7,0,18,1,1,3,1,0,10.88,10.88,0,0,254.0,9.2,4,0,0,0.0,0.6044444444444445,normal
session_554c75444e16,user_051,analyst,2026-07-24 09:13:06,2026-07-24 10:54:06,10,2,0,10,1,1,4,2,0,15.775,11.123,0,0,101.0,9.216666666666667,4,0,0,0.0,1.5775000000000001,normal
session_1aa81bd025ec,user_078,developer,2026-07-24 09:13:20,2026-07-24 15:40:20,25,2,0,25,1,1,5,0,0,0.0,0.0,0,0,387.0,9.216666666666667,4,0,0,0.0,0.0,normal
session_6382b4bbc196,user_013,hr,2026-07-24 09:13:23,2026-07-24 14:12:23,23,7,0,23,1,1,3,7,0,31.309,7.112,0,0,299.0,9.216666666666667,4,0,0,0.0,1.3612608695652175,normal
session_45864c87e2e1,user_014,hr,2026-07-24 09:15:15,2026-07-24 13:52:15,19,9,0,19,1,1,3,2,0,24.918999999999997,13.501,0,0,277.0,9.25,4,0,0,0.0,1.3115263157894734,normal
session_4e8545099b02,user_017,admin,2026-07-24 09:15:44,2026-07-24 11:32:44,9,4,0,9,1,1,5,0,0,0.0,0.0,0,0,137.0,9.25,4,0,0,0.0,0.0,normal
session_c48c1aed4c9e,user_034,finance,2026-07-24 09:25:06,2026-07-24 12:19:06,10,3,0,10,1,1,3,0,1,5.798,5.798,0,0,174.0,9.416666666666666,4,0,0,0.0,0.5798,normal
session_d335f1e18401,user_072,hr,2026-07-24 09:25:33,2026-07-24 12:36:33,12,3,0,12,1,1,3,2,0,31.728,21.387,0,0,191.0,9.416666666666666,4,0,0,0.0,2.644,normal
session_42f4df3fc157,user_059,analyst,2026-07-24 09:26:18,2026-07-24 11:48:18,11,4,0,11,1,1,4,4,0,50.681,17.186,0,0,142.0,9.433333333333334,4,0,0,0.0,4.607363636363636,normal
session_0960f75c7d69,user_032,hr,2026-07-24 09:27:30,2026-07-24 13:29:30,18,5,0,18,1,1,3,5,0,21.603,6.873,0,0,242.0,9.45,4,0,0,0.0,1.2001666666666668,normal
session_eededb8a8606,user_062,hr,2026-07-24 09:28:31,2026-07-24 12:33:31,11,3,0,11,1,1,3,3,0,49.196999999999996,22.342,0,0,185.0,9.466666666666667,4,0,0,0.0,4.4724545454545455,normal
session_7b08326f81db,user_049,analyst,2026-07-24 09:28:53,2026-07-24 13:29:53,15,4,0,15,1,1,4,7,0,34.367,9.665,0,0,241.0,9.466666666666667,4,0,0,0.0,2.2911333333333332,normal
session_a52752b654f8,user_028,developer,2026-07-24 09:29:39,2026-07-24 09:59:39,2,2,0,2,2,2,1,0,0,0.0,0.0,0,1,30.0,9.483333333333333,4,0,0,0.0,0.0,impossible_travel
session_aae96532bb85,user_066,developer,2026-07-24 09:30:13,2026-07-24 09:50:13,2,2,0,2,2,2,1,0,0,0.0,0.0,0,1,20.0,9.5,4,0,0,0.0,0.0,impossible_travel
session_0a6e077262a7,user_027,developer,2026-07-24 09:30:18,2026-07-24 14:41:18,20,4,0,20,1,1,5,0,0,0.0,0.0,0,0,311.0,9.5,4,0,0,0.0,0.0,normal
session_06ce0b463c45,user_069,hr,2026-07-24 09:30:30,2026-07-24 14:54:30,20,4,0,20,1,1,3,2,0,17.358,8.858,0,0,324.0,9.5,4,0,0,0.0,0.8679,normal
session_d623904aa387,user_041,finance,2026-07-24 09:33:31,2026-07-24 12:05:31,9,2,0,9,1,1,3,1,1,53.937000000000005,36.017,0,0,152.0,9.55,4,0,0,0.0,5.993,normal
session_fd9b3dc3cc87,user_068,developer,2026-07-24 09:38:13,2026-07-24 10:12:13,2,2,0,2,2,2,1,0,0,0.0,0.0,0,1,34.0,9.633333333333333,4,0,0,0.0,0.0,impossible_travel
session_901e4ab30f9e,user_055,analyst,2026-07-24 09:39:19,2026-07-24 14:17:19,17,3,0,17,1,1,4,4,0,77.7,24.44,0,0,278.0,9.65,4,0,0,0.0,4.570588235294117,normal
session_b43a3f4d87c1,user_029,admin,2026-07-24 09:41:31,2026-07-24 13:47:31,18,4,0,18,1,1,5,0,0,0.0,0.0,6,0,246.0,9.683333333333334,4,0,0,0.0,0.0,normal
session_aa7aeb0616d5,user_063,finance,2026-07-24 09:42:14,2026-07-24 16:03:14,22,2,0,22,1,1,3,5,5,60.562,10.57,0,0,381.0,9.7,4,0,0,0.0,2.752818181818182,normal
session_e6f435cd7f33,user_021,finance,2026-07-24 09:44:08,2026-07-24 17:08:08,25,5,0,25,1,1,3,6,4,54.289,8.18,0,0,444.0,9.733333333333333,4,0,0,0.0,2.17156,normal
session_aa551cca8131,user_056,hr,2026-07-24 09:46:59,2026-07-24 14:37:59,16,4,0,16,1,1,3,7,0,201.409,49.975,0,0,291.0,9.766666666666667,4,0,0,0.0,12.5880625,normal
session_23b2c5880c61,user_026,analyst,2026-07-24 09:51:33,2026-07-24 14:37:33,18,4,0,18,1,1,4,4,0,20.173,5.648,0,0,286.0,9.85,4,0,0,0.0,1.1207222222222222,normal
session_8fbbd4061b59,user_037,developer,2026-07-24 09:52:11,2026-07-24 16:18:11,23,5,0,23,1,1,5,0,0,0.0,0.0,0,0,386.0,9.866666666666667,4,0,0,0.0,0.0,normal
session_c415211c3486,user_033,developer,2026-07-24 09:53:56,2026-07-24 14:27:56,20,5,0,20,1,1,5,0,0,0.0,0.0,0,0,274.0,9.883333333333333,4,0,0,0.0,0.0,normal
session_144d93b549bd,user_031,developer,2026-07-24 09:56:14,2026-07-24 16:03:14,24,4,0,24,1,1,5,0,0,0.0,0.0,0,0,367.0,9.933333333333334,4,0,0,0.0,0.0,normal
session_26ed7ded470e,user_036,developer,2026-07-24 09:56:31,2026-07-24 12:22:31,9,2,0,9,1,1,4,0,0,0.0,0.0,0,0,146.0,9.933333333333334,4,0,0,0.0,0.0,normal
session_177803ebd487,user_071,analyst,2026-07-24 09:56:37,2026-07-24 13:57:37,15,4,0,15,1,1,3,7,0,124.013,26.189,0,0,241.0,9.933333333333334,4,0,0,0.0,8.267533333333335,normal
session_7b86caff588e,user_047,developer,2026-07-24 10:01:32,2026-07-24 16:02:32,22,4,0,22,1,1,5,0,0,0.0,0.0,0,0,361.0,10.016666666666667,4,0,0,0.0,0.0,normal
session_7b5971481c64,user_061,analyst,2026-07-24 10:04:03,2026-07-24 14:36:03,18,3,0,18,1,1,4,5,0,22.571,7.969,0,0,272.0,10.066666666666666,4,0,0,0.0,1.2539444444444445,normal
session_e17dfa3bed5a,user_075,developer,2026-07-24 10:11:12,2026-07-24 13:09:12,11,4,0,11,1,1,5,0,0,0.0,0.0,0,0,178.0,10.183333333333334,4,0,0,0.0,0.0,normal
session_ae4cc537ab84,user_054,developer,2026-07-24 10:13:16,2026-07-24 13:34:16,17,4,0,17,1,1,5,0,0,0.0,0.0,0,0,201.0,10.216666666666667,4,0,0,0.0,0.0,normal
session_2fb9ab878124,user_068,developer,2026-07-24 10:16:39,2026-07-24 13:39:39,15,6,0,15,1,1,5,0,0,0.0,0.0,0,0,203.0,10.266666666666667,4,0,0,0.0,0.0,normal
session_73c037fd8136,user_019,developer,2026-07-24 10:20:17,2026-07-24 15:34:17,21,5,0,21,1,1,5,0,0,0.0,0.0,0,0,314.0,10.333333333333334,4,0,0,0.0,0.0,normal
session_44477d2c6ba4,user_053,hr,2026-07-24 10:20:40,2026-07-24 14:40:40,17,3,0,17,1,1,3,6,0,27.342,5.937,0,0,260.0,10.333333333333334,4,0,0,0.0,1.6083529411764705,normal
session_67fd46a71d36,user_067,analyst,2026-07-24 10:26:16,2026-07-24 15:39:16,21,7,0,21,1,1,4,5,0,79.453,24.721,0,0,313.0,10.433333333333334,4,0,0,0.0,3.7834761904761907,normal
session_61d679cc755e,user_048,developer,2026-07-24 10:26:44,2026-07-24 13:27:44,13,3,0,13,1,1,5,0,0,0.0,0.0,0,0,181.0,10.433333333333334,4,0,0,0.0,0.0,normal
session_cc963d9db290,user_076,analyst,2026-07-24 10:33:43,2026-07-24 16:55:43,24,7,0,24,1,1,4,4,0,16.084,5.461,0,0,382.0,10.55,4,0,0,0.0,0.6701666666666667,normal
session_c46cda289976,user_079,developer,2026-07-24 10:38:19,2026-07-24 15:12:19,18,7,0,18,1,1,4,0,0,0.0,0.0,0,0,274.0,10.633333333333333,4,0,0,0.0,0.0,normal
session_f331c188b431,user_080,hr,2026-07-24 10:39:11,2026-07-24 15:58:11,23,5,0,23,1,1,3,7,0,96.747,20.187,0,0,319.0,10.65,4,0,0,0.0,4.206391304347826,normal
session_b9d225ecabe8,user_002,finance,2026-07-24 10:45:03,2026-07-24 13:27:03,10,2,0,10,1,1,3,4,2,55.551,11.677,0,0,162.0,10.75,4,0,0,0.0,5.5551,normal
session_63300286447d,user_076,analyst,2026-07-24 10:53:06,2026-07-24 11:20:06,10,7,0,10,1,10,4,1,0,133.266,19.612,0,1,27.0,10.883333333333333,4,0,0,0.0,13.3266,device_spoofing
session_3376ee2a4171,user_004,developer,2026-07-24 10:53:19,2026-07-24 15:01:19,16,2,0,16,1,1,5,0,0,0.0,0.0,0,0,248.0,10.883333333333333,4,0,0,0.0,0.0,normal
session_a51a7d84eea4,user_003,developer,2026-07-24 11:08:16,2026-07-24 13:34:16,11,2,0,11,1,1,4,0,0,0.0,0.0,0,0,146.0,11.133333333333333,4,0,0,0.0,0.0,normal
session_11153cd443e8,user_046,hr,2026-07-24 11:34:00,2026-07-24 17:12:00,17,6,0,17,1,1,3,4,0,31.535000000000004,8.675,0,0,338.0,11.566666666666666,4,0,0,0.0,1.8550000000000002,normal
session_f4a32b992584,user_022,developer,2026-07-24 12:03:43,2026-07-24 12:03:43,1,0,0,1,1,1,1,1,0,67.2,67.2,0,1,0.0,12.05,4,0,0,0.0,67.2,low_slow_exfiltration
session_96bdec43783b,user_052,finance,2026-07-24 13:57:57,2026-07-24 13:57:57,1,0,0,1,1,1,1,1,0,19.401,19.401,0,1,0.0,13.95,4,0,0,0.0,19.401,low_slow_exfiltration
session_35bdba0aded7,user_050,developer,2026-07-25 07:07:02,2026-07-25 10:07:02,12,4,0,12,1,1,5,0,0,0.0,0.0,0,0,180.0,7.116666666666666,5,1,0,0.0,0.0,normal
session_c5a190d29ace,user_033,developer,2026-07-25 07:39:35,2026-07-25 14:28:35,24,4,0,24,1,1,5,0,0,0.0,0.0,0,0,409.0,7.65,5,1,0,0.0,0.0,normal
session_5931da24e920,user_044,developer,2026-07-25 07:45:11,2026-07-25 09:13:11,9,3,0,9,1,1,4,0,0,0.0,0.0,0,0,88.0,7.75,5,1,0,0.0,0.0,normal
session_63a214e86afa,user_067,analyst,2026-07-25 07:49:07,2026-07-25 14:30:07,25,9,0,25,1,1,4,3,0,40.260999999999996,18.581,0,0,401.0,7.816666666666666,5,1,0,0.0,1.6104399999999999,normal
session_e5edaadfab7f,user_016,developer,2026-07-25 07:58:17,2026-07-25 12:30:17,16,4,0,16,1,1,5,0,0,0.0,0.0,0,0,272.0,7.966666666666667,5,1,0,0.0,0.0,normal
session_b6cf06d65d11,user_038,developer,2026-07-25 08:37:47,2026-07-25 11:10:47,10,3,0,10,1,1,5,0,0,0.0,0.0,0,0,153.0,8.616666666666667,5,1,0,0.0,0.0,normal
session_6e97ede818c3,user_009,developer,2026-07-25 08:49:43,2026-07-25 13:11:43,13,2,0,13,1,1,5,0,0,0.0,0.0,0,0,262.0,8.816666666666666,5,1,0,0.0,0.0,normal
session_5de1c014b1bb,user_030,hr,2026-07-25 09:12:14,2026-07-25 13:37:14,18,5,0,18,1,1,3,3,0,30.473,10.565,0,0,265.0,9.2,5,1,0,0.0,1.6929444444444444,normal
session_20d660f4e0da,user_008,developer,2026-07-25 09:19:00,2026-07-25 15:39:00,23,4,0,23,1,1,5,0,0,0.0,0.0,0,0,380.0,9.316666666666666,5,1,0,0.0,0.0,normal
session_bbff0369199d,user_023,developer,2026-07-25 09:28:58,2026-07-25 11:52:58,9,2,0,9,1,1,4,0,0,0.0,0.0,0,0,144.0,9.466666666666667,5,1,0,0.0,0.0,normal
session_70803599677e,user_052,finance,2026-07-25 09:39:25,2026-07-25 16:38:25,24,7,0,24,1,1,3,6,4,65.609,9.702,0,0,419.0,9.65,5,1,0,0.0,2.733708333333333,normal
session_71a6fed47940,user_065,hr,2026-07-25 09:44:55,2026-07-25 12:53:55,12,2,0,12,1,1,3,1,0,8.795,8.795,0,0,189.0,9.733333333333333,5,1,0,0.0,0.7329166666666667,normal
session_c5892880783d,user_036,developer,2026-07-25 09:47:46,2026-07-25 16:30:46,23,7,0,23,1,1,5,0,0,0.0,0.0,0,0,403.0,9.783333333333333,5,1,0,0.0,0.0,normal
session_ea360eaeadbb,user_071,analyst,2026-07-25 10:12:22,2026-07-25 13:47:22,14,7,0,14,1,1,4,2,0,34.653,29.437,0,0,215.0,10.2,5,1,0,0.0,2.475214285714286,normal
session_ed17ad6294fc,user_060,developer,2026-07-25 10:20:19,2026-07-25 15:19:19,18,4,0,18,1,1,5,0,0,0.0,0.0,0,0,299.0,10.333333333333334,5,1,0,0.0,0.0,normal
session_ff751398bd18,user_028,developer,2026-07-25 10:53:45,2026-07-25 17:39:45,23,4,0,23,1,1,5,0,0,0.0,0.0,0,0,406.0,10.883333333333333,5,1,0,0.0,0.0,normal
session_83bcae5babbb,user_046,hr,2026-07-25 10:55:12,2026-07-25 15:59:12,23,8,0,23,1,1,3,7,0,53.028,13.374,0,0,304.0,10.916666666666666,5,1,0,0.0,2.305565217391304,normal
session_b33b3316d929,user_066,developer,2026-07-25 11:03:40,2026-07-25 11:03:40,1,0,0,1,1,1,1,1,0,39.625,39.625,0,0,0.0,11.05,5,1,0,0.0,39.625,normal
session_6b9879e366ab,user_003,developer,2026-07-25 11:22:17,2026-07-25 16:49:17,19,5,0,19,1,1,5,0,0,0.0,0.0,0,0,327.0,11.366666666666667,5,1,0,0.0,0.0,normal
session_738ccbbfd3cf,user_008,developer,2026-07-25 21:31:25,2026-07-25 22:19:25,7,2,0,7,1,1,5,0,0,73.517,18.865,0,0,48.0,21.516666666666666,5,1,0,0.0,10.50242857142857,normal
session_d084758ad8d2,user_026,analyst,2026-07-25 23:30:43,2026-07-25 23:41:43,35,35,35,35,4,1,1,0,0,0.0,0.0,0,1,11.0,23.5,5,1,1,1.0,0.0,brute_force
